p0,p1,p2
0.026590997,0.9642909,0.0091180885
0.9926386,0.0058336793,0.0015277624
0.9910199,0.00852391,0.00045618395
0.99107766,0.008007939,0.00091439893
0.9937686,0.0055187144,0.00071267487
0.9918367,0.0060848887,0.002078382
0.9898317,0.009837551,0.000330757
0.98911846,0.010403338,0.00047809226
0.9888809,0.010199668,0.0009195279
0.98005944,0.019484991,0.0004555659
0.98966134,0.0046461304,0.005692558
0.98452896,0.0056575085,0.009813557
0.98365235,0.015305107,0.0010425433
0.99380577,0.0059673768,0.000226905
0.98752207,0.009112544,0.0033654387
0.9897692,0.009423202,0.00080746436
0.991366,0.008444022,0.00018986099
0.9899282,0.0066181766,0.003453642
0.9933193,0.006082094,0.0005986906
0.10733626,0.113369696,0.7792941
0.99160814,0.0081225205,0.00026938613
0.99191415,0.0074123843,0.0006734878
0.9850343,0.01235141,0.0026144031
0.9874243,0.004581622,0.007994019
0.9702506,0.020494008,0.009255432
0.9940916,0.0055421153,0.00036625678
0.49022755,0.28511068,0.22466181
0.9881434,0.010743956,0.0011126731
0.9934089,0.0062512597,0.0003398244
0.9914471,0.006960012,0.0015929248
0.99819714,0.0014659644,0.00033682564
0.9904999,0.009051199,0.0004488758
0.9834638,0.013837869,0.002698358
0.10208188,0.018645035,0.87927306
0.9905428,0.0071324822,0.002324641
0.97854406,0.02048832,0.00096765516
0.9921692,0.0071302536,0.00070049666
0.993022,0.005376313,0.0016016996
0.9876923,0.011498841,0.0008089237
0.9904447,0.008128852,0.0014264451
0.9698158,0.029429248,0.0007549551
0.9940105,0.00567308,0.00031632453
0.08426193,0.14097445,0.77476364
0.9883109,0.0060043354,0.00568479
0.9892173,0.009417947,0.0013647571
0.9918451,0.006120699,0.0020342227
0.9908261,0.007897196,0.0012766535
0.9886247,0.0076820995,0.0036931178
0.9917883,0.0073537673,0.000857937
0.98143035,0.010608625,0.007961026
0.9923758,0.0063679256,0.0012563702
0.98451495,0.0143763805,0.0011085874
0.9901068,0.008189812,0.0017033186
0.9780082,0.02098318,0.0010086016
0.99527967,0.0039500445,0.0007702511
0.99276125,0.005984436,0.001254406
0.9908444,0.008390275,0.0007653224
0.88829315,0.056289766,0.055417076
0.9836857,0.015837811,0.0004763959
0.99307585,0.006009762,0.00091445475
0.98144174,0.016804382,0.0017539568
0.9875853,0.010885704,0.0015289172
0.95080614,0.034196213,0.014997691
0.99473804,0.0034366962,0.0018252158
0.99595475,0.003648539,0.00039676018
0.99179626,0.0064016064,0.0018021327
0.98882,0.010941973,0.00023799183
0.9904784,0.007187955,0.0023335875
0.9904615,0.009211352,0.00032711154
0.9898289,0.00979917,0.00037187905
0.98966634,0.009636248,0.0006973662
0.9950073,0.0045098583,0.000482821
0.98709226,0.011879825,0.0010279597
0.99274945,0.004874766,0.0023757713
0.9899178,0.009369556,0.00071269186
0.99203616,0.0069914036,0.0009724129
0.9909217,0.0071352106,0.0019430533
0.9908263,0.007835741,0.0013379217
0.99638224,0.0034356602,0.00018208331
0.99414486,0.0056187073,0.0002364858
0.99126303,0.008459652,0.0002772985
0.9906475,0.008146412,0.0012061354
0.9854935,0.011597154,0.002909401
0.9874756,0.010447091,0.002077342
0.9895147,0.00938405,0.0011012362
0.9827459,0.015977954,0.0012761736
0.98992413,0.008699393,0.0013764439
0.97685015,0.016807634,0.0063421885
0.99250984,0.0061128503,0.0013773466
0.988886,0.00967578,0.0014381764
0.99168116,0.0069209835,0.0013978684
0.8945087,0.076220326,0.029270992
0.99142236,0.005409751,0.0031678302
0.99146277,0.008169056,0.00036815318
0.9804598,0.018063277,0.0014769435
0.98651993,0.0078552,0.005624833
0.99306995,0.0050017387,0.0019283418
0.98749137,0.0118498625,0.00065880205
0.9861942,0.013344694,0.00046111146
0.9929697,0.0067167636,0.00031353426
0.9910705,0.0075965323,0.001333034
0.99088985,0.007448245,0.001661928
0.9875497,0.01008695,0.002363328
0.9918665,0.0064271167,0.0017063458
0.9905195,0.008954668,0.0005258254
0.99132127,0.007194072,0.0014845808
0.9907901,0.008922193,0.0002876449
0.99420315,0.0037577357,0.002039059
0.96871054,0.027533926,0.0037555376
0.9975914,0.0019986122,0.0004100274
0.99140805,0.004672547,0.003919339
0.96416026,0.03444026,0.0013994807
0.9930397,0.0064472994,0.00051294395
0.9938153,0.0040694363,0.0021153232
0.99751866,0.0018338962,0.00064754114
0.9928174,0.006408197,0.0007743718
0.99231553,0.0060169017,0.001667573
0.9883813,0.010436271,0.001182408
0.99570775,0.0039594695,0.00033272052
0.9928329,0.0062843496,0.00088264846
0.9912293,0.0067575783,0.0020132035
0.97216976,0.022530772,0.005299521
0.99264854,0.006018921,0.0013325512
0.9908652,0.007609807,0.0015250329
0.9894968,0.008989207,0.0015140295
0.9854586,0.012308557,0.0022328156
0.009278906,0.9899609,0.0007601728
0.030702243,0.9616702,0.0076274797
0.016014889,0.9830956,0.00088949077
0.02108246,0.97784925,0.0010682477
0.05316603,0.8788336,0.0680004
0.013230528,0.9854257,0.0013436872
0.013428667,0.97796863,0.008602726
0.025519367,0.97173786,0.0027427715
0.019109182,0.9782016,0.002689167
0.22490351,0.28625482,0.48884165
0.009626802,0.98773104,0.0026421216
0.008435737,0.9903932,0.0011710112
0.010993957,0.98771334,0.001292684
0.030619983,0.9647299,0.004650093
0.031639334,0.8840195,0.084341146
0.012987109,0.9863738,0.000639057
0.012737565,0.9855386,0.001723842
0.08241439,0.9035137,0.014071929
0.014853464,0.9830068,0.0021398445
0.020076253,0.9768208,0.00310294
0.009752898,0.9880453,0.0022018175
0.015309032,0.98102623,0.0036647327
0.01342942,0.9799355,0.006635073
0.006938857,0.9923022,0.0007589999
0.012664901,0.93595636,0.05137877
0.0060792947,0.99286216,0.0010584885
0.019663228,0.9784571,0.001879666
0.025932306,0.9731026,0.00096509745
0.019998264,0.9711276,0.008874175
0.018329082,0.9718409,0.009830032
0.023374656,0.97469157,0.001933757
0.015813444,0.9821722,0.0020143841
0.0068191267,0.99247336,0.00070758775
0.017971193,0.8731181,0.10891066
0.014190546,0.98516613,0.00064328074
0.011777432,0.98722315,0.0009993884
0.01725481,0.97960895,0.0031362032
0.010108691,0.9848577,0.005033572
0.009054579,0.9879711,0.0029742427
0.01599404,0.9818158,0.0021900733
0.021828609,0.97462183,0.0035495295
0.020304177,0.97544813,0.004247682
0.011775818,0.9822797,0.0059444276
0.0120925885,0.98629934,0.0016080377
0.018100118,0.97862923,0.0032706244
0.0129697835,0.9840964,0.0029337872
0.012876561,0.98372483,0.0033986468
0.017781405,0.9803591,0.0018595617
0.017443808,0.593691,0.38886517
0.021873627,0.9161177,0.062008645
0.016800065,0.9811895,0.0020104046
0.019075433,0.978383,0.0025415553
0.016391993,0.9819755,0.0016325648
0.012274488,0.9846523,0.0030733165
0.015479495,0.981351,0.0031695154
0.01941049,0.9782209,0.0023685975
0.018299296,0.97978324,0.0019174636
0.015538801,0.9783998,0.006061359
0.010288292,0.98585224,0.0038595006
0.016594814,0.9806265,0.0027786933
0.015784547,0.9813353,0.002880199
0.020207332,0.9765004,0.0032923194
0.013462896,0.9862233,0.0003138464
0.020383487,0.80472964,0.17488685
0.013529894,0.984379,0.0020911498
0.010335013,0.9855055,0.0041594435
0.00796327,0.99134094,0.0006958228
0.015599444,0.9764797,0.007920868
0.01984319,0.9787717,0.0013850713
0.016543474,0.97950405,0.003952511
0.008586982,0.98961663,0.0017964172
0.018923348,0.9602121,0.020864572
0.008854238,0.989022,0.0021237044
0.008409774,0.98830974,0.0032804753
0.014558374,0.9834403,0.0020012888
0.011058262,0.9876864,0.0012553275
0.011654369,0.9864944,0.0018512062
0.013520882,0.97702163,0.009457551
0.024139056,0.9746449,0.0012159795
0.014814286,0.98233056,0.002855102
0.030922066,0.92827255,0.04080537
0.006046543,0.9913782,0.002575313
0.0129576335,0.9831745,0.0038678572
0.017790683,0.97895676,0.003252605
0.028824368,0.9686174,0.0025583084
0.014401038,0.9813998,0.0041991337
0.017198997,0.9783492,0.0044517117
0.021270182,0.9750624,0.003667439
0.013546036,0.98267025,0.0037837035
0.00926047,0.9899256,0.00081392605
0.019555075,0.9768837,0.0035612436
0.07296168,0.0821934,0.84484494
0.015355195,0.9839844,0.0006603201
0.01321524,0.984287,0.0024976619
0.013626039,0.98365915,0.0027147538
0.012769476,0.9841558,0.0030747682
0.015956173,0.98332477,0.00071909366
0.017910585,0.97884035,0.0032490438
0.010412498,0.98805785,0.0015296487
0.010702819,0.98628426,0.003012978
0.012976421,0.985562,0.0014616123
0.012890436,0.98478484,0.0023247094
0.0133840395,0.98332316,0.0032927366
0.013410702,0.9852821,0.001307253
0.01290155,0.9856339,0.0014645767
0.0069529335,0.99043876,0.0026082902
0.016670546,0.9793466,0.0039828704
0.017408084,0.98061967,0.0019722998
0.015431857,0.9792868,0.005281279
0.014157254,0.98381513,0.0020276303
0.014535324,0.9780553,0.0074094315
0.06496273,0.3454031,0.5896341
0.018582975,0.9466316,0.034785446
0.0154676335,0.98155713,0.0029752024
0.011742331,0.98620516,0.0020525025
0.00990509,0.9879062,0.002188646
0.013259028,0.98465943,0.002081557
0.08255204,0.13974176,0.7777062
0.021782594,0.9754209,0.0027965233
0.011854256,0.98496765,0.0031780908
0.018795235,0.9791926,0.0020121995
0.021657377,0.97551286,0.0028297545
0.009005166,0.98931926,0.0016755771
0.01009529,0.98740155,0.0025031192
0.016759876,0.97884244,0.0043977685
0.011659005,0.978251,0.010090028
0.019648142,0.97866166,0.0016902185
0.013169535,0.98088294,0.00594758
0.019918105,0.9767271,0.0033547564
0.015346544,0.9815112,0.003142293
0.015071969,0.9829625,0.001965462
0.011448499,0.98529065,0.0032608868
0.008805195,0.9893237,0.0018710762
0.013021802,0.98515284,0.0018253672
0.007024656,0.99093103,0.0020442915
0.020578252,0.974239,0.0051827123
0.013444556,0.9839184,0.0026370687
0.014233473,0.9852556,0.000510915
0.05592086,0.9180735,0.026005616
0.008838351,0.98724735,0.003914342
0.01375676,0.981526,0.0047172117
0.1253829,0.8340303,0.040586784
0.014633904,0.98372746,0.001638675
0.021718059,0.9763373,0.0019446036
0.011454821,0.98103285,0.0075122546
0.014845991,0.983472,0.00168202
0.01180329,0.98649627,0.001700425
0.016460504,0.98127675,0.002262768
0.015630458,0.9812918,0.0030778195
0.0124687115,0.9818449,0.005686336
0.015522483,0.9783272,0.0061503453
0.015340074,0.98205596,0.0026039542
0.0123727145,0.9857702,0.0018570871
0.025531963,0.97221744,0.0022506525
0.026558075,0.971599,0.0018429453
0.031064767,0.96545327,0.003481968
0.02284708,0.9752848,0.0018680909
0.01089526,0.9817183,0.0073865145
0.0153890345,0.98422873,0.00038225885
0.013632869,0.98319167,0.0031754603
0.021686045,0.04533021,0.93298376
0.01293973,0.9799003,0.007159968
0.03407111,0.91683745,0.049091414
0.01686295,0.9791083,0.004028839
0.02142429,0.95563567,0.022940056
0.0062586656,0.99264514,0.001096123
0.017176816,0.98187006,0.0009530946
0.0139067,0.9787507,0.0073426426
0.011706933,0.98515445,0.003138594
0.0047804536,0.990807,0.00441257
0.021225082,0.972995,0.0057799923
0.036818188,0.7656935,0.19748831
0.012780742,0.98406255,0.0031566205
0.024138775,0.9727318,0.0031294292
0.021813752,0.9509324,0.027253907
0.018730337,0.97867465,0.0025949886
0.010875688,0.98860556,0.0005186952
0.017235389,0.9813772,0.0013874026
0.014488015,0.981559,0.0039530746
0.030725783,0.92103016,0.04824412
0.008634525,0.9883166,0.0030488155
0.018492114,0.97952807,0.0019797476
0.0141057,0.98406917,0.0018251408
0.014605777,0.98087835,0.0045158304
0.0179,0.9792175,0.002882416
0.009066538,0.98831034,0.0026230982
0.016885392,0.9813694,0.0017452847
0.016305134,0.9805951,0.0030997572
0.04938612,0.55854136,0.39207253
0.016474495,0.98115206,0.0023733762
0.013074554,0.983365,0.0035604488
0.011703682,0.9858431,0.0024532252
0.008359129,0.9813991,0.01024182
0.007884518,0.9873052,0.004810305
0.018852985,0.97837204,0.0027750137
0.032351132,0.94313335,0.024515495
0.01674214,0.9806753,0.0025825782
0.018620782,0.97771263,0.0036666493
0.0147527885,0.9820815,0.0031656853
0.014210803,0.9846475,0.0011416997
0.009411956,0.988588,0.0020000108
0.018307457,0.9773526,0.0043399176
0.016312197,0.9800623,0.0036255526
0.012366693,0.9833679,0.004265475
0.01263601,0.985349,0.0020149876
0.007417421,0.99065137,0.0019311744
0.021483691,0.97527915,0.0032372233
0.0147072915,0.983845,0.0014477115
0.015854046,0.98085505,0.0032908935
0.016869955,0.9814301,0.0016999729
0.022236984,0.97650844,0.0012545247
0.013874878,0.9822496,0.0038755564
0.009163455,0.9891677,0.0016687891
0.015087246,0.9820389,0.0028738328
0.0120987585,0.9858394,0.002061784
0.012915951,0.9848087,0.0022753521
0.015899347,0.9159749,0.06812581
0.018756444,0.9360731,0.04517047
0.009416392,0.98808855,0.0024950956
0.1614648,0.044553444,0.7939818
0.024026435,0.9738946,0.0020790042
0.010105243,0.98837507,0.0015197155
0.0145665705,0.9801578,0.0052756625
0.017451813,0.9575007,0.025047444
0.013122068,0.98021495,0.0066629406
0.019663269,0.977504,0.0028327627
0.019705331,0.9786388,0.0016558702
0.020539252,0.96954805,0.0099127535
0.013096869,0.9831214,0.0037817457
0.019671468,0.80048996,0.17983863
0.0179223,0.9794806,0.0025971255
0.023444152,0.9699818,0.0065740934
0.05656627,0.060746036,0.8826876
0.015422027,0.9777077,0.0068702665
0.043843467,0.025128061,0.9310284
0.04284026,0.013962633,0.9431971
0.12012828,0.024572948,0.8552988
0.030348286,0.022774257,0.94687754
0.034623787,0.04586906,0.9195071
0.019655474,0.013668236,0.9666763
0.039406016,0.021592716,0.9390013
0.034348857,0.080647215,0.8850039
0.053498436,0.06303657,0.883465
0.07056837,0.038971554,0.89046
0.062006395,0.0799294,0.8580642
0.0064554196,0.9923504,0.0011941325
0.06560236,0.048466716,0.88593096
0.16315356,0.03924748,0.79759896
0.040446624,0.03629154,0.9232618
0.04540948,0.038052354,0.9165381
0.046203524,0.036585707,0.91721076
0.04333026,0.02841668,0.92825305
0.014512325,0.006114973,0.9793728
0.038538016,0.03684512,0.9246169
0.109460264,0.07876432,0.81177545
0.007131185,0.9788246,0.014044233
0.8831415,0.014627444,0.102231055
0.13083036,0.079197794,0.7899718
0.058250804,0.015299862,0.92644936
0.055964384,0.033287577,0.91074806
0.050193965,0.049609184,0.9001969
0.038981676,0.1364586,0.8245596
0.2004946,0.32991472,0.46959072
0.5068712,0.017083623,0.4760452
0.07364663,0.055482917,0.8708704
0.34766904,0.64086777,0.011463196
0.045970164,0.039667476,0.9143624
0.020691577,0.0073275473,0.97198087
0.057240166,0.09129103,0.85146874
0.9799999,0.018737394,0.0012627043
0.98075104,0.009680897,0.009568111
0.94959193,0.027657572,0.0227505
0.15525366,0.010967253,0.8337791
0.9950336,0.0045453496,0.0004211351
0.93243814,0.012325016,0.055236887
0.99709725,0.0016887505,0.001213988
0.6103278,0.06497522,0.32469708
0.8264132,0.080616415,0.092970334
0.9812449,0.011379243,0.0073757465
0.9750176,0.013039751,0.0119426
0.9858752,0.009349535,0.0047752755
0.9206187,0.021440472,0.057940755
0.97902405,0.00803512,0.0129407905
0.99194723,0.0070593813,0.0009934416
0.9336716,0.02617765,0.040150717
0.12104522,0.8762543,0.0027004809
0.3552666,0.041215558,0.6035179
0.7881288,0.10557352,0.10629769
0.8350005,0.041612845,0.123386644
0.9932481,0.004270632,0.0024813258
0.3241468,0.04015784,0.63569534
0.17316519,0.03158195,0.7952528
0.9479826,0.015367668,0.036649745
0.3330914,0.038351584,0.628557
0.981703,0.0095680505,0.008728841
0.51493895,0.05837001,0.426691
0.097267434,0.20075268,0.7019799
0.00825989,0.99080795,0.00093218015
0.04410046,0.07270936,0.88319016
0.020455832,0.9789025,0.0006416925
0.009355181,0.99033153,0.00031331254
0.16427329,0.39157763,0.4441491
0.029905729,0.93580717,0.034287084
0.026271107,0.68795854,0.28577036
0.0137988245,0.98452723,0.0016739874
0.14791651,0.6783051,0.17377838
0.026080655,0.96821254,0.0057068234
0.6593511,0.035003033,0.3056458
0.9009076,0.024196675,0.074895814
0.14369959,0.13968705,0.71661335
0.059037693,0.037968993,0.90299326
0.065481536,0.018130371,0.91638815
0.057248443,0.0106521305,0.93209946
0.054741316,0.029272314,0.9159864
0.06556964,0.024838867,0.90959144
0.03126342,0.016832443,0.9519042
0.20898552,0.023585318,0.7674292
0.07587897,0.017605336,0.9065157
0.040519077,0.024576064,0.9349049
0.062619284,0.08385302,0.8535277
0.023479978,0.009787911,0.9667322
0.042982534,0.038907398,0.91811
0.11124419,0.015033227,0.8737226
0.026314639,0.027766667,0.9459186
0.023512505,0.02062849,0.9558591
0.0567661,0.31801033,0.6252235
0.031852916,0.039991543,0.9281555
0.083626814,0.043258097,0.873115
0.05513717,0.03566883,0.90919393
0.054446477,0.018344458,0.9272091
0.013340719,0.963062,0.023597324
0.020747416,0.019758694,0.95949394
0.0514937,0.049909405,0.8985968
0.12947044,0.02751206,0.84301746
0.028375465,0.010613496,0.961011
0.082531236,0.017081251,0.9003875
0.019223541,0.039948095,0.9408283
0.02571313,0.03726653,0.93702036
0.07880908,0.5831784,0.33801255
0.0325005,0.014908903,0.9525906
0.031197557,0.035455186,0.9333473
0.038750157,0.025166005,0.93608385
0.030001974,0.025662052,0.94433594
0.87542266,0.03738937,0.08718795
0.030956162,0.008843143,0.96020067
0.029868728,0.053559672,0.9165716
0.040850848,0.026660148,0.9324889
0.052552994,0.012276913,0.93517005
0.043865785,0.051084362,0.9050499
0.034729257,0.016469147,0.9488016
0.12801239,0.05258751,0.8194001
0.054320976,0.10708485,0.8385942
0.02835879,0.07334191,0.8982993
0.038513184,0.028397838,0.93308896
0.044971123,0.031241981,0.92378694
0.0537878,0.033791285,0.9124209
0.05880085,0.020500422,0.92069876
0.042198826,0.04134223,0.91645896
0.03129271,0.035252124,0.93345517
0.03653605,0.021186784,0.94227713
0.34698927,0.102569826,0.5504409
0.033141512,0.014267913,0.95259047
0.04945228,0.03639267,0.91415507
0.05735154,0.020650001,0.9219984
0.062834494,0.04310121,0.89406425
0.05363095,0.03483023,0.9115388
0.06925401,0.07502782,0.8557182
0.050136548,0.04275861,0.90710485
0.045103483,0.0445345,0.910362
0.022233307,0.018432058,0.9593346
0.038000837,0.03500801,0.9269912
0.057540093,0.06494728,0.8775127
0.07697794,0.017635008,0.9053871
0.041418053,0.03774841,0.9208336
0.03024667,0.021427164,0.9483262
0.053921774,0.034950778,0.9111275
0.04714404,0.042218395,0.9106376
0.022459269,0.050120883,0.92741996
0.45305458,0.2414393,0.30550608
0.056711793,0.03955257,0.90373564
0.033250652,0.03498277,0.9317665
0.40527925,0.038940974,0.5557798
0.033530142,0.009274685,0.9571952
0.057995424,0.016910624,0.9250939
0.06076636,0.052794732,0.8864389
0.048420753,0.03347463,0.9181046
0.07888109,0.035833355,0.8852856
0.042916257,0.01773361,0.9393501
0.042600356,0.020399991,0.93699974
0.3237444,0.15739568,0.5188599
0.05093512,0.030207546,0.9188573
0.12634842,0.012322251,0.8613294
0.091078706,0.0199683,0.88895303
0.6688077,0.09002842,0.24116395
0.21558483,0.48393384,0.30048138
0.059001822,0.04031441,0.9006838
0.020994548,0.035193603,0.94381183
0.03248309,0.045629907,0.92188704
0.016547317,0.010395575,0.97305715
0.3595416,0.031539354,0.608919
0.038276743,0.027089313,0.934634
0.05401383,0.026144901,0.91984123
0.05449684,0.01289367,0.9326094
0.07786996,0.040477388,0.8816526
0.046775028,0.0072790324,0.945946
0.03165551,0.123138614,0.84520584
0.03494012,0.040769435,0.9242905
0.07653107,0.053584054,0.8698849
0.077813305,0.2802165,0.6419702
0.045561567,0.009338106,0.9451003
0.16687731,0.023668233,0.8094544
0.02629333,0.017412808,0.9562939
0.055416264,0.052826956,0.8917568
0.011860378,0.121850275,0.86628926
0.098675735,0.037161622,0.8641626
0.019388346,0.007315994,0.9732956
0.045667928,0.07821663,0.87611544
0.03550113,0.06574446,0.8987544
0.039509337,0.034528032,0.9259627
0.0606604,0.04314087,0.8961987
0.012444063,0.030351473,0.95720446
0.04273298,0.04804598,0.90922105
0.024167102,0.031922545,0.94391036
0.023693852,0.056286234,0.9200199
0.045374863,0.07430085,0.88032424
0.0838687,0.026701538,0.88942975
0.066453665,0.03216629,0.90138
0.029714609,0.04679331,0.923492
0.036419265,0.10334434,0.8602364
0.064271174,0.17850126,0.75722766
0.031917837,0.026152538,0.94192964
0.06112117,0.03189559,0.9069832
0.047052152,0.01615001,0.93679786
0.072721906,0.13854206,0.78873605
0.050557528,0.08804071,0.8614018
0.03790238,0.029345954,0.93275166
0.053019956,0.019034524,0.9279455
0.061196014,0.014606474,0.9241975
0.032605093,0.05639159,0.91100335
0.06626812,0.12563206,0.8080998
0.030314507,0.017374188,0.9523113
0.073749304,0.10259095,0.8236597
0.17866819,0.5554661,0.26586568
0.076695785,0.048989434,0.8743148
0.6715337,0.066237174,0.26222906
0.055814058,0.038099073,0.9060868
0.033879835,0.02503026,0.94108987
0.07129561,0.115950435,0.812754
0.008513915,0.028327992,0.9631581
0.28332293,0.023784835,0.6928922
0.07403002,0.022336641,0.9036334
0.024543313,0.049967706,0.92548895
0.036600936,0.04759697,0.9158021
0.18647182,0.04888218,0.76464593
0.020064237,0.9743313,0.0056043793
0.036982924,0.04396122,0.9190559
0.066953346,0.04592653,0.8871201
0.037144262,0.033458877,0.92939687
0.07598342,0.85537124,0.06864529
0.029975193,0.03570086,0.93432397
0.054001175,0.06419064,0.8818082
0.060147613,0.030600628,0.9092518
0.027884396,0.025889784,0.9462258
0.2853616,0.04488698,0.6697514
0.10969867,0.04083159,0.84946966
0.024780001,0.021445304,0.95377475
0.013428371,0.020961389,0.96561027
0.04109476,0.007935524,0.95096976
0.041848704,0.025013417,0.9331379
0.054322064,0.040250637,0.9054274
0.034788776,0.035893094,0.92931813
0.06948535,0.056712285,0.8738023
0.041694384,0.057212517,0.9010932
0.039336752,0.039645273,0.921018
0.020322395,0.027831724,0.9518459
0.018571725,0.017652176,0.9637761
0.041340917,0.034139205,0.9245199
0.60626936,0.023848675,0.3698819
0.018349309,0.058713976,0.9229366
0.03934124,0.022285003,0.93837374
0.028880695,0.014722033,0.95639724
0.22978258,0.2710146,0.49920282
0.027268166,0.02269458,0.9500372
0.08731631,0.036827914,0.87585574
0.8984171,0.018829035,0.08275372
0.033607252,0.056722973,0.90966976
0.035442434,0.011283919,0.95327365
0.043215603,0.023726493,0.93305784
0.045149636,0.01462934,0.9402211
0.047853354,0.06061057,0.89153606
0.6396303,0.08415767,0.276212
0.7265251,0.044080917,0.22939399
0.049848083,0.055284668,0.89486724
0.9509367,0.033901628,0.015161747
0.027279593,0.031521514,0.94119895
0.052321687,0.030163415,0.91751486
0.018981282,0.01598384,0.96503484
0.042092238,0.077495106,0.8804126
0.026378581,0.040104866,0.9335165
0.053805776,0.0410133,0.9051809
0.049118515,0.020455657,0.93042576
0.0880889,0.075126015,0.8367851
0.023852896,0.028912919,0.94723415
0.012105812,0.007242843,0.9806513
0.03759133,0.047196157,0.9152125
0.05158227,0.03766476,0.910753
0.0458822,0.060902875,0.8932149
0.031216752,0.033035923,0.9357473
0.026590442,0.042449933,0.9309596
0.026900914,0.02016754,0.9529316
0.055208866,0.028170405,0.9166208
0.27880204,0.061755173,0.6594428
0.030228708,0.02662469,0.9431467
0.05198014,0.023043536,0.9249763
0.04440205,0.05324619,0.90235174
0.0409626,0.016663913,0.94237345
0.072754405,0.028714493,0.8985311
0.041543018,0.042032715,0.9164243
0.07225259,0.06834061,0.8594068
0.03418602,0.0272821,0.9385319
0.105226,0.05448401,0.84029007
0.05484181,0.06436751,0.88079065
0.10333038,0.0432431,0.8534266
0.024705717,0.027160432,0.94813377
0.045575377,0.03003536,0.9243892
0.034366805,0.011016518,0.95461667
0.054744236,0.05218633,0.8930694
0.27030423,0.6405589,0.089136876
0.060569875,0.07716802,0.8622622
0.07205894,0.75676054,0.17118055
0.03689873,0.020718532,0.9423827
0.019447425,0.007147324,0.97340524
0.042624027,0.029872825,0.9275031
0.026329624,0.030902926,0.94276744
0.045748267,0.46611992,0.48813182
0.060770363,0.02235617,0.91687346
0.053119425,0.07819935,0.86868125
0.04746532,0.01669447,0.93584013
0.0581914,0.025298111,0.9165105
0.035860017,0.19310163,0.77103835
0.060281802,0.050416544,0.8893017
0.46048227,0.46704915,0.072468586
0.050616197,0.036279894,0.91310394
0.02102376,0.01615099,0.96282536
0.03336976,0.005603943,0.96102625
0.03863702,0.021610003,0.93975306
0.054720744,0.049099285,0.89618003
0.044245835,0.020757867,0.93499625
0.08061356,0.048466746,0.8709196
0.018350272,0.019081261,0.96256846
0.03015761,0.031666692,0.9381757
0.061238855,0.045865785,0.89289534
0.043158893,0.02044663,0.9363945
0.020134246,0.026647506,0.9532183
0.03670691,0.026724538,0.9365686
0.029821338,0.018607123,0.95157146
0.05551789,0.020928657,0.9235535
0.020310957,0.019043148,0.9606458
0.050185014,0.031130169,0.9186848
0.024582844,0.013391592,0.9620256
0.061941624,0.028721262,0.90933704
0.009872076,0.008394702,0.9817332
0.04906573,0.026938364,0.9239959
0.064844854,0.022344226,0.912811
0.05559195,0.11826421,0.8261438
0.0417966,0.01524156,0.94296193
0.044661984,0.031608295,0.9237298
0.026274001,0.03386852,0.9398575
0.0419441,0.039984275,0.91807157
0.022823188,0.00860369,0.9685731
0.025744952,0.04791039,0.9263447
0.05325669,0.058206126,0.8885372
0.03891278,0.039256297,0.92183095
0.054042056,0.015696447,0.9302615
0.086613536,0.04075383,0.8726326
0.026476057,0.017144382,0.9563796
0.051347062,0.04734935,0.9013036
0.08470223,0.04381439,0.87148327
0.12850554,0.023655351,0.84783906
0.045077406,0.043308202,0.91161436
0.037675824,0.023302248,0.93902194
0.047504358,0.062260624,0.890235
0.033197295,0.036531378,0.9302713
0.057243083,0.056026366,0.8867306
0.2169622,0.09285975,0.6901781
0.06520237,0.14395316,0.79084444
0.9279817,0.033131763,0.038886562
0.09223548,0.03009105,0.87767345
0.059514042,0.061223593,0.8792624
0.08212496,0.028023591,0.88985145
0.05020201,0.01633007,0.933468
0.048562776,0.07065842,0.88077885
0.12956533,0.018520398,0.85191435
0.051450495,0.026718244,0.9218313
0.040567424,0.03792394,0.9215087
0.0313538,0.013057453,0.9555888
0.20126262,0.015451657,0.7832857
0.051258996,0.036597397,0.9121436
0.063369736,0.02164485,0.9149855
0.09478236,0.023341108,0.8818765
0.064401016,0.013859858,0.92173916
0.21211562,0.015588535,0.7722959
0.06825566,0.021165276,0.910579
0.023362227,0.0034153122,0.97322243
0.048991617,0.04757713,0.9034312
0.06483563,0.040573094,0.8945912
0.05199901,0.7638284,0.18417256
0.037905898,0.02468994,0.9374042
0.047702122,0.42933676,0.52296114
0.055730466,0.024394438,0.91987514
0.045592453,0.024237629,0.9301699
0.044977047,0.03561454,0.91940844
0.05639277,0.04231881,0.90128845
0.04118494,0.021450091,0.93736494
0.13267653,0.05100172,0.81632173
0.03620865,0.057804782,0.9059866
0.045059483,0.03384701,0.9210935
0.05490867,0.03966527,0.9054261
0.03200037,0.020863747,0.947136
0.18564293,0.011497007,0.8028601
0.047277484,0.023312807,0.92940974
0.03879115,0.7964503,0.16475856
0.06393333,0.036965653,0.899101
0.034416523,0.036280163,0.9293033
0.040204637,0.047418926,0.91237646
0.11139168,0.028551929,0.8600564
0.0500644,0.05991924,0.8900164
0.10752903,0.06547492,0.826996
0.31583822,0.6486911,0.035470687
0.98111594,0.017829923,0.0010541694
0.23936722,0.12875117,0.6318816
0.9940135,0.0056620273,0.00032446
0.9959722,0.003749746,0.00027807223
0.95042664,0.03843249,0.011140887
0.99136984,0.0069867084,0.0016433616
0.9941987,0.0054037506,0.0003976108
0.98628193,0.011150903,0.0025670833
0.9933648,0.006166101,0.00046902223
0.99058634,0.009194538,0.00021921143
0.9460885,0.012383916,0.04152765
0.9880922,0.006516201,0.00539158
0.99147004,0.008137267,0.00039266612
0.107656926,0.042241484,0.8501016
0.9718241,0.014541788,0.013634091
0.95792025,0.023494273,0.018585501
0.9908408,0.0060906634,0.0030685654
0.9952814,0.0039269747,0.0007916047
0.9939348,0.0052055144,0.00085979374
0.92524695,0.006539837,0.06821325
0.97745013,0.005215051,0.017334882
0.99294597,0.0054926486,0.0015614238
0.98988336,0.008957659,0.0011590342
0.99277556,0.0055132,0.0017112487
0.98761564,0.010306695,0.0020776368
0.99187136,0.007058841,0.0010698967
0.92565453,0.028034355,0.046311203
0.9896779,0.0095334,0.00078868674
0.9951598,0.004644649,0.00019548865
0.9578887,0.01464454,0.027466685
0.99439716,0.005479231,0.00012368085
0.99168056,0.007675803,0.00064375135
0.9936859,0.0049853283,0.0013287433
0.9949458,0.0047817077,0.00027241278
0.8997432,0.022857009,0.07739981
0.4420577,0.09058017,0.46736217
0.4648042,0.19546969,0.33972612
0.8445167,0.012477422,0.14300585
0.9901451,0.008726864,0.0011280695
0.99105865,0.0068360576,0.0021053397
0.81298834,0.078790575,0.108221084
0.99692804,0.002980761,9.125026e-05
0.0567237,0.03890952,0.9043668
0.9983897,0.0012203192,0.00039003743
0.9911499,0.008182443,0.00066773186
0.9920433,0.006516752,0.001439953
0.9834026,0.008743953,0.007853352
0.9825393,0.016099885,0.0013608494
0.93503064,0.058275905,0.006693428
0.9938024,0.0055081337,0.0006894239
0.9455002,0.024781875,0.029718006
0.9952024,0.0033586528,0.0014389069
0.99648076,0.0031777804,0.00034154163
0.9803586,0.011192705,0.008448697
0.08821058,0.013468214,0.8983212
0.9935735,0.0060481085,0.00037842445
0.9934716,0.005918947,0.0006094009
0.08090525,0.014190263,0.90490454
0.6516596,0.027982328,0.32035807
0.9375016,0.04367659,0.018821793
0.07607934,0.11156297,0.8123577
0.99104816,0.0057790065,0.0031728253
0.6496689,0.056284428,0.2940466
0.9591737,0.025711326,0.01511491
0.982452,0.01688752,0.00066058064
0.6418745,0.07320849,0.28491703
0.076140665,0.039617155,0.8842421
0.9493301,0.014039705,0.036630224
0.9913272,0.0070549687,0.0016178142
0.98671025,0.007895172,0.005394566
0.92209065,0.05081573,0.02709366
0.99333984,0.0060822195,0.0005780205
0.9863181,0.00883866,0.004843185
0.9722899,0.012492917,0.015217216
0.73077583,0.046540484,0.22268368
0.9957302,0.0041253394,0.0001445089
0.95420307,0.045110665,0.0006863084
0.99406,0.00556363,0.0003763978
0.99228036,0.005532018,0.0021876285
0.9874594,0.0032489717,0.009291683
0.95327693,0.022928173,0.023795007
0.9787578,0.010610776,0.01063152
0.98953027,0.009311169,0.0011586207
0.9883309,0.008584205,0.0030847986
0.50053704,0.43254462,0.06691843
0.9916323,0.0063259793,0.0020417464
0.17216769,0.051316876,0.7765155
0.994733,0.0010481279,0.0042189388
0.9733699,0.019220157,0.0074100294
0.8156785,0.056423042,0.12789851
0.9114967,0.033576235,0.05492705
0.13595289,0.05231224,0.8117348
0.8917372,0.05418425,0.054078523
0.9927401,0.0037964354,0.003463452
0.9614222,0.030012587,0.008565226
0.88972294,0.024558706,0.085718304
0.99303997,0.0066389805,0.0003209922
0.9892217,0.010183275,0.00059505756
0.102557115,0.0315851,0.86585784
0.52025354,0.050122626,0.4296238
0.9920614,0.0058760145,0.002062675
0.31595758,0.020203425,0.663839
0.9975134,0.0012506018,0.001236032
0.23790121,0.043835733,0.71826315
0.98717284,0.01054638,0.0022808143
0.102938786,0.8966677,0.00039346627
0.8070983,0.022147892,0.1707538
0.44612506,0.04945862,0.50441635
0.99270016,0.0040967516,0.0032030405
0.99160516,0.0040130815,0.004381758
0.94777405,0.04079699,0.011428925
0.13763292,0.035973884,0.8263932
0.9970163,0.0022196404,0.0007640966
0.98236245,0.00613364,0.011503999
0.9974287,0.002277662,0.0002935584
0.161319,0.06511515,0.7735658
0.9930951,0.00587066,0.0010342111
0.98595154,0.012742902,0.0013055888
0.95036256,0.0059628855,0.043674547
0.27252573,0.17087567,0.5565986
0.20477058,0.06943196,0.72579753
0.9923287,0.007272054,0.0003991951
0.98845005,0.0052072112,0.0063427347
0.97745425,0.022020696,0.0005250061
0.744324,0.06087822,0.19479766
0.5251515,0.038631488,0.43621704
0.9869076,0.010899502,0.0021928486
0.99199814,0.0076483265,0.00035354943
0.9834257,0.014487245,0.0020870855
0.25719365,0.046747055,0.6960593
0.96348697,0.016496958,0.020016072
0.9952113,0.004389112,0.00039957353
0.1090506,0.07407613,0.81687325
0.99300706,0.0064094216,0.00058349734
0.92444336,0.02036387,0.055192795
0.9933478,0.0057811146,0.0008711147
0.99213725,0.0075602806,0.00030244928
0.9886707,0.0056646885,0.0056646885
0.99718297,0.0016562295,0.0011607598
0.9804334,0.0068826955,0.012683964
0.45702344,0.06925336,0.47372326
0.76834524,0.052773885,0.1788808
0.13783553,0.05648479,0.8056796
0.9750046,0.007955381,0.017040063
0.9937623,0.003676233,0.002561417
0.7026119,0.12296315,0.17442489
0.14242283,0.03156233,0.82601476
0.19908413,0.03101133,0.7699046
0.02944105,0.046589456,0.92396945
0.94276226,0.02385649,0.033381227
0.61683685,0.07750837,0.30565473
0.9822286,0.014134423,0.0036371164
0.995426,0.0042883633,0.00028562392
0.9910998,0.008591457,0.0003086944
0.9758223,0.014759314,0.009418309
0.9933629,0.0051318747,0.0015051741
0.044184677,0.017541157,0.93827415
0.00835537,0.99058443,0.0010601934
0.03273802,0.8751766,0.09208543
0.009146914,0.9172009,0.07365219
0.025836121,0.9470349,0.027128953
0.065684505,0.03550341,0.8988121
0.092807055,0.10212789,0.80506504
0.00886793,0.979011,0.012121023
0.013079978,0.9847341,0.0021858835
0.008655625,0.9878335,0.0035108768
0.057552736,0.64585745,0.29658982
0.012569439,0.9849555,0.0024750691
0.14466557,0.67335075,0.18198366
0.0124006765,0.98030937,0.0072899815
0.018954301,0.9788386,0.0022070135
0.019365497,0.87398505,0.10664948
0.017685661,0.976033,0.0062814318
0.005564019,0.9692058,0.025230143
0.019343156,0.7952426,0.18541425
0.028652819,0.06947688,0.90187025
0.009443584,0.9832304,0.007325998
0.018050773,0.97882473,0.0031245248
0.052457284,0.04544235,0.9021004
0.01736141,0.9562688,0.026369782
0.015586589,0.98332757,0.0010858341
0.069341876,0.21192586,0.7187323
0.029835198,0.9548069,0.0153578445
0.017422039,0.9804479,0.0021301098
0.011130332,0.9883156,0.0005541466
0.010485458,0.98916817,0.000346398
0.0043461546,0.99514186,0.00051202584
0.011927124,0.9871586,0.00091434777
0.016652621,0.98020625,0.0031411813
0.01869813,0.9760381,0.005263759
0.017451292,0.9801777,0.0023710192
0.032103892,0.79005486,0.17784128
0.014801589,0.98436826,0.0008301699
0.077003054,0.04517943,0.8778176
0.15323628,0.6087304,0.23803332
0.008029631,0.98795635,0.0040139635
0.011014955,0.98477966,0.004205374
0.011841446,0.9839033,0.0042553125
0.021999601,0.9765179,0.0014825428
0.023039782,0.17149371,0.8054665
0.009991072,0.9877621,0.002246794
0.012305619,0.9852234,0.0024709117
0.027516231,0.94843674,0.024047004
0.014344286,0.8492948,0.13636087
0.038524307,0.47613132,0.48534438
0.019636773,0.6934888,0.28687444
0.014857991,0.98426694,0.00087503315
0.0053696358,0.9937277,0.00090262963
0.050791144,0.8363035,0.11290538
0.0352883,0.92488074,0.039830986
0.017517015,0.94525427,0.037228663
0.013883532,0.7643335,0.22178301
0.24995083,0.3135086,0.4365406
0.011548155,0.98613304,0.0023188167
0.005590915,0.99309915,0.0013099266
0.016653396,0.9821682,0.0011784225
0.03860643,0.82182235,0.13957122
0.026148798,0.9622477,0.011603459
0.049174663,0.51178664,0.4390387
0.009573206,0.9698411,0.020585628
0.04919129,0.08650218,0.8643065
0.0060548345,0.98790216,0.0060430206
0.00887599,0.98951703,0.0016069942
0.22903238,0.20133238,0.5696352
0.0073654987,0.9914321,0.0012023845
0.0134345,0.97267747,0.013888055
0.010847178,0.8947126,0.094440244
0.027049746,0.9713941,0.0015561407
0.013419274,0.9849496,0.0016311253
0.039977595,0.9516916,0.008330803
0.0081005525,0.9841092,0.0077902246
0.017042303,0.31992024,0.6630375
0.010295133,0.9817027,0.008002213
0.01570246,0.9829282,0.0013693884
0.050246425,0.5064807,0.44327286
0.020298636,0.94057477,0.039126646
0.011424561,0.975579,0.012996391
0.012787381,0.9845738,0.0026388252
0.0076599615,0.9848135,0.0075264904
0.014929167,0.9793711,0.0056997724
0.014286612,0.9802802,0.0054331874
0.027456436,0.90215665,0.07038689
0.07824752,0.34088898,0.5808635
0.0161929,0.9814834,0.0023237136
0.013081972,0.95271987,0.034198184
0.025284125,0.9478536,0.026862293
0.014784486,0.98419154,0.0010239385
0.0043382877,0.9952826,0.00037907538
0.07370073,0.4796514,0.44664788
0.009513564,0.9876188,0.0028676703
0.0089566205,0.9849474,0.0060959663
0.03051794,0.9662212,0.0032608458
0.041840926,0.3996987,0.55846035
0.015861368,0.9765282,0.0076103676
0.9379591,0.039170545,0.0228703
0.04704929,0.93536973,0.017581036
0.01597703,0.97981423,0.0042087585
0.00993715,0.9853136,0.004749309
0.01693597,0.109309785,0.87375426
0.0048170695,0.99450374,0.0006792142
0.04215802,0.9250093,0.032832697
0.21550973,0.75169796,0.032792293
0.030259829,0.9487388,0.021001348
0.024905138,0.06574459,0.9093503
0.021840243,0.9637805,0.014379241
0.03180618,0.6412662,0.32692757
0.035825923,0.039308667,0.9248654
0.007101675,0.9833792,0.009519093
0.0132573685,0.9835752,0.0031674055
0.011759679,0.98381156,0.004428735
0.018522128,0.93527555,0.04620226
0.013181089,0.96652293,0.020296
0.009523349,0.9695126,0.02096405
0.010962543,0.98585343,0.0031840568
0.040954486,0.12431428,0.8347312
0.040983107,0.3869429,0.572074
0.047618825,0.06521446,0.8871667
0.045595165,0.8994066,0.054998264
0.037609942,0.64756274,0.31482732
0.055725504,0.94344634,0.000828162
0.057105485,0.79692805,0.14596644
0.033483546,0.82360494,0.14291157
0.028978772,0.8258532,0.14516799
0.0097554745,0.98445326,0.0057912273
0.06012632,0.83352107,0.10635261
0.04527534,0.25662756,0.6980971
0.014486688,0.92832917,0.057184163
0.6596037,0.21398519,0.12641114
0.07742973,0.90361387,0.018956453
0.010003847,0.9861318,0.003864367
0.059833463,0.12580453,0.81436205
0.03083523,0.90687585,0.06228888
0.031028386,0.099478506,0.86949307
0.023736397,0.96307814,0.013185516
0.075806685,0.039520495,0.88467276
0.057670332,0.91587466,0.026455019
0.014730398,0.9758145,0.009455095
0.013528213,0.98618096,0.00029081546
0.014023071,0.9850152,0.0009617666
0.017015178,0.9697851,0.013199772
0.016640369,0.9756664,0.00769328
0.018338488,0.9799658,0.0016957799
0.044980448,0.34534985,0.60966974
0.009745937,0.98830473,0.0019493101
0.017085195,0.9814131,0.0015016606
0.018669661,0.9802791,0.001051215
0.010832818,0.98567086,0.0034963547
0.01867727,0.9806786,0.0006441136
0.049075123,0.8647953,0.08612952
0.009701392,0.9886029,0.0016957561
0.041620217,0.4755048,0.48287502
0.032440882,0.8136965,0.15386261
0.010256934,0.8953299,0.09441317
0.016107898,0.8173501,0.16654193
0.039521996,0.04679623,0.91368175
0.03847433,0.03843677,0.92308885
0.02759125,0.1711763,0.80123246
0.07062151,0.019784007,0.90959454
0.035459016,0.03745218,0.9270888
0.042855922,0.03545948,0.9216847
0.06300193,0.04317388,0.8938242
0.030219689,0.020447664,0.94933265
0.05233439,0.03618024,0.91148543
0.08653656,0.17600773,0.7374558
0.07281022,0.067470096,0.85971963
0.055595517,0.052380387,0.8920241
0.029906537,0.03243155,0.93766195
0.31539136,0.11001225,0.5745964
0.03580756,0.03436861,0.9298238
0.058266476,0.07118073,0.87055284
0.045956444,0.046181392,0.9078621
0.05225655,0.07333459,0.87440884
0.05521269,0.054569446,0.8902179
0.092461005,0.18879357,0.7187454
0.029475948,0.03180891,0.9387151
0.028836478,0.038351644,0.9328119
0.052140955,0.07623599,0.87162304
0.075635016,0.07468087,0.84968406
0.05192199,0.05736027,0.89071774
0.09485446,0.07606898,0.8290765
0.06250591,0.19347417,0.7440199
0.01589358,0.97564894,0.00845752
0.11201287,0.043993562,0.8439936
0.068089746,0.06471839,0.86719185
0.071539365,0.059482228,0.8689784
0.04809762,0.058872916,0.8930294
0.0724429,0.03810023,0.8894569
0.056378283,0.052192334,0.89142936
0.08052394,0.038410086,0.8810661
0.054665994,0.05397638,0.89135766
0.068340264,0.072676815,0.8589829
0.08260304,0.040533647,0.87686336
0.054477554,0.05810443,0.88741803
0.04905798,0.03428145,0.91666055
0.048954863,0.030935809,0.92010933
0.06203198,0.112435155,0.8255328
0.05034619,0.04053339,0.90912044
0.07182584,0.06840297,0.85977113
0.05404724,0.056035835,0.88991684
0.07057668,0.031873595,0.8975498
0.051340066,0.06663392,0.882026
0.05174665,0.051394124,0.89685917
0.023506578,0.79339665,0.18309675
0.9843268,0.010312577,0.005360554
0.04377978,0.39364955,0.5625707
0.049967673,0.071226746,0.8788056
0.035296258,0.04905188,0.915652
0.47247645,0.11421311,0.4133104
0.079313986,0.056242045,0.86444396
0.015436758,0.9834319,0.0011314163
0.051892217,0.061804336,0.8863035
0.058952063,0.056804486,0.8842434
0.025003308,0.021979319,0.9530174
0.053751208,0.06120623,0.8850425
0.024833819,0.9511903,0.023975924
0.035641644,0.046941653,0.91741663
0.043480102,0.0457451,0.91077477
0.08869316,0.061136704,0.8501702
0.04092094,0.05725869,0.9018204
0.04117741,0.062360298,0.89646226
0.043908108,0.16554572,0.7905461
0.073614925,0.05716365,0.8692214
0.049475558,0.058868542,0.8916559
0.06288988,0.059137296,0.8779729
0.04963108,0.045366485,0.9050025
0.036238596,0.038238224,0.9255231
0.09423962,0.0645804,0.8411799
0.058721364,0.075842805,0.86543584
0.045162894,0.052134685,0.90270245
0.054974418,0.06296696,0.8820587
0.051447514,0.05251348,0.896039
0.03035257,0.032754913,0.93689257
0.03644854,0.8123288,0.15122259
0.082019895,0.034459144,0.8835209
0.057478234,0.039891846,0.9026299
0.041047353,0.14091048,0.8180421
0.053859755,0.07135258,0.8747876
0.044086494,0.044086494,0.911827
0.055604577,0.03551742,0.9088779
0.050383054,0.06609805,0.8835189
0.071917325,0.04937976,0.87870294
0.019977791,0.12638691,0.8536354
0.054980606,0.031296425,0.91372293
0.3782501,0.2830197,0.33873025
0.99053603,0.009122522,0.0003414992
0.04810747,0.059987765,0.8919048
0.04371526,0.057856787,0.8984279
0.061089706,0.04382972,0.89508057
0.06849259,0.31655192,0.6149554
0.059639517,0.68705213,0.25330836
0.06738513,0.046721917,0.88589305
0.044867355,0.025340945,0.9297916
0.055881016,0.0527523,0.89136666
0.06795711,0.21617825,0.7158646
0.04207177,0.13488413,0.8230441
0.048732355,0.04424151,0.9070262
0.048079796,0.03402716,0.91789305
0.045930646,0.0306263,0.923443
0.020794936,0.037034795,0.94217026
0.05725708,0.0780322,0.86471075
0.042336866,0.05906663,0.89859647
0.110086165,0.17523134,0.71468246
0.041102584,0.051303077,0.9075944
0.031573102,0.042114466,0.9263125
0.04920111,0.54044914,0.4103498
0.042429894,0.046828225,0.9107418
0.06544395,0.11758147,0.81697464
0.0681338,0.13925646,0.79260975
0.040391065,0.054564852,0.905044
0.12021207,0.046165198,0.83362275
0.048853576,0.05070056,0.9004459
0.14515565,0.017489411,0.8373549
0.060618233,0.63138664,0.3079951
0.11315572,0.09154685,0.79529744
0.055864077,0.04736495,0.89677095
0.090522796,0.35995275,0.5495244
0.027398597,0.01428378,0.9583176
0.039007176,0.030587198,0.93040556
0.05064719,0.033903446,0.9154494
0.025791984,0.014840048,0.959368
0.048897933,0.048517406,0.9025846
0.04422627,0.03478146,0.9209923
0.083399646,0.034732208,0.8818681
0.04314973,0.043234088,0.9136162
0.056207012,0.045473397,0.8983196
0.031592008,0.03153037,0.93687767
0.045914393,0.04172396,0.9123617
0.038965702,0.03252528,0.9285091
0.04152071,0.05233355,0.90614575
0.034880526,0.022367135,0.9427523
0.23323353,0.1372449,0.6295216
0.39596084,0.05711324,0.5469259
0.0360518,0.15178375,0.8121645
0.05243659,0.03161859,0.9159449
0.046874773,0.034327824,0.9187974
0.051286653,0.030714508,0.9179988
0.016721327,0.88572943,0.0975492
0.05890299,0.009748016,0.931349
0.071059175,0.012815077,0.9161258
0.06026564,0.03887244,0.9008619
0.053964484,0.023437606,0.9225978
0.061041933,0.041953467,0.89700466
0.044801958,0.04649576,0.9087022
0.059006967,0.029612675,0.91138035
0.046191223,0.02240215,0.9314067
0.048594963,0.054850627,0.89655435
0.078413285,0.070083596,0.8515031
0.0778636,0.06851336,0.8536231
0.020944247,0.006668085,0.97238773
0.06009724,0.065362476,0.87454027
0.046638094,0.0101851765,0.9431767
0.08342376,0.09434706,0.82222915
0.03709349,0.050061192,0.9128454
0.05989816,0.04429572,0.89580613
0.06834228,0.052707776,0.8789499
0.042230036,0.074043676,0.88372624
0.051867057,0.020651447,0.9274815
0.035417225,0.035869725,0.928713
0.101803586,0.08682249,0.8113739
0.040819976,0.04273721,0.9164428
0.3206052,0.15709199,0.5223028
0.10807799,0.5858352,0.30608678
0.06339429,0.045085173,0.8915205
0.0945962,0.076158784,0.82924503
0.20396644,0.055761322,0.7402722
0.06283342,0.04005653,0.89711
0.06509006,0.8562429,0.0786671
0.048302773,0.028646406,0.92305076
0.050536543,0.03422815,0.9152353
0.05581056,0.0804933,0.86369604
0.03134675,0.015143501,0.9535096
0.04488499,0.024957877,0.9301571
0.056008805,0.026716316,0.91727495
0.050868228,0.023380322,0.9257514
0.05131135,0.04713195,0.9015567
0.08454063,0.06412697,0.8513323
0.039044295,0.075776085,0.8851796
0.039102133,0.08302209,0.8778758
0.23777866,0.071324416,0.6908969
0.041742545,0.03292447,0.92533296
0.87805086,0.039435923,0.08251321
0.6070894,0.06297023,0.32994038
0.03653029,0.036852773,0.9266169
0.039896123,0.037772886,0.9223309
0.06259092,0.11534738,0.8220617
0.022887139,0.017141674,0.95997113
0.059339546,0.27371418,0.6669463
0.04741906,0.030348139,0.92223275
0.09595426,0.034922436,0.8691232
0.044271555,0.031088151,0.92464036
0.035089485,0.024809383,0.94010115
0.2111854,0.01576458,0.77305007
0.147592,0.06843586,0.78397214
0.06733597,0.051729213,0.8809348
0.058355127,0.03857038,0.90307444
0.070630215,0.050231274,0.8791385
0.07189876,0.024390759,0.9037104
0.06391751,0.038957685,0.89712477
0.09960711,0.005641442,0.8947514
0.03992081,0.052372526,0.9077066
0.058517274,0.059033856,0.8824489
0.07239404,0.024751395,0.9028546
0.065140046,0.05043474,0.8844252
0.038885146,0.02177003,0.9393449
0.06258492,0.10898518,0.82842994
0.03735848,0.053985957,0.90865564
0.04780872,0.020562276,0.93162894
0.06597727,0.03997818,0.8940445
0.058242828,0.054394424,0.8873627
0.20691955,0.050658327,0.74242216
0.070906244,0.06443489,0.86465883
0.044116125,0.03268841,0.9231954
0.080554195,0.041913576,0.87753224
0.038775127,0.06480941,0.8964154
0.06928864,0.019793453,0.91091794
0.0424799,0.67793447,0.2795856
0.056695554,0.022008017,0.92129636
0.023895087,0.012252185,0.96385276
0.051874362,0.041116226,0.9070094
0.024608558,0.81492347,0.16046794
0.05629227,0.054507088,0.8892007
0.034956995,0.013742935,0.9513001
0.10282447,0.040011853,0.85716367
0.03430674,0.052824885,0.91286844
0.04081911,0.05784593,0.90133494
0.042527743,0.021155808,0.93631643
0.03713825,0.49412185,0.4687398
0.19020453,0.06465067,0.7451448
0.048237033,0.16350281,0.78826016
0.09729997,0.030378532,0.8723215
0.05257198,0.029118184,0.91830987
0.028668435,0.021035813,0.9502957
0.048737247,0.04148412,0.9097787
0.027652113,0.026644766,0.94570315
0.031038947,0.023891533,0.9450695
0.05161306,0.042414304,0.9059726
0.07099757,0.051740427,0.87726206
0.0510034,0.01806193,0.9309347
0.05636248,0.026858779,0.91677874
0.156537,0.023668198,0.81979483
0.03730769,0.06496749,0.8977248
0.055461425,0.1211389,0.82339966
0.90948176,0.04552429,0.044993922
0.13346462,0.045364726,0.8211706
0.055912048,0.03374719,0.9103407
0.06310497,0.035467885,0.90142715
0.5123506,0.033842724,0.45380667
0.03380717,0.05778942,0.90840334
0.03695765,0.043717194,0.9193252
0.048197515,0.4895785,0.462224
0.030458571,0.018294524,0.9512469
0.019099843,0.020212894,0.96068716
0.039436325,0.02997229,0.93059134
0.03516177,0.034684315,0.9301539
0.02919217,0.03657945,0.9342283
0.06510282,0.021135792,0.9137614
0.035415046,0.03320444,0.9313806
0.11776195,0.110951684,0.7712863
0.116457604,0.111996196,0.7715462
0.022882748,0.035894305,0.941223
0.05881735,0.045941398,0.8952412
0.020789532,0.95442563,0.024784807
0.29141802,0.17727256,0.5313094
0.024668746,0.028616244,0.94671494
0.052831218,0.07769916,0.8694697
0.04345308,0.38861915,0.5679278
0.07218469,0.04239377,0.8854216
0.03490265,0.039089117,0.9260083
0.051402703,0.025821675,0.9227756
0.06174443,0.05540143,0.8828542
0.08123073,0.033434834,0.8853345
0.037656687,0.025629522,0.93671376
0.09482973,0.026721846,0.8784484
0.026516743,0.8734101,0.10007314
0.06150194,0.029422628,0.90907544
0.039976485,0.035834685,0.92418873
0.05544423,0.05495906,0.8895967
0.08521502,0.05204005,0.8627449
0.057313714,0.040880345,0.90180594
0.055305768,0.03361023,0.911084
0.08380238,0.06526536,0.8509322
0.062159758,0.046874855,0.89096534
0.047041703,0.03448373,0.91847456
0.095345765,0.07169018,0.832964
0.03330784,0.02692088,0.9397713
0.49956617,0.032464866,0.46796888
0.028166886,0.038162675,0.93367046
0.05673955,0.045680646,0.8975797
0.021056868,0.017422695,0.96152043
0.04062688,0.018311968,0.9410611
0.7029754,0.046271548,0.25075305
0.09283664,0.030644188,0.8765192
0.043725748,0.029557442,0.9267168
0.0628636,0.044403184,0.89273316
0.045903597,0.0875361,0.86656034
0.050568853,0.07041389,0.8790173
0.059496485,0.05113913,0.8893644
0.025794083,0.03515319,0.93905276
0.029674392,0.026213147,0.94411254
0.045179375,0.03577475,0.9190458
0.047014795,0.028739566,0.92424566
0.06510378,0.13515893,0.79973733
0.053097267,0.26084393,0.68605876
0.07437128,0.034518372,0.89111036
0.63810104,0.06311889,0.29878002
0.036721285,0.018072153,0.9452066
0.039212096,0.04716045,0.9136274
0.38158706,0.10948679,0.50892615
0.03127212,0.061048724,0.9076792
0.013644007,0.01192378,0.9744323
0.032699447,0.04469485,0.9226057
0.082617864,0.03778829,0.87959385
0.052540284,0.029703584,0.91775614
0.014475195,0.025679132,0.9598456
0.048435625,0.05969331,0.89187104
0.04332773,0.05130243,0.9053699
0.30934143,0.041235887,0.6494227
0.08074925,0.07287966,0.8463712
0.04749712,0.051911294,0.9005917
0.037000522,0.015244416,0.947755
0.046015,0.05204009,0.9019449
0.076946594,0.03553971,0.88751376
0.09400066,0.049149387,0.8568499
0.2597855,0.0605997,0.67961484
0.02491128,0.06016896,0.91491973
0.05671165,0.02621929,0.9170691
0.051328424,0.07541531,0.87325627
0.035399936,0.025398215,0.93920183
0.028682193,0.016844932,0.95447284
0.05375705,0.0654158,0.8808272
0.057418313,0.02310865,0.91947305
0.040330026,0.03456354,0.92510647
0.05385709,0.109007,0.8371359
0.075325206,0.025653152,0.8990216
0.03770945,0.017830085,0.94446045
0.040104445,0.107850395,0.8520452
0.07727111,0.33679962,0.5859293
0.04394748,0.032786813,0.92326576
0.07045903,0.05124776,0.8782933
0.039681427,0.027594103,0.9327245
0.035719812,0.018440932,0.9458393
0.10190928,0.035599273,0.8624914
0.05745206,0.03944764,0.9031003
0.09691227,0.026572077,0.87651575
0.034528915,0.013815367,0.9516557
0.038270358,0.028163733,0.9335659
0.029027497,0.019055298,0.9519172
0.0839632,0.07216906,0.8438677
0.03002514,0.028594283,0.9413805
0.038130336,0.022591477,0.9392782
0.045402206,0.039100945,0.9154969
0.8513489,0.0122271385,0.13642396
0.047402542,0.059922427,0.8926751
0.027709639,0.97109175,0.0011986013
0.06737853,0.037685364,0.8949361
0.087123945,0.014285232,0.89859086
0.051821142,0.07681139,0.8713675
0.026870457,0.069289476,0.90384
0.05710993,0.0979092,0.84498084
0.03926189,0.030636966,0.9301011
0.0458902,0.033280198,0.92082965
0.05821657,0.048736863,0.89304656
0.048862003,0.04435921,0.9067788
0.052801613,0.03562284,0.91157556
0.068975225,0.047824424,0.88320035
0.16806729,0.043714717,0.78821796
0.090056725,0.03268015,0.87726307
0.02387537,0.020561766,0.95556283
0.054386355,0.01033935,0.9352743
0.1128881,0.03402782,0.853084
0.7774925,0.093586534,0.1289209
0.103554145,0.026004216,0.87044173
0.053369053,0.025259042,0.92137194
0.04975684,0.036724236,0.91351897
0.06326937,0.043484364,0.8932463
0.0546039,0.029028248,0.9163678
0.11438558,0.10163734,0.7839771
0.05877088,0.034381334,0.90684783
0.032373276,0.042553872,0.9250728
0.045993205,0.0699261,0.8840807
0.103720024,0.024443949,0.87183607
0.055165064,0.056253094,0.8885818
0.039457306,0.13604861,0.8244942
0.04788445,0.05300325,0.8991123
0.07530289,0.044615492,0.8800816
0.07829297,0.047301956,0.8744051
0.12326099,0.04177394,0.8349651
0.04467836,0.051777218,0.90354437
0.06323193,0.01930349,0.91746455
0.09808042,0.08430326,0.81761634
0.3267513,0.1651857,0.508063
0.11063439,0.07626092,0.8131046
0.055699542,0.049734093,0.89456636
0.037261058,0.042181093,0.9205579
0.07373107,0.061184924,0.865084
0.06985393,0.051708654,0.8784374
0.052776806,0.042283293,0.90493995
0.1743606,0.081085205,0.7445542
0.081037216,0.039610263,0.8793525
0.102881245,0.057711143,0.83940756
0.042501252,0.035372682,0.9221261
0.04477609,0.06025281,0.89497113
0.11848707,0.13866074,0.7428522
0.043382738,0.014446501,0.94217074
0.050312027,0.026877541,0.92281044
0.038415477,0.036300078,0.9252844
0.05533064,0.06294322,0.8817262
0.06826345,0.04907238,0.88266414
0.04326542,0.036184933,0.92054963
0.030011939,0.035431843,0.9345563
0.06794982,0.06579494,0.8662553
0.5354431,0.34841946,0.116137445
0.06837048,0.050167672,0.88146186
0.041924793,0.02141309,0.9366622
0.021937903,0.028696368,0.9493656
0.059436277,0.03147402,0.9090897
0.073790796,0.03424895,0.89196026
0.363441,0.053313166,0.5832459
0.0377011,0.03177853,0.9305204
0.06565095,0.04472636,0.8896227
0.020233857,0.019959103,0.95980704
0.043777023,0.031133639,0.9250894
0.03610942,0.03079567,0.9330949
0.04025857,0.031753987,0.9279875
0.039293174,0.038009938,0.9226968
0.052062202,0.06176504,0.88617265
0.039728127,0.033716824,0.9265551
0.72732997,0.027313957,0.24535604
0.0372794,0.031762443,0.93095815
0.9854196,0.009464611,0.0051157568
0.13683875,0.041937735,0.82122356
0.023899097,0.013967474,0.96213347
0.049936827,0.024242382,0.9258207
0.03251277,0.093437895,0.8740493
0.0408492,0.02578844,0.93336236
0.10191845,0.06936673,0.82871485
0.06657647,0.5050808,0.4283427
0.06299289,0.064865686,0.8721415
0.07489789,0.07294885,0.8521532
0.06705303,0.077706955,0.8552401
0.066346884,0.033721615,0.8999315
0.039128296,0.032123253,0.9287485
0.023861676,0.007977066,0.9681612
0.035184585,0.020323541,0.9444918
0.0453193,0.0136872865,0.9409934
0.1345439,0.027886983,0.8375691
0.05888259,0.044883095,0.8962342
0.045373634,0.72329813,0.23132817
0.049530096,0.06823059,0.8822393
0.09531009,0.054785457,0.8499045
0.038049944,0.11227272,0.84967726
0.034114294,0.02749203,0.9383937
0.040010057,0.030497553,0.9294925
0.027359024,0.026856067,0.9457849
0.05836933,0.032140307,0.90949035
0.07067877,0.04224546,0.8870758
0.034720577,0.014860398,0.950419
0.06716042,0.069089614,0.8637499
0.056297135,0.024403002,0.9192999
0.8536953,0.042131063,0.10417359
0.08654909,0.049097948,0.864353
0.09418976,0.019117132,0.8866931
0.07500951,0.03235584,0.89263463
0.02588825,0.017723348,0.9563884
0.048703533,0.019678006,0.9316185
0.07798078,0.050249934,0.8717693
0.046897706,0.056901865,0.8962004
0.052242503,0.045834493,0.901923
0.047296666,0.05459785,0.8981055
0.04643273,0.023669245,0.929898
0.08088972,0.064616986,0.85449326
0.044623457,0.030639289,0.9247373
0.0398263,0.015780045,0.9443937
0.049422655,0.21269977,0.73787767
0.070723675,0.045529056,0.8837472
0.04212814,0.03306675,0.92480505
0.06582204,0.0130245695,0.9211534
0.062230073,0.10554725,0.83222276
0.09199062,0.11526946,0.79274
0.116006285,0.022621004,0.8613727
0.040213548,0.067476675,0.8923097
0.036327615,0.018500054,0.94517237
0.08467617,0.049198616,0.8661252
0.06982461,0.08036765,0.8498077
0.15157457,0.022191094,0.82623434
0.055634223,0.06684606,0.87751967
0.06240184,0.011611016,0.92598724
0.038772017,0.023700858,0.93752706
0.15972781,0.020346813,0.81992537
0.07192816,0.05905105,0.8690209
0.06573097,0.037452374,0.8968166
0.07286448,0.09568507,0.8314504
0.025291596,0.052148998,0.92255944
0.08650137,0.08149893,0.8319997
0.046864394,0.30366057,0.64947504
0.11555274,0.040980898,0.8434664
0.026987724,0.02073266,0.95227957
0.049610246,0.040451184,0.9099386
0.06503907,0.033610277,0.9013506
0.037450384,0.031876978,0.9306726
0.040530838,0.026117617,0.9333515
0.051528517,0.024340348,0.9241312
0.056202315,0.03496504,0.9088327
0.061136715,0.038709354,0.9001539
0.06467365,0.04427621,0.89105016
0.052600995,0.040173348,0.9072257
0.033898845,0.04898651,0.9171146
0.054804478,0.025461573,0.91973394
0.05885334,0.047105618,0.894041
0.032733448,0.026405009,0.94086146
0.049737543,0.03441856,0.9158439
0.07284129,0.15240845,0.77475023
0.048843645,0.04117066,0.9099857
0.07947279,0.075243324,0.84528387
0.04043632,0.04103301,0.91853064
0.030360729,0.21754119,0.752098
0.033048537,0.4221415,0.54480994
0.043340623,0.024550471,0.932109
0.04993781,0.028732937,0.92132926
0.046487287,0.028864613,0.9246481
0.06324497,0.019101176,0.91765386
0.08492858,0.035265476,0.8798059
0.10754528,0.02054543,0.8719093
0.018940676,0.021843204,0.9592161
0.2573879,0.03488473,0.7077274
0.09021341,0.06548792,0.84429866
0.05031002,0.020586789,0.9291032
0.051316243,0.03284233,0.9158414
0.6726267,0.06697409,0.2603992
0.15909764,0.026600871,0.8143015
0.028157378,0.12076711,0.8510754
0.070813574,0.08812892,0.84105754
0.034650993,0.038807265,0.92654175
0.07128539,0.049185444,0.8795292
0.04585424,0.022282192,0.9318635
0.050911456,0.04047141,0.90861714
0.07837339,0.04461222,0.87701446
0.05606781,0.031946473,0.91198575
0.04688152,0.042230025,0.9108885
0.034522388,0.13801333,0.8274642
0.054271292,0.012433103,0.93329555
0.30526376,0.037032697,0.6577036
0.07982892,0.041576788,0.87859434
0.060486082,0.047198705,0.8923153
0.0363127,0.027170409,0.9365168
0.060617734,0.030154837,0.90922743
0.048060033,0.02270195,0.929238
0.04045126,0.032567047,0.9269816
0.041653465,0.46344435,0.4949022
0.0905572,0.033314135,0.8761287
0.19746627,0.39636883,0.40616488
0.038260072,0.025686597,0.9360534
0.05248083,0.014544964,0.9329743
0.04708503,0.031797163,0.92111784
0.041787926,0.028247522,0.9299645
0.01938939,0.014837353,0.9657733
0.066836305,0.046296157,0.8868676
0.03320675,0.050683714,0.91610956
0.029903227,0.026107542,0.9439893
0.7595884,0.097191714,0.14321983
0.033437423,0.010148165,0.95641446
0.034737974,0.033669196,0.9315929
0.04691838,0.050336078,0.9027456
0.036752895,0.026420467,0.93682665
0.16185564,0.027730828,0.8104136
0.034978256,0.018704236,0.9463175
0.078352995,0.08664421,0.83500284
0.055639893,0.0331269,0.91123325
0.049000308,0.05487774,0.89612204
0.04805273,0.035466477,0.9164808
0.39353874,0.06605658,0.5404047
0.059804827,0.031700127,0.908495
0.067577034,0.017594125,0.91482884
0.03033211,0.030659704,0.9390082
0.046892583,0.055252966,0.8978544
0.052709162,0.06401551,0.88327533
0.1495521,0.56330246,0.28714538
0.13130589,0.044871338,0.82382274
0.1358682,0.04713857,0.8169932
0.045859553,0.014859366,0.9392811
0.057689376,0.017594265,0.92471635
0.057269856,0.04512756,0.8976026
0.30824804,0.029480727,0.66227126
0.04392739,0.05196169,0.90411097
0.07076876,0.036678515,0.89255273
0.056749158,0.084115885,0.8591349
0.08277767,0.04491762,0.8723047
0.038898274,0.021439753,0.939662
0.040731113,0.049275253,0.90999365
0.0466508,0.045171376,0.90817773
0.13014777,0.06202016,0.807832
0.048415963,0.1534155,0.7981686
0.03754692,0.06337243,0.8990806
0.034973066,0.7824956,0.18253136
0.025173165,0.019076072,0.9557508
0.04818106,0.014766319,0.93705255
0.17557232,0.021655891,0.8027718
0.036429003,0.018533576,0.9450375
0.06633817,0.057691913,0.87596995
0.04985517,0.054276045,0.8958688
0.031828143,0.03255112,0.93562084
0.03409435,0.02438994,0.9415157
0.07658508,0.06891911,0.85449576
0.121686384,0.04714392,0.83116966
0.044786096,0.011569614,0.9436443
0.0840162,0.03364857,0.88233525
0.047536217,0.05552122,0.8969426
0.043271992,0.042310897,0.91441715
0.055202898,0.024688264,0.9201089
0.05527235,0.028843425,0.9158842
0.1023244,0.020606551,0.877069
0.12067011,0.009196673,0.8701333
0.036657307,0.08556437,0.87777823
0.074202895,0.025345074,0.90045196
0.047012612,0.05239516,0.90059227
0.041026596,0.0679725,0.8910009
0.030663604,0.032041173,0.93729526
0.039191272,0.03509654,0.9257122
0.02753246,0.5223291,0.45013845
0.041903723,0.012717664,0.9453787
0.059085384,0.03719197,0.9037227
0.035182334,0.018539788,0.9462779
0.033434678,0.03874705,0.92781824
0.017584113,0.92825305,0.05416288
0.046640504,0.07803191,0.87532765
0.049102906,0.028005328,0.92289174
0.051524345,0.03696691,0.9115088
0.03779341,0.047449872,0.9147567
0.1448176,0.039129682,0.8160527
0.12547475,0.16541737,0.7091079
0.027059847,0.051100444,0.92183965
0.049579535,0.025822194,0.9245982
0.0306021,0.039447665,0.92995024
0.060664676,0.06426266,0.8750726
0.039959326,0.064670645,0.89537
0.113103434,0.1067709,0.7801257
0.13538538,0.13058086,0.7340338
0.108492285,0.04396346,0.8475443
0.049645714,0.027230188,0.92312413
0.24994044,0.03456035,0.7154992
0.059334382,0.028692232,0.91197336
0.06523816,0.049004484,0.8857574
0.97190195,0.017152527,0.010945483
0.35361755,0.050049663,0.59633285
0.0817961,0.064202495,0.8540013
0.02602632,0.06543016,0.90854347
0.047466096,0.04988999,0.902644
0.06950473,0.030902835,0.8995924
0.09166674,0.082089335,0.826244
0.032081895,0.077639855,0.8902783
0.048737235,0.05208357,0.89917916
0.04354202,0.045276538,0.91118145
0.9885493,0.009805636,0.0016450997
0.022985846,0.011017964,0.96599615
0.046451416,0.0510169,0.9025317
0.034440417,0.036518704,0.92904085
0.065208025,0.02401213,0.9107799
0.061897542,0.03472137,0.9033811
0.063620456,0.054258265,0.88212126
0.06748514,0.20325197,0.72926295
0.07094004,0.042609166,0.8864508
0.042256165,0.048069913,0.9096739
0.054712106,0.05795705,0.88733083
0.022936944,0.050049994,0.92701304
0.09761457,0.069761984,0.8326234
0.25240132,0.03286224,0.7147365
0.061031505,0.030658614,0.9083098
0.05974642,0.041466042,0.89878756
0.08017941,0.044236057,0.87558454
0.023114933,0.10440643,0.8724786
0.03451056,0.066716015,0.8987734
0.95120335,0.03550388,0.013292768
0.03364662,0.040824078,0.9255293
0.038266927,0.03370455,0.9280286
0.06583754,0.056700114,0.87746227
0.05604001,0.04830951,0.8956505
0.018275196,0.02122031,0.9605046
0.031100841,0.032977603,0.93592155
0.05607804,0.05723995,0.88668203
0.05179022,0.017569186,0.9306406
0.04010182,0.038228076,0.9216701
0.037205886,0.0783812,0.8844128
0.05469915,0.06508385,0.880217
0.03649255,0.025105443,0.938402
0.050281946,0.025656438,0.9240617
0.04263653,0.069476776,0.8878867
0.022160716,0.9684191,0.009420164
0.05236016,0.044567868,0.90307194
0.06460058,0.041872516,0.893527
0.056903142,0.028306982,0.9147898
0.084387295,0.0695508,0.84606194
0.03880385,0.05531321,0.905883
0.04510597,0.05288895,0.902005
0.046858773,0.031062627,0.92207855
0.052744165,0.052538533,0.8947173
0.084084034,0.04315613,0.8727598
0.0762058,0.045682665,0.8781115
0.15884696,0.028928181,0.81222486
0.06548631,0.08278246,0.8517311
0.04446653,0.41221428,0.54331917
0.75943387,0.060272854,0.1802933
0.041688886,0.038669042,0.9196421
0.12859267,0.030828116,0.8405792
0.03701667,0.120076165,0.8429071
0.06966344,0.041801553,0.8885351
0.042671647,0.07001097,0.88731736
0.07065411,0.047760297,0.88158554
0.045345955,0.03131834,0.9233357
0.043457676,0.021916002,0.93462634
0.051098675,0.038722266,0.9101791
0.058463626,0.042068668,0.89946777
0.8054245,0.096812695,0.09776276
0.040807813,0.045702584,0.91348964
0.028827742,0.16492303,0.8062492
0.035961643,0.058944333,0.905094
0.052772872,0.02900199,0.9182251
0.034126177,0.04080382,0.92507005
0.050777633,0.049167328,0.900055
0.02833227,0.019586898,0.95208085
0.04102141,0.024423346,0.93455523
0.038898785,0.032374445,0.9287268
0.03277381,0.024284178,0.94294196
0.09247181,0.08815108,0.81937706
0.09095096,0.04275293,0.86629605
0.034908924,0.04702099,0.91807014
0.041370247,0.046016827,0.912613
0.027347503,0.041013394,0.93163913
0.099972256,0.03850512,0.8615226
0.041019507,0.02355552,0.9354249
0.058789298,0.022488913,0.9187218
0.060591783,0.69455874,0.24484947
0.08922551,0.04499704,0.8657775
0.02737921,0.022433719,0.9501871
0.035814475,0.16168927,0.80249625
0.050002046,0.024776991,0.925221
0.04710972,0.024061289,0.92882895
0.01830819,0.9381145,0.04357729
0.023124931,0.952114,0.024761021
0.09761514,0.035319354,0.86706555
0.025259336,0.06852802,0.9062126
0.033052336,0.0639594,0.9029882
0.08329928,0.0642431,0.85245764
0.054178976,0.056779075,0.88904196
0.03854134,0.055532355,0.90592635
0.03909404,0.041090406,0.91981554
0.052057218,0.052722316,0.89522046
0.80765116,0.02502835,0.16732055
0.065196045,0.044416443,0.8903874
0.15701199,0.047559723,0.79542834
0.711342,0.017142614,0.27151534
0.034676373,0.014258978,0.95106465
0.057852134,0.013916645,0.9282313
0.064708106,0.019053107,0.91623884
0.0820524,0.05074887,0.86719877
0.055209953,0.037945207,0.90684485
0.036383357,0.0804053,0.8832114
0.08545398,0.057371087,0.85717493
0.11919658,0.039153617,0.8416498
0.054458935,0.0342798,0.9112613
0.10814627,0.032030474,0.8598232
0.06313713,0.061015584,0.8758473
0.076563776,0.037314206,0.8861219
0.027984638,0.07817887,0.8938365
0.07636472,0.016203508,0.9074318
0.0519785,0.054154754,0.8938668
0.16626161,0.112059645,0.7216788
0.059637796,0.03617215,0.90418994
0.057277307,0.029083474,0.9136391
0.025217792,0.025715169,0.94906706
0.050015118,0.01999202,0.92999285
0.09151901,0.057383105,0.851098
0.07144059,0.064164124,0.8643953
0.100260675,0.02852947,0.87120986
0.060270634,0.022368062,0.91736126
0.028706133,0.021605138,0.94968873
0.048903637,0.009233697,0.9418627
0.0761944,0.04496769,0.8788379
0.107970744,0.03944962,0.85257965
0.0321689,0.026799493,0.94103163
0.03587131,0.04619481,0.9179338
0.04672608,0.032908022,0.9203658
0.021529851,0.0710085,0.90746164
0.03991468,0.05251812,0.9075672
0.04345592,0.034646083,0.921898
0.028658,0.08068792,0.890654
0.098759934,0.038448997,0.862791
0.044649005,0.10710739,0.84824365
0.061110474,0.03471784,0.90417165
0.038886875,0.018970465,0.9421427
0.035367552,0.023536872,0.9410956
0.026651641,0.2846496,0.6886987
0.073923446,0.03338505,0.89269143
0.06679368,0.06404694,0.86915934
0.027254803,0.029642647,0.9431026
0.03419059,0.016087526,0.94972193
0.02774761,0.017706485,0.95454586
0.07358001,0.037875745,0.8885442
0.04922261,0.033731207,0.9170461
0.03605996,0.033941425,0.92999864
0.01459857,0.034242332,0.9511591
0.039640564,0.019451784,0.9409077
0.037491985,0.029891213,0.9326168
0.050951414,0.13293456,0.81611407
0.057698354,0.04677121,0.8955304
0.04719454,0.042971116,0.9098343
0.16539739,0.014903748,0.8196988
0.23919709,0.03456071,0.7262421
0.023313085,0.014949516,0.9617374
0.046156645,0.034874905,0.9189685
0.030759523,0.0435902,0.92565024
0.05769267,0.033651836,0.9086555
0.07847347,0.076207794,0.8453187
0.03836113,0.024029236,0.9376097
0.042532537,0.028332775,0.92913467
0.035871048,0.027182862,0.93694615
0.061499678,0.09571881,0.8427815
0.04264286,0.0074392217,0.9499179
0.037661597,0.022753857,0.93958455
0.043413907,0.0630436,0.89354247
0.053149335,0.031062342,0.9157883
0.2554849,0.025185509,0.71932954
0.031085385,0.015939003,0.95297563
0.9587443,0.017136494,0.024119176
0.047346078,0.014595688,0.9380583
0.066649996,0.03371067,0.89963937
0.2657637,0.030443108,0.70379317
0.31642017,0.09458998,0.5889898
0.048517253,0.041377604,0.9101051
0.43880978,0.030331628,0.5308586
0.028786175,0.053569987,0.91764385
0.026655486,0.027260968,0.94608355
0.04631225,0.03252116,0.9211666
0.06382256,0.05599416,0.8801833
0.11610087,0.034774803,0.84912425
0.053080905,0.022432012,0.92448705
0.3065578,0.03262804,0.66081417
0.07533071,0.027336316,0.89733297
0.053435065,0.25529817,0.6912668
0.05473581,0.031157086,0.9141072
0.053895056,0.17792723,0.7681777
0.04593579,0.032319866,0.9217444
0.054680742,0.040122658,0.9051966
0.04753414,0.40873197,0.5437339
0.04681943,0.018281115,0.9348994
0.055054594,0.035338245,0.9096071
0.06785891,0.058555193,0.87358594
0.0832216,0.035933252,0.88084525
0.032979447,0.0725987,0.8944218
0.08061641,0.032988124,0.88639545
0.97041625,0.02870919,0.0008745956
0.027539693,0.016703667,0.9557566
0.055805154,0.013138899,0.9310559
0.08284533,0.10380991,0.8133448
0.093102254,0.039383497,0.86751425
0.04530349,0.020439833,0.93425673
0.10091275,0.023922112,0.8751651
0.057398003,0.032386567,0.9102154
0.053496588,0.032797754,0.91370565
0.030593956,0.036975503,0.93243057
0.022587288,0.005655461,0.97175723
0.06382909,0.03237861,0.9037923
0.08418558,0.038580623,0.8772338
0.027858222,0.033244383,0.93889743
0.03617786,0.0142368,0.9495854
0.057112087,0.02024497,0.92264295
0.022162935,0.068000495,0.9098366
0.039505444,0.03642968,0.9240649
0.20316695,0.02086149,0.7759716
0.07929278,0.5031072,0.4176
0.028635198,0.7219325,0.2494323
0.15232182,0.7745934,0.07308481
0.033996657,0.028101766,0.9379015
0.06329311,0.07567799,0.86102885
0.056693703,0.06765499,0.8756513
0.06846185,0.20181096,0.7297272
0.029249689,0.01435294,0.9563975
0.06366386,0.08118911,0.855147
0.053215414,0.023568122,0.92321646
0.108749755,0.024515446,0.8667348
0.042282954,0.023146532,0.93457055
0.06139306,0.053027596,0.88557935
0.023278624,0.011705227,0.9650162
0.095314085,0.029904168,0.8747818
0.029090255,0.016002534,0.95490724
0.044745114,0.03879938,0.9164555
0.042692117,0.04540116,0.9119067
0.034335762,0.015628217,0.950036
0.06302482,0.02785806,0.9091171
0.044757742,0.07794099,0.8773012
0.047666203,0.033406608,0.9189272
0.03553524,0.04261326,0.9218516
0.0528799,0.031514417,0.91560566
0.044316474,0.02466583,0.9310177
0.09099583,0.017383829,0.8916203
0.05017141,0.23472485,0.71510375
0.050919417,0.022397632,0.9266829
0.057998385,0.06137826,0.8806233
0.06803485,0.0726352,0.8593299
0.08064106,0.022240657,0.8971182
0.049367335,0.03893853,0.9116941
0.16427429,0.04200413,0.7937216
0.08910478,0.047554825,0.8633404
0.050196644,0.3130975,0.6367058
0.029106053,0.0403309,0.93056303
0.0669575,0.042394858,0.8906476
0.27700177,0.1769349,0.5460633
0.08059614,0.012659104,0.9067447
0.11029682,0.1903898,0.6993134
0.070569046,0.031101488,0.8983295
0.12554355,0.10540899,0.76904744
0.033900842,0.032665856,0.9334333
0.021547886,0.023851335,0.9546008
0.03910181,0.02367017,0.9372279
0.04630152,0.033644143,0.9200543
0.06770572,0.033451363,0.8988428
0.052923944,0.019000052,0.928076
0.08275624,0.09599892,0.82124484
0.01672868,0.948812,0.03445937
0.2823693,0.022333914,0.69529676
0.059886694,0.03657227,0.903541
0.09960091,0.11793299,0.7824661
0.04146241,0.028580278,0.9299574
0.063341476,0.02475648,0.91190207
0.048126683,0.2026209,0.74925244
0.026695766,0.083198026,0.89010626
0.046266552,0.025351979,0.92838144
0.040337827,0.018887505,0.94077474
0.071491376,0.02991868,0.8985899
0.9909932,0.006889219,0.0021175721
0.50631833,0.036456622,0.45722508
0.13689162,0.0274068,0.8357016
0.046427082,0.0301223,0.92345065
0.044469744,0.06407431,0.8914559
0.9894135,0.009273775,0.0013127344
0.05475714,0.04451724,0.9007257
0.03762376,0.020981714,0.94139445
0.05519456,0.051396772,0.89340866
0.059074372,0.038253188,0.9026724
0.06607474,0.03768504,0.8962402
0.12117542,0.03399601,0.8448286
0.059263118,0.04310452,0.89763236
0.071794435,0.0187287,0.9094769
0.07401339,0.065189146,0.8607975
0.05379814,0.074545585,0.87165624
0.08317751,0.088975385,0.8278471
0.031886246,0.03169996,0.9364139
0.024357505,0.037213374,0.93842906
0.22399253,0.034899823,0.74110764
0.055484857,0.019706607,0.9248085
0.057133865,0.028841155,0.914025
0.08943771,0.05115952,0.8594028
0.031612795,0.25830674,0.71008044
0.05721275,0.07239435,0.87039286
0.028283402,0.019419905,0.9522968
0.048410628,0.04259725,0.9089922
0.07563542,0.03650353,0.8878611
0.030227432,0.011814135,0.9579585
0.058549494,0.063245304,0.8782052
0.04394413,0.03825397,0.917802
0.046874363,0.03970413,0.91342145
0.06020479,0.02254087,0.9172543
0.014631419,0.94311374,0.04225481
0.058671705,0.07111799,0.8702103
0.07881027,0.04614954,0.87504023
0.06705277,0.02875467,0.9041926
0.21511985,0.0692957,0.7155844
0.06897606,0.04953625,0.88148767
0.08463206,0.018718721,0.89664924
0.061522093,0.019283313,0.91919464
0.08341846,0.04223315,0.8743484
0.1356674,0.22697839,0.63735414
0.070330925,0.05340055,0.8762685
0.03761561,0.017509976,0.9448744
0.054977786,0.052511428,0.8925108
0.048290562,0.028891986,0.9228174
0.07027497,0.22170362,0.7080214
0.0690939,0.010942925,0.9199632
0.036976438,0.0351113,0.92791224
0.034886945,0.36193627,0.6031768
0.048514273,0.08776226,0.8637234
0.041023683,0.032547623,0.9264287
0.04351307,0.07090511,0.8855819
0.048329774,0.037971538,0.91369873
0.037468325,0.07924302,0.88328874
0.035613388,0.04321039,0.9211762
0.034348942,0.043591075,0.92205995
0.2786802,0.030231168,0.69108856
0.043534134,0.032006152,0.92445964
0.04289534,0.042644735,0.9144598
0.03715536,0.18758811,0.7752565
0.7947121,0.056002263,0.14928554
0.028059263,0.0391089,0.9328319
0.09113129,0.10018594,0.8086828
0.05842678,0.14460765,0.79696554
0.038150754,0.03301673,0.9288324
0.96082914,0.021794634,0.017376198
0.80869,0.032845095,0.15846486
0.8052133,0.021156495,0.17363016
0.035530437,0.02456319,0.93990636
0.9603272,0.01750333,0.022169542
0.8186737,0.039409,0.14191726
0.8868043,0.02809175,0.085104026
0.8800928,0.030306887,0.08960037
0.9985411,0.0011112817,0.00034763737
0.39358804,0.05655657,0.5498554
0.054495733,0.6305218,0.31498247
0.073970415,0.07616959,0.84985995
0.15506947,0.02645165,0.8184788
0.037192445,0.04124877,0.9215588
0.06294765,0.049215555,0.8878367
0.34887096,0.027146153,0.6239829
0.17211303,0.03900838,0.78887856
0.98375064,0.012652525,0.0035967992
0.08375483,0.022366881,0.8938783
0.99298733,0.0048950175,0.002117693
0.99513644,0.004187805,0.0006756757
0.033293802,0.016257826,0.9504484
0.99596316,0.0032705565,0.00076627696
0.9869441,0.006585351,0.006470605
0.9811204,0.01637772,0.0025018125
0.99201715,0.00699127,0.000991573
0.042491533,0.22669858,0.73081
0.8633798,0.117188565,0.01943177
0.040632684,0.9448793,0.014488031
0.07693985,0.9089247,0.014135482
0.12491219,0.098332345,0.77675545
0.021776322,0.87753093,0.10069269
0.48994935,0.41338533,0.09666536
0.05275514,0.028431484,0.91881335
0.042511497,0.031530216,0.9259583
0.041626416,0.0091084605,0.94926506
0.052562993,0.013914213,0.9335228
0.052562993,0.013914213,0.9335228
0.06545733,0.022955254,0.9115874
0.07297588,0.026637409,0.90038675
0.053027242,0.012533725,0.93443906
0.06398026,0.022089407,0.9139303
0.051096447,0.15738814,0.7915154
0.04631195,0.025302619,0.9283854
0.26147243,0.098760344,0.63976717
0.023775382,0.011564587,0.96466
0.034134712,0.029656751,0.9362085
0.04887445,0.019882515,0.9312431
0.040109724,0.03623612,0.9236541
0.026054692,0.122432664,0.85151255
0.03570312,0.056004576,0.9082923
0.030855792,0.13923463,0.82990956
0.10559096,0.04043161,0.8539775
0.07499553,0.039481297,0.8855232
0.04341583,0.29582542,0.66075873
0.04639241,0.049577743,0.90402985
0.05135122,0.062978305,0.8856704
0.05884238,0.0052996227,0.9358581
0.06378863,0.012475154,0.92373616
0.061400592,0.037204992,0.9013944
0.042659067,0.028168399,0.9291726
0.14578596,0.07585466,0.7783594
0.04801897,0.03076211,0.921219
0.06478861,0.05125201,0.88395935
0.05180311,0.03354473,0.91465217
0.02820336,0.14676832,0.82502836
0.03616617,0.039258003,0.9245758
0.056369305,0.053213265,0.89041746
0.10814147,0.0706444,0.82121414
0.099926695,0.049806613,0.8502667
0.048820224,0.016416728,0.934763
0.11194808,0.09235616,0.7956957
0.052369,0.021179661,0.9264514
0.8434149,0.034633867,0.12195122
0.89613247,0.03432525,0.06954235
0.0629317,0.027519688,0.90954864
0.04896998,0.06589632,0.88513374
0.058775257,0.11142698,0.82979774
0.05620314,0.027822573,0.9159743
0.111709565,0.10869637,0.77959406
0.06150874,0.03990742,0.8985838
0.08259474,0.32066318,0.5967421
0.74409807,0.038297165,0.21760482
0.10461125,0.7999529,0.09543584
0.045793626,0.026297066,0.92790926
0.032385774,0.02300985,0.94460434
0.042791188,0.034216203,0.9229926
0.047892515,0.03510741,0.9170001
0.025531238,0.18754962,0.7869191
0.9626681,0.01715629,0.020175608
0.070658565,0.087251686,0.8420898
0.5339877,0.035478674,0.43053368
0.8429846,0.035986364,0.121029064
0.04933266,0.06936668,0.8813006
0.050212644,0.033285905,0.91650146
0.13222753,0.056593336,0.81117916
0.05729474,0.044273943,0.8984313
0.08510167,0.04015995,0.8747384
0.09917745,0.04740034,0.8534222
0.025782017,0.02639342,0.9478245
0.048879594,0.03152823,0.91959214
0.047289073,0.03480074,0.9179102
0.060769975,0.055331696,0.88389826
0.06723137,0.066838585,0.86593
0.015069168,0.9789484,0.005982405
0.04958008,0.013998368,0.9364215
0.23736794,0.44693983,0.3156922
0.0533274,0.030503964,0.9161686
0.057442296,0.02985893,0.91269875
0.06284937,0.043747578,0.89340305
0.03055521,0.06154265,0.90790224
0.02499497,0.012016164,0.9629888
0.046484552,0.027114198,0.92640126
0.017763188,0.065805174,0.9164317
0.052864518,0.028213557,0.9189219
0.024177318,0.02596382,0.94985884
0.038572025,0.013123469,0.94830453
0.044116646,0.043432683,0.9124507
0.044062328,0.02390953,0.9320281
0.095133655,0.2736701,0.6311962
0.074356586,0.030785268,0.8948582
0.033967182,0.02985907,0.93617374
0.067721836,0.03847386,0.8938043
0.06853536,0.02160777,0.90985686
0.05075495,0.01831056,0.9309344
0.26469687,0.025032792,0.7102704
0.03493623,0.04267954,0.92238426
0.042751875,0.038698614,0.9185496
0.057622824,0.029488394,0.91288877
0.0684003,0.033238128,0.8983615
0.027920028,0.029259935,0.94282013
0.034216378,0.010693312,0.95509034
0.07343806,0.020472832,0.9060892
0.966407,0.016370159,0.017222924
0.08185361,0.034692865,0.88345355
0.10404067,0.02142811,0.87453127
0.060116433,0.05258833,0.88729525
0.7487518,0.040465057,0.21078306
0.025625031,0.009039262,0.9653357
0.01964204,0.0143423835,0.9660156
0.01964204,0.0143423835,0.9660156
0.09767086,0.049885396,0.8524437
0.09592764,0.045313008,0.8587593
0.034168594,0.034168594,0.9316628
0.98089117,0.011441988,0.007666798
0.04432228,0.030881563,0.92479616
0.030136459,0.014788082,0.95507544
0.03818538,0.024847701,0.93696696
0.01839632,0.01661969,0.964984
0.11177155,0.05097324,0.8372552
0.075094275,0.09842079,0.82648504
0.98491156,0.014186879,0.00090163824
0.9925769,0.0067799953,0.00064307597
0.99214375,0.007088415,0.0007678242
0.99346715,0.0051324135,0.0014003859
0.99158466,0.008106479,0.00030884543
0.993443,0.0061665867,0.00039038566
0.9872234,0.011720069,0.0010565962
0.98727405,0.0116978,0.001028149
0.9881611,0.011754136,8.480206e-05
0.98993367,0.00991573,0.00015056238
0.98615116,0.012633952,0.0012148138
0.014952907,0.96383625,0.0212109
0.015412854,0.9838288,0.0007584208
0.0051635494,0.9936547,0.0011817717
0.012948808,0.98442566,0.0026255767
0.014097798,0.9844788,0.0014234021
0.007749385,0.9914574,0.00079319725
0.013964088,0.98278964,0.0032462631
0.008975982,0.9899727,0.0010512933
0.0071209483,0.9908744,0.0020046365
0.014935183,0.98360044,0.0014644125
0.016543452,0.9596198,0.02383666
0.020306513,0.97175694,0.007936629
0.056955118,0.034545023,0.90849984
0.03937142,0.038798895,0.9218297
0.053156484,0.060410917,0.8864325
0.05153455,0.042102367,0.906363
0.028034758,0.057974752,0.91399044
0.054356538,0.04449468,0.90114874
0.04391129,0.041655652,0.914433
0.043126445,0.04107125,0.9158023
0.047090646,0.040634338,0.912275
0.045150153,0.05548143,0.8993685
0.03731087,0.05074951,0.9119396
0.030815152,0.01708435,0.9521005
0.053899493,0.04464063,0.9014599
0.07891322,0.017972747,0.903114
0.048588935,0.032812767,0.91859835
0.051698077,0.04349165,0.90481025
0.061606247,0.034863044,0.9035307
0.0464907,0.03509302,0.9184162
0.052310064,0.039293382,0.90839654
0.036738776,0.024046868,0.93921435
0.0445183,0.044561796,0.91091996
0.039275095,0.016581472,0.94414335
0.035076156,0.020579973,0.9443438
0.0467978,0.04038164,0.9128205
0.048980936,0.05437603,0.896643
0.028097102,0.031405862,0.9404971
0.05969367,0.03261375,0.90769255
0.04567133,0.031604722,0.92272395
0.043087177,0.03656761,0.92034525
0.039998706,0.03529873,0.9247025
0.04349275,0.032926373,0.9235809
0.04448642,0.020012476,0.93550116
0.041880116,0.027013442,0.93110645
0.02470253,0.021714916,0.9535825
0.053271785,0.050093107,0.8966351
0.046997175,0.039421294,0.91358155
0.02940548,0.8286552,0.14193934
0.03283883,0.03335596,0.93380517
0.06679031,0.034313623,0.8988961
0.045641657,0.048301443,0.9060569
0.05454975,0.02461152,0.9208388
0.044586875,0.03862443,0.91678864
0.066505395,0.03580697,0.8976876
0.051810388,0.035193868,0.91299576
0.036889654,0.033752818,0.9293575
0.056125224,0.02109571,0.92277914
0.05036641,0.015848493,0.9337851
0.047117416,0.036516342,0.9163662
0.067414105,0.03936072,0.89322513
0.23154965,0.011818862,0.75663155
0.067811064,0.039825156,0.8923637
0.059589006,0.04355369,0.8968573
0.046001356,0.046136323,0.9078623
0.06887124,0.04407751,0.8870513
0.05991861,0.04833439,0.89174694
0.05280959,0.030119395,0.9170711
0.0579761,0.055700652,0.8863232
0.052107606,0.027863964,0.92002845
0.05241572,0.014856901,0.9327273
0.055592977,0.035718687,0.9086883
0.055725615,0.042269796,0.90200466
0.051905744,0.03876188,0.90933245
0.05594987,0.026845044,0.91720515
0.04379064,0.03263792,0.9235715
0.054043554,0.03544263,0.91051376
0.05821399,0.032054774,0.9097312
0.049262106,0.05290216,0.8978358
0.03574734,0.035992548,0.92826
0.05320462,0.038963363,0.90783197
0.044758413,0.04208772,0.9131539
0.047712814,0.03694169,0.9153455
0.0377087,0.027940748,0.9343506
0.07083246,0.06582998,0.8633375
0.14384115,0.26689988,0.58925897
0.04137368,0.048607495,0.9100188
0.040127415,0.029472748,0.9303999
0.04681069,0.04278843,0.9104008
0.03501506,0.018596355,0.94638854
0.06196475,0.027469853,0.9105654
0.045517866,0.020376738,0.93410534
0.056253433,0.02784747,0.9158991
0.072869286,0.04372522,0.88340557
0.023927122,0.022172233,0.95390064
0.053721845,0.05478141,0.8914967
0.040905554,0.048766665,0.9103278
0.031809017,0.009086775,0.9591042
0.0522059,0.0522059,0.8955883
0.036088593,0.04041731,0.92349404
0.057068076,0.046305485,0.8966265
0.04179761,0.023469243,0.9347331
0.06277666,0.029915376,0.9073079
0.042521216,0.025866091,0.93161273
0.06882853,0.023647537,0.9075239
0.070660226,0.046385385,0.8829543
0.07470485,0.028437952,0.89685714
0.060295638,0.037953783,0.9017506
0.056639735,0.029241178,0.914119
0.0409596,0.03043859,0.9286018
0.02102872,0.024346141,0.9546251
0.041167192,0.074762866,0.8840699
0.032873254,0.012974319,0.95415246
0.048471104,0.031571567,0.9199572
0.04646711,0.03737385,0.9161591
0.05331855,0.014420736,0.93226063
0.056880828,0.035804283,0.9073148
0.065369286,0.026932502,0.90769815
0.057432897,0.034462616,0.9081045
0.06285459,0.060093522,0.87705183
0.049461212,0.02182005,0.9287187
0.051069763,0.029441679,0.91948855
0.07136461,0.036879133,0.89175624
0.073462255,0.048036788,0.87850106
0.051772572,0.031432334,0.9167951
0.037156895,0.027666643,0.9351765
0.06455685,0.066606104,0.86883706
0.060637206,0.033389084,0.9059737
0.043415044,0.06910657,0.88747835
0.049575035,0.11560359,0.83482146
0.0406924,0.019486329,0.9398213
0.041900937,0.04365526,0.9144438
0.06813011,0.02739297,0.9044769
0.034811504,0.033445217,0.9317432
0.03531341,0.026865024,0.9378215
0.043829717,0.05406965,0.9021007
0.03721982,0.019594323,0.9431858
0.04749106,0.0612184,0.89129055
0.05687228,0.04036789,0.9027598
0.054277934,0.05375046,0.8919715
0.04041627,0.04508761,0.914496
0.04937695,0.044521317,0.9061018
0.047164064,0.03913858,0.91369736
0.030597314,0.034133773,0.935269
0.05606191,0.026689474,0.9172486
0.061592262,0.037284702,0.901123
0.036274362,0.022699915,0.9410258
0.06104605,0.032200437,0.90675354
0.057213403,0.04255894,0.9002276
0.053987324,0.027520224,0.91849244
0.071635276,0.035845026,0.8925197
0.050089996,0.03653942,0.91337055
0.042438123,0.014049381,0.94351244
0.081074625,0.025312731,0.8936126
0.04411137,0.03639148,0.91949713
0.03086067,0.01934987,0.94978946
0.065006904,0.04197161,0.89302146
0.07611644,0.025125066,0.8987585
0.046071686,0.029457038,0.92447126
0.034665994,0.036578845,0.9287551
0.043696668,0.02385045,0.932453
0.06649492,0.038147546,0.8953576
0.035499487,0.01434309,0.9501574
0.050206296,0.04053936,0.9092544
0.059776783,0.035694346,0.90452886
0.040068746,0.052412827,0.9075184
0.068646505,0.049783375,0.88157016
0.03957073,0.05451099,0.9059183
0.032241493,0.026443547,0.94131494
0.058137156,0.04479349,0.8970693
0.0433371,0.068178825,0.8884842
0.042978775,0.036297943,0.9207232
0.0743117,0.032243215,0.89344513
0.063528195,0.046116527,0.8903553
0.034261912,0.039705716,0.9260324
0.051375434,0.053840987,0.8947836
0.04612082,0.036520213,0.91735893
0.040909346,0.03884583,0.9202449
0.04721105,0.035497837,0.9172911
0.0887155,0.03860583,0.8726787
0.07832444,0.05372651,0.86794907
0.033560373,0.03240101,0.9340386
0.09596054,0.05871681,0.8453226
0.07274689,0.02793708,0.8993161
0.02810424,0.010729854,0.9611659
0.05039903,0.03774713,0.9118539
0.05254202,0.0439005,0.9035575
0.10290826,0.058692653,0.8383991
0.07866304,0.03504314,0.8862938
0.045718912,0.040465176,0.91381603
0.041068938,0.0476408,0.9112902
0.073143296,0.024404421,0.9024523
0.04562265,0.032636892,0.9217405
0.029039731,0.043423843,0.9275364
0.065143645,0.027637482,0.90721893
0.048179302,0.04318765,0.908633
0.05674787,0.027387932,0.91586417
0.06913574,0.04301128,0.88785297
0.0444402,0.028303135,0.92725664
0.04411791,0.05183153,0.90405065
0.063984886,0.024692476,0.9113226
0.041100718,0.01887249,0.9400269
0.052312486,0.059859537,0.88782805
0.035190303,0.051906418,0.9129033
0.059031278,0.03763265,0.90333617
0.043487128,0.064081796,0.89243114
0.03319328,0.01644792,0.9503588
0.048813194,0.03731689,0.91386986
0.045000013,0.026094927,0.92890507
0.055026628,0.04729715,0.89767617
0.05188769,0.042639986,0.9054722
0.036955446,0.033846054,0.9291985
0.051140673,0.05380473,0.89505464
0.06775623,0.04190678,0.890337
0.056507777,0.037715886,0.90577626
0.044173844,0.04575445,0.91007173
0.029228183,0.03630408,0.9344677
0.047451355,0.04488219,0.90766644
0.07141508,0.022144975,0.9064399
0.05918257,0.03472375,0.90609366
0.99069864,0.0073888563,0.0019124983
0.9067797,0.03601103,0.05720927
0.9612436,0.021507965,0.017248413
0.992879,0.0056225234,0.0014985756
0.99082655,0.0054065003,0.0037669807
0.9927061,0.006295832,0.0009980927
0.99046284,0.0064936746,0.003043524
0.99659306,0.0026142655,0.0007926479
0.988608,0.007833483,0.0035585202
0.9943731,0.0051471367,0.0004796943
0.98791504,0.010996202,0.0010887713
0.9922525,0.006063707,0.0016838307
0.011340553,0.97886413,0.00979528
0.01943166,0.97642297,0.004145328
0.0172491,0.98024154,0.0025093546
0.2820405,0.36003143,0.35792804
0.009686885,0.98519856,0.005114609
0.015114766,0.9838303,0.0010550232
0.014821954,0.98379934,0.0013786565
0.010503956,0.98416245,0.0053335526
0.0256691,0.971729,0.0026018568
0.018224914,0.9700998,0.011675318
0.011064065,0.9882047,0.0007311808
0.0137013495,0.9842779,0.0020206752
0.02121698,0.97643024,0.0023527455
0.013029117,0.9828227,0.0041481205
0.008111497,0.9892959,0.0025925904
0.018593945,0.97916794,0.0022381474
0.008876669,0.9895928,0.0015305296
0.021515349,0.97767055,0.00081412
0.016277673,0.9818158,0.0019064886
0.020564776,0.9783665,0.0010688127
0.04856984,0.03944846,0.91198164
0.04098133,0.054985084,0.90403366
0.0576321,0.046992034,0.89537597
0.03333237,0.03534379,0.9313238
0.05725768,0.029416213,0.913326
0.048285477,0.06260821,0.8891062
0.048249427,0.041350607,0.9103999
0.045506813,0.032395463,0.9220976
0.03703797,0.05680805,0.906154
0.066562235,0.03848566,0.8949521
0.046604853,0.05317246,0.90022266
0.04759942,0.04012189,0.9122787
0.07885782,0.033521187,0.88762105
0.067472,0.034159772,0.8983682
0.065838955,0.040246546,0.89391446
0.059474364,0.031741206,0.9087844
0.047565363,0.029161433,0.92327315
0.071873814,0.038735166,0.88939095
0.06440607,0.038646866,0.8969471
0.042720832,0.06065928,0.8966199
0.052807115,0.035522327,0.91167057
0.039558843,0.04947276,0.9109683
0.070079185,0.03346058,0.89646024
0.05528567,0.046328433,0.8983859
0.06151081,0.038118407,0.9003708
0.06163072,0.056280054,0.88208926
0.059977394,0.036878895,0.9031437
0.042391375,0.030652866,0.9269558
0.056154206,0.03134622,0.9124995
0.056161914,0.036545254,0.9072929
0.07201365,0.048965376,0.879021
0.04915435,0.02698702,0.92385864
0.039192136,0.047645524,0.91316235
0.033759356,0.038516756,0.9277238
0.038540676,0.03315931,0.9283
0.031325996,0.021362476,0.9473116
0.07770747,0.04676518,0.8755274
0.047989998,0.048272014,0.90373796
0.06944022,0.04703151,0.8835283
0.062403403,0.030383307,0.90721333
0.06758132,0.036103096,0.89631563
0.044324078,0.019026352,0.9366496
0.046797298,0.038607348,0.9145953
0.042963114,0.05003314,0.9070037
0.061108254,0.038277928,0.90061384
0.022583753,0.014313113,0.9631031
0.06590039,0.039350923,0.8947487
0.05125054,0.033186924,0.9155625
0.05739087,0.043109886,0.8994993
0.056584686,0.04959562,0.8938197
0.043420013,0.04617525,0.9104047
0.044658385,0.0424472,0.9128944
0.05869211,0.044476528,0.89683133
0.067230254,0.038494144,0.89427555
0.065148145,0.01956102,0.9152909
0.045774143,0.039305937,0.9149199
0.040418062,0.048610866,0.9109711
0.080448225,0.04701677,0.87253505
0.076924816,0.030598575,0.8924766
0.06627456,0.036528874,0.89719653
0.04033478,0.035352822,0.92431235
0.03695301,0.045630876,0.9174161
0.05239697,0.026971648,0.92063135
0.0677131,0.03772484,0.8945621
0.07786761,0.05713631,0.8649961
0.058102705,0.026783826,0.91511357
0.053081807,0.01698254,0.92993575
0.048910197,0.048719514,0.9023703
0.06698721,0.033225905,0.8997869
0.077068634,0.027912412,0.89501894
0.04250099,0.028146358,0.9293527
0.043983486,0.04631992,0.9096966
0.054745022,0.04076258,0.9044924
0.035419963,0.050194647,0.9143854
0.032053094,0.024792911,0.94315404
0.07405183,0.054976933,0.87097126
0.05453571,0.060130183,0.88533413
0.06081377,0.053354423,0.88583183
0.07909759,0.06719484,0.85370755
0.086023726,0.043893736,0.8700825
0.03805968,0.020733146,0.94120723
0.04742317,0.03744161,0.9151352
0.024413219,0.0173963,0.9581905
0.053639647,0.05143384,0.8949265
0.041966338,0.032271113,0.9257626
0.071799845,0.05007545,0.8781247
0.057541642,0.044988867,0.8974695
0.06899602,0.049261108,0.8817429
0.061331034,0.052254695,0.8864143
0.065033965,0.0562822,0.8786839
0.039095666,0.03654809,0.9243563
0.0664924,0.028072292,0.90543526
0.059133664,0.06251862,0.8783477
0.03877088,0.03284021,0.9283889
0.045330774,0.02349434,0.9311749
0.07399638,0.046714526,0.8792891
0.046362743,0.032366414,0.9212708
0.046878226,0.02523956,0.9278822
0.02624506,0.03125822,0.9424967
0.05156473,0.039768387,0.90866685
0.04808517,0.049033567,0.9028812
0.06497214,0.05503354,0.8799944
0.07085285,0.046375774,0.8827714
0.067330785,0.048354674,0.8843146
0.05829557,0.05700079,0.8847036
0.04047463,0.06404972,0.8954756
0.054518588,0.050866563,0.8946148
0.060810328,0.050808933,0.88838065
0.05068117,0.057093766,0.892225
0.035059206,0.026567657,0.9383731
0.060121052,0.024794405,0.9150845
0.074689634,0.020720318,0.90459013
0.06039562,0.039880104,0.89972436
0.05175037,0.037201658,0.91104794
0.031041343,0.027501104,0.94145757
0.043982036,0.043682404,0.9123356
0.039892644,0.050379805,0.90972745
0.031391952,0.02022862,0.94837946
0.06297445,0.059159014,0.8778666
0.06809784,0.039258353,0.89264387
0.043797553,0.02342026,0.9327822
0.05541325,0.04500668,0.8995801
0.047607735,0.06456566,0.88782656
0.026582005,0.03178344,0.94163454
0.06334502,0.015752433,0.92090255
0.06160342,0.02782112,0.91057545
0.072212905,0.03768372,0.89010334
0.057233397,0.04134462,0.901422
0.05286164,0.030954603,0.91618377
0.04494775,0.06277049,0.89228183
0.05437225,0.040248502,0.9053793
0.02713191,0.029422661,0.9434455
0.04039785,0.035650976,0.92395127
0.05270445,0.071827695,0.8754679
0.05638506,0.045085985,0.898529
0.032447398,0.03491311,0.9326395
0.05617512,0.040738963,0.90308595
0.058902256,0.055441733,0.88565606
0.037731085,0.03915757,0.92311144
0.0643186,0.083887264,0.8517941
0.040596012,0.035443064,0.9239609
0.046844363,0.04387747,0.9092781
0.053804856,0.030807143,0.91538805
0.08864043,0.043666456,0.8676931
0.04631453,0.063428216,0.89025724
0.043720707,0.042251594,0.9140277
0.053219493,0.047519658,0.89926094
0.05149877,0.04629864,0.90220267
0.06722281,0.050742444,0.8820347
0.043385692,0.035306785,0.9213075
0.05044612,0.04129372,0.90826017
0.062690996,0.05696943,0.88033956
0.06400262,0.03943087,0.8965665
0.04314195,0.04072649,0.91613156
0.054813486,0.046610553,0.898576
0.053882938,0.04537398,0.9007431
0.05745843,0.044617765,0.8979238
0.0472465,0.04013676,0.9126167
0.04747794,0.05317277,0.8993492
0.036226694,0.01568778,0.9480855
0.114817575,0.054821737,0.8303607
0.030390767,0.03701801,0.93259126
0.10498148,0.05051845,0.8445001
0.057732098,0.03742053,0.90484744
0.04447173,0.04378226,0.911746
0.10978616,0.037572365,0.85264146
0.04718515,0.044936527,0.90787834
0.03512169,0.026667038,0.93821126
0.05718287,0.04043011,0.902387
0.042060576,0.029191468,0.928748
0.046196155,0.051838387,0.90196544
0.0962204,0.03945023,0.8643293
0.03776702,0.032812558,0.9294205
0.041340288,0.04670764,0.91195214
0.047381926,0.028403778,0.9242143
0.094989456,0.06496724,0.84004325
0.06224904,0.05288169,0.88486934
0.068558745,0.040619712,0.8908215
0.052248817,0.0421886,0.9055625
0.045213193,0.058111615,0.89667517
0.04315284,0.05557191,0.9012753
0.054676797,0.046358295,0.89896494
0.074443474,0.049978983,0.8755776
0.037239537,0.030069273,0.9326911
0.029587619,0.016102225,0.9543102
0.0629718,0.038381282,0.8986469
0.047693633,0.04000549,0.9123008
0.051773377,0.011507165,0.93671954
0.030121326,0.078358,0.8915207
0.05637106,0.049698725,0.8939302
0.036329824,0.04752205,0.9161482
0.044856507,0.04888185,0.9062617
0.07374573,0.042639095,0.88361514
0.042141475,0.030952035,0.9269065
0.058021028,0.05236647,0.8896125
0.068475164,0.04352546,0.8879994
0.046275795,0.045781348,0.9079429
0.062913135,0.048002217,0.88908464
0.04809354,0.04089625,0.91101015
0.038022414,0.04167797,0.9202996
0.04013499,0.03291756,0.92694753
0.05886212,0.03376868,0.9073692
0.06912622,0.035306223,0.89556754
0.038825534,0.041410368,0.9197641
0.04710191,0.03593838,0.9169597
0.04560373,0.042882595,0.91151375
0.049078465,0.046330623,0.9045909
0.069762066,0.05338406,0.8768538
0.053291183,0.033840872,0.9128679
0.057950787,0.04785559,0.8941936
0.0652846,0.034368988,0.90034646
0.049090765,0.04166279,0.9092465
0.045699343,0.025584985,0.9287156
0.08483918,0.043120548,0.8720403
0.056194853,0.044802442,0.89900273
0.060987223,0.046306103,0.89270675
0.05385251,0.04327171,0.9028758
0.037981924,0.034582935,0.9274351
0.06138407,0.057048865,0.88156706
0.07299743,0.0385798,0.8884227
0.04317988,0.029074656,0.9277455
0.044237383,0.029125132,0.9266375
0.059958555,0.052913237,0.8871282
0.06450029,0.033724755,0.90177494
0.05713643,0.023425855,0.91943765
0.066008665,0.041266844,0.8927246
0.077046365,0.031681586,0.89127195
0.050727535,0.041281484,0.907991
0.06758563,0.03516584,0.8972485
0.058616027,0.03780841,0.9035756
0.03625638,0.03867017,0.9250735
0.07842294,0.033663478,0.8879136
0.06584565,0.04883686,0.8853175
0.06637273,0.039478455,0.89414877
0.042832114,0.03329259,0.92387533
0.05605093,0.034904927,0.9090441
0.07643115,0.03638668,0.88718224
0.067991786,0.031128911,0.9008793
0.0649689,0.0328925,0.90213853
0.062171407,0.042771492,0.895057
0.08605513,0.042268857,0.871676
0.051332023,0.03611659,0.9125514
0.064952746,0.044510733,0.8905365
0.045368984,0.039804075,0.9148269
0.07262246,0.03484464,0.8925329
0.05262797,0.037906505,0.9094655
0.061287843,0.04510264,0.8936096
0.07684529,0.03940235,0.8837524
0.05494289,0.045238946,0.8998182
0.0628019,0.039223738,0.89797443
0.07178684,0.04810137,0.88011175
0.035991162,0.038499925,0.92550886
0.054302387,0.04764172,0.8980559
0.05515728,0.04063074,0.904212
0.055556007,0.027448557,0.9169955
0.048565406,0.029687436,0.9217471
0.07021348,0.03685566,0.89293087
0.06527057,0.033696987,0.9010324
0.05689711,0.0390666,0.9040363
0.056396745,0.0531872,0.8904161
0.061066,0.037183367,0.9017507
0.052348353,0.041249514,0.90640205
0.09379436,0.050401,0.8558047
0.06681628,0.037443954,0.89573973
0.071579166,0.040944207,0.88747656
0.042243302,0.038538158,0.91921854
0.0490883,0.049666934,0.90124476
0.07253274,0.04297423,0.88449305
0.056912255,0.038810782,0.9042769
0.073913485,0.03525689,0.89082956
0.06512671,0.04586713,0.8890062
0.09714114,0.042107563,0.8607513
0.06290197,0.049905553,0.8871925
0.062172815,0.048847686,0.8889795
0.047649454,0.03732751,0.9150231
0.07067058,0.04062235,0.88870704
0.062904865,0.033245794,0.9038493
0.051804893,0.043284606,0.90491056
0.06361242,0.041799597,0.894588
0.06848574,0.046840236,0.884674
0.05356829,0.03862149,0.9078103
0.035474546,0.029756103,0.93476933
0.06174062,0.069146216,0.86911315
0.07843969,0.03778308,0.88377726
0.037440777,0.046550322,0.9160089
0.05202463,0.033886146,0.91408914
0.044089187,0.048469808,0.907441
0.056027777,0.039729644,0.9042425
0.04255253,0.032403883,0.9250436
0.06103707,0.026123852,0.9128391
0.046640493,0.037367053,0.9159925
0.033367887,0.03704325,0.92958885
0.052693386,0.03493039,0.9123762
0.079017736,0.071876235,0.849106
0.04896765,0.040516395,0.91051596
0.042649165,0.03111151,0.92623925
0.03149923,0.027048167,0.94145256
0.07197172,0.025165955,0.90286237
0.061828177,0.050660193,0.88751173
0.06705584,0.07222199,0.8607222
0.04682492,0.03893312,0.91424197
0.047866277,0.037424196,0.9147095
0.04064409,0.059252422,0.9001035
0.05066056,0.044316567,0.90502286
0.042248204,0.024860704,0.9328911
0.06615616,0.026807927,0.9070359
0.04674669,0.038754366,0.9144989
0.06412717,0.063071355,0.8728014
0.08792778,0.056383688,0.8556885
0.07848648,0.08058347,0.84093
0.0582517,0.05684676,0.8849015
0.025153192,0.026360316,0.9484865
0.047154143,0.02857252,0.9242734
0.03568576,0.03220793,0.9321064
0.068895094,0.044612527,0.8864924
0.06480322,0.044538558,0.8906582
0.04527213,0.03738559,0.9173423
0.05784519,0.039950974,0.9022039
0.04474068,0.046025857,0.9092334
0.08189361,0.049622502,0.8684839
0.05662585,0.049777314,0.8935968
0.061757553,0.03072185,0.90752065
0.037634633,0.024370039,0.9379954
0.042278152,0.022344386,0.9353774
0.0794849,0.04271172,0.8778033
0.050464224,0.03561019,0.9139255
0.034737956,0.029109804,0.9361523
0.053119536,0.023525657,0.9233548
0.060321935,0.06272489,0.8769532
0.05317379,0.041290645,0.9055356
0.056036342,0.03692941,0.9070342
0.059145357,0.04936956,0.8914851
0.04328447,0.042034768,0.9146808
0.044230707,0.04274446,0.9130248
0.034687884,0.035062514,0.93024963
0.035482604,0.034089975,0.93042743
0.10101227,0.028077502,0.8709102
0.050106496,0.033541497,0.91635203
0.03408487,0.027414724,0.93850046
0.04989454,0.034058362,0.9160471
0.07130201,0.048104215,0.8805937
0.02854401,0.027130699,0.9443252
0.036249023,0.022463616,0.94128734
0.052540228,0.055331197,0.89212865
0.073906854,0.05979317,0.8663
0.055992328,0.042100452,0.9019072
0.04426654,0.049965,0.90576845
0.04965485,0.016167866,0.93417734
0.041387767,0.026695866,0.93191636
0.05164595,0.023923961,0.92443
0.034805555,0.047157258,0.9180372
0.064947486,0.038480107,0.89657235
0.042414494,0.035542615,0.9220429
0.060506523,0.04861836,0.89087516
0.086965255,0.038141005,0.8748937
0.049702886,0.039549273,0.9107479
0.071595475,0.07222751,0.8561771
0.056466598,0.04546089,0.89807254
0.05559221,0.051565234,0.89284253
0.043473754,0.10147511,0.8550511
0.076633155,0.029922185,0.8934447
0.05729938,0.035822038,0.9068786
0.038978904,0.031289857,0.92973125
0.04663843,0.039196864,0.9141648
0.05262063,0.04158572,0.9057936
0.029870473,0.05171245,0.9184171
0.057087924,0.031404037,0.9115081
0.07744801,0.055892766,0.8666592
0.050680544,0.13017784,0.8191416
0.03893081,0.043303408,0.9177658
0.04386671,0.020965423,0.93516785
0.06407268,0.0522946,0.8836328
0.055459715,0.047715977,0.89682436
0.045004793,0.04306987,0.91192526
0.07283032,0.039481327,0.88768834
0.05568884,0.039373778,0.9049373
0.11001137,0.04058966,0.849399
0.07119407,0.06444422,0.8643618
0.0348104,0.021572096,0.9436175
0.05344173,0.061872523,0.88468575
0.067685574,0.06266009,0.8696543
0.028539551,0.018017255,0.9534432
0.08000376,0.053974893,0.8660214
0.06254978,0.021871435,0.9155788
0.049994577,0.03212169,0.9178837
0.052870538,0.051143896,0.8959856
0.053942285,0.045202702,0.900855
0.048659857,0.025994923,0.92534524
0.059962302,0.048511557,0.8915262
0.033765823,0.016328083,0.94990605
0.05664617,0.060713153,0.88264066
0.03767704,0.036021966,0.926301
0.062966354,0.026094932,0.9109386
0.06263156,0.04095462,0.8964138
0.03801226,0.023787465,0.93820024
0.048027594,0.035971005,0.9160014
0.047465645,0.046366107,0.9061683
0.12095319,0.050865892,0.82818097
0.031792663,0.0409024,0.9273049
0.045098227,0.048194703,0.90670705
0.051571086,0.047602393,0.9008266
0.06800105,0.032754958,0.89924395
0.029140376,0.034638867,0.9362207
0.024669329,0.016497634,0.95883304
0.05783819,0.055785637,0.88637614
0.07192879,0.02574738,0.90232384
0.05686932,0.042179227,0.9009514
0.060927525,0.0725655,0.866507
0.04711848,0.03380586,0.9190756
0.055387214,0.038403086,0.90620965
0.04941071,0.047843758,0.9027455
0.07267869,0.05265613,0.8746652
0.06542631,0.04191367,0.89265996
0.11015005,0.041039657,0.8488103
0.043975774,0.052683536,0.9033407
0.06837961,0.043126483,0.88849396
0.05556403,0.14078355,0.80365247
0.043591727,0.03703197,0.9193764
0.045766257,0.037683077,0.91655064
0.0764486,0.28851396,0.6350374
0.066275395,0.041758567,0.89196604
0.03420738,0.048428945,0.91736364
0.073072985,0.05051741,0.8764097
0.052571762,0.055635404,0.89179283
0.04744729,0.036951985,0.91560066
0.023713117,0.034603614,0.9416833
0.0631052,0.08343768,0.85345715
0.05888298,0.046625778,0.89449126
0.056818504,0.035975233,0.9072063
0.056808744,0.032590676,0.91060054
0.048031513,0.041244324,0.9107242
0.028836127,0.02367367,0.94749016
0.060150523,0.03498285,0.90486664
0.04530063,0.026865961,0.92783344
0.044159725,0.020839216,0.93500096
0.040616427,0.042151995,0.9172316
0.06483648,0.024251293,0.9109122
0.041267406,0.034954853,0.9237777
0.05041945,0.046222325,0.9033582
0.07284922,0.04914805,0.8780027
0.038819764,0.03614868,0.92503154
0.037979323,0.050808184,0.9112125
0.046954393,0.020018118,0.93302745
0.07399844,0.035888296,0.89011323
0.06443938,0.036395162,0.8991655
0.057156835,0.044383567,0.89845955
0.98996234,0.009046287,0.0009914536
0.98953897,0.008249312,0.002211616
0.9950831,0.004662468,0.00025444815
0.17382921,0.20906468,0.61710614
0.054279897,0.89856094,0.047159187
0.980205,0.018289303,0.0015056824
0.07969957,0.021450847,0.89884955
0.99454004,0.0039936365,0.0014663101
0.99210125,0.007242042,0.00065672665
0.9844268,0.0057797716,0.009793392
0.9934823,0.0050529195,0.0014647507
0.010974792,0.9879192,0.0011059217
0.96847445,0.02921685,0.0023086423
0.9859613,0.008187442,0.0058513004
0.980034,0.009078843,0.010887195
0.99271226,0.007134156,0.00015366249
0.9961028,0.0036777013,0.00021957279
0.08091165,0.07432124,0.8447671
0.9951611,0.003724803,0.0011140285
0.98665965,0.012702338,0.00063799496
0.98035574,0.017625747,0.0020185283
0.9913858,0.00808904,0.00052525837
0.99531186,0.004139745,0.0005483453
0.9894065,0.0077484744,0.0028449425
0.9950193,0.0037903169,0.0011903491
0.99286133,0.007031469,0.000107289816
0.992427,0.0040007485,0.0035722665
0.97710097,0.010801739,0.012097375
0.9918567,0.007426446,0.0007168826
0.9925015,0.0059828702,0.0015156638
0.9940661,0.0050361785,0.0008976618
0.94664645,0.018601423,0.034752034
0.9907155,0.0069820965,0.002302451
0.47003004,0.29142112,0.2385488
0.9736028,0.02008843,0.0063087707
0.99378914,0.003998423,0.002212456
0.99138325,0.0077336854,0.0008830828
0.9952306,0.0039653094,0.00080402964
0.9903071,0.008996568,0.0006964561
0.98823357,0.010475552,0.0012908413
0.9465722,0.022217808,0.031209981
0.8848851,0.027328191,0.08778678
0.9763812,0.0073679113,0.016250927
0.2937526,0.012072926,0.6941744
0.9208716,0.030347768,0.048780587
0.9921576,0.0067639067,0.0010785992
0.9942854,0.0046587302,0.0010558731
0.98738664,0.010497282,0.0021160557
0.22725995,0.7619435,0.010796474
0.990917,0.008523026,0.0005599629
0.93365395,0.007813889,0.058532063
0.9933708,0.006399258,0.00022992783
0.9895579,0.0072801313,0.0031618727
0.9950714,0.0040507754,0.0008777543
0.98484325,0.01374944,0.0014073397
0.9854233,0.013623842,0.0009528146
0.9652551,0.03157831,0.0031666234
0.24209395,0.15017283,0.60773325
0.99539006,0.0041481643,0.0004617893
0.99539006,0.0041481643,0.0004617893
0.9942515,0.003787392,0.0019610391
0.98640335,0.010114674,0.00348191
0.99296415,0.005756352,0.0012794083
0.9868563,0.0103390785,0.00280455
0.98605144,0.012436823,0.0015117074
0.97456723,0.017867262,0.0075654746
0.45369482,0.46151504,0.084790096
0.8445147,0.07485893,0.08062625
0.9918024,0.00792817,0.0002694389
0.36302552,0.34270018,0.29427427
0.3946901,0.0876383,0.51767164
0.9926957,0.0068741487,0.00043010904
0.9826439,0.013414035,0.0039420156
0.9965103,0.00262941,0.0008603397
0.9885301,0.004835123,0.0066346964
0.9815207,0.01633647,0.0021428782
0.9958138,0.0037933434,0.00039284886
0.9918794,0.0074484055,0.00067215017
0.9433355,0.035660062,0.021004455
0.99033165,0.0083206715,0.0013477417
0.9610461,0.030265685,0.008688217
0.9882764,0.010435163,0.0012883784
0.9887106,0.009285303,0.0020041696
0.9684892,0.027770644,0.0037400415
0.64114976,0.13057588,0.22827438
0.15735911,0.11785652,0.7247844
0.48756278,0.50704694,0.0053902795
0.8258154,0.038879342,0.13530526
0.9852099,0.0093614925,0.0054286085
0.9822327,0.017590646,0.00017671472
0.9878021,0.011692633,0.00050528
0.99324363,0.006537393,0.00021894254
0.9928877,0.0056225727,0.0014898336
0.9953805,0.004432938,0.00018657795
0.99266595,0.0065335906,0.00080039277
0.9889788,0.00977165,0.0012496266
0.99165463,0.003920314,0.0044249785
0.3096968,0.2159922,0.47431102
0.9732059,0.014142019,0.012652089
0.9920047,0.007283892,0.0007114099
0.9600137,0.023660868,0.016325507
0.9773696,0.012830909,0.009799446
0.9704358,0.028347593,0.0012166541
0.9828468,0.013144457,0.004008833
0.98857635,0.009729593,0.0016940553
0.9887263,0.0102479905,0.0010256472
0.9754754,0.024041941,0.00048267908
0.99791855,0.0014260244,0.00065543683
0.99472636,0.0047993637,0.00047427413
0.99378926,0.005225123,0.0009856139
0.99638236,0.0029101179,0.0007076052
0.011699779,0.98744106,0.000859196
0.6468962,0.34247532,0.010628544
0.009171912,0.97473085,0.016097208
0.009748156,0.9846758,0.0055760704
0.016983723,0.9774917,0.005524587
0.958976,0.02918569,0.011838238
0.02941926,0.9012373,0.069343425
0.006075151,0.9883172,0.005607633
0.011276376,0.97522753,0.013496054
0.011935714,0.9869054,0.0011589378
0.03442553,0.114654526,0.85091984
0.027359974,0.91403615,0.05860382
0.0071727233,0.98934513,0.0034820777
0.015764896,0.97629255,0.007942585
0.018095903,0.9604147,0.021489417
0.032292068,0.17766501,0.79004294
0.012487464,0.9862066,0.0013059265
0.034100678,0.26060572,0.7052936
0.004145035,0.9946392,0.001215735
0.015426023,0.98083043,0.003743572
0.0064782044,0.9832902,0.010231535
0.005495468,0.9934557,0.0010488286
0.011381642,0.9862558,0.0023625372
0.01533067,0.9824128,0.002256556
0.020228406,0.9765647,0.0032068559
0.011923633,0.9537087,0.034367662
0.0121354,0.98400855,0.0038560466
0.01112871,0.9862434,0.0026278575
0.016547536,0.98166007,0.0017924457
0.015801964,0.9824181,0.0017798702
0.008773717,0.9829032,0.00832303
0.013553523,0.9851356,0.0013108935
0.022121388,0.9733314,0.004547209
0.032063313,0.099633805,0.8683029
0.0075592524,0.99006677,0.0023739834
0.9750115,0.0238668,0.0011217289
0.0673768,0.54451764,0.38810554
0.008896729,0.9869981,0.004105166
0.052385468,0.33860704,0.6090075
0.008671405,0.9886684,0.0026601702
0.0060902345,0.99270815,0.001201583
0.050041404,0.9236914,0.02626716
0.016191652,0.9794927,0.004315573
0.019791368,0.9714605,0.008748127
0.0252828,0.9702805,0.004436607
0.07618222,0.90173393,0.022083856
0.027866319,0.96992964,0.0022040782
0.019542603,0.97912496,0.0013324906
0.012446846,0.98395914,0.00359405
0.016868697,0.9803991,0.0027323097
0.0053133727,0.99102765,0.0036589636
0.93638563,0.04538456,0.01822989
0.01730741,0.96077126,0.021921393
0.058670443,0.89781445,0.043515097
0.006838547,0.9904518,0.002709581
0.01574652,0.9818434,0.0024100952
0.02227175,0.9364429,0.041285306
0.010589358,0.9834821,0.0059285006
0.0046670195,0.99411076,0.0012222297
0.02494373,0.9498185,0.02523776
0.0061057024,0.9932874,0.0006069126
0.0047128554,0.9941186,0.001168549
0.007353438,0.9754152,0.01723135
0.019683126,0.94008714,0.040229693
0.9466442,0.04253743,0.010818349
0.044384375,0.94897974,0.006635917
0.97436666,0.021484561,0.0041487343
0.009572538,0.9879352,0.0024922732
0.47032297,0.19973159,0.32994547
0.0087059885,0.9877765,0.0035175376
0.0669628,0.8297275,0.10330966
0.047496416,0.8660777,0.08642588
0.9639421,0.034264755,0.0017930568
0.040724363,0.9355213,0.023754314
0.045275122,0.12672946,0.8279954
0.4185173,0.18562527,0.39585742
0.011358823,0.9474962,0.041145068
0.015310722,0.96970403,0.014985289
0.060549825,0.035664998,0.9037851
0.020515377,0.82995373,0.14953086
0.038795378,0.041257154,0.91994756
0.056817707,0.12679636,0.81638587
0.07696008,0.116778515,0.8062614
0.06902923,0.080940135,0.85003054
0.057555806,0.031507198,0.9109371
0.9695556,0.0138434805,0.016600868
0.048232995,0.04256547,0.90920156
0.014780205,0.97529685,0.00992296
0.123435415,0.1019326,0.774632
0.03236206,0.020955821,0.9466821
0.4270073,0.011770714,0.56122196
0.44387856,0.028262129,0.52785933
0.04008207,0.04497755,0.9149403
0.047079485,0.05236732,0.9005532
0.16112748,0.09109321,0.7477793
0.06596438,0.009988352,0.92404735
0.07367648,0.028321723,0.89800173
0.075266436,0.08412993,0.84060365
0.0766744,0.03722243,0.8861032
0.06598009,0.03643767,0.8975822
0.0553524,0.045177314,0.89947027
0.037832078,0.018330164,0.94383776
0.07203546,0.037008327,0.89095616
0.06986,0.078239486,0.8519005
0.035266973,0.8759852,0.088747784
0.8925049,0.04307859,0.06441651
0.046832383,0.47623473,0.47693285
0.05570942,0.06687107,0.87741953
0.069047086,0.07109988,0.85985297
0.06477384,0.029626677,0.9055995
0.0767479,0.038893946,0.8843581
0.11122792,0.019432608,0.86933947
0.053985503,0.022155605,0.9238589
0.025595425,0.028833969,0.94557065
0.038021628,0.09237445,0.869604
0.07241112,0.057844047,0.8697447
0.081981204,0.03318816,0.88483065
0.046323128,0.0632544,0.8904225
0.058425542,0.04881637,0.89275813
0.077968426,0.03147134,0.8905603
0.0566765,0.04630321,0.8970203
0.05914848,0.03792896,0.90292263
0.050483137,0.039702136,0.9098147
0.060549825,0.035664998,0.9037851
0.0566765,0.04630321,0.8970203
0.06364288,0.038714614,0.8976425
0.056160685,0.033015165,0.9108241
0.05914848,0.03792896,0.90292263
0.056160685,0.033015165,0.9108241
0.0600814,0.042687386,0.8972313
0.05114627,0.04491657,0.9039372
0.06965788,0.10683977,0.8235024
0.09145399,0.023740994,0.884805
0.07125515,0.017241543,0.9115033
0.12261361,0.017087288,0.8602991
0.09145399,0.023740994,0.884805
0.03529663,0.03280383,0.9318995
0.067623235,0.033312872,0.8990638
0.031503167,0.01954167,0.9489552
0.056925107,0.036825463,0.9062494
0.03188987,0.061289508,0.90682054
0.050896462,0.35658434,0.59251916
0.075102635,0.31526887,0.6096285
0.016622763,0.9755863,0.007790932
0.025638517,0.020701963,0.9536596
0.10055459,0.036704093,0.8627413
0.03554249,0.021473566,0.942984
0.052692235,0.01695697,0.93035084
0.03075343,0.048287533,0.92095906
0.056589272,0.04250776,0.9009029
0.053874943,0.031333044,0.914792
0.084676795,0.052989382,0.8623338
0.066777445,0.028776769,0.90444577
0.0333942,0.07279731,0.8938085
0.055700317,0.01680613,0.9274936
0.11988804,0.052785993,0.82732606
0.05837525,0.11263119,0.82899356
0.039389122,0.020177022,0.94043386
0.0419785,0.034699596,0.92332196
0.073553056,0.028635513,0.8978115
0.033418387,0.04102511,0.9255566
0.14186653,0.07608414,0.78204936
0.0766744,0.03722243,0.8861032
0.032536693,0.024922399,0.94254094
0.05667884,0.053244844,0.89007634
0.0766744,0.03722243,0.8861032
0.06598009,0.03643767,0.8975822
0.06598009,0.03643767,0.8975822
0.0766744,0.03722243,0.8861032
0.079337865,0.041482765,0.87917936
0.032536693,0.024922399,0.94254094
0.058450215,0.028127003,0.91342276
0.032536693,0.024922399,0.94254094
0.030769449,0.020397035,0.94883347
0.050896455,0.06309471,0.8860088
0.12202761,0.06318357,0.8147888
0.925908,0.016412774,0.05767916
0.08954472,0.2118898,0.69856554
0.062195696,0.04501715,0.8927872
0.24329367,0.08985305,0.66685325
0.033156563,0.030426176,0.9364172
0.20662697,0.14752549,0.6458475
0.2766579,0.13017446,0.5931676
0.04006125,0.03830145,0.9216373
0.14005457,0.08807291,0.77187246
0.27245283,0.16851029,0.5590369
0.05329154,0.88608485,0.06062358
0.030328171,0.024345584,0.94532627
0.06402457,0.0764032,0.8595722
0.03596518,0.11989938,0.84413546
0.055205755,0.02911981,0.91567445
0.07570697,0.04551679,0.8787763
0.060534332,0.33418903,0.60527664
0.07367527,0.025263349,0.9010614
0.115314595,0.018778687,0.8659068
0.095913604,0.12533948,0.7787469
0.027165284,0.056396585,0.9164381
0.10286059,0.06686734,0.83027214
0.07535873,0.07183761,0.85280365
0.057153594,0.036506854,0.9063396
0.05184647,0.054814287,0.89333934
0.07736269,0.10420458,0.8184328
0.099872865,0.012574016,0.8875531
0.18863814,0.091397785,0.7199641
0.034407835,0.058931172,0.906661
0.06131318,0.055554364,0.8831325
0.052192353,0.053325806,0.89448184
0.079347536,0.061315026,0.85933745
0.9891727,0.009669139,0.0011582022
0.9843752,0.013986616,0.0016381532
0.7650407,0.2275301,0.007429121
0.991148,0.0071928147,0.0016591174
0.98579377,0.009043451,0.0051628775
0.42324528,0.056598864,0.5201559
0.9893028,0.008393597,0.002303663
0.9865021,0.009264562,0.0042333496
0.98294663,0.0063135824,0.010739765
0.75169724,0.050817553,0.19748521
0.9695462,0.017775208,0.012678582
0.99471277,0.0047433847,0.00054375053
0.977771,0.020352527,0.0018765145
0.99396133,0.0025370326,0.0035017426
0.98540676,0.009381669,0.0052114963
0.9936791,0.005255246,0.0010655847
0.99159414,0.007585716,0.0008200891
0.9951008,0.003526359,0.0013728742
0.9834261,0.009381115,0.0071927514
0.9939428,0.004182782,0.0018743131
0.9956684,0.0036977008,0.0006338387
0.990785,0.008052621,0.0011623579
0.99229187,0.006492972,0.0012152371
0.98556614,0.0139489435,0.00048482307
0.99407697,0.004249225,0.001673799
0.9932249,0.0057803993,0.0009947212
0.98989165,0.009063325,0.0010450658
0.98993343,0.009260543,0.00080602255
0.9869704,0.0118089635,0.0012205818
0.9919254,0.0074269604,0.0006476943
0.99223083,0.0060046483,0.0017646009
0.99421823,0.0045327633,0.0012489076
0.9871924,0.011448214,0.0013593062
0.99195874,0.0072127716,0.0008284415
0.9930288,0.005951077,0.0010200996
0.9907142,0.0072178063,0.0020679361
0.47822943,0.05632703,0.4654436
0.9109563,0.0688195,0.020224158
0.98392546,0.013980226,0.0020942728
0.9971871,0.0023957312,0.00041712951
0.98697215,0.011423326,0.0016044272
0.99048233,0.00861971,0.0008979263
0.98360217,0.013309621,0.0030880806
0.9959252,0.0031451439,0.0009297028
0.99298286,0.0062852986,0.00073185185
0.9929893,0.0061517437,0.00085897587
0.9863196,0.011282776,0.0023975545
0.99357295,0.0048979046,0.0015292005
0.9885365,0.007208978,0.004254526
0.9939395,0.005175127,0.0008853598
0.38038778,0.61397296,0.0056393305
0.9894735,0.009328838,0.0011976678
0.97405326,0.02272927,0.0032174059
0.98636115,0.011438574,0.002200212
0.9903341,0.008568069,0.0010978512
0.75004315,0.051554553,0.1984023
0.98380566,0.015609406,0.0005849049
0.9935876,0.004831468,0.0015808503
0.98459864,0.00472736,0.010674097
0.9704112,0.015746627,0.013842172
0.99017555,0.009335457,0.000488997
0.9952106,0.003865817,0.000923608
0.99071634,0.008488079,0.00079570647
0.9841785,0.01234068,0.0034808484
0.97280437,0.021262413,0.005933259
0.9911411,0.0072350334,0.0016238411
0.7691691,0.010137174,0.22069366
0.05651313,0.9373594,0.006127539
0.9903508,0.009511974,0.00013714639
0.12362404,0.08930431,0.78707165
0.08230803,0.14389192,0.7738
0.9919538,0.0071147955,0.00093143707
0.98473954,0.007734551,0.007525925
0.9956697,0.00354911,0.00078116026
0.9908388,0.008555708,0.0006054165
0.98672485,0.011577676,0.0016975005
0.9904873,0.0069397064,0.0025729986
0.19759811,0.79819536,0.0042064786
0.03796528,0.9601992,0.0018356066
0.03704634,0.95730567,0.005648049
0.99017006,0.0089253215,0.0009046835
0.9959413,0.0030011656,0.0010576316
0.9938154,0.004575391,0.0016092533
0.9879435,0.010431647,0.0016249374
0.97950304,0.01909727,0.0013997087
0.99176836,0.0061082835,0.0021233715
0.990827,0.007218628,0.001954285
0.99201727,0.0056727724,0.0023099836
0.9902091,0.008995677,0.0007952991
0.9906652,0.0079734,0.0013614263
0.99163646,0.005782437,0.0025810201
0.9914364,0.007599337,0.00096426223
0.99009234,0.005773433,0.004134153
0.9891283,0.01032248,0.0005492125
0.99013597,0.007693843,0.002170148
0.97931504,0.011018204,0.009666722
0.99382085,0.005349203,0.00082999666
0.9921753,0.0067376574,0.0010870781
0.99018806,0.0066848784,0.003127026
0.9873362,0.010693328,0.0019703552
0.99181026,0.00669583,0.0014940415
0.9922001,0.0068573104,0.00094265054
0.99025714,0.008659933,0.0010828595
0.99435633,0.004940212,0.0007034134
0.9911698,0.0054721255,0.0033581355
0.97819626,0.016962802,0.0048409775
0.9834546,0.011349315,0.005196095
0.010358015,0.98577154,0.0038705072
0.013927164,0.98306674,0.0030060832
0.20612654,0.662467,0.13140644
0.01706199,0.9791236,0.0038144875
0.017023042,0.96692276,0.016054258
0.010932255,0.9860141,0.0030536174
0.016937358,0.97959465,0.0034680213
0.012010733,0.98441803,0.0035712298
0.021526534,0.97531724,0.003156186
0.010987914,0.9852444,0.0037677705
0.0123971375,0.98578876,0.001814102
0.009086163,0.9865882,0.004325662
0.009968503,0.98360795,0.0064235916
0.013054783,0.9828373,0.0041078697
0.015732242,0.97903913,0.005228632
0.017396225,0.97995156,0.0026522113
0.055698745,0.7540257,0.19027555
0.015400541,0.9659137,0.018685766
0.0118064,0.98483074,0.0033628282
0.012206471,0.9868759,0.00091766356
0.012442642,0.98554987,0.002007541
0.013195119,0.9827884,0.0040164315
0.013764386,0.98302954,0.0032060936
0.0327311,0.9421731,0.025095806
0.00901167,0.9861741,0.004814188
0.016646042,0.9817345,0.0016194625
0.009851089,0.9863658,0.0037831261
0.017215127,0.9792668,0.0035180184
0.018556463,0.97814894,0.0032946586
0.009360674,0.98608625,0.0045531266
0.0072445236,0.9866431,0.0061124275
0.013045966,0.98217344,0.004780631
0.012628167,0.98281604,0.004555788
0.01566038,0.9802941,0.004045553
0.00848848,0.98883003,0.0026814728
0.013305142,0.9832712,0.0034237236
0.0148695875,0.9726089,0.012521449
0.014235248,0.9805787,0.0051859627
0.011041663,0.9833188,0.0056395293
0.014658419,0.97770715,0.0076344516
0.013927822,0.9850353,0.0010368965
0.03324839,0.04500352,0.9217481
0.024552168,0.972151,0.0032969168
0.012458285,0.9858257,0.0017159451
0.009817587,0.987823,0.002359369
0.023378335,0.9573912,0.019230494
0.013192684,0.98260707,0.004200196
0.0145671675,0.980198,0.0052348212
0.016662875,0.97889596,0.004441169
0.053565584,0.93338424,0.013050122
0.010625097,0.984876,0.004498949
0.024767026,0.9417094,0.03352353
0.0061576692,0.9900709,0.003771467
0.019889511,0.9791422,0.00096824666
0.013218128,0.97970665,0.0070751533
0.019358788,0.97371155,0.006929604
0.013172549,0.982066,0.0047614723
0.10146139,0.89771634,0.0008222167
0.00977244,0.9880933,0.0021341788
0.022002758,0.9747523,0.0032449672
0.013659964,0.97843426,0.007905779
0.015616956,0.9766218,0.007761212
0.025515359,0.95839226,0.016092334
0.016209962,0.97677726,0.007012787
0.009094884,0.98849994,0.0024052018
0.019181892,0.97905123,0.0017668551
0.018192511,0.97597003,0.005837434
0.018532094,0.9778187,0.0036491854
0.010114637,0.98832816,0.0015572006
0.012977204,0.98465943,0.0023633244
0.0143287005,0.98124975,0.004421519
0.013744925,0.9797243,0.006530797
0.011894307,0.9815626,0.0065430515
0.013727444,0.9813492,0.004923435
0.07353755,0.90003616,0.026426276
0.01063626,0.98591065,0.0034530878
0.028308643,0.9662674,0.0054239454
0.015510331,0.9813874,0.0031022616
0.018561717,0.97747076,0.003967485
0.015622164,0.97981375,0.0045641027
0.017128492,0.98006433,0.002807093
0.013720545,0.9770319,0.009247591
0.01855615,0.97241795,0.009025901
0.008651217,0.9902272,0.0011215721
0.016488213,0.9819692,0.0015426553
0.008496343,0.98204374,0.009459862
0.013674394,0.98138267,0.004942874
0.012371596,0.9866441,0.0009842782
0.017258005,0.9759705,0.0067715445
0.81651443,0.16389233,0.01959327
0.01351003,0.9800583,0.006431739
0.01644408,0.9812553,0.0023005968
0.011510315,0.9829018,0.0055878097
0.011215245,0.98425347,0.0045313686
0.012989398,0.9836616,0.00334901
0.01897537,0.97992665,0.0010980462
0.008328057,0.9892765,0.002395367
0.006380985,0.9876364,0.005982684
0.00803903,0.9910466,0.0009143703
0.036805138,0.9613444,0.0018504022
0.008899226,0.98823965,0.0028610784
0.015472199,0.98376644,0.000761341
0.0057487325,0.99358845,0.00066286966
0.017309658,0.97984797,0.00284233
0.012535039,0.9822599,0.00520501
0.0053638057,0.99167985,0.002956395
0.017755225,0.9741475,0.0080972435
0.12100434,0.34353307,0.5354626
0.019613536,0.97598433,0.0044020903
0.009654512,0.9886413,0.0017041225
0.010961303,0.9867049,0.0023337957
0.012669944,0.9870309,0.00029913476
0.031688053,0.965776,0.0025359017
0.018850245,0.977275,0.0038748023
0.012920849,0.9832598,0.003819395
0.020075314,0.9261478,0.053776816
0.018568326,0.9711573,0.01027445
0.0129327215,0.9860874,0.0009798874
0.013897331,0.95496744,0.031135153
0.448498,0.24053301,0.31096902
0.013046279,0.98604125,0.0009124214
0.01456382,0.9799728,0.0054634023
0.009096129,0.9838198,0.0070840726
0.010616907,0.98796856,0.001414566
0.016772244,0.9805217,0.0027060949
0.013631234,0.98307365,0.0032951178
0.012256962,0.9870947,0.0006483277
0.012575626,0.9806403,0.006784041
0.0362148,0.95801026,0.0057749543
0.22733788,0.74796444,0.02469772
0.014499401,0.9832901,0.0022105647
0.010661946,0.9873269,0.002011161
0.022487517,0.9750528,0.0024597747
0.0143984,0.9831383,0.0024632756
0.012956539,0.9859758,0.0010677001
0.008548494,0.9861436,0.005307881
0.0135440985,0.98252976,0.003926191
0.010895408,0.98653686,0.002567747
0.055866778,0.9407716,0.0033616202
0.012705671,0.9859552,0.0013391678
0.00726418,0.99125427,0.0014815838
0.011085249,0.98335165,0.0055631367
0.016353657,0.97300476,0.010641526
0.0073766094,0.9909903,0.0016331353
0.005962475,0.9871882,0.0068493756
0.01651536,0.9807084,0.0027762128
0.021451378,0.96717805,0.011370511
0.01404473,0.9826903,0.0032650097
0.011200197,0.98677987,0.0020198855
0.016593255,0.9805345,0.0028722337
0.19924301,0.7586658,0.04209116
0.009823596,0.98553604,0.0046403385
0.051616594,0.87601763,0.0723658
0.020753203,0.97012717,0.009119682
0.011390349,0.98412293,0.004486738
0.06840733,0.92697376,0.00461895
0.012008384,0.9803884,0.007603235
0.0496516,0.94282275,0.0075256103
0.016433157,0.9786902,0.0048766444
0.020268712,0.97946656,0.0002647916
0.011579792,0.97160465,0.016815623
0.013550276,0.97628117,0.010168528
0.12892064,0.8675657,0.003513659
0.015809134,0.97141325,0.012777647
0.010162845,0.97955453,0.010282643
0.0112535525,0.9828046,0.005941799
0.021576889,0.9747389,0.0036841678
0.022467932,0.97135365,0.006178487
0.013531556,0.98449993,0.001968536
0.010530924,0.9876533,0.0018157592
0.010530924,0.9876533,0.0018157592
0.005869365,0.99287605,0.001254551
0.010492407,0.98789227,0.0016153603
0.015736636,0.9831455,0.0011179092
0.015289468,0.9807298,0.0039807134
0.017863024,0.9810193,0.0011176725
0.023310477,0.97296506,0.0037244472
0.010663551,0.9884404,0.0008960751
0.05583211,0.6413089,0.30285895
0.08080457,0.11849206,0.80070335
0.016549654,0.97319454,0.010255864
0.04816199,0.948649,0.0031890606
0.009876755,0.9879704,0.0021527507
0.011125139,0.985927,0.0029478683
0.012345971,0.98556244,0.0020916204
0.014646604,0.98265994,0.0026935204
0.012658158,0.9861128,0.001229086
0.022204928,0.9627998,0.014995291
0.012510119,0.9831834,0.004306526
0.00858375,0.99021065,0.0012056035
0.017213862,0.9801515,0.0026346804
0.016653301,0.9792894,0.0040572244
0.025961116,0.96943855,0.004600344
0.08626169,0.9099073,0.0038310075
0.0106317485,0.9816504,0.007717822
0.040641144,0.9501658,0.009193097
0.009270041,0.98901516,0.0017147852
0.0089485375,0.9859825,0.0050689355
0.014015237,0.011086965,0.97489774
0.01674281,0.0025426408,0.9807145
0.017771157,0.0043465123,0.9778823
0.0687146,0.011894255,0.9193912
0.05208917,0.0118982885,0.93601257
0.7968281,0.052636765,0.15053508
0.011899382,0.0070777438,0.9810229
0.013050526,0.9786864,0.008263079
0.056015693,0.012149787,0.9318346
0.015207919,0.94640976,0.038382344
0.45368803,0.019381784,0.52693015
0.085143894,0.029367529,0.88548857
0.03576026,0.01640425,0.94783556
0.042578805,0.02454665,0.9328745
0.06728182,0.029856127,0.9028621
0.0070466716,0.0027920445,0.9901613
0.0105418265,0.0065583657,0.9828997
0.005827165,0.0007041594,0.99346864
0.03739672,0.006568761,0.9560345
0.013812642,0.031927727,0.95425963
0.15761346,0.09786441,0.7445221
0.056626253,0.054991342,0.88838243
0.16718464,0.44219682,0.3906186
0.9886507,0.0054475674,0.005901741
0.028501896,0.005262033,0.966236
0.0134804575,0.007650989,0.97886854
0.049941067,0.02053584,0.92952317
0.06620142,0.06261706,0.8711814
0.031470023,0.008461774,0.96006817
0.98978734,0.009044688,0.0011680115
0.113897555,0.66397125,0.2221312
0.006149666,0.0069957585,0.9868547
0.17569935,0.27027458,0.5540261
0.068262614,0.033431385,0.89830595
0.032027468,0.009796485,0.958176
0.023242125,0.02075288,0.9560051
0.02130089,0.92224896,0.056450162
0.018141905,0.007651818,0.9742062
0.012617772,0.010158486,0.97722375
0.024417363,0.051239233,0.92434335
0.0255029,0.012823663,0.96167344
0.022302892,0.004966738,0.9727304
0.8889793,0.026454479,0.08456622
0.009576655,0.0030281777,0.9873953
0.047337905,0.034700863,0.91796124
0.9814108,0.011950679,0.006638576
0.011016548,0.012679968,0.97630346
0.030294744,0.0058557237,0.96384954
0.018370936,0.018917108,0.962712
0.06379828,0.10642549,0.82977617
0.009624451,0.010570392,0.9798052
0.043025553,0.011546293,0.94542813
0.1390385,0.1997478,0.6612137
0.13754903,0.13137844,0.7310725
0.020035392,0.028643373,0.95132124
0.030587059,0.07727224,0.8921407
0.108365394,0.2729632,0.61867136
0.07406603,0.058191895,0.867742
0.0065079103,0.012422418,0.98106956
0.012840714,0.0061730873,0.9809863
0.023370555,0.015341759,0.96128774
0.006291304,0.0017165908,0.9919922
0.02415339,0.0204188,0.95542777
0.015933042,0.010759799,0.97330713
0.5720914,0.383241,0.04466767
0.014759906,0.077411935,0.90782815
0.015868051,0.0033686196,0.9807633
0.054812405,0.07936312,0.86582446
0.0061260154,0.010814674,0.9830594
0.90689284,0.034132127,0.05897503
0.14831708,0.032075822,0.81960714
0.093292065,0.03700046,0.8697075
0.39270186,0.115460634,0.49183747
0.024767702,0.0021790226,0.97305334
0.053788673,0.022117985,0.92409325
0.07642995,0.062015865,0.86155415
0.043467723,0.019862143,0.9366701
0.9913169,0.006225924,0.002457229
0.98913085,0.008726443,0.0021426878
0.99528885,0.0036603701,0.0010507639
0.98794854,0.010170168,0.001881292
0.7169489,0.049886577,0.23316447
0.98473585,0.013041736,0.0022224796
0.9893133,0.009642224,0.0010444552
0.7244458,0.25260273,0.022951435
0.9968003,0.0030451033,0.00015459694
0.9851628,0.011627276,0.0032099148
0.98627406,0.010464994,0.0032609552
0.98764765,0.010408175,0.001944213
0.9789508,0.019846823,0.0012024161
0.99011946,0.007298504,0.00258211
0.6250022,0.07752473,0.297473
0.9760608,0.018140977,0.005798205
0.9888121,0.008774896,0.0024130205
0.9891349,0.009003488,0.0018616072
0.9953536,0.0036038556,0.0010426546
0.98417145,0.015120008,0.00070855475
0.8941301,0.069099575,0.036770254
0.98446566,0.014042648,0.0014916927
0.96691406,0.021740738,0.011345227
0.7808596,0.065098286,0.15404215
0.9903576,0.0094104055,0.00023193248
0.8989835,0.031491008,0.069525555
0.9911177,0.0067436337,0.0021386214
0.992132,0.006110523,0.0017575462
0.99543554,0.0034864482,0.001077944
0.98858553,0.009016079,0.0023983736
0.0030322294,0.99452657,0.002441228
0.18325427,0.77152926,0.04521643
0.016439246,0.97809714,0.005463606
0.012446764,0.97154003,0.016013207
0.013422077,0.9861178,0.0004601761
0.020657388,0.95579714,0.023545444
0.014972681,0.97839624,0.006631123
0.014581294,0.9556165,0.029802231
0.012623411,0.98436654,0.0030100576
0.018111605,0.980207,0.0016813546
0.07483289,0.8962036,0.028963564
0.011171333,0.9880889,0.0007397131
0.013120511,0.9839347,0.0029447856
0.42784077,0.08557353,0.48658577
0.015044497,0.9792564,0.005699105
0.017450374,0.9820424,0.0005072634
0.011316764,0.9873604,0.0013228661
0.013517193,0.98537755,0.001105233
0.01370399,0.98158765,0.004708303
0.26771918,0.68197787,0.05030294
0.046036612,0.9174742,0.036489155
0.012210943,0.9805118,0.007277259
0.015446512,0.9821332,0.0024202422
0.014165167,0.984365,0.0014698507
0.03012021,0.9329035,0.0369762
0.24501362,0.36744994,0.38753644
0.058459647,0.04037536,0.901165
0.03485662,0.0670568,0.89808667
0.047920216,0.010034817,0.942045
0.12940378,0.03211692,0.8384794
0.025861738,0.025237992,0.9489002
0.09697618,0.68341494,0.2196089
0.015511461,0.98241776,0.0020707427
0.22301938,0.026923535,0.75005704
0.07929017,0.048044972,0.87266487
0.027465727,0.8695859,0.10294841
0.9514495,0.013961549,0.03458892
0.99142015,0.008216708,0.00036313848
0.9906103,0.006713904,0.0026758276
0.17874509,0.027184851,0.79407
0.976267,0.0070986734,0.01663436
0.9939721,0.0040939967,0.001933867
0.99341387,0.004254692,0.0023313786
0.9804304,0.016286483,0.0032830501
0.98261064,0.008771106,0.008618274
0.0956649,0.014247118,0.89008796
0.97799486,0.016761728,0.005243498
0.9892151,0.004810206,0.005974717
0.9840709,0.0043825707,0.011546535
0.98514634,0.013659974,0.0011935952
0.99240714,0.004901722,0.002691173
0.9943123,0.0036000854,0.0020876431
0.9943123,0.0036000854,0.0020876431
0.8793953,0.0111785885,0.10942617
0.9822667,0.014231928,0.0035013345
0.93407303,0.031130483,0.034796458
0.9953674,0.003082584,0.0015500205
0.9447137,0.038201474,0.017084757
0.9914654,0.0074817385,0.0010528784
0.298506,0.21125944,0.49023446
0.10102055,0.025442418,0.87353706
0.99635327,0.0032846436,0.00036210538
0.93820244,0.021999858,0.039797716
0.11381343,0.029044751,0.85714185
0.9824638,0.015771864,0.0017643773
0.98907465,0.0040897694,0.0068357103
0.8588524,0.09687952,0.04426813
0.99467367,0.005049108,0.00027716777
0.97648424,0.022520531,0.0009952978
0.99476385,0.0048466446,0.0003893807
0.54878783,0.12471391,0.3264983
0.9896444,0.00752657,0.0028290015
0.46355227,0.11766308,0.4187846
0.23310417,0.0338287,0.73306715
0.97952354,0.008254009,0.012222484
0.08469752,0.014447649,0.9008548
0.9896597,0.008266447,0.0020738202
0.3503247,0.04937221,0.60030305
0.8267417,0.017234046,0.1560243
0.13852695,0.046993542,0.81447953
0.49191245,0.5005136,0.0075739655
0.997584,0.0018738452,0.00054213416
0.9957676,0.0032827128,0.00094974256
0.9668998,0.012496668,0.020603523
0.12633188,0.029933285,0.8437348
0.56910866,0.046658292,0.38423303
0.0591756,0.0737892,0.8670352
0.7607619,0.053197514,0.18604057
0.9825798,0.0072854897,0.0101346765
0.99871266,0.000855531,0.0004318717
0.07865352,0.028209584,0.8931369
0.12763314,0.05877811,0.8135888
0.085506484,0.06843853,0.846055
0.9962573,0.003558147,0.00018456668
0.9879534,0.004141368,0.007905119
0.8588348,0.06906643,0.07209881
0.96027535,0.021507291,0.018217383
0.90938044,0.015754081,0.0748655
0.99225205,0.007400442,0.00034747797
0.99313074,0.00653665,0.00033250818
0.9885371,0.0064937193,0.004969193
0.90179217,0.028973911,0.06923383
0.987087,0.0077985507,0.0051144143
0.14554614,0.6864398,0.1680141
0.6216768,0.074230574,0.30409265
0.9950282,0.002294478,0.0026772823
0.99479204,0.0033968424,0.0018111102
0.2134349,0.03024196,0.7563231
0.97083384,0.012462031,0.016704118
0.99123925,0.0073496965,0.0014109573
0.11193322,0.041785564,0.8462812
0.2446797,0.053854078,0.70146614
0.909611,0.0046173176,0.08577168
0.970729,0.019130608,0.010140363
0.99259347,0.0069680596,0.00043854705
0.9877844,0.006578098,0.005637546
0.95705867,0.0110447,0.031896543
0.98287684,0.012445302,0.0046777986
0.39044663,0.2037514,0.405802
0.37058246,0.035200916,0.59421664
0.06273015,0.009587155,0.9276827
0.9932208,0.006299096,0.00048007513
0.8005456,0.025051607,0.17440283
0.9724262,0.016536588,0.011037279
0.9889746,0.010617345,0.00040807668
0.5943551,0.051561475,0.35408348
0.7198826,0.06739516,0.21272224
0.6296172,0.1494742,0.22090852
0.99495405,0.0042198766,0.0008260885
0.9806214,0.015154,0.0042245844
0.9615848,0.008368229,0.030046988
0.047467526,0.02845509,0.9240774
0.9943251,0.0045421133,0.0011328318
0.8322651,0.04894293,0.11879196
0.9813467,0.013150054,0.0055032135
0.98845685,0.0076508503,0.0038924378
0.95922226,0.013326515,0.027451256
0.99103385,0.008441194,0.0005250719
0.85705423,0.07811934,0.06482647
0.9790785,0.014395062,0.0065264916
0.37540147,0.03400912,0.5905894
0.9892805,0.009841679,0.00087777426
0.9944147,0.0053315326,0.00025378112
0.15874715,0.017560508,0.8236923
0.98470783,0.008552737,0.0067393943
0.062010527,0.02852945,0.90946
0.9945069,0.005394879,9.823337e-05
0.99720395,0.002657062,0.00013890695
0.9832802,0.016526358,0.00019353266
0.8830389,0.044157542,0.07280348
0.009862293,0.98171854,0.008419206
0.044931736,0.37676033,0.578308
0.020166906,0.9362978,0.04353539
0.06454003,0.09726526,0.8381948
0.09683684,0.30267996,0.6004832
0.0071300343,0.9921387,0.00073122967
0.017726315,0.6222101,0.3600636
0.021894505,0.9633487,0.014756807
0.17055745,0.055480152,0.77396244
0.010036634,0.98358375,0.006379673
0.013644061,0.9830383,0.0033176008
0.90549463,0.057030644,0.03747473
0.022319546,0.9772668,0.00041361555
0.051405214,0.9424011,0.006193675
0.041253302,0.7864154,0.1723313
0.01484031,0.9276003,0.057559304
0.013881199,0.98269707,0.0034217248
0.011366151,0.986839,0.0017948771
0.015056133,0.97428834,0.010655564
0.049659036,0.30538908,0.6449519
0.011576889,0.9856947,0.0027283533
0.011576889,0.9856947,0.0027283533
0.012473908,0.9851361,0.002390005
0.09645727,0.0893828,0.8141599
0.059098195,0.04182512,0.89907664
0.030914875,0.959857,0.009228099
0.0056945933,0.9900152,0.0042901174
0.011326495,0.98339593,0.0052776067
0.053165425,0.86710167,0.07973285
0.34798723,0.6375511,0.014461669
0.0181549,0.9569817,0.024863323
0.012890552,0.9847937,0.0023156675
0.03271411,0.9458314,0.021454439
0.08517563,0.2428799,0.6719445
0.010254842,0.98649305,0.0032521377
0.05704425,0.6169251,0.32603064
0.0072055967,0.98422074,0.008573586
0.013046974,0.9841697,0.0027832917
0.011692327,0.98296493,0.005342692
0.017000908,0.9391597,0.043839376
0.0077885343,0.99064445,0.0015669593
0.036999725,0.9431183,0.019882038
0.02953949,0.82898384,0.1414766
0.01801251,0.95552224,0.02646524
0.008752158,0.98144585,0.009801952
0.017216785,0.9400045,0.04277873
0.03516851,0.7348312,0.23000035
0.012398833,0.9839999,0.0036012253
0.036734145,0.6559949,0.307271
0.03860688,0.8623245,0.09906867
0.02311946,0.87992346,0.096957095
0.66012514,0.14335582,0.19651906
0.05299971,0.048825618,0.89817464
0.0095313,0.9884941,0.0019745931
0.0040157204,0.9903212,0.0056630736
0.06831162,0.8137717,0.11791668
0.030387843,0.7902453,0.17936687
0.0133862,0.9854047,0.0012091617
0.011936546,0.98312634,0.00493717
0.44199654,0.19121748,0.366786
0.015335232,0.8956376,0.08902722
0.017015686,0.9632072,0.019777132
0.040044565,0.9412601,0.018695338
0.046396863,0.028949477,0.9246537
0.07530693,0.20976464,0.71492845
0.010279331,0.9744693,0.015251325
0.01930103,0.9679666,0.012732311
0.0054212953,0.99353796,0.0010407527
0.069203645,0.019217158,0.9115792
0.052646138,0.04112115,0.90623266
0.07722915,0.04452255,0.87824833
0.35894376,0.017954396,0.62310183
0.12420418,0.02493963,0.85085624
0.041729204,0.027797641,0.93047327
0.06871274,0.024404766,0.9068824
0.075442776,0.15419503,0.7703622
0.06247492,0.07550646,0.8620186
0.036266685,0.034775298,0.928958
0.038060922,0.052328832,0.9096103
0.0667826,0.047494903,0.8857224
0.06333816,0.031019649,0.9056422
0.03988903,0.0325247,0.92758626
0.097453356,0.0712984,0.8312483
0.10905846,0.04105174,0.8498898
0.071874656,0.027360583,0.9007647
0.05637987,0.04780227,0.8958179
0.7820546,0.031918768,0.18602656
0.061355103,0.040553246,0.8980917
0.21652184,0.029217321,0.75426084
0.033663657,0.19715631,0.76918
0.08052859,0.03576926,0.88370216
0.04246136,0.022683583,0.934855
0.14401062,0.08277913,0.7732103
0.04314689,0.037928548,0.91892457
0.070347555,0.023586502,0.906066
0.07262519,0.052926578,0.87444824
0.05435701,0.035198495,0.9104445
0.074470475,0.029738247,0.8957913
0.058187682,0.012744745,0.9290676
0.02635714,0.06869985,0.9049431
0.0619661,0.039813444,0.89822054
0.034273606,0.029373083,0.93635327
0.056527365,0.026701638,0.91677105
0.05211159,0.045585893,0.9023025
0.012892512,0.021214683,0.9658928
0.02992576,0.045453433,0.92462075
0.029489791,0.043201707,0.9273085
0.6044503,0.024519911,0.3710298
0.06667588,0.06865817,0.864666
0.027667763,0.047110435,0.92522186
0.11169673,0.0413324,0.84697086
0.07330184,0.11122753,0.8154706
0.44061333,0.09172837,0.4676583
0.058822338,0.05456138,0.88661623
0.062794216,0.057566967,0.87963885
0.026200732,0.07685797,0.89694136
0.038722124,0.036768936,0.924509
0.056173872,0.028328871,0.91549724
0.05207435,0.040083062,0.9078426
0.105728455,0.036254432,0.85801715
0.105728455,0.036254432,0.85801715
0.0268816,0.027358305,0.9457601
0.04070516,0.04810312,0.91119164
0.026237255,0.012024026,0.9617387
0.044813596,0.053321503,0.9018649
0.022810947,0.104758166,0.8724309
0.06571497,0.020002829,0.9142822
0.032430943,0.017945083,0.949624
0.03317286,0.06319741,0.9036297
0.044501018,0.06732789,0.8881711
0.06158444,0.029896848,0.90851873
0.042201895,0.03588631,0.9219118
0.07950334,0.018590935,0.9019057
0.03576304,0.049073603,0.9151633
0.02264999,0.024538359,0.95281166
0.05324847,0.041713648,0.9050379
0.040344864,0.052108258,0.90754694
0.0824084,0.016346464,0.90124506
0.06511423,0.032933902,0.9019519
0.07551038,0.03027153,0.8942182
0.06427942,0.04923664,0.88648397
0.05794188,0.03657919,0.9054789
0.077857055,0.08550925,0.8366337
0.0451868,0.031117117,0.9236961
0.048183776,0.039096694,0.91271955
0.07017295,0.29862994,0.63119715
0.36508217,0.11221706,0.5227008
0.055984013,0.051877975,0.89213806
0.11773159,0.025411563,0.85685676
0.04438746,0.054437786,0.90117466
0.08166934,0.25790232,0.66042835
0.041362174,0.014477014,0.94416076
0.06831213,0.03667213,0.8950157
0.06743588,0.06823079,0.86433333
0.037618678,0.08502373,0.87735766
0.026155984,0.016020091,0.9578239
0.039534252,0.012872551,0.94759315
0.111961596,0.052629303,0.83540905
0.36779016,0.044913094,0.5872967
0.04866318,0.02863556,0.9227013
0.03352237,0.062201373,0.90427625
0.032712948,0.013140006,0.95414704
0.048141345,0.051446766,0.9004119
0.053301398,0.035437107,0.91126144
0.031134,0.02090238,0.94796365
0.022127083,0.01375244,0.9641205
0.023816599,0.05320188,0.9229816
0.047829017,0.011000118,0.9411709
0.010776531,0.017254515,0.97196895
0.03205654,0.051026497,0.9169169
0.041558843,0.037180416,0.9212608
0.055478223,0.050022606,0.8944992
0.06985994,0.035611343,0.89452875
0.044572767,0.032641996,0.9227853
0.062694535,0.02941305,0.9078924
0.045086063,0.036870115,0.91804385
0.026263073,0.022267424,0.9514695
0.17732503,0.06453722,0.75813776
0.6839423,0.05349862,0.2625591
0.07409729,0.10118013,0.8247225
0.038371287,0.032884866,0.9287438
0.019456878,0.017070318,0.9634728
0.05130333,0.0072444533,0.94145226
0.023007603,0.01666914,0.9603233
0.033520877,0.03717677,0.9293023
0.046563864,0.040732887,0.9127032
0.046316955,0.015169656,0.9385134
0.059207045,0.029887691,0.9109053
0.036663402,0.0056943493,0.9576424
0.04345446,0.044528414,0.91201717
0.09376241,0.044856094,0.86138153
0.05447248,0.017875621,0.92765194
0.03640842,0.04904076,0.9145508
0.07102814,0.032710157,0.8962617
0.0532698,0.036008973,0.9107212
0.079592414,0.023642635,0.896765
0.034203783,0.11787692,0.8479193
0.06924263,0.047589716,0.88316774
0.08884345,0.34593505,0.56522155
0.033347275,0.025768777,0.94088393
0.058036257,0.017122012,0.92484176
0.04910768,0.01794263,0.9329497
0.050939754,0.033702016,0.9153582
0.06561598,0.03387531,0.9005087
0.085860774,0.035897106,0.87824214
0.037265215,0.028488642,0.9342461
0.04596216,0.04428779,0.90975004
0.043552898,0.043256186,0.9131909
0.063363835,0.0323947,0.90424144
0.044795793,0.023262456,0.93194187
0.05864473,0.03556983,0.9057855
0.1312013,0.08083078,0.7879679
0.11668226,0.021145914,0.86217177
0.071635045,0.034103394,0.89426166
0.05080248,0.025545094,0.92365247
0.06327275,0.1948938,0.74183345
0.12891437,0.13158542,0.7395002
0.06777604,0.044232108,0.8879919
0.022311509,0.016858066,0.96083045
0.05202234,0.019534478,0.92844313
0.04767095,0.068085715,0.88424337
0.071786605,0.043796647,0.88441676
0.040996216,0.04040006,0.91860366
0.04989058,0.015156446,0.93495303
0.06772785,0.030497538,0.90177464
0.055252425,0.034542337,0.91020525
0.038550287,0.044631857,0.91681784
0.06824511,0.031923432,0.8998314
0.08240567,0.043679927,0.87391436
0.081660084,0.2611678,0.6571721
0.03314464,0.031688668,0.9351667
0.07395243,0.023361241,0.9026863
0.065243095,0.056684177,0.8780728
0.035733066,0.039092094,0.9251748
0.054454792,0.042326685,0.90321857
0.10591155,0.0064354585,0.88765305
0.039512478,0.086725615,0.8737619
0.036648765,0.042763148,0.920588
0.054254442,0.023609607,0.92213595
0.02535277,0.036209926,0.93843734
0.078736536,0.035872623,0.8853908
0.042309087,0.06623732,0.8914536
0.06898091,0.47812155,0.45289746
0.054288603,0.028385457,0.9173259
0.050755154,0.027353626,0.9218912
0.019278497,0.018594345,0.9621271
0.027305175,0.037031308,0.9356635
0.06975921,0.017603476,0.9126373
0.07213554,0.021177955,0.9066865
0.06077523,0.043519016,0.89570576
0.42359173,0.026497267,0.549911
0.034339447,0.021073442,0.9445871
0.045563135,0.04017008,0.91426677
0.03898142,0.022102758,0.9389158
0.14838986,0.045101933,0.8065082
0.06623029,0.041975375,0.8917943
0.06829176,0.04781522,0.883893
0.060186427,0.024628203,0.91518533
0.94652724,0.01723497,0.036237862
0.04970979,0.08957436,0.86071587
0.042599645,0.0149101345,0.9424902
0.04746763,0.03205554,0.9204768
0.9464152,0.019546544,0.03403829
0.05650921,0.020727765,0.92276305
0.025716696,0.021445177,0.9528382
0.074378155,0.037036233,0.8885856
0.07938451,0.020497428,0.90011805
0.096422866,0.031487886,0.8720893
0.02615282,0.033745255,0.94010186
0.032112163,0.039460078,0.9284278
0.06874487,0.055292025,0.8759631
0.16086912,0.06621426,0.7729166
0.15559758,0.09058218,0.75382024
0.046752736,0.035050392,0.91819686
0.04829412,0.03421223,0.9174937
0.59781975,0.026151191,0.37602898
0.08408158,0.036768418,0.87915003
0.04743051,0.038185995,0.9143835
0.06561351,0.025074901,0.90931153
0.20016204,0.18012632,0.6197116
0.04080705,0.022229783,0.9369631
0.06757535,0.025623675,0.906801
0.044659387,0.04953008,0.90581053
0.040313773,0.020390162,0.93929607
0.055902816,0.033906773,0.9101904
0.9594136,0.008983809,0.031602502
0.035355095,0.034840975,0.929804
0.058235615,0.028133415,0.91363096
0.05566976,0.016439887,0.9278904
0.08704497,0.02952892,0.88342613
0.040719125,0.12038347,0.83889747
0.048867498,0.038922537,0.91221005
0.03799376,0.04060244,0.9214038
0.025894357,0.030481227,0.94362444
0.032631177,0.038561728,0.928807
0.06428119,0.03876073,0.8969581
0.040151954,0.059282824,0.90056527
0.044090547,0.250034,0.7058754
0.03635567,0.036037534,0.9276068
0.08176846,0.029643506,0.8885881
0.031868745,0.026731549,0.94139975
0.023090813,0.024341173,0.952568
0.5922345,0.123052806,0.28471276
0.037833612,0.053562768,0.90860355
0.06401088,0.022513863,0.9134752
0.08641943,0.02529728,0.8882833
0.034052476,0.6585635,0.30738407
0.22225074,0.069322325,0.70842695
0.08146123,0.15717404,0.76136476
0.036858335,0.019028712,0.94411296
0.03511045,0.088095434,0.87679416
0.05166862,0.061960146,0.88637125
0.028232131,0.04321735,0.92855054
0.072638884,0.027624512,0.8997365
0.04319941,0.027728684,0.9290719
0.03687021,0.031536765,0.93159306
0.068780646,0.016320888,0.9148984
0.047076583,0.0629169,0.89000654
0.09781178,0.014941445,0.8872468
0.20289665,0.15225968,0.64484364
0.053222604,0.04041062,0.9063668
0.043942947,0.051625974,0.90443116
0.04084033,0.04494202,0.91421753
0.051471327,0.052949846,0.8955788
0.053818088,0.02877863,0.9174033
0.06128642,0.028389717,0.91032386
0.027334401,0.036000635,0.936665
0.043349445,0.050384548,0.90626603
0.04107538,0.036747888,0.9221768
0.032237794,0.48078012,0.48698214
0.7199011,0.036803875,0.24329507
0.0578023,0.053772543,0.8884252
0.04126236,0.20191388,0.75682366
0.05672988,0.044527788,0.8987423
0.018817995,0.017886251,0.9632957
0.038491912,0.031662583,0.9298455
0.1440177,0.083677284,0.772305
0.03915635,0.020473372,0.9403702
0.053474233,0.0069665066,0.93955916
0.05394405,0.04605076,0.90000516
0.042534072,0.029204678,0.9282613
0.026641084,0.017574321,0.9557846
0.07501321,0.02706207,0.89792466
0.042780332,0.05847378,0.89874583
0.10295447,0.06925549,0.82779
0.04739842,0.038836867,0.9137648
0.21587327,0.024374543,0.7597522
0.1081385,0.035451956,0.85640955
0.03975605,0.04294458,0.91729933
0.046688527,0.040841937,0.9124695
0.049954176,0.044473574,0.90557224
0.064855576,0.03457935,0.90056497
0.041539595,0.041216336,0.9172441
0.044601616,0.059550975,0.89584744
0.062357478,0.01411915,0.9235233
0.049287405,0.020727424,0.9299851
0.03286892,0.020528711,0.9466024
0.055655826,0.03106802,0.9132762
0.024730247,0.025267309,0.95000243
0.053703178,0.063339636,0.8829573
0.21789229,0.03191584,0.75019187
0.19471903,0.1447029,0.6605781
0.04004873,0.056422636,0.9035287
0.030207196,0.03829751,0.9314953
0.030207196,0.03829751,0.9314953
0.05347164,0.029674385,0.91685396
0.041244272,0.0372975,0.9214583
0.061170865,0.04299707,0.8958321
0.03724479,0.019857977,0.94289726
0.03651292,0.0622928,0.9011942
0.5900939,0.15882163,0.2510845
0.9478285,0.024940133,0.027231349
0.026507607,0.02805235,0.94544005
0.019405158,0.013091775,0.967503
0.033295497,0.027281355,0.93942314
0.038572,0.06970858,0.89171946
0.035682492,0.15929437,0.8050232
0.04493917,0.053314496,0.90174633
0.05493544,0.037426148,0.9076385
0.042546723,0.074890904,0.8825623
0.035510525,0.020511813,0.9439777
0.05184502,0.063521855,0.8846331
0.044146474,0.017474718,0.93837875
0.081197515,0.078469105,0.8403334
0.06264515,0.049459703,0.88789505
0.051826715,0.033104315,0.91506904
0.15984559,0.06669866,0.77345574
0.05145422,0.0786885,0.8698573
0.11218533,0.025007496,0.8628072
0.10962031,0.057935324,0.8324443
0.035988312,0.032228228,0.93178344
0.03506333,0.028284447,0.93665224
0.088653564,0.026840502,0.8845059
0.03007499,0.096139796,0.8737852
0.04309554,0.055066235,0.90183824
0.112047404,0.3573051,0.53064746
0.06358356,0.043106902,0.89330953
0.10689423,0.032378804,0.8607271
0.062428765,0.027326427,0.9102448
0.06924955,0.033585146,0.89716536
0.05699767,0.049665727,0.89333665
0.07815321,0.045586362,0.8762604
0.07080265,0.053916443,0.8752809
0.060095165,0.042906158,0.8969987
0.085628085,0.03722593,0.877146
0.03566269,0.0798196,0.88451767
0.070310324,0.035527304,0.8941624
0.035722826,0.12664841,0.8376287
0.29013276,0.5674979,0.14236933
0.06601278,0.08167426,0.8523129
0.061735563,0.06326134,0.87500304
0.03865866,0.009048711,0.95229256
0.039834343,0.045536693,0.9146289
0.06500938,0.033171132,0.9018194
0.06864876,0.034993943,0.8963573
0.06195698,0.040831264,0.8972117
0.05785638,0.123322114,0.81882155
0.7194299,0.03746402,0.24310616
0.03352105,0.020692093,0.94578695
0.049102504,0.076274574,0.8746229
0.04084963,0.051840875,0.9073095
0.04954855,0.049596965,0.90085447
0.047156807,0.0401781,0.9126651
0.054464962,0.035062347,0.9104727
0.032103576,0.025100145,0.9427963
0.0645458,0.049199857,0.88625443
0.045075558,0.030798957,0.9241255
0.025670912,0.15519384,0.8191352
0.05036896,0.025776245,0.9238547
0.06589359,0.029787706,0.90431863
0.0628636,0.044403184,0.89273316
0.029744841,0.03948255,0.93077266
0.034925222,0.032111842,0.932963
0.04065881,0.04562473,0.9137164
0.04161743,0.010248712,0.9481339
0.076135956,0.06771672,0.85614735
0.040153526,0.0770962,0.8827503
0.042331163,0.047269966,0.91039896
0.048879646,0.036006413,0.9151139
0.062283233,0.040173825,0.89754295
0.078995824,0.037024595,0.8839797
0.047200125,0.036616184,0.91618365
0.021332996,0.0289601,0.9497069
0.117272645,0.039978016,0.84274924
0.039845955,0.036280155,0.9238739
0.04957957,0.0365934,0.91382706
0.055116728,0.042218212,0.90266514
0.05325081,0.044319253,0.90242994
0.034404635,0.035705354,0.92989
0.06714535,0.059545614,0.873309
0.0946726,0.025331916,0.87999547
0.05957722,0.041551,0.89887184
0.04862001,0.034883153,0.9164969
0.9654038,0.018730698,0.015865518
0.033971105,0.027916592,0.9381123
0.5247242,0.028409828,0.44686598
0.063434646,0.09606733,0.84049803
0.07389535,0.04112896,0.8849756
0.033015713,0.03363403,0.93335027
0.066966884,0.027349284,0.9056839
0.09427493,0.037942015,0.8677831
0.051909983,0.035124052,0.91296595
0.039372582,0.09631277,0.8643146
0.18379739,0.082763106,0.7334395
0.05196426,0.032328423,0.91570735
0.123650275,0.18008587,0.69626385
0.0692057,0.046371855,0.8844224
0.051576473,0.0444183,0.9040052
0.053895358,0.06344227,0.8826624
0.036768362,0.03511889,0.92811275
0.03879686,0.03400486,0.92719835
0.032345258,0.020539828,0.947115
0.077685766,0.08015178,0.84216243
0.071133,0.074473985,0.854393
0.030812109,0.8403479,0.12884006
0.052891176,0.04550608,0.9016028
0.051775645,0.022377426,0.9258469
0.069169156,0.054610543,0.8762203
0.026557008,0.044561565,0.9288814
0.05273186,0.124414444,0.8228537
0.9630487,0.022915713,0.01403548
0.05278561,0.040353738,0.9068606
0.024400262,0.18126588,0.79433393
0.049390845,0.026827127,0.92378193
0.04684977,0.04554158,0.9076086
0.046105254,0.03774042,0.91615427
0.20356955,0.14893466,0.64749575
0.20356955,0.14893466,0.64749575
0.053594094,0.11213685,0.83426905
0.061731238,0.03555328,0.90271544
0.030382266,0.011442067,0.9581756
0.070285656,0.0471415,0.88257277
0.044136997,0.021343257,0.9345197
0.046014927,0.036047056,0.91793805
0.032328006,0.026592296,0.9410797
0.038935218,0.03689914,0.9241656
0.046638947,0.055115342,0.8982458
0.16019477,0.029836318,0.8099689
0.047138434,0.026185296,0.9266763
0.10672747,0.027570957,0.8657016
0.037196867,0.030270386,0.93253267
0.030500446,0.039010666,0.9304888
0.0241175,0.024665331,0.9512171
0.16797262,0.11124017,0.7207872
0.11693506,0.016066808,0.8669981
0.03342526,0.05071917,0.9158556
0.9409954,0.0117876865,0.047216848
0.030919068,0.027661595,0.9414194
0.029106593,0.033014316,0.9378791
0.17845573,0.04028822,0.7812561
0.06687352,0.029588133,0.9035384
0.22769988,0.050435945,0.72186416
0.061752003,0.07700186,0.8612461
0.0646542,0.4583116,0.47703424
0.06560442,0.03360577,0.90078986
0.036063183,0.028389368,0.9355475
0.04732808,0.037586126,0.9150858
0.99293786,0.003235248,0.0038269737
0.027062904,0.02265611,0.95028096
0.8093363,0.029653313,0.16101031
0.06334976,0.056564968,0.88008523
0.02559277,0.03994975,0.9344575
0.034430362,0.04222618,0.9233435
0.020882202,0.023708899,0.95540893
0.04338787,0.027124932,0.92948717
0.16593951,0.03346664,0.80059385
0.04507674,0.06095429,0.893969
0.07087837,0.100345746,0.8287758
0.057947744,0.064771764,0.87728053
0.20694546,0.356872,0.4361825
0.042130962,0.094112776,0.86375636
0.043279838,0.031356487,0.9253637
0.9883137,0.007877172,0.0038091512
0.02724729,0.023442801,0.9493099
0.10018115,0.03438581,0.86543304
0.03924709,0.02553857,0.93521434
0.041185416,0.053820927,0.90499365
0.14805318,0.067059435,0.7848874
0.050593823,0.05260925,0.89679694
0.0340192,0.032940358,0.9330404
0.03825159,0.024988204,0.9367602
0.04633115,0.036615178,0.91705364
0.04771797,0.0368376,0.91544443
0.11177265,0.043985043,0.8442423
0.6101176,0.034177642,0.35570472
0.041917857,0.05657213,0.90151006
0.040769108,0.023138974,0.9360919
0.046053383,0.035241455,0.91870517
0.051410563,0.040868167,0.9077213
0.058286987,0.05972752,0.88198555
0.054552563,0.044134885,0.9013126
0.044231355,0.022902153,0.9328665
0.025614684,0.011322134,0.9630631
0.05067091,0.032556243,0.9167729
0.052072488,0.021307992,0.9266195
0.037990406,0.035272896,0.9267368
0.03399202,0.045474034,0.92053396
0.10388033,0.050627235,0.8454925
0.034003146,0.04426193,0.9217349
0.023832465,0.121980496,0.8541871
0.050700635,0.037347812,0.91195154
0.016452638,0.015112543,0.9684349
0.15543409,0.030547068,0.81401885
0.10306382,0.010937359,0.8859988
0.12510833,0.11019229,0.76469934
0.03535978,0.04194979,0.92269045
0.13384365,0.058187146,0.80796915
0.0786264,0.055591363,0.8657822
0.030778393,0.012668487,0.9565531
0.051372934,0.031773817,0.9168532
0.024643008,0.024072152,0.95128477
0.047067985,0.04198596,0.9109461
0.06755367,0.033868745,0.8985776
0.022954721,0.020798706,0.95624655
0.5532664,0.082739174,0.3639944
0.12505707,0.03028951,0.8446534
0.984127,0.013887828,0.0019851616
0.029466964,0.020114359,0.95041865
0.02742711,0.020723296,0.9518495
0.03565436,0.029414523,0.93493116
0.05382887,0.06588813,0.88028306
0.039163556,0.072953105,0.8878833
0.051409394,0.04354545,0.9050452
0.030243566,0.02245317,0.94730335
0.03822722,0.033801354,0.92797136
0.029616883,0.030856889,0.93952626
0.047318745,0.05283945,0.89984185
0.055970162,0.0327429,0.91128695
0.031663112,0.04661261,0.92172426
0.04677525,0.060236834,0.8929879
0.051504668,0.031979978,0.9165153
0.117629126,0.049758695,0.8326122
0.06684316,0.02737885,0.90577805
0.056793284,0.043459952,0.8997468
0.28271073,0.08348756,0.63380176
0.050807245,0.011822815,0.93736994
0.03760277,0.025196046,0.9372012
0.062301993,0.03460862,0.9030894
0.038714368,0.02971234,0.93157333
0.044185326,0.0752352,0.8805795
0.068227336,0.017116327,0.91465634
0.07528224,0.016505044,0.9082127
0.9929563,0.005700366,0.0013434191
0.044543516,0.016923329,0.9385331
0.032711763,0.054196566,0.91309166
0.063309446,0.06953182,0.8671587
0.0721923,0.071212,0.85659575
0.064294174,0.052475374,0.8832305
0.066257924,0.04375107,0.889991
0.0095903175,0.012170745,0.9782389
0.05835213,0.033313043,0.9083348
0.045705244,0.029080404,0.9252144
0.027033437,0.04298889,0.9299776
0.11932819,0.06839072,0.8122811
0.07780708,0.022999726,0.8991932
0.051248357,0.026047602,0.92270404
0.8972714,0.017290195,0.08543842
0.051282674,0.036152415,0.91256493
0.022803659,0.04743417,0.9297622
0.034887463,0.044015832,0.9210967
0.06791949,0.034791663,0.89728886
0.053044215,0.038318414,0.9086374
0.06815298,0.047162108,0.8846848
0.025993938,0.032286856,0.9417191
0.045157716,0.055762332,0.89908004
0.05849383,0.045957193,0.89554894
0.061993312,0.05245913,0.8855476
0.02828304,0.032363392,0.9393536
0.063662395,0.015329299,0.9210083
0.041276995,0.0365337,0.92218935
0.056843936,0.083845966,0.85931015
0.042171754,0.03927003,0.91855824
0.07120974,0.042438313,0.8863519
0.38271973,0.029071486,0.5882088
0.06679951,0.06269108,0.8705094
0.052414328,0.013059707,0.93452597
0.73854685,0.07249499,0.18895811
0.061359927,0.018280217,0.92035985
0.044007152,0.039563492,0.9164293
0.056073,0.03895459,0.9049724
0.06226853,0.04040037,0.89733106
0.03528278,0.029537499,0.9351797
0.2568859,0.038145404,0.7049687
0.034754485,0.04316826,0.92207724
0.18817383,0.10072219,0.711104
0.071461774,0.033822145,0.894716
0.043527786,0.03304958,0.9234226
0.30702567,0.07196989,0.6210044
0.08921782,0.034446955,0.87633526
0.032608796,0.012559539,0.9548317
0.017349655,0.0353912,0.94725907
0.048101675,0.046941537,0.9049569
0.07300037,0.056575824,0.87042373
0.053226613,0.09442451,0.85234886
0.05280717,0.02025981,0.92693305
0.039683998,0.039298344,0.9210177
0.019827018,0.017361116,0.9628118
0.043241274,0.033121876,0.9236368
0.07246489,0.062651925,0.8648831
0.45254743,0.023768457,0.52368414
0.051203355,0.05701001,0.89178663
0.037985925,0.038097378,0.92391676
0.10075481,0.03351872,0.86572635
0.10625209,0.04691942,0.84682846
0.033367496,0.031591713,0.9350408
0.032100532,0.0131483255,0.9547512
0.038786862,0.040568963,0.9206442
0.0397475,0.018647477,0.9416051
0.031896397,0.044111114,0.92399246
0.082387574,0.030997159,0.88661534
0.06469434,0.04831208,0.8869936
0.026998274,0.012878234,0.96012354
0.15986587,0.07128729,0.7688468
0.045853894,0.049194045,0.90495205
0.021416195,0.012048644,0.96653515
0.08237806,0.071292266,0.8463297
0.055952273,0.032162078,0.9118857
0.051282827,0.06119795,0.88751924
0.032889713,0.01805731,0.949053
0.043612808,0.03206399,0.92432314
0.20190907,0.114707775,0.68338317
0.036567327,0.023107812,0.94032484
0.06263845,0.116681665,0.82067984
0.07846288,0.0812704,0.8402667
0.061395418,0.02487877,0.91372573
0.046364814,0.011395521,0.9422396
0.03477859,0.02888883,0.9363325
0.05023897,0.041690268,0.9080708
0.02837777,0.02080221,0.95082
0.05661782,0.04290464,0.9004776
0.062947586,0.049649972,0.8874024
0.052575126,0.029956404,0.91746837
0.043537043,0.060386192,0.89607686
0.43986145,0.03849101,0.5216475
0.042290214,0.03025298,0.92745686
0.07121324,0.0293116,0.89947516
0.055088807,0.032959342,0.91195184
0.06286587,0.03999902,0.8971351
0.05197645,0.056806907,0.89121664
0.051909875,0.041345764,0.9067444
0.094539955,0.09649878,0.8089613
0.023443554,0.03827626,0.9382802
0.013632362,0.06187658,0.92449105
0.044735994,0.05671752,0.89854646
0.038875215,0.032960765,0.9281641
0.04689965,0.039186124,0.91391426
0.026029449,0.016114771,0.9578558
0.04240451,0.043836113,0.91375935
0.042953543,0.031456187,0.9255903
0.016240338,0.0287543,0.9550054
0.3548947,0.076564215,0.5685411
0.121369414,0.020382145,0.8582485
0.046247236,0.049907614,0.9038451
0.028062182,0.021537043,0.95040077
0.07578366,0.025885008,0.89833134
0.05924059,0.030227598,0.91053176
0.06696109,0.060849797,0.87218904
0.36765376,0.026483614,0.6058626
0.06722426,0.11740757,0.8153681
0.033746507,0.22815146,0.73810196
0.06416527,0.028168939,0.9076658
0.06434079,0.07730725,0.8583519
0.06705261,0.03316105,0.8997863
0.045368478,0.04070778,0.91392386
0.011257491,0.012291702,0.9764508
0.036441974,0.05084232,0.9127157
0.032791846,0.022825431,0.9443827
0.08935395,0.027384805,0.88326126
0.122435674,0.03841339,0.8391509
0.05432426,0.041978534,0.9036972
0.014767883,0.97925365,0.0059784288
0.0596919,0.013836116,0.92647195
0.04268453,0.037522107,0.9197934
0.06980491,0.028480506,0.90171456
0.015766643,0.010689101,0.97354436
0.06216002,0.043820534,0.8940195
0.07197172,0.025165955,0.90286237
0.05176301,0.03161121,0.9166258
0.038366333,0.03572645,0.9259073
0.029547863,0.032199435,0.9382526
0.046372462,0.048219733,0.90540785
0.027837167,0.027539736,0.9446232
0.05147138,0.08346475,0.86506385
0.03841091,0.013549497,0.9480396
0.03273585,0.024494091,0.94277006
0.035054926,0.032168206,0.93277687
0.065663375,0.0510389,0.88329774
0.037868466,0.013688289,0.9484432
0.0619322,0.032413643,0.90565413
0.031560637,0.021459522,0.9469799
0.033047467,0.026296329,0.9406562
0.06111095,0.05046525,0.88842386
0.035403315,0.03170435,0.9328923
0.01738452,0.018505726,0.9641097
0.04180834,0.020475492,0.93771625
0.056251906,0.027873918,0.9158742
0.037200592,0.016411223,0.9463882
0.01876233,0.0056665787,0.9755711
0.050977834,0.030291984,0.91873014
0.01850361,0.013723885,0.96777254
0.023451408,0.037954032,0.9385945
0.06594893,0.028088635,0.90596247
0.044355772,0.027433751,0.92821044
0.055377938,0.050867308,0.89375466
0.040780567,0.039180007,0.9200395
0.05992255,0.054347392,0.8857301
0.16573386,0.13686252,0.6974036
0.060169056,0.8039728,0.13585815
0.03356719,0.03947464,0.92695814
0.045225654,0.05169978,0.90307456
0.03950172,0.025629064,0.9348692
0.025449453,0.2439463,0.73060423
0.059947535,0.048310522,0.8917419
0.12468729,0.09815532,0.77715737
0.07986319,0.43448555,0.48565128
0.036270257,0.041910198,0.92181957
0.05772157,0.034941584,0.9073368
0.5909227,0.021682587,0.3873947
0.029816164,0.037179362,0.9330045
0.02866169,0.031417288,0.939921
0.02171534,0.021885656,0.95639896
0.042571038,0.021074193,0.9363548
0.54558796,0.060959738,0.3934523
0.10523617,0.21445955,0.6803043
0.0958841,0.06275963,0.8413563
0.028010262,0.04983626,0.92215335
0.039916947,0.073922105,0.88616097
0.9476842,0.023586202,0.02872959
0.05817221,0.057270333,0.8845575
0.037282903,0.036206473,0.9265106
0.05813006,0.20053007,0.7413399
0.036426317,0.07194886,0.89162487
0.038662385,0.040955428,0.9203822
0.09974017,0.14441422,0.7558456
0.032856923,0.02916653,0.9379766
0.1449825,0.030823372,0.8241941
0.067506544,0.0697856,0.86270785
0.15068118,0.05166877,0.7976501
0.04187447,0.047822144,0.9103033
0.08366247,0.04327655,0.87306094
0.14293703,0.037323788,0.8197392
0.05829306,0.0492317,0.8924752
0.08306287,0.041199494,0.87573767
0.08444023,0.37677544,0.5387843
0.080242105,0.12307363,0.7966843
0.37663516,0.07052618,0.5528386
0.73356175,0.02335115,0.24308704
0.040898625,0.0435789,0.91552246
0.024029367,0.03927105,0.9366995
0.06248419,0.022897033,0.9146188
0.054590542,0.03993929,0.9054702
0.05846566,0.026977472,0.91455686
0.014265347,0.018317068,0.96741754
0.050424457,0.035478037,0.9140975
0.05146235,0.032775413,0.9157622
0.030639287,0.03828045,0.9310803
0.029512424,0.032444727,0.9380429
0.047755864,0.024367502,0.92787665
0.07181488,0.05798733,0.87019783
0.023367543,0.89023435,0.08639806
0.041222166,0.06658427,0.8921936
0.044387765,0.01670027,0.9389119
0.07561843,0.059819102,0.86456245
0.058061622,0.04647194,0.89546645
0.06344612,0.061134815,0.875419
0.036441248,0.033768535,0.9297903
0.40095562,0.22164506,0.37739933
0.04904076,0.03640842,0.9145508
0.10284976,0.05553749,0.8416128
0.061865788,0.05699344,0.88114077
0.060103204,0.027760167,0.91213655
0.07198054,0.025046442,0.90297306
0.2014606,0.040829398,0.75771004
0.05850634,0.020922285,0.9205714
0.044740558,0.027189571,0.92806983
0.08708271,0.039404877,0.87351245
0.04154984,0.036489002,0.9219611
0.041245017,0.070848644,0.88790625
0.04033164,0.055073004,0.9045954
0.023560647,0.03255139,0.94388795
0.070661694,0.056226484,0.87311184
0.048878856,0.037807554,0.91331357
0.042911187,0.43978283,0.51730597
0.11116513,0.029269444,0.85956544
0.041768383,0.08842366,0.86980796
0.046233676,0.050186183,0.90358007
0.06491276,0.042487767,0.89259946
0.0785428,0.045545954,0.87591124
0.039496556,0.042043865,0.91845953
0.033629544,0.057429675,0.9089408
0.026987338,0.06878012,0.90423256
0.029711816,0.024061363,0.9462268
0.07254193,0.02010486,0.9073533
0.07810519,0.040165868,0.88172895
0.06493866,0.028929139,0.9061322
0.017182799,0.03360945,0.9492077
0.027087742,0.020829828,0.95208246
0.079207435,0.04348695,0.87730557
0.117575206,0.07855176,0.8038731
0.050460868,0.021283176,0.9282559
0.0246668,0.06850745,0.9068258
0.059678193,0.029312946,0.9110089
0.0326197,0.060408346,0.90697205
0.0529255,0.028887719,0.91818684
0.049920253,0.037133828,0.912946
0.043828994,0.10042359,0.85574746
0.078221,0.054129217,0.8676498
0.04609845,0.037882537,0.916019
0.05266303,0.054867946,0.892469
0.062675565,0.054188237,0.8831362
0.037878025,0.07265616,0.8894658
0.036350258,0.08468211,0.87896764
0.05622945,0.17584053,0.76793
0.0709916,0.041046675,0.8879617
0.086969025,0.06418959,0.84884137
0.9039909,0.044028923,0.051980164
0.043448407,0.025767481,0.9307841
0.045523938,0.03562762,0.9188484
0.032640584,0.025495099,0.9418643
0.044726282,0.056044567,0.8992291
0.030944247,0.0761403,0.8929154
0.059817098,0.050815713,0.8893673
0.02038028,0.049902722,0.929717
0.07458706,0.029094843,0.896318
0.04095727,0.024124607,0.9349181
0.037993092,0.028847227,0.93315965
0.058232214,0.06061108,0.88115674
0.02655256,0.018976258,0.9544711
0.040584344,0.074137494,0.88527817
0.049270906,0.047014624,0.9037144
0.031493858,0.042712007,0.9257942
0.08739702,0.035937786,0.87666523
0.040480155,0.024600456,0.93491936
0.039373882,0.029691955,0.9309342
0.04562182,0.88857967,0.0657985
0.07629379,0.46895626,0.45474997
0.03070674,0.038892847,0.9304004
0.030592695,0.02694528,0.94246197
0.081343204,0.0132853985,0.90537137
0.019207217,0.0184714,0.96232146
0.12085346,0.024963887,0.8541827
0.013145375,0.95174444,0.03511021
0.089595966,0.014748052,0.89565593
0.13206542,0.0170006,0.8509339
0.048996296,0.05144806,0.8995556
0.054323275,0.015129287,0.9305475
0.049656775,0.039551187,0.91079193
0.033074044,0.011621427,0.9553045
0.045307335,0.02581534,0.92887735
0.07272152,0.029153496,0.89812493
0.03519774,0.019957379,0.9448449
0.09699295,0.075685866,0.8273212
0.042529695,0.048145413,0.90932494
0.054391984,0.028328635,0.91727936
0.053554986,0.05293105,0.89351404
0.059917945,0.023625154,0.91645694
0.076102026,0.05380655,0.87009144
0.07328589,0.2705672,0.65614694
0.027562262,0.064146794,0.9082909
0.08687909,0.16406451,0.7490564
0.041325074,0.023615403,0.9350594
0.45645422,0.036783732,0.5067621
0.05296373,0.038447548,0.9085887
0.024455747,0.054257445,0.9212869
0.09049874,0.06046203,0.84903926
0.03487888,0.027005002,0.93811613
0.030849732,0.063176036,0.90597427
0.06365857,0.01538837,0.920953
0.041257516,0.035186186,0.92355627
0.041573375,0.0502451,0.90818155
0.02465541,0.025438057,0.94990647
0.025230693,0.09829023,0.8764791
0.055078804,0.031352323,0.9135688
0.06847553,0.01890388,0.9126206
0.062120255,0.02413733,0.91374236
0.043571204,0.02756064,0.9288681
0.027662374,0.055390555,0.916947
0.05447879,0.0054497262,0.9400715
0.015688632,0.0203026,0.9640088
0.036686722,0.095065236,0.86824805
0.103044406,0.06965528,0.82730037
0.1222295,0.01638921,0.8613813
0.3677368,0.029289119,0.60297406
0.035099786,0.035478868,0.92942137
0.030031608,0.051991418,0.91797704
0.0689569,0.035048183,0.8959949
0.031560596,0.055066966,0.91337246
0.042485252,0.020305173,0.9372096
0.024938405,0.0337555,0.94130605
0.03371221,0.038954385,0.9273334
0.4216996,0.03537126,0.5429291
0.05801307,0.037164565,0.90482235
0.15835156,0.082312316,0.7593361
0.07151709,0.11001321,0.81846976
0.056673925,0.025075331,0.91825074
0.03720395,0.03553494,0.9272612
0.030130893,0.88659376,0.08327535
0.015986862,0.08608721,0.8979258
0.04120577,0.042680178,0.91611403
0.07066508,0.03066097,0.89867395
0.020074552,0.10095626,0.8789692
0.0300782,0.034216464,0.93570536
0.0765435,0.014788003,0.9086685
0.040537134,0.055570256,0.90389264
0.033344183,0.017553998,0.9491018
0.05393568,0.07473616,0.87132823
0.062057633,0.04277668,0.8951656
0.14352165,0.053630125,0.80284816
0.032999665,0.062806085,0.90419424
0.039190765,0.020531425,0.9402779
0.103188135,0.078808635,0.8180033
0.047204804,0.03741508,0.9153802
0.070264466,0.029147916,0.9005876
0.057752877,0.067916736,0.8743304
0.051646743,0.0688229,0.8795304
0.055911485,0.04787035,0.8962181
0.05610645,0.034837287,0.9090563
0.051840875,0.04084963,0.9073095
0.13572584,0.024693388,0.8395807
0.032698724,0.02006656,0.9472348
0.026552763,0.0152330855,0.9582141
0.056203783,0.04201255,0.90178365
0.28812242,0.060837697,0.6510399
0.086981505,0.06695206,0.8460664
0.0518033,0.05210772,0.89608896
0.063180976,0.033424348,0.9033947
0.030963035,0.05617642,0.91286045
0.044292238,0.042305242,0.9134025
0.09556007,0.03549957,0.8689404
0.06858947,0.014589287,0.91682124
0.033076677,0.03822003,0.92870337
0.047216002,0.044312034,0.908472
0.044677164,0.026756225,0.92856663
0.07962366,0.061829563,0.8585467
0.25224015,0.032170683,0.71558917
0.0453848,0.034091376,0.92052376
0.08553844,0.042927504,0.871534
0.07444781,0.038736332,0.8868159
0.60813206,0.045914177,0.34595376
0.020461269,0.023991833,0.95554686
0.18972078,0.09881106,0.71146816
0.049702343,0.023409043,0.9268885
0.056485943,0.049946126,0.89356786
0.02872261,0.048478585,0.92279875
0.045207556,0.035173316,0.9196191
0.18216397,0.06149585,0.75634015
0.040065184,0.5623415,0.39759332
0.034634393,0.01080283,0.9545628
0.069595486,0.011871553,0.91853297
0.04397902,0.02211404,0.9339069
0.034161154,0.0252381,0.9406008
0.06081415,0.046400707,0.89278513
0.039749462,0.023185655,0.93706495
0.05614178,0.03689066,0.90696764
0.07098324,0.058332223,0.8706845
0.050885055,0.048036065,0.9010789
0.06967597,0.040760875,0.88956314
0.028537117,0.0282874,0.94317555
0.04529908,0.028709615,0.9259913
0.03352763,0.045116358,0.92135596
0.02162166,0.01769886,0.9606795
0.0413232,0.026395192,0.9322817
0.09774922,0.036956776,0.865294
0.04996974,0.04461796,0.9054122
0.029910225,0.02403354,0.9460561
0.058321033,0.12310445,0.8185745
0.065041915,0.05530827,0.8796499
0.038977943,0.026762974,0.934259
0.10612873,0.045958493,0.84791267
0.04080062,0.03780818,0.9213913
0.05299852,0.04180263,0.9051988
0.35213688,0.029768145,0.6180949
0.05790816,0.030042356,0.9120495
0.03874455,0.053216737,0.90803874
0.051381767,0.030711431,0.9179068
0.04652946,0.07122665,0.88224393
0.9544862,0.01339085,0.03212298
0.040948138,0.028895143,0.9301568
0.042310894,0.030684432,0.9270047
0.019999063,0.007885466,0.97211534
0.041262705,0.049384993,0.90935224
0.04504388,0.18166573,0.7732904
0.04554001,0.011650045,0.94280994
0.044714935,0.020471988,0.9348131
0.063884765,0.05550405,0.8806111
0.076848656,0.09896514,0.82418627
0.94122124,0.010193881,0.048584815
0.041879915,0.02246053,0.9356595
0.04018292,0.032668486,0.92714864
0.052712016,0.073829435,0.8734585
0.042000387,0.022393541,0.935606
0.1417857,0.0580752,0.8001391
0.09836114,0.10593911,0.79569983
0.06249665,0.06672253,0.8707808
0.039244495,0.045479976,0.91527563
0.04845252,0.041768685,0.9097788
0.018535743,0.009166901,0.97229743
0.031715207,0.16772462,0.80056024
0.15044351,0.019820806,0.8297357
0.034431595,0.032219388,0.9333491
0.028735757,0.05522759,0.9160366
0.068622924,0.031850353,0.8995268
0.10788147,0.034819365,0.85729915
0.027010905,0.018028317,0.9549608
0.05465371,0.039713103,0.90563315
0.1673715,0.036090735,0.7965377
0.09292732,0.063309066,0.8437636
0.09118424,0.029201215,0.8796145
0.10521776,0.051681228,0.843101
0.034226235,0.04160852,0.92416525
0.026813077,0.014982134,0.9582048
0.05343482,0.057664078,0.8889011
0.10153698,0.080873325,0.81758976
0.058960255,0.051476296,0.88956344
0.04142906,0.046443682,0.91212726
0.058466215,0.019795235,0.92173856
0.033064153,0.02488512,0.9420507
0.07726457,0.04622698,0.87650853
0.05382308,0.020589164,0.9255877
0.04130492,0.018599415,0.94009566
0.06716237,0.051595856,0.88124174
0.073903464,0.044043668,0.88205284
0.6698851,0.035420362,0.2946945
0.012433319,0.3337793,0.65378743
0.02407388,0.025501689,0.9504245
0.08742831,0.022651661,0.88992006
0.04041811,0.088626795,0.87095517
0.0396407,0.039447613,0.9209117
0.030693622,0.04924024,0.9200661
0.07440802,0.020885516,0.90470654
0.015546614,0.026368318,0.9580851
0.045841023,0.026196059,0.92796296
0.046018742,0.078433566,0.87554765
0.024924062,0.052507233,0.9225687
0.0669851,0.04200016,0.89101464
0.034604,0.05800741,0.9073886
0.049291395,0.041305337,0.9094032
0.08897561,0.047671743,0.86335266
0.05282034,0.032605287,0.9145744
0.032855965,0.015354231,0.9517898
0.051944688,0.03804068,0.9100147
0.060748488,0.036917854,0.9023337
0.052437108,0.033396218,0.91416675
0.065916695,0.03209388,0.9019894
0.017329777,0.010267553,0.9724027
0.03490321,0.039977666,0.92511916
0.055147734,0.013009499,0.9318428
0.025391685,0.03197296,0.94263536
0.058319703,0.039153997,0.90252626
0.048435405,0.034078564,0.91748595
0.06710298,0.02802737,0.9048697
0.05528547,0.027717952,0.9169966
0.017909847,0.044457346,0.9376328
0.044716667,0.034927554,0.9203558
0.08139974,0.013925852,0.9046744
0.049188767,0.047721963,0.90308934
0.032198306,0.024068361,0.9437333
0.05064737,0.044565395,0.90478724
0.036538575,0.052339092,0.91112226
0.05289504,0.046316445,0.9007885
0.018745068,0.044835534,0.9364194
0.0509513,0.06769755,0.8813512
0.083080746,0.09506668,0.82185256
0.03658803,0.03804553,0.92536646
0.03281745,0.029417373,0.9377651
0.035675276,0.059395798,0.90492886
0.16556156,0.013925994,0.8205124
0.38403922,0.039414484,0.5765463
0.03307658,0.019905837,0.9470176
0.048141256,0.1647795,0.7870793
0.039700564,0.024387257,0.9359122
0.022982705,0.01585759,0.9611596
0.0424052,0.04203413,0.9155606
0.05020496,0.039676625,0.91011846
0.04638916,0.04166427,0.9119466
0.03209091,0.057152387,0.91075677
0.039608106,0.039338272,0.9210536
0.119368725,0.03694261,0.8436887
0.03142788,0.111639336,0.85693276
0.0618969,0.036494073,0.9016091
0.83677214,0.110756606,0.052471213
0.043235723,0.05990973,0.89685446
0.030593295,0.01674738,0.95265937
0.018791439,0.010780483,0.97042805
0.06797029,0.04712765,0.88490206
0.054620568,0.012476515,0.93290293
0.07199283,0.024880053,0.90312713
0.038445827,0.04543316,0.91612107
0.051088426,0.0503947,0.89851683
0.07563162,0.083390184,0.8409782
0.057493202,0.045792833,0.89671403
0.10481498,0.03202926,0.8631558
0.03409225,0.03632647,0.9295812
0.047989853,0.031349815,0.9206604
0.44544104,0.17131406,0.38324493
0.050780714,0.041163653,0.90805566
0.04896932,0.024336452,0.9266943
0.038289577,0.030408097,0.9313023
0.06620427,0.034921285,0.8988745
0.04814819,0.057010118,0.8948417
0.039613362,0.031986035,0.9284007
0.018107496,0.011431414,0.97046113
0.059570596,0.012221269,0.92820805
0.07505386,0.05332521,0.87162083
0.037152987,0.028681578,0.93416536
0.109407075,0.29885498,0.5917379
0.034482118,0.03988294,0.9256349
0.073878825,0.023452226,0.902669
0.055422924,0.024402382,0.9201747
0.052318126,0.046215694,0.9014662
0.0675438,0.043609556,0.8888466
0.053336907,0.030331157,0.9163319
0.048476033,0.055415455,0.8961086
0.08268956,0.03350763,0.8838029
0.08812334,0.043752205,0.8681244
0.07034464,0.021855688,0.90779966
0.047647737,0.047138635,0.9052137
0.043545578,0.0308483,0.92560613
0.04914848,0.014387077,0.9364645
0.048181355,0.022960175,0.9288586
0.025551165,0.012835392,0.9616135
0.04727441,0.20295826,0.74976736
0.039613493,0.05171622,0.9086703
0.105898395,0.07885086,0.81525075
0.029237712,0.09690213,0.8738601
0.030676061,0.046185333,0.9231387
0.050873455,0.047372986,0.9017535
0.5754578,0.035654858,0.38888735
0.066989385,0.03319455,0.89981604
0.029262956,0.025976228,0.94476086
0.07867096,0.023621308,0.8977077
0.041218206,0.05129689,0.9074849
0.03942154,0.01013418,0.9504443
0.054562446,0.08103277,0.86440474
0.046477906,0.035358522,0.9181635
0.035910197,0.02245009,0.9416397
0.035213742,0.05572455,0.90906173
0.98553896,0.011473772,0.0029872719
0.27300593,0.0554916,0.67150253
0.07574483,0.03424104,0.8900142
0.059169836,0.048104733,0.89272547
0.048828408,0.024432873,0.9267387
0.03743269,0.034149483,0.92841774
0.053646363,0.031877674,0.914476
0.036430247,0.09122857,0.87234116
0.04487995,0.048384838,0.9067353
0.057392687,0.092613265,0.849994
0.6439775,0.08793298,0.26808953
0.05922335,0.045496892,0.8952797
0.04717889,0.039728608,0.9130925
0.053428605,0.04817454,0.89839685
0.0400473,0.03593324,0.92401946
0.02967849,0.052444663,0.9178769
0.041059826,0.0235097,0.9354304
0.0733169,0.03785104,0.8888321
0.032521263,0.0124162175,0.95506257
0.065432854,0.0062549184,0.92831224
0.05988283,0.06100431,0.87911284
0.055862557,0.044320576,0.8998168
0.06702908,0.01933588,0.9136351
0.05038411,0.038031925,0.91158396
0.041100696,0.020707132,0.93819207
0.073327005,0.021070177,0.9056028
0.026205175,0.041875754,0.9319191
0.07691838,0.038488597,0.884593
0.05441961,0.024243072,0.92133725
0.06912063,0.026596382,0.904283
0.053541478,0.05578317,0.8906754
0.040808164,0.07120212,0.8879897
0.047117416,0.036516342,0.9163662
0.14350201,0.08073351,0.7757645
0.040882487,0.05107821,0.90803933
0.036506105,0.06947967,0.89401424
0.09020627,0.030215316,0.8795784
0.056741696,0.022112135,0.92114615
0.023751741,0.023774948,0.95247334
0.032277714,0.033596307,0.9341261
0.045376968,0.05820831,0.89641464
0.07868376,0.05870166,0.86261463
0.028318977,0.028374344,0.94330674
0.058229204,0.028240416,0.9135304
0.028719004,0.033152353,0.9381287
0.06389386,0.051490787,0.8846154
0.044507552,0.043012,0.9124805
0.036213137,0.011417247,0.95236963
0.043288533,0.025722856,0.93098867
0.06911474,0.032839347,0.8980459
0.075557575,0.13055179,0.79389066
0.06340991,0.060388096,0.876202
0.02318967,0.05230978,0.92450064
0.09342892,0.01884272,0.8877283
0.034282774,0.034585416,0.9311318
0.06429993,0.06778175,0.8679184
0.09274948,0.065512806,0.8417377
0.061060805,0.044282127,0.8946571
0.07628145,0.049443774,0.8742748
0.08677762,0.07978731,0.83343506
0.092715494,0.0437957,0.8634888
0.08360325,0.086341366,0.8300554
0.05267351,0.03529432,0.9120321
0.05375167,0.041536074,0.90471226
0.22351703,0.43231547,0.34416744
0.037952293,0.023496177,0.9385515
0.069465876,0.02616109,0.90437305
0.037750795,0.01767617,0.94457304
0.04192837,0.020414308,0.93765724
0.036235187,0.036519386,0.9272454
0.05916935,0.03139393,0.9094367
0.09085366,0.02498397,0.88416237
0.06986556,0.033784777,0.8963497
0.04120332,0.04897796,0.90981877
0.049853656,0.024060614,0.92608577
0.028479856,0.03847383,0.93304634
0.08874806,0.053045664,0.85820633
0.05638378,0.018394733,0.92522144
0.051296476,0.024230741,0.9244728
0.8576577,0.010494851,0.13184756
0.037519164,0.026449637,0.9360311
0.03762791,0.05782571,0.9045463
0.017091688,0.013507443,0.9694009
0.041911628,0.043411292,0.9146771
0.043982416,0.02567978,0.9303377
0.053549442,0.05302904,0.89342153
0.04167078,0.069107234,0.8892221
0.05490631,0.061974436,0.8831193
0.033660002,0.06012276,0.9062172
0.2557688,0.049149167,0.695082
0.053996682,0.032718677,0.91328466
0.066789314,0.029928423,0.90328234
0.03951275,0.026269807,0.9342175
0.05974906,0.040984757,0.89926624
0.17779364,0.059089962,0.7631165
0.5952806,0.027581174,0.3771383
0.039320376,0.066625446,0.8940542
0.056187663,0.032550696,0.9112616
0.21923366,0.01854892,0.7622174
0.051900078,0.039754327,0.9083456
0.10601515,0.048632167,0.8453527
0.10930765,0.044250622,0.8464417
0.10917525,0.096629485,0.79419523
0.07479774,0.11790342,0.8072989
0.067333795,0.05861499,0.87405115
0.014972979,0.046846308,0.9381806
0.029935025,0.035168894,0.9348961
0.028525406,0.023145739,0.94832885
0.70280045,0.10935499,0.1878446
0.1336163,0.07885641,0.7875273
0.46396214,0.109449916,0.42658797
0.04910818,0.03329322,0.91759855
0.03623927,0.04362761,0.9201331
0.04870096,0.02968321,0.92161584
0.2164248,0.025962096,0.75761306
0.16893944,0.036039606,0.79502094
0.03644006,0.023758356,0.9398015
0.08193155,0.051724065,0.86634433
0.48072693,0.049223382,0.47004974
0.016462624,0.06249441,0.921043
0.0425226,0.033084314,0.92439306
0.07599843,0.044852037,0.8791495
0.038209118,0.020572051,0.9412188
0.059138432,0.032787174,0.90807444
0.037713125,0.014037426,0.94824946
0.062167842,0.030506013,0.9073261
0.16633107,0.062305298,0.77136356
0.047940828,0.008688146,0.943371
0.13133688,0.06018916,0.808474
0.06768213,0.04252017,0.8897977
0.06453013,0.029746694,0.9057232
0.071517006,0.026933553,0.9015495
0.04799083,0.013171313,0.9388378
0.024566615,0.022455703,0.95297766
0.038067892,0.048594568,0.9133375
0.028180348,0.055770334,0.9160493
0.051335983,0.07527924,0.87338483
0.03209254,0.010593338,0.9573141
0.06057476,0.07582951,0.8635957
0.0528521,0.08578742,0.8613605
0.052677397,0.043204486,0.90411806
0.023788806,0.015708093,0.96050316
0.03725638,0.06362328,0.8991204
0.036142405,0.047974516,0.91588306
0.062178645,0.041785553,0.8960358
0.07301335,0.02305333,0.90393335
0.06271321,0.05491353,0.8823733
0.06304015,0.00968642,0.92727333
0.041895412,0.0220989,0.9360058
0.054960333,0.03165366,0.913386
0.041262217,0.015017333,0.9437205
0.0928866,0.042031135,0.8650823
0.0928866,0.042031135,0.8650823
0.06660037,0.030911611,0.902488
0.20420758,0.039011773,0.7567807
0.032118127,0.03291191,0.9349699
0.033463493,0.04784071,0.9186958
0.054637894,0.025733612,0.91962856
0.047263794,0.047774244,0.90496194
0.045033567,0.03978081,0.9151855
0.990306,0.008033022,0.0016609489
0.03847537,0.03660605,0.92491853
0.044637922,0.042885967,0.91247606
0.05439093,0.03637398,0.90923506
0.012111264,0.036051784,0.951837
0.07814474,0.040540952,0.8813142
0.02628689,0.047972735,0.9257403
0.03960297,0.029516773,0.93088025
0.02983595,0.06260999,0.90755403
0.037253264,0.053991858,0.90875494
0.026525788,0.08122783,0.8922464
0.07630305,0.023614509,0.9000824
0.042933907,0.027370522,0.9296956
0.0389461,0.01931741,0.94173646
0.11285073,0.055322256,0.83182704
0.027309682,0.02120658,0.9514836
0.06550163,0.020510608,0.91398776
0.016213475,0.008703909,0.9750827
0.03266713,0.013591117,0.9537418
0.38578048,0.039390717,0.5748288
0.06455773,0.038137294,0.89730495
0.031529933,0.037078843,0.93139124
0.04424229,0.030825831,0.9249319
0.98977274,0.0076910206,0.0025362293
0.10038703,0.047512185,0.85210085
0.07596591,0.019576456,0.90445757
0.042755663,0.074236766,0.8830076
0.0825008,0.012596431,0.90490276
0.04169233,0.024106119,0.9342016
0.3281313,0.02136958,0.6504991
0.053891495,0.04873448,0.897374
0.05654877,0.0236422,0.919809
0.03565073,0.025854392,0.93849486
0.2656114,0.30932057,0.42506802
0.06266752,0.028944563,0.9083879
0.019416874,0.18503353,0.7955496
0.022952953,0.053003643,0.9240435
0.02088083,0.01345537,0.96566385
0.0596103,0.03396493,0.9064248
0.046517134,0.023712268,0.9297706
0.08003002,0.033986267,0.8859838
0.05420108,0.031738948,0.91405994
0.037860345,0.021279247,0.9408604
0.028701259,0.01245323,0.95884556
0.024045562,0.08633808,0.8896164
0.05636203,0.012429553,0.9312085
0.025138138,0.026942959,0.9479189
0.07312343,0.020696025,0.9061806
0.037513953,0.051829275,0.9106567
0.049266182,0.016599081,0.9341348
0.07399212,0.04332814,0.88267976
0.014270245,0.10544365,0.8802861
0.117697045,0.030286198,0.8520167
0.031785913,0.017264832,0.9509493
0.05710531,0.0408512,0.9020435
0.034454107,0.030674057,0.93487185
0.027206674,0.02118858,0.9516047
0.076645754,0.05216588,0.8711884
0.142824,0.017841639,0.83933437
0.025169617,0.86290586,0.11192457
0.04173013,0.018644651,0.93962526
0.060388427,0.03823557,0.901376
0.068706155,0.036811683,0.8944822
0.053188365,0.03925696,0.9075546
0.08434435,0.018995177,0.8966605
0.06804094,0.034819853,0.89713925
0.05039341,0.047155663,0.9024509
0.03987539,0.038272955,0.9218516
0.024122572,0.09337872,0.8824987
0.9779994,0.0138553735,0.008145154
0.050310213,0.053554945,0.89613485
0.08011159,0.04760381,0.87228465
0.088943906,0.027113117,0.883943
0.97613084,0.011736437,0.012132665
0.05173944,0.055022582,0.893238
0.04958115,0.008474055,0.9419448
0.09945254,0.030007228,0.87054026
0.025508977,0.031193266,0.94329774
0.052457042,0.060732495,0.8868105
0.06514157,0.022337135,0.91252136
0.41435996,0.14153063,0.44410944
0.36865842,0.113982216,0.5173594
0.053810075,0.05801236,0.8881776
0.04098162,0.018965395,0.940053
0.15713981,0.060464583,0.7823956
0.04294228,0.01621966,0.94083804
0.019042464,0.0071226014,0.9738349
0.058363024,0.04721768,0.89441925
0.06780601,0.11377571,0.81841826
0.059585337,0.052327737,0.8880869
0.8461411,0.01925886,0.13459997
0.075486414,0.03493345,0.88958013
0.029463151,0.039531026,0.9310058
0.038540922,0.05110831,0.91035074
0.057962827,0.12210961,0.8199275
0.08637058,0.016260277,0.8973692
0.040673874,0.039001256,0.9203248
0.09025118,0.029732632,0.88001627
0.04476942,0.041852124,0.91337854
0.03291961,0.039169434,0.9279109
0.03305957,0.049531464,0.917409
0.04590594,0.0239089,0.9301851
0.08740001,0.028597176,0.88400286
0.07377363,0.040981095,0.88524526
0.042015407,0.008233026,0.9497515
0.06340549,0.034405705,0.90218884
0.04630627,0.040705822,0.91298795
0.036656115,0.030807316,0.9325366
0.5229964,0.060644783,0.41635877
0.027576793,0.032972883,0.93945026
0.04435139,0.030245021,0.9254036
0.047025267,0.026715806,0.92625886
0.05710535,0.031108338,0.91178626
0.06290336,0.037671518,0.8994252
0.0877915,0.016407175,0.89580137
0.042466458,0.046006955,0.9115266
0.04603684,0.02476236,0.92920077
0.18665786,0.022478921,0.79086316
0.035631064,0.27510783,0.6892611
0.033481747,0.07298816,0.8935301
0.027721688,0.036155894,0.9361224
0.016755011,0.08702177,0.8962232
0.06638323,0.034071196,0.8995456
0.067393765,0.04313192,0.8894743
0.10056581,0.04706525,0.8523689
0.04171337,0.07292383,0.8853627
0.048728805,0.043425027,0.9078462
0.06384793,0.02855456,0.90759754
0.049499907,0.14534631,0.8051538
0.043659344,0.13395596,0.8223847
0.056136135,0.037872493,0.9059913
0.03886589,0.052916262,0.9082177
0.03261932,0.08746449,0.8799161
0.047434803,0.027319437,0.9252457
0.048184063,0.03730655,0.91450936
0.5930133,0.024061833,0.38292488
0.017398559,0.009195296,0.9734062
0.07102753,0.013254758,0.9157177
0.047322307,0.025108159,0.92756957
0.042846993,0.016567454,0.9405855
0.04905466,0.03613533,0.91480994
0.051204022,0.051757026,0.897039
0.091677696,0.03510411,0.8732182
0.07155809,0.09090067,0.8375413
0.03979194,0.16950513,0.7907029
0.035725575,0.018282512,0.94599193
0.044443425,0.011787842,0.94376874
0.039618593,0.02457573,0.9358057
0.12530337,0.023406256,0.8512904
0.09009737,0.21319754,0.6967051
0.023595672,0.0077506914,0.9686536
0.022537889,0.029366255,0.94809586
0.07612766,0.019257488,0.9046149
0.06434769,0.03072397,0.90492827
0.06951743,0.021896005,0.90858656
0.060456682,0.0062275184,0.9333158
0.056078337,0.040629078,0.9032926
0.049623884,0.25937656,0.69099957
0.05255322,0.015918633,0.9315281
0.060996205,0.040041372,0.89896244
0.20325103,0.059613343,0.73713565
0.049865387,0.06279,0.8873446
0.030210376,0.033636354,0.93615323
0.032216225,0.051682875,0.91610086
0.06780802,0.027584838,0.9046071
0.07637089,0.08637069,0.83725846
0.030266222,0.04005709,0.9296767
0.02616196,0.039814383,0.9340236
0.045423243,0.047556683,0.90702
0.034803484,0.010645606,0.95455086
0.02224356,0.02730666,0.95044976
0.052985772,0.04644122,0.900573
0.07600291,0.017772399,0.90622467
0.05062376,0.039696254,0.90967995
0.14284758,0.090092845,0.7670595
0.060755923,0.030609725,0.90863436
0.035895787,0.037435222,0.926669
0.020559473,0.008938019,0.97050256
0.057096366,0.033927727,0.90897584
0.05659946,0.037924934,0.9054757
0.02443948,0.019145338,0.9564151
0.050122835,0.24671324,0.70316386
0.0577392,0.04171,0.9005508
0.055386875,0.046777267,0.8978358
0.068846054,0.026054569,0.9050994
0.08156923,0.024182564,0.8942482
0.031546537,0.016334193,0.9521193
0.04942881,0.031480286,0.9190909
0.10060373,0.073747166,0.8256491
0.045472447,0.051829837,0.9026978
0.029045817,0.03320377,0.9377504
0.42951354,0.027431082,0.54305536
0.087542154,0.057187714,0.8552701
0.044260945,0.029512951,0.9262261
0.027912896,0.02396861,0.94811845
0.064988784,0.02906478,0.9059465
0.057841662,0.034707893,0.90745044
0.07654597,0.014312504,0.90914154
0.056810103,0.037003152,0.90618664
0.7513792,0.025861872,0.22275892
0.03774044,0.37197185,0.59028774
0.04261467,0.0399937,0.91739166
0.046083033,0.03820418,0.9157127
0.04957346,0.038494907,0.9119316
0.06380517,0.03362296,0.9025718
0.07246603,0.026425485,0.90110856
0.054662813,0.5197671,0.4255701
0.045744006,0.047939308,0.90631676
0.057639185,0.04949437,0.89286643
0.11779545,0.028642375,0.85356224
0.15282203,0.037799712,0.8093782
0.029440356,0.02746824,0.94309145
0.06592033,0.032921005,0.90115863
0.058180984,0.022784002,0.919035
0.03944286,0.04065519,0.91990197
0.034504775,0.057167213,0.908328
0.13362488,0.026363742,0.84001136
0.041364737,0.023591945,0.9350433
0.053109087,0.056479145,0.89041173
0.06506007,0.014616441,0.92032343
0.07556631,0.024294376,0.90013933
0.054695394,0.0318724,0.91343224
0.034754783,0.035928123,0.92931706
0.028246272,0.02902929,0.9427244
0.05602184,0.055585872,0.8883923
0.03981338,0.008694745,0.95149195
0.06469454,0.029046427,0.9062591
0.05318864,0.014093586,0.93271774
0.036551394,0.056889,0.9065596
0.0641746,0.05724554,0.8785798
0.09689561,0.03185931,0.8712451
0.014726649,0.982258,0.003015366
0.05777534,0.05073821,0.8914864
0.053180195,0.03940455,0.9074152
0.06440247,0.036947127,0.89865047
0.05274916,0.044549573,0.9027012
0.085818045,0.48928836,0.42489356
0.05019634,0.047804218,0.9019994
0.034042943,0.028611096,0.937346
0.06377989,0.03400582,0.9022143
0.148665,0.0775039,0.7738311
0.065475315,0.042068128,0.8924566
0.05143044,0.056320045,0.8922495
0.06347089,0.043495256,0.89303386
0.038028225,0.025208866,0.9367628
0.048852157,0.031173855,0.91997397
0.06793483,0.032819077,0.89924616
0.039541595,0.03192808,0.9285304
0.027548483,0.008891431,0.9635601
0.046183944,0.014335088,0.9394809
0.11649313,0.13290946,0.75059736
0.051519025,0.052947186,0.89553374
0.056761853,0.032500234,0.9107379
0.05403444,0.0940954,0.85187024
0.03376775,0.047295738,0.91893655
0.048693072,0.057318456,0.8939885
0.0400011,0.0388462,0.9211527
0.09882941,0.10654747,0.7946231
0.03756095,0.025365422,0.9370736
0.0468017,0.08507862,0.8681197
0.054878768,0.04195392,0.9031673
0.034477938,0.04630461,0.9192175
0.059213948,0.05261457,0.88817155
0.034845863,0.06909654,0.8960576
0.02220845,0.01577894,0.96201265
0.061597697,0.03146103,0.90694124
0.07252524,0.08604178,0.84143305
0.043360062,0.034977153,0.9216628
0.053179912,0.06689826,0.87992185
0.020161297,0.031842314,0.94799644
0.06398668,0.033521622,0.9024916
0.024233006,0.01625339,0.9595136
0.038319945,0.028728357,0.9329517
0.027907139,0.026943073,0.9451498
0.03817835,0.05827191,0.90354973
0.05568704,0.024256697,0.92005634
0.07007689,0.033492178,0.89643097
0.027145594,0.0084339855,0.9644203
0.053412527,0.044064857,0.9025227
0.0587986,0.059259765,0.8819416
0.14144248,0.037827842,0.82072973
0.044675026,0.07621775,0.8791072
0.06151158,0.055952262,0.8825361
0.041549597,0.0409854,0.917465
0.10254225,0.029609265,0.8678484
0.03804197,0.046564505,0.91539353
0.06948077,0.04084564,0.8896736
0.026675848,0.027442114,0.9458821
0.04564646,0.025806168,0.9285473
0.06264674,0.042471774,0.8948814
0.06999429,0.011606192,0.9183995
0.37383032,0.060168073,0.5660016
0.0695515,0.042474482,0.887974
0.035988905,0.025820779,0.9381904
0.013826573,0.020634882,0.9655386
0.058348995,0.042191695,0.89945924
0.034023363,0.03555187,0.93042475
0.033053398,0.033443026,0.93350357
0.03563473,0.029948896,0.9344165
0.056046437,0.03586965,0.908084
0.035806548,0.039828233,0.9243652
0.049681365,0.030133272,0.9201854
0.052818656,0.03975298,0.90742826
0.04259906,0.0322498,0.9251511
0.08472217,0.027264573,0.88801324
0.034392226,0.042385865,0.9232219
0.026282355,0.0140816765,0.959636
0.06224142,0.10660247,0.8311561
0.050701298,0.045315396,0.9039833
0.39145163,0.01862799,0.5899204
0.09220602,0.048211034,0.85958296
0.064114235,0.033359617,0.90252614
0.042773873,0.09135166,0.8658744
0.03093035,0.020846928,0.94822276
0.12601344,0.028671965,0.8453145
0.037791174,0.028554145,0.9336548
0.065779194,0.030590167,0.9036307
0.068584695,0.028870923,0.9025443
0.036119726,0.06715184,0.89672846
0.055380046,0.07110939,0.87351054
0.62278676,0.16860582,0.20860744
0.31585082,0.057689473,0.6264597
0.05835224,0.040379968,0.9012678
0.82532394,0.049154833,0.12552126
0.081423424,0.026798205,0.8917784
0.07868341,0.030453889,0.8908627
0.11231875,0.1495265,0.73815465
0.045960933,0.04164407,0.912395
0.9199445,0.005567196,0.07448826
0.037930332,0.09582359,0.8662461
0.8752924,0.026021758,0.09868578
0.06101574,0.056265257,0.882719
0.03602799,0.03024986,0.9337222
0.07271396,0.036242932,0.8910431
0.059529804,0.044066317,0.89640385
0.58210886,0.026407287,0.39148384
0.07605995,0.06864736,0.8552927
0.06388655,0.02973903,0.90637445
0.040087163,0.026808323,0.93310446
0.1444965,0.014181896,0.84132165
0.082437016,0.023457693,0.8941053
0.054509338,0.022634283,0.92285633
0.01993992,0.21892294,0.7611371
0.01725489,0.042498246,0.9402469
0.0514526,0.021260949,0.92728645
0.0463767,0.019389406,0.93423396
0.07393377,0.03499212,0.89107406
0.05475149,0.8256603,0.11958825
0.033519305,0.007724122,0.95875657
0.07149457,0.045533556,0.8829719
0.40835223,0.024559781,0.56708795
0.043192323,0.0324128,0.92439485
0.037252728,0.04059572,0.92215157
0.09438926,0.040162552,0.86544824
0.06833213,0.048978053,0.8826898
0.07175739,0.06001412,0.86822844
0.038655177,0.04829543,0.91304946
0.07254774,0.06579794,0.86165434
0.06967254,0.048591796,0.8817356
0.059065,0.04192428,0.89901066
0.05775024,0.05202037,0.89022934
0.9060156,0.03726813,0.056716233
0.021685746,0.025082314,0.95323193
0.03159407,0.0378501,0.9305558
0.045733146,0.01940249,0.93486434
0.08107991,0.07239621,0.84652376
0.024695149,0.02200726,0.9532976
0.07429437,0.037687346,0.8880183
0.07511558,0.041401822,0.8834827
0.048464037,0.040651705,0.91088426
0.026700316,0.033917576,0.93938214
0.053542793,0.071279876,0.8751773
0.11670201,0.05805447,0.82524353
0.05518957,0.044476178,0.9003343
0.042692594,0.034641106,0.9226663
0.04577079,0.025876459,0.9283527
0.02449937,0.964393,0.0111076245
0.03406664,0.049663577,0.9162697
0.033510532,0.032926627,0.9335628
0.058519095,0.049037993,0.8924429
0.06768775,0.042440724,0.88987154
0.02635768,0.028948246,0.9446941
0.054472618,0.06294299,0.8825844
0.1133673,0.056285538,0.8303472
0.116730146,0.078522116,0.8047477
0.14091444,0.073895,0.7851905
0.07225512,0.03712118,0.8906237
0.9849604,0.010522743,0.0045169443
0.9870157,0.011137424,0.001846766
0.98473465,0.013587757,0.0016776136
0.048289295,0.9502281,0.001482621
0.9666177,0.0231358,0.0102464175
0.9825119,0.016036673,0.0014514083
0.98582155,0.013722837,0.00045556715
0.9774984,0.017903509,0.0045980015
0.9927651,0.0046154084,0.002619528
0.9885759,0.009485658,0.0019384534
0.9264772,0.056185294,0.017337535
0.014975677,0.9843428,0.0006815291
0.96961784,0.011807075,0.018575137
0.9880377,0.010617649,0.0013446199
0.9841187,0.014740143,0.0011410866
0.9716409,0.02684606,0.0015130728
0.99084926,0.008656652,0.0004941317
0.9791739,0.020223117,0.0006029814
0.9861588,0.009388829,0.004452327
0.9907335,0.0087405825,0.000525939
0.99653,0.002893545,0.000576489
0.984303,0.014571145,0.0011258026
0.014180131,0.98348224,0.0023375596
0.05048965,0.726957,0.22255334
0.015341494,0.98118824,0.0034702725
0.010899327,0.9878561,0.0012445564
0.019727817,0.97498316,0.005288969
0.014767311,0.9820886,0.0031441415
0.011644491,0.9866214,0.0017341828
0.0066235946,0.9926756,0.0007008542
0.0048981206,0.9936168,0.001485115
0.0056381207,0.9878852,0.006476775
0.013461368,0.98130804,0.0052305236
0.011670149,0.98590267,0.0024271596
0.00585331,0.99209595,0.002050696
0.011436096,0.9842233,0.0043406524
0.2943901,0.5348968,0.17071304
0.018697942,0.97507566,0.006226436
0.009067743,0.98651296,0.004419265
0.015585662,0.98230916,0.0021051741
0.008245594,0.98909307,0.002661313
0.0143747125,0.9844007,0.001224558
0.9687396,0.027400635,0.003859761
0.8031284,0.094640635,0.10223104
0.005519662,0.99393916,0.00054120936
0.006040669,0.9904151,0.003544197
0.1250913,0.8548439,0.020064775
0.008938957,0.9897479,0.0013131781
0.04610405,0.77367526,0.18022065
0.012322886,0.9846808,0.0029963525
0.0048047495,0.9938996,0.001295709
0.30323848,0.3191908,0.3775707
0.018631563,0.98019123,0.0011771995
0.012526971,0.9864326,0.0010403974
0.7762877,0.20695506,0.01675723
0.025776846,0.9644394,0.009783788
0.0062244856,0.991088,0.0026875958
0.09107702,0.87515485,0.03376815
0.006776493,0.9920642,0.0011593212
0.024237633,0.9738584,0.0019040081
0.010664253,0.98850536,0.0008304088
0.018203713,0.9794362,0.0023599886
0.011202077,0.9859822,0.0028157814
0.015036846,0.9806718,0.004291332
0.01591134,0.982479,0.0016096494
0.02714355,0.8870984,0.08575806
0.002163728,0.9968947,0.00094157754
0.032559898,0.05681055,0.9106295
0.018801015,0.9785377,0.0026613479
0.05580841,0.032872215,0.9113194
0.05252323,0.021015074,0.92646176
0.8818957,0.0257864,0.09231789
0.039660186,0.03265545,0.92768437
0.041265823,0.040388703,0.91834545
0.021808073,0.015830964,0.962361
0.05580841,0.032872215,0.9113194
0.024183681,0.19236769,0.7834486
0.85593706,0.01432997,0.12973295
0.036281075,0.06824691,0.895472
0.02707945,0.7177482,0.25517234
0.064104445,0.011205144,0.92469037
0.052524526,0.07414383,0.87333167
0.055981193,0.019102523,0.9249163
0.06138807,0.17990173,0.75871015
0.06797463,0.02342268,0.9086027
0.68836373,0.0249637,0.28667262
0.047349993,0.85033315,0.102316864
0.21097688,0.15360215,0.6354209
0.03012273,0.058063082,0.9118142
0.07228174,0.021851784,0.9058665
0.077388145,0.053657573,0.86895436
0.3408581,0.114452235,0.54468966
0.020026436,0.013159336,0.9668142
0.047681298,0.041144006,0.9111746
0.042211544,0.011952913,0.94583553
0.06575997,0.030432267,0.9038078
0.061269272,0.031323858,0.90740687
0.042718176,0.08234144,0.8749404
0.046071663,0.061393715,0.8925346
0.03683108,0.076912634,0.8862563
0.05449619,0.039831348,0.90567243
0.09569584,0.10928808,0.79501605
0.06052448,0.028983299,0.91049224
0.06575997,0.030432267,0.9038078
0.043093503,0.033725526,0.923181
0.030802833,0.24657957,0.72261757
0.038871396,0.026689816,0.93443877
0.04716151,0.16752896,0.7853096
0.03538279,0.026786692,0.9378305
0.050007068,0.06446166,0.8855313
0.045833502,0.10359044,0.85057604
0.025154797,0.018858481,0.9559867
0.07945326,0.03491454,0.88563216
0.06633985,0.099006094,0.83465403
0.06291336,0.24980107,0.68728554
0.027568165,0.02034735,0.9520845
0.025787497,0.02154626,0.95266634
0.04350539,0.013503689,0.94299096
0.05320409,0.03408382,0.9127121
0.054024424,0.03933259,0.906643
0.08080216,0.023791954,0.8954059
0.044298023,0.023252409,0.9324495
0.049664784,0.23303635,0.71729887
0.31540754,0.4767306,0.20786181
0.09240366,0.026603675,0.8809927
0.017868,0.017937932,0.96419406
0.10341518,0.017064394,0.8795204
0.073307715,0.034493115,0.89219916
0.05237691,0.03717708,0.910446
0.07203016,0.031406242,0.89656365
0.081955366,0.020440187,0.8976044
0.06200451,0.03746102,0.90053445
0.0597055,0.024407558,0.9158869
0.06132004,0.19091895,0.74776095
0.04749035,0.042321373,0.9101883
0.04370646,0.038987383,0.9173062
0.021777892,0.04128684,0.93693525
0.039053135,0.039397888,0.921549
0.026549207,0.036644578,0.93680626
0.07186251,0.013789063,0.9143484
0.05802154,0.033482056,0.90849644
0.02213454,0.022792606,0.95507294
0.027579388,0.04201249,0.9304081
0.07703255,0.039652962,0.8833145
0.05476552,0.032415822,0.91281873
0.036807116,0.017625786,0.94556713
0.42462477,0.04666311,0.52871215
0.08178969,0.69238174,0.22582856
0.06233524,0.018069865,0.9195949
0.038375933,0.056055196,0.9055689
0.110555634,0.17649496,0.7129494
0.060240798,0.062701724,0.87705743
0.029615056,0.040046476,0.93033844
0.04013937,0.026452893,0.9334077
0.054542042,0.073322706,0.8721353
0.029957866,0.03351847,0.9365236
0.055368558,0.02625662,0.9183748
0.04961476,0.051843718,0.89854145
0.06402187,0.062906325,0.8730718
0.036727622,0.1613393,0.80193305
0.045963805,0.03082852,0.92320776
0.05456393,0.07081815,0.8746179
0.017230073,0.9782045,0.004565514
0.9908165,0.008605793,0.00057767937
0.9899503,0.008648798,0.0014008902
0.99751866,0.0024059073,7.554624e-05
0.9952064,0.003934355,0.000859214
0.10844487,0.19579385,0.69576126
0.97626936,0.01834082,0.005389862
0.8820506,0.027710192,0.09023923
0.80749714,0.069872625,0.12263027
0.9317956,0.040502805,0.027701553
0.99041766,0.0071176663,0.0024646088
0.99183863,0.007572781,0.00058853015
0.11531088,0.057250503,0.8274386
0.99217284,0.00731364,0.0005134981
0.9733054,0.011828854,0.014865711
0.9447339,0.0453442,0.009921964
0.9936759,0.0035977813,0.002726377
0.07848508,0.3154568,0.6060581
0.44655383,0.036003478,0.5174427
0.98334044,0.016462937,0.0001965924
0.9291335,0.035467874,0.03539867
0.98769,0.010388313,0.0019216444
0.99220663,0.005618716,0.0021746866
0.22825296,0.082024425,0.68972266
0.9949886,0.003910514,0.0011008588
0.99323374,0.006299178,0.00046713205
0.9881941,0.0113263205,0.00047951497
0.99523723,0.0045819366,0.00018081152
0.98840094,0.010841627,0.0007574939
0.6939426,0.13260303,0.17345439
0.991088,0.008718131,0.00019392975
0.944685,0.053661056,0.0016539977
0.9900023,0.0070317923,0.0029658403
0.99290574,0.005069753,0.002024501
0.18302913,0.03042339,0.78654754
0.9945503,0.0044119726,0.0010377514
0.4069377,0.05343076,0.53963155
0.056633715,0.16915962,0.77420664
0.9765822,0.019683134,0.0037346447
0.98307437,0.013121847,0.0038037875
0.9934382,0.0057929433,0.000768826
0.9783136,0.018778363,0.0029080156
0.99656016,0.0032533985,0.0001864346
0.8973837,0.041219734,0.06139661
0.06135459,0.047550257,0.8910952
0.9722311,0.022775544,0.0049933605
0.976549,0.021490667,0.0019602804
0.98671883,0.012941003,0.00034018315
0.99069524,0.008947514,0.00035724716
0.9682539,0.02600547,0.0057406053
0.98305696,0.011478455,0.0054645636
0.99066937,0.004751865,0.0045787576
0.99285877,0.0062722513,0.00086898694
0.08009142,0.04699145,0.8729171
0.99703205,0.002530003,0.0004379346
0.46599048,0.03064549,0.503364
0.9818778,0.01681185,0.0013103918
0.11417467,0.08669003,0.7991353
0.12067549,0.66979533,0.20952915
0.7306563,0.13960147,0.12974222
0.9959325,0.003515547,0.0005519116
0.98924106,0.004106467,0.0066524483
0.992332,0.0074445303,0.00022349198
0.9948079,0.004588914,0.00060311134
0.9137412,0.020325644,0.06593314
0.9800725,0.012016244,0.007911287
0.99126774,0.0054194825,0.003312863
0.99436486,0.0050180512,0.0006171387
0.9407739,0.020622658,0.038603522
0.84595966,0.03904786,0.114992425
0.9914346,0.008097342,0.00046811087
0.98137003,0.007588583,0.011041324
0.9981066,0.0017305483,0.00016286348
0.07549518,0.026090438,0.8984144
0.99199015,0.0073122936,0.00069763977
0.990493,0.008772662,0.00073430676
0.98128444,0.018417042,0.00029855713
0.9661325,0.02615201,0.0077154352
0.9823141,0.016918162,0.00076767744
0.9957408,0.0038079107,0.00045125085
0.96273017,0.00917473,0.028095052
0.9590691,0.03307493,0.007855984
0.2599252,0.061587095,0.6784877
0.18003242,0.2371108,0.5828568
0.058172036,0.40636525,0.53546274
0.022694813,0.96030754,0.01699763
0.15469444,0.8249147,0.020390818
0.1828137,0.711485,0.10570119
0.048005544,0.9135713,0.038423155
0.015558414,0.96350545,0.020936133
0.088763006,0.5992986,0.3119384
0.17708048,0.71435475,0.10856472
0.38619402,0.4597378,0.15406808
0.043237858,0.16254179,0.7942204
0.033774275,0.9132985,0.05292724
0.5257857,0.18483868,0.28937563
0.012251345,0.8159607,0.17178792
0.012911733,0.9787355,0.00835274
0.6624689,0.09521661,0.24231449
0.13944213,0.5234301,0.3371278
0.06321732,0.08180928,0.85497344
0.2472466,0.19964065,0.5531128
0.040043186,0.9504643,0.009492531
0.007560708,0.9921934,0.00024590341
0.027962947,0.9704456,0.0015914879
0.9040128,0.080118254,0.01586893
0.09134544,0.53003824,0.37861633
0.019937502,0.9425222,0.037540298
0.053049263,0.11954836,0.8274024
0.07564741,0.12582251,0.7985301
0.22991148,0.105466925,0.66462153
0.11959743,0.77267146,0.10773117
0.46994528,0.034526095,0.4955287
0.15322523,0.07090927,0.77586555
0.19403331,0.37841767,0.427549
0.022951217,0.051268775,0.92577994
0.049901366,0.015856253,0.93424237
0.14326532,0.11500457,0.74173015
0.24759997,0.23974787,0.51265216
0.47366446,0.13889143,0.38744408
0.058335673,0.030921388,0.91074294
0.13583519,0.05293473,0.81123006
0.87643754,0.055348992,0.068213515
0.028671155,0.053774413,0.9175544
0.094378956,0.11462365,0.79099745
0.03630686,0.050802436,0.9128907
0.059252124,0.046780832,0.893967
0.056738902,0.058311764,0.8849493
0.71738476,0.030789532,0.25182575
0.114906125,0.10710428,0.77798957
0.0377477,0.17116763,0.79108465
0.109697275,0.4498244,0.44047832
0.2885947,0.016393078,0.6950122
0.16303994,0.067075014,0.7698851
0.061472997,0.069794215,0.8687328
0.35900903,0.038514998,0.602476
0.21603355,0.059175756,0.72479075
0.05236923,0.041752387,0.9058784
0.15656982,0.06501356,0.7784166
0.06737972,0.0415926,0.8910276
0.045659464,0.26662928,0.68771124
0.23905477,0.06408988,0.6968554
0.114777416,0.13723649,0.7479861
0.2334835,0.04593075,0.7205858
0.2598521,0.06383515,0.6763127
0.054109186,0.041365586,0.9045253
0.045135494,0.056226913,0.89863765
0.080227174,0.041096255,0.87867665
0.06529022,0.02189085,0.91281897
0.02653621,0.04349521,0.9299686
0.058183912,0.036983944,0.9048322
0.09151791,0.027371531,0.8811106
0.04117524,0.020764956,0.9380598
0.06657813,0.018815937,0.9146059
0.035919353,0.014813429,0.9492672
0.022766905,0.01575478,0.96147835
0.052141,0.04416515,0.90369385
0.99053824,0.008670853,0.00079091557
0.13908695,0.07350872,0.7874043
0.967773,0.0070094774,0.02521746
0.059275564,0.04290357,0.8978209
0.06469966,0.024533253,0.91076714
0.031651556,0.029704863,0.9386436
0.03163109,0.047576725,0.92079216
0.057160776,0.12632231,0.8165169
0.3952829,0.16696517,0.43775198
0.03283713,0.019627105,0.94753575
0.11211922,0.053742882,0.8341379
0.10945599,0.055686697,0.83485734
0.2007416,0.03833092,0.7609275
0.024623757,0.031310268,0.944066
0.016775083,0.9759108,0.007314191
0.038385294,0.20995498,0.75165975
0.1352048,0.09834004,0.7664551
0.067718096,0.032396447,0.8998855
0.05378551,0.040048137,0.9061663
0.08138192,0.04921623,0.8694019
0.092831,0.036674067,0.87049496
0.036322977,0.096448876,0.8672282
0.040149394,0.044268068,0.9155825
0.07471726,0.028276512,0.89700615
0.056006674,0.09527056,0.8487228
0.12469755,0.1331293,0.74217314
0.20201229,0.07969068,0.718297
0.10075241,0.031425733,0.8678218
0.31393966,0.052387785,0.63367254
0.2347668,0.060058042,0.70517516
0.08234525,0.04096338,0.87669146
0.026888097,0.04087951,0.9322324
0.0134114865,0.9786269,0.007961577
0.02464442,0.04877255,0.926583
0.03357002,0.025713906,0.94071597
0.03315981,0.023907451,0.94293267
0.04895797,0.048671946,0.90237004
0.022594746,0.03339287,0.94401234
0.03338992,0.022681175,0.94392896
0.07909956,0.034895148,0.8860052
0.086783305,0.38779798,0.5254187
0.03711459,0.03604302,0.92684245
0.033043172,0.22492874,0.7420281
0.109047025,0.15605019,0.7349028
0.0706054,0.047125287,0.88226926
0.060537104,0.15918282,0.7802801
0.03416546,0.023276076,0.94255847
0.03865067,0.03764488,0.92370456
0.02889248,0.054561224,0.9165462
0.026436225,0.03526254,0.9383013
0.01483891,0.00980792,0.9753532
0.024999881,0.030451547,0.9445485
0.060987018,0.0089330925,0.9300799
0.051949117,0.02000862,0.92804223
0.06731347,0.030281361,0.9024051
0.06340228,0.22032537,0.71627235
0.072116025,0.021442728,0.9064413
0.034289706,0.034390308,0.93132
0.06679827,0.039887067,0.89331466
0.051215064,0.056358717,0.89242625
0.04799903,0.048092872,0.90390813
0.03209841,0.043489408,0.9244122
0.043413315,0.02473616,0.93185055
0.061927322,0.32942486,0.6086478
0.051879372,0.046323065,0.90179753
0.013765627,0.007904934,0.9783295
0.038438104,0.5112291,0.45033276
0.05452573,0.03131149,0.91416276
0.19384383,0.03761505,0.7685412
0.7614637,0.035285257,0.203251
0.33107793,0.32499152,0.34393054
0.050205432,0.03163326,0.9181614
0.065304525,0.029665915,0.9050295
0.076096825,0.023619782,0.90028346
0.08115077,0.026578374,0.89227086
0.051973492,0.02946936,0.9185572
0.04190443,0.13149203,0.82660353
0.04745861,0.03761625,0.9149252
0.03144266,0.025117284,0.94344
0.041539103,0.017640369,0.9408205
0.019872865,0.015088978,0.9650382
0.047500245,0.024166169,0.9283336
0.057990555,0.02776988,0.9142396
0.046146337,0.034192722,0.9196609
0.042114347,0.032479946,0.9254057
0.029062575,0.017869998,0.9530674
0.055629194,0.029747097,0.91462374
0.03676313,0.020642398,0.94259447
0.036018517,0.03141591,0.93256557
0.02399623,0.0137261525,0.9622776
0.029113332,0.04190705,0.92897964
0.013999611,0.024474295,0.96152616
0.055158712,0.047642745,0.89719856
0.06371075,0.036372263,0.899917
0.02935006,0.018438686,0.95221114
0.059503913,0.045356687,0.89513946
0.03635129,0.062932186,0.90071654
0.074544564,0.026142063,0.8993134
0.03685156,0.029294673,0.9338537
0.050150163,0.07469845,0.87515134
0.059023656,0.02755598,0.91342026
0.03425741,0.005764257,0.9599783
0.07342634,0.13465662,0.79191697
0.08172672,0.13888614,0.7793872
0.04473192,0.02465511,0.930613
0.059456658,0.059981525,0.8805617
0.056700453,0.11090574,0.83239377
0.05767432,0.041907974,0.90041775
0.055710826,0.0608289,0.8834603
0.106919825,0.039680835,0.8533994
0.032991417,0.06876002,0.8982485
0.034998383,0.022751652,0.94224995
0.056192696,0.03513017,0.9086772
0.09693275,0.05995227,0.843115
0.034345523,0.04278546,0.922869
0.030172732,0.050234612,0.9195927
0.038002435,0.016683297,0.9453142
0.03918358,0.022545228,0.9382712
0.043175753,0.1269006,0.8299237
0.04780056,0.030682053,0.92151743
0.047686793,0.013024119,0.93928903
0.04558439,0.033448104,0.9209675
0.025663817,0.036368933,0.9379672
0.017978506,0.009967534,0.97205395
0.023642505,0.04841662,0.9279409
0.053502373,0.030012112,0.91648555
0.08677789,0.049541213,0.8636809
0.022680752,0.02134825,0.95597094
0.027362332,0.018388148,0.9542495
0.05148413,0.014296628,0.93421924
0.033128075,0.0071995165,0.95967245
0.06319621,0.11123823,0.82556546
0.09445034,0.062488858,0.84306073
0.026595917,0.024814341,0.9485898
0.30899897,0.034289926,0.6567111
0.048039477,0.038412787,0.9135477
0.05167221,0.050131354,0.89819646
0.038926013,0.0198233,0.9412507
0.038081583,0.02658523,0.93533313
0.06011214,0.028506102,0.9113817
0.041894663,0.016615795,0.94148946
0.055797473,0.015091193,0.9291113
0.029407866,0.0118355295,0.95875657
0.09269018,0.008791574,0.8985182
0.074608535,0.022665605,0.9027259
0.07363022,0.019682297,0.90668744
0.069189474,0.011372346,0.9194381
0.055028003,0.03135401,0.91361797
0.04645801,0.04911738,0.90442455
0.03501763,0.045850348,0.919132
0.044220716,0.04474197,0.9110374
0.077154815,0.24068987,0.6821553
0.02587687,0.053879388,0.92024374
0.03872245,0.031327788,0.92994976
0.03682427,0.03817917,0.92499655
0.051518857,0.052075267,0.8964058
0.02197649,0.040817622,0.93720585
0.039784774,0.04761614,0.9125992
0.01962038,0.02293855,0.95744103
0.037886247,0.023363844,0.9387499
0.017938983,0.03553684,0.94652414
0.06193367,0.042942118,0.8951242
0.04158534,0.07101591,0.88739884
0.038390912,0.028753461,0.9328556
0.0420748,0.045051593,0.91287357
0.036319043,0.054044247,0.90963674
0.04428025,0.03180056,0.9239192
0.036773942,0.03315766,0.93006843
0.046767358,0.031153778,0.9220789
0.050088566,0.014907713,0.93500376
0.040027387,0.034607004,0.92536557
0.050899427,0.06260736,0.8864932
0.023713294,0.02163341,0.9546534
0.05379047,0.065264985,0.88094455
0.22945938,0.21387964,0.55666095
0.036286224,0.012213853,0.95149994
0.03931957,0.017312173,0.94336826
0.18659748,0.051968277,0.7614342
0.04891033,0.03540123,0.91568846
0.027560832,0.05348929,0.91894984
0.036959182,0.020035574,0.94300526
0.043262996,0.027205808,0.9295313
0.09180267,0.04986353,0.8583337
0.033282425,0.04852031,0.9181973
0.04062754,0.06750883,0.89186364
0.058344413,0.061383735,0.88027185
0.02596285,0.035279687,0.93875754
0.021485316,0.031322066,0.94719267
0.03975322,0.020343654,0.9399031
0.085647665,0.034001812,0.8803505
0.06764957,0.0438488,0.8885016
0.06435053,0.041224495,0.894425
0.054188415,0.028388463,0.917423
0.035066243,0.025455361,0.9394784
0.07445263,0.44944552,0.47610185
0.06254197,0.011202212,0.9262557
0.046639495,0.016581176,0.9367793
0.10292895,0.029345999,0.8677251
0.07727215,0.1515873,0.7711406
0.048974555,0.047467764,0.9035576
0.10653665,0.035615675,0.8578477
0.033735935,0.033735935,0.9325282
0.06259723,0.21530864,0.7220941
0.07003738,0.044475015,0.8854877
0.042220887,0.06513804,0.89264107
0.064409785,0.015524414,0.9200658
0.059067175,0.033952568,0.9069803
0.04574865,0.03356863,0.9206827
0.029475588,0.01982766,0.95069677
0.04694354,0.042742584,0.9103139
0.05246658,0.04527321,0.9022602
0.017771821,0.02322414,0.95900404
0.03616041,0.8170013,0.1468383
0.085857846,0.03249263,0.88164943
0.049942486,0.042927165,0.90713036
0.02696119,0.03735887,0.9356799
0.10299349,0.04386647,0.85314
0.067532994,0.068999596,0.8634674
0.038936477,0.038671218,0.92239225
0.05263401,0.054517332,0.8928487
0.028660027,0.028716058,0.9426239
0.057141274,0.033167858,0.9096908
0.06382397,0.046467166,0.88970894
0.026621912,0.8318309,0.14154719
0.03973702,0.042506885,0.9177561
0.041222714,0.031483326,0.92729396
0.017365512,0.00917783,0.9734567
0.041425932,0.036665514,0.92190856
0.063653365,0.030630827,0.9057159
0.038184047,0.017533222,0.9442827
0.05320109,0.035474196,0.9113247
0.063863136,0.03802286,0.89811397
0.07615715,0.027234338,0.8966085
0.11947221,0.46838695,0.41214085
0.050943688,0.027348196,0.92170817
0.05286759,0.029054044,0.91807836
0.03769107,0.012761278,0.94954765
0.021221545,0.020092156,0.95868623
0.039189804,0.026961047,0.9338492
0.06672408,0.017559672,0.91571623
0.04770059,0.041645847,0.91065365
0.021003397,0.012395588,0.966601
0.0535784,0.1313191,0.8151025
0.04107148,0.039536644,0.9193918
0.05203952,0.018303303,0.92965716
0.022838116,0.022049163,0.95511276
0.0414168,0.110297225,0.84828603
0.047716014,0.03598278,0.91630125
0.03991377,0.029201537,0.9308847
0.042727996,0.03833855,0.91893345
0.044233646,0.02194005,0.93382627
0.95216405,0.0077994238,0.04003652
0.05093887,0.032824434,0.9162367
0.024027195,0.022748489,0.95322436
0.03614145,0.015228713,0.9486298
0.034062635,0.0123487245,0.95358866
0.101331875,0.022011071,0.87665707
0.04355892,0.029646643,0.9267944
0.044802364,0.091480695,0.863717
0.033323135,0.0967066,0.86997026
0.01789201,0.18946749,0.7926405
0.044001594,0.081645764,0.87435263
0.12554842,0.0031855316,0.87126595
0.15659733,0.08861861,0.75478405
0.029056868,0.015267099,0.95567596
0.13965312,0.04364443,0.8167024
0.049938977,0.045647923,0.9044131
0.05242854,0.033554196,0.9140173
0.077095635,0.055965427,0.86693895
0.53146833,0.10521592,0.3633158
0.031281024,0.031960346,0.93675864
0.045380343,0.15336987,0.8012498
0.08445397,0.026445178,0.8891008
0.101062186,0.06891843,0.83001935
0.044880547,0.07626985,0.8788496
0.102974206,0.044461995,0.8525638
0.08306619,0.03859166,0.8783421
0.045856424,0.028584342,0.9255592
0.07697155,0.042135764,0.88089275
0.015915113,0.030677186,0.9534077
0.06306907,0.020040317,0.9168907
0.08523365,0.039099097,0.8756672
0.23940893,0.67225903,0.08833202
0.01883589,0.9784399,0.002724188
0.58333117,0.35745484,0.059213966
0.9897943,0.009722573,0.00048311395
0.95797557,0.038927358,0.0030970413
0.9815329,0.0126363365,0.005830711
0.13735235,0.06526193,0.79738575
0.98741144,0.0078011137,0.0047873897
0.46474445,0.055641487,0.4796141
0.18460475,0.04610908,0.76928616
0.9832743,0.015047331,0.0016784006
0.98824817,0.010599189,0.0011526084
0.9932567,0.005940828,0.00080243486
0.99116486,0.0049243555,0.0039107325
0.8337243,0.09870284,0.06757293
0.9922776,0.006979461,0.0007428489
0.8813735,0.07307536,0.04555111
0.05908753,0.24755605,0.69335645
0.99279,0.005240299,0.0019696637
0.97780734,0.014057065,0.008135606
0.99429756,0.004677022,0.0010254006
0.84735674,0.1055683,0.047074944
0.9030963,0.060474142,0.036429543
0.97251993,0.025840964,0.0016391018
0.9862866,0.011986617,0.0017268357
0.91387016,0.009859068,0.07627079
0.7841495,0.06425308,0.15159738
0.9966967,0.0026145373,0.000688736
0.51097804,0.45714402,0.031877887
0.066384904,0.88281536,0.05079975
0.9873146,0.011999111,0.00068626215
0.6167488,0.08639118,0.29686004
0.9910691,0.007192242,0.0017386016
0.98129076,0.0039250706,0.01478416
0.9934454,0.0052745733,0.0012800284
0.95888126,0.020037454,0.02108126
0.9399691,0.028902076,0.031128762
0.996597,0.0013749384,0.0020280625
0.9867286,0.009366772,0.003904651
0.995243,0.0043381155,0.00041876285
0.9884963,0.010437485,0.0010662562
0.33914644,0.16739851,0.49345514
0.5716443,0.11166019,0.3166955
0.5767323,0.13355155,0.28971615
0.99607795,0.0034955186,0.00042654652
0.9957592,0.0040853675,0.00015534302
0.9783015,0.010616193,0.0110823
0.74456125,0.14976019,0.10567861
0.7871581,0.02560142,0.18724051
0.9555183,0.034500197,0.00998147
0.9748726,0.01271094,0.012416491
0.9941051,0.00557476,0.00032008375
0.97598433,0.023774244,0.00024141424
0.24740992,0.35061175,0.4019783
0.56696725,0.30720297,0.12582983
0.94672155,0.035405677,0.017872771
0.9976665,0.0022038033,0.00012978881
0.99474937,0.005159151,9.14072e-05
0.9786422,0.007108999,0.014248817
0.80958164,0.017247042,0.17317131
0.4457007,0.27823228,0.27606705
0.9610494,0.008920378,0.030030258
0.9850691,0.0133294705,0.0016013336
0.623986,0.24699552,0.12901853
0.98823535,0.010892869,0.0008717242
0.5711498,0.07395539,0.3548948
0.99566674,0.003967047,0.00036612133
0.71566325,0.040070537,0.2442662
0.9882465,0.010903634,0.00084987876
0.5721325,0.05334018,0.37452728
0.96924454,0.009300169,0.021455266
0.9893338,0.007993849,0.0026723796
0.35149485,0.5364893,0.11201585
0.88784754,0.0413431,0.07080937
0.06637175,0.036869362,0.896759
0.9949869,0.0027675543,0.0022456155
0.98966265,0.007903344,0.0024340379
0.98579735,0.013642328,0.00056034344
0.98885214,0.009637729,0.0015100909
0.89876163,0.045495775,0.055742588
0.9900789,0.009298153,0.0006229375
0.97305566,0.013064445,0.013879893
0.994975,0.004809948,0.00021508207
0.12647682,0.043538813,0.8299843
0.5889808,0.03055882,0.38046035
0.9788128,0.018550934,0.002636226
0.9802004,0.01634639,0.0034532628
0.99576086,0.0030777853,0.0011613707
0.98744893,0.011620166,0.00093083613
0.31743526,0.030115781,0.65244895
0.9884709,0.010235342,0.0012936755
0.7784633,0.16679984,0.054736827
0.9898645,0.008767095,0.00136832
0.98467284,0.011576186,0.0037509042
0.14953135,0.03973811,0.8107306
0.9525028,0.02826191,0.019235343
0.99199593,0.0058299024,0.0021742247
0.98598653,0.009133985,0.0048795305
0.9609003,0.036041375,0.0030583353
0.98932296,0.0074219564,0.003255103
0.8802572,0.08203674,0.03770616
0.85076755,0.022838853,0.12639357
0.014949798,0.97024566,0.014804513
0.98890346,0.0105442535,0.0005523145
0.9778846,0.013786267,0.008329194
0.99493754,0.0048759775,0.00018649492
0.9931263,0.006410191,0.00046344663
0.89845216,0.012240805,0.08930699
0.9012257,0.057276838,0.041497402
0.9806255,0.014716538,0.004657977
0.99613273,0.0024739935,0.0013932162
0.9226569,0.031249505,0.046093658
0.11393982,0.4910804,0.39497972
0.17073815,0.04973618,0.7795257
0.98717916,0.007868129,0.004952684
0.95435375,0.026316972,0.019329265
0.6591018,0.058527183,0.282371
0.29626814,0.051786233,0.65194565
0.80101174,0.054283768,0.14470454
0.13159423,0.05676402,0.81164175
0.84704715,0.04444474,0.10850809
0.83541447,0.08918789,0.075397685
0.9955016,0.0029360785,0.0015623881
0.8340359,0.16303293,0.0029311578
0.9099819,0.07120571,0.018812442
0.98244184,0.013087816,0.004470334
0.98624784,0.011504472,0.0022477356
0.97664446,0.022392634,0.00096295145
0.86763906,0.09737018,0.034990706
0.9827723,0.008403587,0.008824102
0.97221947,0.021002062,0.006778537
0.9688395,0.022696093,0.008464362
0.9901938,0.009372168,0.00043408232
0.9733738,0.018375928,0.008250388
0.8690863,0.06366742,0.0672462
0.18128581,0.41944903,0.3992651
0.9800125,0.0139927855,0.0059947595
0.97019887,0.022794617,0.0070064906
0.98119193,0.016394913,0.0024132044
0.99500364,0.0038199846,0.0011764625
0.98224175,0.017284296,0.00047384205
0.9844699,0.01513937,0.000390656
0.993897,0.0043492042,0.0017538088
0.98723686,0.01257397,0.0001890702
0.047838338,0.16927071,0.7828909
0.99117893,0.00666548,0.002155528
0.017497897,0.98087776,0.0016243822
0.76733094,0.16594696,0.06672204
0.9902345,0.008417927,0.0013476096
0.010814154,0.983012,0.0061737653
0.008226381,0.9858251,0.005948431
0.028067568,0.86805534,0.10387711
0.028316583,0.9674828,0.004200672
0.037141714,0.7505785,0.21227972
0.08069724,0.8753426,0.0439601
0.04435397,0.8328215,0.122824535
0.011072438,0.9688779,0.020049596
0.024606569,0.80903476,0.16635871
0.029039085,0.93799096,0.032969926
0.030088978,0.93970424,0.030206744
0.016834294,0.9822289,0.00093682966
0.90007335,0.0652648,0.03466187
0.011723757,0.98753405,0.00074219116
0.12083165,0.65865445,0.22051391
0.0074710655,0.9785165,0.014012418
0.00888797,0.98988545,0.0012265801
0.08733382,0.9003158,0.012350334
0.41344175,0.56607443,0.02048379
0.04055915,0.957087,0.0023539192
0.009473016,0.967218,0.023308963
0.032372206,0.9164999,0.05112796
0.011958186,0.9743851,0.013656676
0.020259501,0.9761574,0.0035830059
0.01516346,0.9831518,0.0016847596
0.02448733,0.9667472,0.008765399
0.023785923,0.9650876,0.011126485
0.028831964,0.96792686,0.003241181
0.047522847,0.94110096,0.011376196
0.0070553897,0.98945194,0.003492671
0.022982499,0.94578767,0.031229826
0.055482816,0.9155639,0.028953258
0.009446672,0.9874014,0.0031519027
0.042545483,0.80808353,0.14937098
0.009880349,0.97872525,0.011394446
0.0074361893,0.9912202,0.001343692
0.1947925,0.750371,0.054836538
0.05295178,0.047931466,0.89911675
0.009489302,0.98895556,0.0015551489
0.03781095,0.88399756,0.078191526
0.39306018,0.07465145,0.5322884
0.010524017,0.9870055,0.002470551
0.020354992,0.9759813,0.003663733
0.0213933,0.9740251,0.0045816633
0.021041997,0.9683774,0.010580581
0.09693088,0.23195808,0.67111105
0.83778936,0.08774361,0.07446703
0.006631906,0.9900463,0.0033217315
0.034731366,0.9549013,0.010367321
0.012045271,0.98244,0.0055147265
0.052042488,0.90928286,0.038674697
0.039831024,0.72205913,0.23810984
0.018870588,0.96222186,0.018907478
0.018893933,0.97954,0.0015661281
0.03212258,0.9647827,0.0030947756
0.010223691,0.98157734,0.0081989365
0.095670715,0.46838528,0.43594402
0.0064826044,0.9907074,0.0028100011
0.011274995,0.98756635,0.0011585819
0.014245337,0.980316,0.0054386943
0.20503478,0.79117674,0.0037884943
0.9221101,0.076434195,0.0014557085
0.08834567,0.73073447,0.18091986
0.08277459,0.24687809,0.6703473
0.043188106,0.89937305,0.057438873
0.767335,0.14176087,0.09090416
0.005114972,0.99396616,0.0009188568
0.016083203,0.95831615,0.025600687
0.02543083,0.86592144,0.108647704
0.009197972,0.9870929,0.003709065
0.012248547,0.98641694,0.0013345716
0.019138414,0.9806553,0.00020626865
0.047864717,0.07976787,0.8723674
0.017322766,0.9758136,0.0068636565
0.0066346647,0.99239445,0.00097086607
0.014406123,0.9846268,0.000967037
0.012817123,0.98493814,0.0022447507
0.010897173,0.9857336,0.0033691996
0.056493323,0.9393213,0.004185321
0.06990545,0.1386169,0.79147756
0.029817685,0.80788374,0.16229856
0.04885353,0.07198962,0.8791569
0.052903365,0.02749956,0.9195971
0.573618,0.33149868,0.094883256
0.04397808,0.023957212,0.93206465
0.015315774,0.983377,0.0013072762
0.10367966,0.3253367,0.5709837
0.010020514,0.9887399,0.0012396023
0.011619673,0.9845185,0.0038618145
0.0148106245,0.9830473,0.0021420235
0.36209247,0.49443862,0.1434689
0.03589592,0.73162794,0.23247617
0.6266835,0.3579463,0.015370249
0.025210513,0.8715122,0.103277266
0.014325448,0.9752957,0.010378869
0.70073897,0.21715833,0.082102664
0.205677,0.14656073,0.6477623
0.01888654,0.7248106,0.2563028
0.025436748,0.96859187,0.0059713684
0.020585563,0.9604131,0.019001387
0.0339397,0.7962067,0.16985361
0.02252371,0.9456507,0.03182562
0.028414257,0.6652822,0.30630353
0.03175422,0.959324,0.008921771
0.031144336,0.93084556,0.038010072
0.3403418,0.61869144,0.04096684
0.009505278,0.98868775,0.0018070417
0.01618954,0.9822384,0.0015719772
0.21904656,0.7731823,0.0077711423
0.009508816,0.98905563,0.0014356164
0.016517099,0.97128016,0.012202757
0.016804036,0.9823803,0.0008156487
0.030037146,0.9500707,0.019892156
0.017013786,0.8985846,0.084401615
0.01423148,0.9841561,0.0016123971
0.015593417,0.9827979,0.0016086005
0.01707197,0.98161155,0.0013164488
0.018400183,0.9803862,0.0012136238
0.011171075,0.92820233,0.060626622
0.017277326,0.97801775,0.0047049434
0.017290074,0.9806529,0.0020569542
0.6748192,0.32000962,0.0051712105
0.023520175,0.96178997,0.014689831
0.035855632,0.822471,0.14167337
0.015344231,0.9784923,0.0061634094
0.022734527,0.9723775,0.004887962
0.16927327,0.17498802,0.6557387
0.041500043,0.030421436,0.9280785
0.010860675,0.98724097,0.0018983933
0.90064466,0.065242484,0.034112822
0.122623466,0.4786333,0.39874318
0.34117296,0.33359534,0.32523176
0.071920834,0.029372483,0.8987067
0.053319022,0.03689696,0.909784
0.9786956,0.01594321,0.005361208
0.04128771,0.018090185,0.9406221
0.07104262,0.04209136,0.88686603
0.0831795,0.02430136,0.89251906
0.050502963,0.022279624,0.9272175
0.26550964,0.032399256,0.70209116
0.016633242,0.04547954,0.93788725
0.014838777,0.9829941,0.0021671557
0.06622768,0.024868608,0.90890366
0.06464071,0.03514454,0.90021473
0.08942031,0.33994952,0.57063025
0.08310031,0.018236898,0.89866275
0.059789814,0.01221842,0.9279917
0.03943799,0.021716014,0.93884605
0.059431303,0.036865715,0.90370303
0.13049576,0.016901381,0.8526028
0.06591099,0.13484493,0.7992441
0.67035574,0.14037704,0.18926726
0.07000542,0.00740378,0.9225909
0.0473489,0.036268227,0.91638285
0.04093751,0.085487895,0.8735747
0.10630533,0.5610947,0.33259997
0.06610324,0.098556675,0.83534
0.045982365,0.07573811,0.87827957
0.7244859,0.051516782,0.22399732
0.057275634,0.04327616,0.8994483
0.05052085,0.030049765,0.91942936
0.012265049,0.98197526,0.005759751
0.014985826,0.9403621,0.044652116
0.10490479,0.56655645,0.32853878
0.17021327,0.011375772,0.818411
0.022696204,0.30028057,0.67702323
0.052368592,0.05231748,0.8953138
0.021512307,0.0457198,0.932768
0.9168552,0.01679279,0.06635194
0.5857717,0.019191606,0.3950367
0.030556584,0.024409464,0.94503397
0.051197793,0.041299596,0.9075026
0.034734786,0.03466701,0.93059814
0.13092092,0.024901437,0.84417766
0.0742939,0.0337825,0.89192355
0.04386408,0.032820612,0.9233152
0.109423004,0.0486036,0.8419734
0.14207079,0.017294152,0.84063494
0.033806805,0.015134111,0.95105904
0.03772517,0.036600217,0.9256746
0.019097768,0.9652846,0.015617616
0.061376978,0.032280285,0.9063428
0.07410823,0.031842444,0.8940494
0.06840013,0.035868768,0.89573115
0.112666026,0.042141348,0.8451927
0.035068918,0.023544157,0.9413869
0.0411888,0.034990635,0.9238206
0.051540505,0.026817314,0.9216421
0.05531818,0.031611826,0.91307
0.016054519,0.9788142,0.005131332
0.0443022,0.03222282,0.9234749
0.9665589,0.005399154,0.028041994
0.45073065,0.019861827,0.52940756
0.14418457,0.03695741,0.81885797
0.6572593,0.21089487,0.13184583
0.053137757,0.8937245,0.053137757
0.9554968,0.01901521,0.025488004
0.038617644,0.038467094,0.92291534
0.92396176,0.05059666,0.025441596
0.22068325,0.045942586,0.73337424
0.055655796,0.042589515,0.9017547
0.34865385,0.5028493,0.14849688
0.8773194,0.04488999,0.07779052
0.55555904,0.12665404,0.3177869
0.0719824,0.05194834,0.8760692
0.040755417,0.039772462,0.9194721
0.1645032,0.040669117,0.79482764
0.11790261,0.07854007,0.8035572
0.1832204,0.31015027,0.5066293
0.068773486,0.021767711,0.9094587
0.025685892,0.9242196,0.050094474
0.04280011,0.049214542,0.90798527
0.04059215,0.02464444,0.93476343
0.05763496,0.04519404,0.897171
0.98596984,0.0067480314,0.0072821244
0.024892539,0.022598611,0.9525088
0.07153901,0.08210001,0.846361
0.417698,0.06474788,0.51755416
0.04201088,0.033955067,0.9240341
0.066069625,0.75079226,0.18313807
0.026841462,0.051586915,0.9215717
0.040882193,0.044856478,0.9142613
0.056395087,0.027191104,0.9164138
0.04582559,0.039120223,0.91505414
0.037239466,0.103526756,0.85923374
0.033720315,0.08980068,0.8764791
0.040646594,0.03874739,0.920606
0.41307765,0.031845354,0.55507696
0.037961084,0.04052792,0.92151093
0.034933817,0.043645997,0.9214202
0.024056187,0.020636717,0.9553071
0.053075533,0.0288285,0.91809595
0.04171253,0.16505682,0.79323065
0.08862804,0.03656876,0.87480325
0.052063514,0.05085746,0.89707905
0.48854825,0.051605873,0.45984587
0.0405907,0.03195348,0.92745584
0.059826255,0.034896348,0.9052775
0.05396429,0.060084052,0.8859517
0.068445906,0.044800345,0.88675374
0.3245307,0.1490897,0.52637964
0.08986987,0.055801474,0.8543286
0.036886826,0.040157743,0.9229554
0.03873138,0.06498967,0.89627904
0.039766703,0.03368371,0.92654955
0.03596949,0.066222645,0.8978079
0.071339846,0.0510341,0.87762606
0.027509183,0.026147109,0.94634366
0.17385149,0.2544389,0.5717096
0.024998771,0.047858115,0.9271431
0.059927255,0.1481766,0.7918961
0.03494373,0.3783498,0.58670646
0.43459058,0.14212807,0.4232814
0.022857957,0.034180086,0.94296193
0.28567094,0.068887666,0.6454414
0.014540904,0.0371315,0.9483276
0.09615311,0.049350586,0.8544963
0.38094038,0.123673216,0.49538642
0.056262974,0.05239167,0.8913454
0.09104865,0.0551699,0.85378146
0.08547565,0.026453275,0.8880711
0.038590245,0.016356103,0.94505364
0.0995903,0.041759387,0.85865027
0.18127921,0.07154674,0.7471741
0.29656446,0.043185584,0.66025
0.8510981,0.022026155,0.12687562
0.29844874,0.12105614,0.5804951
0.02160542,0.14721434,0.8311802
0.06459818,0.027837647,0.9075642
0.46977076,0.14474864,0.3854806
0.06847998,0.06656781,0.86495215
0.055884704,0.07631077,0.8678045
0.049427774,0.035083782,0.9154885
0.032098364,0.064022504,0.90387917
0.021098891,0.022025246,0.95687586
0.04764129,0.17097749,0.78138113
0.042281173,0.05898892,0.89872986
0.06760249,0.2689443,0.6634532
0.090878405,0.26907003,0.6400516
0.0738977,0.103199705,0.82290256
0.18161707,0.1844771,0.6339058
0.16351844,0.5178874,0.31859416
0.046715297,0.023193598,0.9300911
0.058776315,0.15230536,0.7889183
0.066114,0.44916764,0.48471838
0.031561863,0.14565581,0.82278234
0.19381848,0.2955379,0.51064366
0.6695975,0.10031963,0.23008287
0.10092262,0.06716333,0.831914
0.024509,0.022889564,0.9526015
0.051307857,0.035679016,0.9130131
0.04589948,0.04114403,0.9129564
0.2285084,0.039419033,0.7320726
0.083148904,0.030738499,0.8861126
0.03892316,0.02081373,0.9402631
0.031809088,0.020258613,0.94793236
0.5613602,0.1944751,0.24416474
0.18713988,0.15318726,0.65967286
0.050036676,0.025908034,0.9240553
0.29280758,0.05319419,0.65399814
0.08040138,0.023398137,0.89620054
0.021400867,0.036050323,0.9425488
0.070208296,0.06355192,0.86623985
0.08985674,0.045448326,0.86469495
0.05431134,0.17327662,0.77241206
0.037772283,0.07697569,0.88525206
0.04275831,0.60632676,0.350915
0.17150243,0.059501626,0.7689959
0.97352976,0.010533505,0.015936686
0.15164898,0.04557777,0.80277336
0.9509175,0.034017015,0.015065504
0.67130893,0.039894216,0.2887969
0.7979447,0.014917682,0.18713759
0.98932207,0.008263627,0.002414265
0.99402905,0.0043328237,0.0016381431
0.98739994,0.009363995,0.00323611
0.89055675,0.010593136,0.09885011
0.99749845,0.0022867364,0.00021478692
0.36238942,0.50559056,0.13202004
0.99671316,0.0028771688,0.00040966645
0.9251686,0.03683112,0.038000263
0.9891795,0.008508081,0.002312391
0.97449374,0.011400714,0.014105525
0.99018097,0.007907484,0.001911499
0.9935097,0.005770775,0.00071948115
0.9895726,0.009551022,0.00087632023
0.82058924,0.00639509,0.17301564
0.91173375,0.0052238703,0.08304245
0.98717934,0.011639705,0.0011809701
0.9861407,0.009407011,0.004452245
0.9932414,0.00529413,0.0014643956
0.9862112,0.012438838,0.0013500216
0.9926997,0.004624127,0.0026762392
0.9934208,0.0046911864,0.0018880212
0.9934269,0.0035619251,0.003011181
0.99001116,0.008889098,0.0010996389
0.98475385,0.013403513,0.0018425339
0.989665,0.0064379503,0.0038971952
0.9858781,0.009204611,0.00491726
0.98130774,0.011236412,0.0074558817
0.9758877,0.0054353173,0.018677
0.9949262,0.0042362744,0.00083743676
0.99445736,0.005127505,0.00041517598
0.8105062,0.010839598,0.17865418
0.9935994,0.005561052,0.00083959324
0.3539053,0.017650044,0.6284447
0.987463,0.010653007,0.0018840436
0.9923653,0.0065828403,0.0010517779
0.99652773,0.002939105,0.000533164
0.98391366,0.014867169,0.0012191804
0.9771986,0.013470609,0.009330818
0.9815506,0.009575911,0.008873586
0.06646549,0.05674002,0.8767945
0.99635565,0.003395543,0.00024887174
0.91791934,0.024871215,0.05720944
0.99009365,0.008700883,0.001205461
0.3003777,0.13645273,0.5631696
0.99143326,0.0024962178,0.006070546
0.23801963,0.451241,0.31073943
0.9792533,0.018650124,0.0020965768
0.9825435,0.013089171,0.0043672305
0.9898915,0.005967137,0.0041413954
0.98699665,0.009188097,0.003815236
0.98348963,0.01351767,0.0029927278
0.98180926,0.010077402,0.008113251
0.9850876,0.011115667,0.0037967174
0.9807553,0.0077032573,0.011541396
0.99305236,0.005645516,0.0013022124
0.9965049,0.0010727975,0.0024223127
0.8050963,0.11241664,0.08248708
0.99512744,0.004270363,0.00060212787
0.7913332,0.012647868,0.19601893
0.8627698,0.034939043,0.102291204
0.9628809,0.020042589,0.0170765
0.98512274,0.005589508,0.009287819
0.9874067,0.0074220626,0.0051713246
0.98658967,0.011067578,0.0023426563
0.89037687,0.0045729587,0.10505014
0.9899393,0.0063771526,0.0036836115
0.99138653,0.0058720172,0.0027414295
0.98900396,0.010341361,0.0006546764
0.98678374,0.010940787,0.002275467
0.99217224,0.0068437387,0.0009840102
0.9861789,0.011193376,0.0026276854
0.98760694,0.010717172,0.0016759472
0.9902236,0.008500443,0.0012758772
0.9843455,0.01301113,0.0026433712
0.9124375,0.012298521,0.07526404
0.9631079,0.008259602,0.028632443
0.99533325,0.0029241373,0.0017426751
0.97276545,0.019077362,0.008157136
0.87922376,0.020576643,0.10019962
0.9860714,0.009819338,0.00410933
0.98980266,0.008316227,0.0018811448
0.9910938,0.0066909934,0.002215091
0.98564297,0.01268925,0.0016677213
0.6260014,0.20719074,0.16680792
0.8864666,0.012112945,0.10142045
0.9280826,0.0144687025,0.057448804
0.98873514,0.0074465782,0.0038182258
0.9887727,0.008982629,0.0022447042
0.9909661,0.0066251154,0.002408849
0.9921665,0.005477628,0.0023558985
0.9818023,0.012227014,0.005970621
0.99015206,0.008368052,0.0014799365
0.99641573,0.002782376,0.00080184866
0.9952549,0.002391089,0.0023540184
0.9910449,0.006574081,0.0023809744
0.98537594,0.00536103,0.009263028
0.9827439,0.005781172,0.011474799
0.9520956,0.002451626,0.045452747
0.98930067,0.009182605,0.0015166887
0.9926966,0.005654526,0.0016487781
0.9280763,0.019718386,0.052205313
0.9920174,0.006762951,0.0012196559
0.17859532,0.049400773,0.7720039
0.9940381,0.0051053613,0.0008565307
0.9912896,0.0049636024,0.0037467235
0.99025834,0.009137793,0.00060388114
0.99097,0.0058011683,0.0032288365
0.99412966,0.0036135116,0.0022568656
0.87806106,0.065130815,0.056808103
0.9884262,0.011362218,0.00021159001
0.9925774,0.006258238,0.0011644607
0.9876259,0.0103876395,0.0019863914
0.99389416,0.0050748,0.0010310081
0.99846625,0.001281482,0.00025233874
0.9872716,0.0072349943,0.0054933536
0.94811094,0.013249553,0.038639545
0.9958131,0.0034741731,0.00071274757
0.08537612,0.8931216,0.021502307
0.9668569,0.015295614,0.017847491
0.9913516,0.007963356,0.0006850424
0.99226296,0.0054037734,0.0023332306
0.99258596,0.004351959,0.0030619858
0.9878898,0.0090626795,0.0030474989
0.9535068,0.037370767,0.009122396
0.9953843,0.00316809,0.0014476271
0.9899328,0.009369697,0.0006975539
0.99034333,0.007172952,0.0024837523
0.9942584,0.0045774304,0.0011641568
0.9884942,0.008840876,0.0026649018
0.9408172,0.006001811,0.05318104
0.9894191,0.009328325,0.001252627
0.24125274,0.32782692,0.43092033
0.9440832,0.052538306,0.0033783985
0.994076,0.005065824,0.000858238
0.9975508,0.0020700416,0.00037919794
0.9715551,0.019890178,0.00855466
0.99095833,0.008623852,0.00041777518
0.98438245,0.014430705,0.0011868603
0.8340763,0.0653299,0.10059378
0.9900827,0.0084660975,0.0014512102
0.9948778,0.0032606183,0.0018614765
0.035770748,0.9630441,0.001185191
0.2559673,0.16607383,0.5779589
0.9839834,0.010594755,0.0054218504
0.0097352145,0.9766693,0.013595436
0.0073411805,0.9862307,0.0064281523
0.009138824,0.98074543,0.010115757
0.013974671,0.9835345,0.0024908825
0.008723155,0.98875797,0.002518827
0.07514157,0.7924647,0.13239373
0.01463263,0.9826817,0.0026857003
0.25964826,0.25762767,0.482724
0.020924639,0.9724265,0.0066488436
0.021197053,0.8680632,0.11073971
0.010278231,0.98874307,0.0009786959
0.013261449,0.9848392,0.001899331
0.024748461,0.834905,0.14034657
0.009210254,0.98455775,0.00623197
0.012590644,0.98181134,0.0055979863
0.015433321,0.9832129,0.0013538266
0.016529787,0.9796499,0.0038202666
0.017006757,0.9788174,0.004175833
0.013986153,0.98242193,0.0035919412
0.014119972,0.9831427,0.0027372814
0.02057338,0.97495997,0.004466719
0.015299489,0.98329127,0.0014092446
0.013265938,0.98229057,0.0044435323
0.014978984,0.95800334,0.027017694
0.010291586,0.9880959,0.0016125407
0.014890575,0.98450077,0.00060863455
0.013767894,0.98424083,0.0019912163
0.010188732,0.98782057,0.001990667
0.020555971,0.97794765,0.0014963581
0.0049109072,0.9942668,0.00082229945
0.051430125,0.5343464,0.4142235
0.11568899,0.3983112,0.4859998
0.013719245,0.98172116,0.0045596096
0.019303717,0.969994,0.010702249
0.019459147,0.9518942,0.028646637
0.006985848,0.9912478,0.0017662991
0.0113613745,0.9844996,0.004138998
0.018169995,0.9804904,0.0013395713
0.014107482,0.98515505,0.00073751673
0.011060478,0.98788434,0.0010552405
0.009886298,0.9898912,0.00022250725
0.011637827,0.97456884,0.013793296
0.011424768,0.98613316,0.002441994
0.02234281,0.9631185,0.014538744
0.018970817,0.97396797,0.0070612393
0.009303834,0.9877857,0.0029104778
0.012937537,0.9826088,0.0044536623
0.017867042,0.96791595,0.014217053
0.012170606,0.9859,0.0019294342
0.020771094,0.97666943,0.002559501
0.014127811,0.9836886,0.0021835628
0.022993237,0.9719854,0.005021435
0.036073424,0.92943776,0.034488797
0.0147605715,0.96359444,0.021644948
0.023193007,0.96900785,0.0077990904
0.01828537,0.9742688,0.0074459016
0.023987135,0.97515434,0.00085850694
0.014147526,0.9735849,0.0122676
0.0070303422,0.98593926,0.0070303422
0.005948939,0.9917032,0.0023479094
0.0065579503,0.97900575,0.0144362245
0.013362523,0.9836617,0.002975764
0.054783676,0.6462982,0.2989181
0.08875915,0.7444424,0.1667984
0.013901504,0.9841345,0.0019639656
0.019230062,0.97959465,0.0011753347
0.009710729,0.9885886,0.0017007067
0.013815342,0.98186284,0.0043217936
0.8157219,0.10786497,0.07641306
0.008163715,0.9908145,0.0010218086
0.012430338,0.98265415,0.0049155606
0.014376819,0.9835841,0.0020390665
0.013569312,0.97860795,0.007822699
0.016705777,0.9804584,0.0028357804
0.018527035,0.9785069,0.0029659572
0.009708358,0.98738235,0.0029092894
0.013027817,0.97698337,0.009988774
0.009716872,0.989214,0.0010691164
0.008786523,0.99012226,0.0010912039
0.0063370285,0.99336433,0.00029871135
0.023959747,0.97119147,0.0048487405
0.015277359,0.9818689,0.0028537603
0.0071443794,0.992195,0.00066064845
0.013883374,0.982851,0.0032655438
0.014174377,0.9830831,0.0027424667
0.015750904,0.98307645,0.0011726213
0.0060032695,0.99006736,0.003929358
0.008894771,0.99064296,0.00046228778
0.008342899,0.9910396,0.0006174823
0.19994324,0.059712265,0.7403444
0.018051757,0.978878,0.003070249
0.022204883,0.9722463,0.0055488655
0.012782392,0.98515123,0.0020663897
0.008566297,0.96908385,0.022349857
0.010652076,0.986413,0.0029349555
0.0071746507,0.99251443,0.00031095164
0.071893,0.9232622,0.0048448355
0.016715916,0.9762749,0.0070091803
0.012247728,0.9863511,0.0014012599
0.018167917,0.9803782,0.0014539246
0.018774955,0.978136,0.0030889655
0.06632562,0.09879171,0.83488256
0.0060948,0.9915138,0.002391424
0.016506089,0.97443163,0.009062273
0.010457908,0.98656917,0.0029729237
0.018778872,0.98025274,0.0009683986
0.026384123,0.9709074,0.0027085005
0.014162023,0.98414654,0.0016914123
0.015180502,0.9842568,0.0005627555
0.0134783145,0.98542607,0.0010956154
0.01443084,0.98439157,0.001177635
0.010894943,0.9816898,0.007415209
0.047950927,0.85724443,0.094804674
0.05054503,0.73954207,0.20991293
0.016877616,0.9818757,0.0012467242
0.008034169,0.9904474,0.0015184467
0.008793837,0.98901296,0.0021932386
0.010951626,0.9867972,0.0022511848
0.013208613,0.9828332,0.003958206
0.034414284,0.9559355,0.0096502835
0.02027362,0.97779214,0.0019342336
0.013084619,0.9726566,0.014258809
0.007007145,0.99232954,0.000663324
0.011136127,0.981135,0.0077288505
0.024068827,0.9642467,0.011684477
0.011282458,0.9862918,0.0024257475
0.01132838,0.98644525,0.0022263376
0.024573106,0.9329684,0.04245852
0.017916068,0.9810542,0.0010296848
0.00912714,0.984286,0.006586885
0.008020916,0.9907466,0.001232452
0.013331447,0.9861777,0.0004908424
0.019232526,0.97876394,0.0020034772
0.01470086,0.98245484,0.0028443306
0.015816957,0.90989447,0.0742886
0.0066254986,0.9833112,0.010063292
0.6307961,0.34908235,0.020121567
0.013743085,0.98055035,0.0057066353
0.014034632,0.98390365,0.0020617584
0.018979134,0.8620025,0.11901835
0.55263734,0.355592,0.09177059
0.028082578,0.96795774,0.003959687
0.0118603995,0.98644096,0.0016986701
0.012965961,0.9799708,0.007063252
0.012921392,0.9794677,0.007610945
0.017010424,0.95775133,0.025238175
0.012881925,0.98605865,0.0010594801
0.016734391,0.9811792,0.0020863889
0.01387734,0.98434454,0.0017781433
0.015318356,0.98162377,0.0030578857
0.030707696,0.88565695,0.08363537
0.013577525,0.9849546,0.0014678614
0.011408232,0.98759496,0.0009968401
0.010065633,0.9873893,0.0025449907
0.021769721,0.9767503,0.0014800022
0.018210316,0.96932274,0.01246696
0.012342342,0.9833504,0.0043072575
0.010469919,0.985775,0.0037551026
0.008331531,0.9848684,0.006799997
0.00839195,0.9833301,0.008277998
0.020775566,0.97307116,0.006153252
0.014696937,0.9831524,0.002150637
0.018569093,0.9778592,0.0035717688
0.010255237,0.98364496,0.0060998076
0.014814121,0.98231965,0.0028662446
0.012135443,0.98689914,0.00096548995
0.0057870885,0.99243414,0.0017788052
0.0124181155,0.98456824,0.003013616
0.013788972,0.98382425,0.0023868224
0.024535162,0.9610976,0.014367245
0.027238538,0.96677786,0.005983513
0.086289756,0.06654945,0.8471609
0.0065502627,0.991319,0.0021307166
0.015290665,0.9779374,0.0067719514
0.018232897,0.9762281,0.0055390405
0.017255532,0.9786937,0.0040507987
0.020470656,0.53724194,0.44228742
0.0076638814,0.9901404,0.002195739
0.017735222,0.97210014,0.010164609
0.013643484,0.9849185,0.0014380127
0.012764214,0.98279,0.0044457917
0.016664423,0.9732675,0.0100680785
0.012103456,0.9842978,0.0035987997
0.012587693,0.9825403,0.0048719817
0.013229831,0.9834511,0.003318994
0.0069736396,0.98758465,0.0054416936
0.046813287,0.12925562,0.82393116
0.00803572,0.98292947,0.009034804
0.012946686,0.9842643,0.0027890012
0.01512287,0.98243713,0.002439979
0.03832585,0.951499,0.010175194
0.06487506,0.5501321,0.3849929
0.017538225,0.9802624,0.002199458
0.010262287,0.98913926,0.00059850456
0.015344068,0.980395,0.004260894
0.018609863,0.9771393,0.004250894
0.009819808,0.98611856,0.004061649
0.01019294,0.98822856,0.0015784777
0.0149744125,0.98329896,0.0017266561
0.01570252,0.9819726,0.0023248717
0.017886013,0.9794083,0.0027056634
0.010381739,0.9880293,0.0015889846
0.017389636,0.9805375,0.0020728433
0.005597099,0.9922577,0.002145267
0.008305889,0.9885721,0.003121923
0.013667095,0.98181725,0.0045157406
0.011321607,0.9877829,0.00089547905
0.017270042,0.9814316,0.0012983349
0.015260797,0.9836822,0.0010569268
0.027040401,0.88157237,0.09138721
0.030104028,0.9662368,0.0036591727
0.01701733,0.96518344,0.017799212
0.2930972,0.030569604,0.6763332
0.9182682,0.04531783,0.036413897
0.038643416,0.15150025,0.80985636
0.96035874,0.033314038,0.0063271252
0.025851697,0.063734114,0.91041416
0.068217985,0.03756334,0.89421874
0.06477269,0.024322253,0.910905
0.0354735,0.018766383,0.9457602
0.08696906,0.052083965,0.860947
0.52669936,0.02841296,0.44488773
0.04978736,0.024454731,0.9257579
0.06139609,0.058584563,0.8800193
0.048321668,0.06364182,0.88803655
0.064510785,0.061316643,0.87417257
0.036487516,0.04607952,0.91743296
0.04802501,0.0387024,0.9132726
0.047770448,0.033089623,0.91914
0.03836734,0.022954976,0.9386777
0.041690025,0.03323819,0.9250718
0.06025492,0.045616247,0.89412886
0.043460567,0.043503024,0.9130364
0.81368774,0.00882986,0.17748244
0.078468755,0.036562704,0.8849685
0.97983783,0.016118461,0.0040436704
0.5647821,0.106586784,0.3286312
0.050051484,0.029223297,0.92072517
0.13235247,0.092126615,0.7755209
0.028315296,0.059303008,0.9123817
0.052562654,0.06446403,0.88297325
0.35131177,0.04407931,0.6046089
0.051982142,0.06622697,0.8817909
0.06206944,0.036453124,0.9014774
0.057960227,0.052056786,0.889983
0.08332807,0.04752529,0.86914676
0.029473482,0.030054795,0.9404717
0.08286112,0.02018736,0.8969516
0.04114848,0.01773234,0.94111925
0.070199035,0.042702787,0.8870981
0.07703483,0.050767962,0.8721972
0.04145185,0.053905245,0.9046429
0.3313752,0.005895554,0.66272926
0.9910686,0.007025631,0.0019057536
0.04266749,0.021601725,0.9357308
0.051050413,0.027112672,0.9218369
0.04979401,0.3592322,0.5909738
0.10166737,0.026469769,0.8718629
0.055689618,0.03404238,0.91026795
0.05402919,0.024069145,0.92190164
0.07629259,0.048023243,0.8756842
0.057014897,0.07687192,0.86611325
0.07194289,0.035199393,0.89285773
0.042105205,0.036296956,0.9215978
0.06111909,0.02481522,0.9140657
0.06619004,0.051649638,0.8821603
0.06768352,0.07113982,0.86117667
0.097539105,0.030127808,0.8723331
0.041910335,0.015327875,0.94276184
0.034095462,0.053326316,0.9125781
0.038712643,0.59002525,0.37126213
0.014835596,0.017617706,0.96754676
0.3231451,0.18073769,0.4961173
0.017849209,0.97453374,0.007617107
0.01548522,0.0028008556,0.9817139
0.077939734,0.054570347,0.8674899
0.04815738,0.042291734,0.9095509
0.04952576,0.044742797,0.9057315
0.046435256,0.04781579,0.9057489
0.021305375,0.028363187,0.95033145
0.049601324,0.030798163,0.91960055
0.03009235,0.019948184,0.9499595
0.9563714,0.0033365695,0.04029205
0.0445844,0.101756155,0.8536595
0.053941537,0.0102447765,0.9358137
0.05373293,0.04627547,0.8999916
0.055970993,0.046856947,0.89717203
0.033950116,0.027601251,0.93844867
0.017462416,0.012214564,0.97032297
0.0396559,0.03907924,0.9212649
0.062418953,0.032796256,0.9047848
0.091584325,0.02407858,0.884337
0.031119237,0.3198667,0.64901406
0.17949185,0.31563386,0.50487435
0.10850977,0.061826997,0.8296632
0.98518735,0.007882986,0.0069295894
0.080297224,0.62483823,0.2948646
0.25317922,0.10036411,0.6464566
0.042542715,0.3843988,0.5730585
0.023896812,0.07411226,0.9019909
0.06433133,0.08204032,0.8536284
0.08964304,0.052339405,0.85801756
0.20294042,0.015301512,0.78175807
0.029053614,0.02835289,0.9425935
0.02439142,0.09151447,0.88409406
0.0146767385,0.0025629185,0.9827604
0.034023568,0.07380802,0.89216846
0.051605552,0.10323301,0.8451615
0.026412813,0.29934105,0.67424613
0.04351908,0.051983885,0.9044971
0.015453662,0.006744615,0.97780174
0.031409368,0.29010725,0.6784834
0.04865366,0.017951196,0.93339515
0.39670768,0.030438093,0.5728543
0.025569223,0.021489432,0.9529414
0.03729686,0.20103511,0.761668
0.031064957,0.03043437,0.93850064
0.8352198,0.046696153,0.11808398
0.37297386,0.029120998,0.59790516
0.03632728,0.013882858,0.9497899
0.035194132,0.67156434,0.29324153
0.035798512,0.007910103,0.9562914
0.040724266,0.0360093,0.9232665
0.15991697,0.09219201,0.747891
0.8456895,0.06082934,0.09348113
0.8850566,0.03758917,0.07735427
0.020888824,0.02153087,0.95758027
0.031310976,0.026443841,0.9422452
0.07195892,0.0209208,0.90712035
0.17424366,0.08279056,0.74296576
0.049769334,0.064595275,0.8856354
0.042082492,0.048436653,0.9094809
0.093955085,0.043735866,0.86230904
0.032837946,0.021451693,0.94571036
0.042979658,0.041657314,0.915363
0.043631587,0.06837451,0.88799393
0.05639963,0.07206581,0.8715345
0.036542717,0.038333856,0.92512345
0.08958626,0.041135915,0.8692779
0.9024051,0.02398964,0.07360522
0.36565936,0.119935736,0.51440495
0.11255475,0.45661035,0.43083492
0.11132741,0.24292406,0.6457485
0.040652588,0.079051666,0.8802957
0.042633623,0.076449275,0.88091713
0.058849208,0.008832993,0.93231773
0.10458537,0.39974385,0.49567077
0.03629177,0.16585638,0.7978519
0.049177486,0.078279026,0.8725435
0.05080513,0.049531396,0.89966345
0.050260264,0.025173921,0.92456573
0.98328143,0.008449096,0.008269508
0.092735596,0.08394343,0.82332104
0.10443067,0.06528725,0.8302821
0.06592266,0.040772732,0.8933046
0.059811536,0.058255084,0.8819334
0.04662683,0.043887485,0.90948564
0.04800123,0.013873988,0.9381247
0.0429694,0.13830115,0.8187296
0.022170998,0.027700245,0.9501288
0.02700456,0.027537176,0.9454583
0.10362119,0.037200708,0.8591781
0.054341387,0.048711307,0.89694726
0.051454727,0.051505003,0.8970403
0.053033274,0.075449124,0.87151754
0.067472,0.0110576125,0.92147034
0.7312009,0.069739975,0.19905911
0.03324501,0.026922628,0.9398323
0.044491112,0.005175429,0.95033336
0.011949747,0.01909564,0.9689547
0.036986675,0.057230167,0.9057831
0.04807656,0.054477874,0.8974456
0.044053942,0.034951784,0.92099434
0.07760641,0.07944679,0.8429468
0.06522363,0.054390043,0.88038635
0.022242928,0.019880103,0.95787704
0.019609632,0.05923364,0.92115676
0.068943076,0.026450455,0.9046064
0.034086093,0.040124033,0.9257899
0.029104363,0.018320076,0.95257556
0.040164325,0.019441174,0.9403945
0.040198237,0.04220975,0.9175919
0.0483229,0.028241606,0.9234355
0.039495826,0.024861103,0.9356431
0.053012833,0.023685664,0.9233015
0.0472303,0.041356232,0.91141343
0.03173562,0.053407304,0.9148571
0.099191315,0.023606062,0.8772025
0.08401995,0.054886818,0.8610933
0.053969417,0.023348365,0.9226821
0.06219296,0.045059152,0.89274794
0.082381025,0.049917847,0.8677011
0.03078829,0.04900774,0.920204
0.027551137,0.04480734,0.9276416
0.07470341,0.031080255,0.8942163
0.042280912,0.03588335,0.9218357
0.049914815,0.037238717,0.91284657
0.04130438,0.01952987,0.9391658
0.0567275,0.07603759,0.8672349
0.020120295,0.32615525,0.6537245
0.07724912,0.05662716,0.8661237
0.0412679,0.013036345,0.94569576
0.05285919,0.04255659,0.90458417
0.044758838,0.04741346,0.9078277
0.047163535,0.17626357,0.7765729
0.065121904,0.054146353,0.88073176
0.0347413,0.03630206,0.92895657
0.046648107,0.035418764,0.9179331
0.0236379,0.027527764,0.9488343
0.05292737,0.05099927,0.8960733
0.09431048,0.05436992,0.8513196
0.10169629,0.043060925,0.8552428
0.16814046,0.046372827,0.78548664
0.1322028,0.018262414,0.8495347
0.037038263,0.04342916,0.9195326
0.04912633,0.025736514,0.92513716
0.029198868,0.032701183,0.9381
0.09085389,0.039963383,0.86918277
0.026629094,0.034663115,0.9387079
0.059477504,0.057929747,0.88259274
0.025903907,0.03746977,0.9366263
0.040613826,0.017708248,0.9416779
0.96908355,0.005392152,0.02552433
0.067872696,0.026657311,0.90546995
0.039165653,0.024822377,0.936012
0.045370262,0.038883112,0.9157466
0.0344813,0.031734657,0.93378407
0.05559352,0.045418445,0.89898807
0.018647356,0.06604609,0.91530657
0.02472975,0.030836841,0.94443333
0.05505413,0.08585439,0.85909146
0.9986895,0.0010060716,0.0003044467
0.073204026,0.13438009,0.79241586
0.04154752,0.03021923,0.9282333
0.038167942,0.035299577,0.92653245
0.04505269,0.040266827,0.9146805
0.13596123,0.19628297,0.6677558
0.038104605,0.02873479,0.9331606
0.02132963,0.010385083,0.9682853
0.040745676,0.043585848,0.9156684
0.023796065,0.012588724,0.96361524
0.023557084,0.029004017,0.9474389
0.065493405,0.059924312,0.87458223
0.04974871,0.037772976,0.91247827
0.06313849,0.048504606,0.8883569
0.017930672,0.0135480035,0.9685213
0.048806135,0.08269837,0.8684954
0.68285984,0.05086849,0.26627168
0.056046743,0.023363758,0.92058945
0.033191033,0.014656689,0.95215225
0.03319779,0.027387878,0.9394144
0.054372445,0.025088763,0.9205387
0.054287992,0.030186327,0.9155256
0.041448466,0.03343513,0.9251164
0.06360096,0.034076396,0.9023227
0.03257545,0.028357372,0.9390671
0.1370915,0.08680093,0.7761076
0.05017473,0.30437058,0.64545465
0.07489976,0.04587482,0.87922543
0.07547248,0.06499784,0.8595297
0.058284648,0.049369015,0.8923463
0.03299253,0.014987532,0.9520199
0.034730878,0.019198952,0.94607013
0.07970939,0.035267353,0.88502324
0.044698905,0.049573906,0.9057271
0.05163995,0.027640877,0.9207192
0.04566443,0.029947463,0.9243882
0.037583783,0.06596159,0.8964546
0.061142657,0.032440923,0.90641636
0.039574195,0.015573336,0.9448526
0.017560124,0.01993713,0.9625028
0.05643302,0.01663277,0.9269342
0.07206721,0.02298912,0.9049436
0.040105898,0.030900776,0.9289933
0.04616989,0.054136436,0.89969367
0.033842076,0.025198461,0.9409595
0.04938197,0.02880425,0.9218138
0.045122482,0.027075747,0.9278017
0.055988748,0.036862027,0.90714926
0.049738277,0.09157207,0.85868967
0.054646228,0.05649111,0.8888626
0.053716816,0.04963144,0.8966517
0.059401132,0.03999704,0.9006018
0.066229895,0.051078636,0.88269144
0.04009753,0.028377928,0.9315246
0.041235723,0.032083064,0.92668116
0.04180999,0.02318004,0.93500996
0.07022624,0.032309294,0.8974645
0.055392753,0.032090195,0.91251695
0.052908998,0.02199123,0.92509973
0.022545561,0.021597324,0.95585716
0.09263019,0.19899178,0.7083781
0.04086344,0.016286131,0.9428504
0.048395306,0.05304814,0.8985565
0.034180433,0.05007337,0.9157462
0.039891854,0.035170075,0.92493814
0.04893012,0.14186081,0.80920905
0.021334788,0.03442746,0.9442377
0.04773173,0.029377963,0.9228903
0.06406782,0.03405941,0.9018729
0.050802898,0.06092198,0.8882751
0.049802028,0.034061674,0.91613626
0.06920857,0.039395362,0.89139605
0.022256557,0.022083355,0.95566005
0.053980745,0.039224107,0.9067951
0.054651905,0.04327546,0.9020726
0.033674248,0.048142016,0.9181837
0.05445912,0.02623204,0.9193089
0.038970854,0.040523276,0.9205059
0.06065928,0.03833212,0.9010086
0.06437028,0.034793053,0.90083665
0.021848954,0.021489223,0.9566618
0.03686465,0.035314173,0.9278212
0.054348625,0.04066551,0.90498585
0.02101726,0.033226635,0.945756
0.11774312,0.019438114,0.86281866
0.28133062,0.043132916,0.67553645
0.04767719,0.04211608,0.9102068
0.05008104,0.0508697,0.8990493
0.04808408,0.03483719,0.91707873
0.017858775,0.019385517,0.96275574
0.026067719,0.043273207,0.93065906
0.035324357,0.095367394,0.86930823
0.07605274,0.07993642,0.8440108
0.052473534,0.038956955,0.9085695
0.047778696,0.042744976,0.9094763
0.047128003,0.12117107,0.8317009
0.033098325,0.016481146,0.9504205
0.03935912,0.052500024,0.9081409
0.0156021,0.0350228,0.9493751
0.04836081,0.05416154,0.8974777
0.047093384,0.026211414,0.92669517
0.06566546,0.02163303,0.91270155
0.052912626,0.024630696,0.9224567
0.081791155,0.044861645,0.87334716
0.073004805,0.033261232,0.8937339
0.025676956,0.03862104,0.935702
0.035006635,0.033501565,0.9314919
0.031262048,0.03071732,0.93802065
0.041965947,0.059008338,0.8990257
0.05917026,0.05504513,0.8857845
0.08462684,0.08413243,0.8312407
0.01120675,0.050323363,0.93846977
0.02882263,0.054164205,0.91701317
0.06573523,0.051294733,0.88297004
0.02926506,0.033258952,0.937476
0.05358516,0.065397955,0.8810169
0.037907057,0.026489248,0.93560374
0.08968537,0.012888897,0.8974257
0.041653037,0.04128855,0.91705835
0.03724676,0.027144074,0.93560916
0.029052213,0.030239036,0.9407088
0.087707445,0.3279478,0.58434474
0.04282943,0.027924132,0.9292465
0.04653704,0.044841733,0.9086212
0.08584328,0.029206704,0.88495
0.106496625,0.025869751,0.8676337
0.058822647,0.032643963,0.9085334
0.0406282,0.028335368,0.93103635
0.034229394,0.05851116,0.90725946
0.013981827,0.08301393,0.90300417
0.027050022,0.05995452,0.9129954
0.044454772,0.0485862,0.9069591
0.038969312,0.040561263,0.92046946
0.05292446,0.034270857,0.91280466
0.052631814,0.051062346,0.89630586
0.05267866,0.029840037,0.91748136
0.03283505,0.025224725,0.94194025
0.044231452,0.054246455,0.9015221
0.049017135,0.032398347,0.9185846
0.15549374,0.038875915,0.8056303
0.088983856,0.028832462,0.8821837
0.052286126,0.020920204,0.9267937
0.03619463,0.03669288,0.92711246
0.04081301,0.025740443,0.9334466
0.05307345,0.08069061,0.8662359
0.058012024,0.038947426,0.9030405
0.031689696,0.013736468,0.95457387
0.049637668,0.045239773,0.9051226
0.050125495,0.059641868,0.8902327
0.037920438,0.015113196,0.9469664
0.062847614,0.048993595,0.88815874
0.063259326,0.02779836,0.90894234
0.05107984,0.037297886,0.9116223
0.08211837,0.06302384,0.85485774
0.060938973,0.036105145,0.90295583
0.048294295,0.04134866,0.91035706
0.04156193,0.016180798,0.94225734
0.039796967,0.043751124,0.9164518
0.06897223,0.06790291,0.8631249
0.04495884,0.05025327,0.9047879
0.05501808,0.03686532,0.9081166
0.040384546,0.029632654,0.9299827
0.04363073,0.047778796,0.9085905
0.034787174,0.015756559,0.9494562
0.07760598,0.049716257,0.87267774
0.0573542,0.036670793,0.90597504
0.059766058,0.119207725,0.8210262
0.05601491,0.019415034,0.92457014
0.021564098,0.027770089,0.95066583
0.037148632,0.014086266,0.9487651
0.03865917,0.037433177,0.9239077
0.040573988,0.023254218,0.9361718
0.032340534,0.012323125,0.9553364
0.08271097,0.013176542,0.9041124
0.05482955,0.5682766,0.37689388
0.04635538,0.04147162,0.912173
0.05752911,0.055650327,0.8868206
0.042560082,0.03583918,0.92160076
0.05180641,0.034375966,0.9138177
0.04261629,0.0381637,0.91922003
0.06721787,0.03165859,0.90112346
0.041574944,0.08243977,0.8759852
0.02405631,0.051830325,0.9241134
0.026228188,0.06796433,0.9058075
0.072998315,0.048060838,0.8789409
0.050903425,0.048572384,0.9005242
0.015126405,0.025907377,0.95896626
0.03940604,0.039753906,0.92083997
0.06743898,0.012889823,0.9196712
0.071683444,0.046463456,0.8818531
0.21901345,0.029690946,0.75129557
0.029668687,0.02363085,0.9467005
0.12552041,0.050369326,0.8241102
0.04829793,0.101848096,0.84985393
0.06354963,0.038809195,0.89764124
0.052233405,0.053891476,0.89387506
0.049276356,0.044257395,0.90646625
0.017054388,0.040831525,0.94211406
0.05936609,0.040563304,0.90007055
0.057513807,0.039297685,0.9031885
0.63034403,0.018087849,0.3515681
0.06338278,0.022336531,0.91428065
0.04612292,0.08995222,0.8639248
0.06597029,0.054798216,0.8792315
0.19907647,0.17482863,0.62609494
0.023958554,0.026467957,0.94957346
0.030559555,0.015039696,0.9544007
0.11407885,0.04627242,0.8396487
0.04273215,0.02922629,0.9280415
0.2269238,0.07954115,0.69353503
0.027416777,0.026651217,0.9459321
0.116213195,0.033425953,0.8503608
0.039757773,0.015630305,0.9446119
0.03055729,0.06590129,0.90354145
0.05942316,0.05013715,0.8904397
0.05581528,0.23123497,0.71294975
0.053132124,0.020584526,0.9262833
0.063344024,0.05449941,0.8821566
0.07222162,0.039304584,0.8884738
0.051290676,0.062353607,0.88635576
0.029581908,0.022792256,0.9476259
0.124076106,0.050082345,0.82584155
0.01561585,0.03880087,0.9455833
0.036620144,0.04620187,0.917178
0.044359043,0.020994693,0.93464625
0.01703473,0.025249561,0.9577157
0.038695935,0.01735667,0.94394743
0.39564547,0.05297268,0.5513819
0.04844064,0.014962311,0.93659705
0.035864882,0.024601452,0.9395336
0.049322255,0.01821566,0.9324621
0.053154167,0.03097429,0.91587156
0.05103673,0.011946006,0.9370173
0.43090773,0.0474114,0.5216809
0.049482033,0.05525513,0.8952629
0.059117895,0.032236144,0.90864587
0.046778575,0.03541392,0.9178076
0.07611321,0.020767594,0.90311927
0.049985,0.025109503,0.9249056
0.015084773,0.012579208,0.9723361
0.05800791,0.023899576,0.91809255
0.035410177,0.026033442,0.93855643
0.015044614,0.12664542,0.85831004
0.034143653,0.035782244,0.9300741
0.030707052,0.094399825,0.87489307
0.049571183,0.15661651,0.79381233
0.032550786,0.029092979,0.9383562
0.1965467,0.07087236,0.73258096
0.03850376,0.013945138,0.9475512
0.09300575,0.043336246,0.86365795
0.047909137,0.04634452,0.90574634
0.008730997,0.057942882,0.93332607
0.11674085,0.042280737,0.8409784
0.048077445,0.040327433,0.91159517
0.03720358,0.031915274,0.9308811
0.06950853,0.29928923,0.6312022
0.03429631,0.061981417,0.9037223
0.04027685,0.01577264,0.94395053
0.038651798,0.029462224,0.93188596
0.055955473,0.02225755,0.92178696
0.059176527,0.021453256,0.91937023
0.04356765,0.04382368,0.9126086
0.04645635,0.024988007,0.92855567
0.054767918,0.06991255,0.87531954
0.07038122,0.027534777,0.902084
0.05669897,0.11498334,0.82831764
0.02289344,0.02154844,0.9555581
0.04329395,0.038244106,0.91846186
0.088682294,0.060005445,0.8513123
0.054111395,0.036010776,0.90987784
0.104291745,0.06450376,0.8312045
0.08274052,0.032911908,0.88434756
0.057590406,0.02467276,0.9177369
0.04614891,0.019655509,0.9341956
0.054747295,0.0442492,0.90100354
0.0534277,0.021481594,0.92509073
0.02405131,0.026415199,0.94953346
0.17538966,0.046587236,0.7780231
0.039725624,0.031059433,0.92921495
0.042567264,0.03206876,0.9253639
0.14373344,0.3794275,0.47683913
0.04155781,0.039001845,0.9194404
0.02806384,0.027954428,0.94398177
0.051010426,0.041269183,0.9077204
0.07201172,0.045550477,0.88243777
0.04224896,0.19129825,0.7664528
0.054393526,0.039872956,0.9057335
0.0674527,0.058661185,0.87388617
0.10116985,0.021435382,0.87739474
0.9918943,0.0073689325,0.00073678326
0.98896,0.009828888,0.0012111566
0.16581425,0.047367606,0.78681815
0.94918525,0.019149637,0.031665046
0.014182995,0.9817615,0.004055567
0.043526873,0.04025578,0.9162173
0.059332717,0.028719459,0.9119478
0.044168413,0.035145413,0.9206861
0.05134395,0.04211083,0.90654516
0.049149208,0.03248564,0.9183651
0.03532656,0.022830825,0.9418426
0.028883163,0.019296786,0.95182
0.03020852,0.030032035,0.9397595
0.043688804,0.019462667,0.9368485
0.052132923,0.059189837,0.8886773
0.03518643,0.03944543,0.9253682
0.03656031,0.09182289,0.87161684
0.03606718,0.02461971,0.9393131
0.054688077,0.02842727,0.91688466
0.06004517,0.27764606,0.6623088
0.035262235,0.030102536,0.9346352
0.11771533,0.02971953,0.85256517
0.0508419,0.052353445,0.8968047
0.059827726,0.038402013,0.9017703
0.034013156,0.020270552,0.9457163
0.05105361,0.041344475,0.90760195
0.04855163,0.061795995,0.8896524
0.059332054,0.023371305,0.91729665
0.032517288,0.033746656,0.933736
0.048170388,0.06873188,0.8830977
0.029296648,0.03496092,0.93574244
0.035491936,0.02928053,0.9352276
0.085509986,0.16306372,0.7514263
0.044426765,0.033112034,0.92246115
0.04181673,0.0375209,0.9206624
0.072988026,0.032610405,0.89440155
0.05015538,0.054283887,0.89556074
0.109641775,0.031321,0.85903716
0.043220293,0.027258696,0.9295211
0.082152955,0.049585577,0.8682615
0.0651853,0.034959387,0.8998553
0.055337247,0.022314642,0.92234814
0.072574005,0.043293614,0.8841323
0.03713704,0.058710743,0.90415215
0.07987345,0.020195173,0.89993143
0.046849526,0.024930242,0.9282203
0.050166443,0.027894577,0.921939
0.050066724,0.025323074,0.92461014
0.07730456,0.059329364,0.86336607
0.028469166,0.018579593,0.95295125
0.03580034,0.054323103,0.9098766
0.037854474,0.036015324,0.92613024
0.049837854,0.058095895,0.89206624
0.043015324,0.085797176,0.87118745
0.06950909,0.04392454,0.8865664
0.046879485,0.031534925,0.9215856
0.09576724,0.039341193,0.8648916
0.05056963,0.043381408,0.9060491
0.07120739,0.030269112,0.89852345
0.051526066,0.024386773,0.9240872
0.059460066,0.028418027,0.9121219
0.031790175,0.059799265,0.90841055
0.028402323,0.031041907,0.94055575
0.025911536,0.021502407,0.95258605
0.04614253,0.045872957,0.9079845
0.056734934,0.020427985,0.922837
0.06398342,0.015771953,0.92024463
0.02668424,0.09395933,0.8793564
0.09703512,0.04692312,0.8560417
0.036973372,0.04420814,0.9188185
0.034535322,0.05099008,0.91447467
0.72265637,0.0094408225,0.26790282
0.07802977,0.021083623,0.90088665
0.04766953,0.011545822,0.94078463
0.10765734,0.28923362,0.60310906
0.10088706,0.04485589,0.85425705
0.05352098,0.050475094,0.896004
0.04582936,0.020080106,0.9340905
0.060492564,0.042728413,0.896779
0.046396945,0.045946058,0.9076569
0.05935567,0.046862576,0.8937817
0.034614563,0.04791698,0.9174685
0.05537208,0.053146906,0.891481
0.033474695,0.044825714,0.92169964
0.047050953,0.06602928,0.8869198
0.047123272,0.035501104,0.91737556
0.05556691,0.05199677,0.89243627
0.04134653,0.05100631,0.90764713
0.07889003,0.05665613,0.8644538
0.08529408,0.051582135,0.86312383
0.050698612,0.027537454,0.92176396
0.03811947,0.049089976,0.91279054
0.04001614,0.049220696,0.9107632
0.047306206,0.0747874,0.8779064
0.041779686,0.05880384,0.89941645
0.05571943,0.025485313,0.9187952
0.07149522,0.04638673,0.8821181
0.06882566,0.028108414,0.9030659
0.057688024,0.045191497,0.89712054
0.046832602,0.032503415,0.920664
0.04704368,0.092197046,0.8607592
0.06216002,0.043820534,0.8940195
0.040673632,0.062080476,0.89724594
0.05069614,0.04629479,0.903009
0.060794152,0.039714344,0.8994915
0.09795857,0.034894116,0.8671472
0.05160769,0.030043762,0.91834855
0.049418733,0.04504023,0.90554106
0.040495977,0.03601787,0.9234861
0.09394957,0.055500448,0.85055
0.029895691,0.028194325,0.94190997
0.10952696,0.06521021,0.82526284
0.047889017,0.053790517,0.89832044
0.0357594,0.0329431,0.9312975
0.04968058,0.021118414,0.92920095
0.020582577,0.021952875,0.9574645
0.026522173,0.013559436,0.95991844
0.03740538,0.07949712,0.8830975
0.07001301,0.022930553,0.9070564
0.07756588,0.089539714,0.83289444
0.2733165,0.100793295,0.62589025
0.04540421,0.051049326,0.9035464
0.06334269,0.022062339,0.914595
0.06014475,0.03948243,0.90037274
0.06813797,0.0325655,0.89929646
0.06109828,0.038874377,0.9000274
0.044423796,0.06155599,0.89402026
0.05265949,0.14797592,0.79936457
0.048247013,0.04050921,0.9112438
0.035401203,0.02719611,0.9374027
0.031303946,0.048484504,0.92021155
0.020955155,0.019361435,0.9596834
0.02102119,0.012503388,0.9664755
0.028503908,0.040393706,0.9311024
0.04312303,0.063669495,0.8932075
0.027149115,0.020473225,0.9523776
0.04761305,0.030891767,0.92149514
0.24541439,0.06915474,0.68543094
0.014361488,0.027736614,0.95790195
0.049497444,0.03551268,0.91499
0.04963695,0.03458456,0.9157785
0.054328166,0.033931363,0.9117404
0.031558845,0.052439824,0.9160014
0.04989852,0.023182318,0.92691916
0.04722289,0.045502596,0.90727454
0.029145243,0.028974967,0.94187975
0.05063931,0.058742628,0.89061797
0.124862246,0.07551124,0.79962647
0.056427132,0.034662053,0.9089108
0.0694062,0.06753408,0.86305976
0.03350365,0.022122947,0.94437337
0.038509365,0.015650624,0.94583994
0.030007541,0.019930856,0.9500616
0.06422887,0.028978508,0.90679264
0.06946753,0.053106792,0.8774257
0.083238885,0.020984517,0.8957766
0.06121492,0.028634874,0.91015023
0.06769943,0.023834463,0.9084661
0.049318925,0.027343098,0.923338
0.072415516,0.028861215,0.8987233
0.04805047,0.017436748,0.93451273
0.031164818,0.031903867,0.9369314
0.027938312,0.059434906,0.9126268
0.099866636,0.06823628,0.8318971
0.14178106,0.025013627,0.83320534
0.056439146,0.04417,0.8993909
0.06903564,0.04871515,0.8822492
0.05279184,0.040240437,0.90696764
0.036963426,0.09292603,0.8701106
0.059624363,0.06334596,0.87702966
0.03673391,0.044136804,0.91912925
0.042283468,0.0510036,0.90671295
0.036179435,0.025257317,0.9385632
0.10128312,0.0207687,0.8779483
0.041149072,0.05288808,0.9059628
0.050388295,0.030801749,0.91880995
0.06744503,0.03892,0.8936349
0.027508434,0.02432357,0.948168
0.04982283,0.024664087,0.9255131
0.03060769,0.02185298,0.9475394
0.052180823,0.056586456,0.8912327
0.039891947,0.04415636,0.9159516
0.06045254,0.022109319,0.9174381
0.036580868,0.060547713,0.90287143
0.9943697,0.005341714,0.00028868412
0.087308064,0.035206817,0.87748516
0.9720447,0.01232017,0.01563511
0.48039722,0.039732985,0.47986975
0.9588497,0.032206867,0.008943524
0.9412229,0.008600906,0.05017613
0.98062676,0.013256407,0.006116827
0.9966614,0.002514287,0.0008242799
0.996525,0.002933362,0.00054155866
0.99220747,0.0062803905,0.0015122582
0.9415884,0.053589724,0.0048218328
0.9880056,0.0052456916,0.00674877
0.9921841,0.006581638,0.0012342402
0.98708564,0.0072477735,0.005666664
0.9898651,0.0023827895,0.007752066
0.98498243,0.014397259,0.0006203364
0.99001664,0.0077532525,0.0022300382
0.56536305,0.30499047,0.12964654
0.9868836,0.0053118635,0.007804561
0.043488942,0.07573149,0.88077956
0.98785096,0.0110169845,0.0011320696
0.99184364,0.0076024584,0.00055395666
0.11446983,0.0586943,0.8268359
0.9681354,0.025251552,0.006613043
0.2683299,0.044287547,0.6873826
0.67059517,0.31736666,0.012038203
0.71997607,0.025430677,0.25459325
0.98289615,0.015458512,0.0016453044
0.985378,0.007838449,0.006783612
0.9478212,0.0071944254,0.044984337
0.9831919,0.012932579,0.0038754877
0.16962926,0.7264757,0.10389501
0.99348795,0.0052542356,0.0012577783
0.9602056,0.033734284,0.006060048
0.6925804,0.068566374,0.2388532
0.08567523,0.067840904,0.8464838
0.9919646,0.0037200977,0.004315389
0.98705673,0.0032476466,0.009695682
0.97351766,0.014581361,0.01190096
0.29277846,0.0730208,0.63420075
0.12974896,0.051812556,0.8184385
0.9896723,0.0056815133,0.004646182
0.9591906,0.021420147,0.019389324
0.13785501,0.15007924,0.71206576
0.98965985,0.010049446,0.00029070358
0.98180354,0.017617337,0.0005791721
0.9874362,0.007808931,0.004754894
0.9845576,0.009690041,0.0057523833
0.9951605,0.004270505,0.0005689898
0.9739959,0.013192511,0.012811619
0.99431664,0.005248357,0.0004350391
0.98488116,0.012325393,0.0027934758
0.9905172,0.0090160705,0.0004667652
0.9917184,0.007296026,0.000985483
0.9915804,0.006974557,0.0014449144
0.024707573,0.9454311,0.029861288
0.988708,0.010898079,0.00039387328
0.9884729,0.00928307,0.0022440236
0.99170834,0.0074253352,0.00086628646
0.9888604,0.010021736,0.0011178385
0.99046665,0.008003002,0.001530386
0.9952897,0.003957807,0.0007524158
0.98690015,0.012399,0.0007008712
0.99447095,0.005373652,0.00015544536
0.99278885,0.0056771846,0.001533974
0.9893757,0.009890804,0.00073347846
0.9944412,0.0053212713,0.00023748216
0.99346983,0.006300675,0.00022950207
0.9931057,0.0066914936,0.00020285646
0.994879,0.0043790857,0.00074189267
0.99641293,0.0034424828,0.00014460797
0.9960907,0.00362064,0.0002886195
0.9916155,0.0076155695,0.0007689157
0.9843742,0.014151472,0.0014741771
0.9900051,0.009630138,0.00036475115
0.991755,0.006921499,0.0013235738
0.9931753,0.006652866,0.00017183815
0.9905703,0.008387953,0.0010417051
0.98584425,0.013444587,0.0007111466
0.9742125,0.02415192,0.0016355531
0.99039525,0.008652685,0.00095202733
0.92848074,0.03276338,0.038755786
0.98771983,0.011123624,0.001156501
0.994756,0.0033900915,0.0018539921
0.9941864,0.0034482342,0.00236531
0.9959336,0.0027756034,0.0012907753
0.99167377,0.00661691,0.0017093496
0.9953145,0.0018953185,0.0027901789
0.9816368,0.015453788,0.002909358
0.979811,0.01401726,0.006171716
0.08140203,0.014781043,0.9038169
0.989331,0.00726426,0.0034046902
0.2751711,0.2923466,0.43248236
0.9942986,0.005106699,0.0005946172
0.9923086,0.0065696207,0.0011217365
0.99602985,0.00350903,0.00046118448
0.89400434,0.046305533,0.059690185
0.9327013,0.015343059,0.051955607
0.9213174,0.030705368,0.047977228
0.5997321,0.05813354,0.34213442
0.055807084,0.020350628,0.92384225
0.9676379,0.024798805,0.007563208
0.9957033,0.003144443,0.001152266
0.27832898,0.66264236,0.059028633
0.9913434,0.007901319,0.0007553104
0.90938133,0.084668286,0.0059504546
0.9921927,0.006280297,0.0015270761
0.99052,0.007894757,0.0015852309
0.18539885,0.066689566,0.74791163
0.99039626,0.00892736,0.000676409
0.97345483,0.017112955,0.009432231
0.98478955,0.013221987,0.0019884387
0.9915734,0.007841649,0.0005849354
0.98930067,0.0102239465,0.00047538674
0.992199,0.004523557,0.0032773432
0.9946227,0.0034497473,0.0019275884
0.9898189,0.009751341,0.00042970103
0.99007016,0.0096401805,0.00028969027
0.13083601,0.38304922,0.48611474
0.961404,0.024639042,0.013956885
0.94807047,0.05113693,0.00079256145
0.9944628,0.0042177932,0.0013194338
0.9930119,0.0057791597,0.001209014
0.31009275,0.16087401,0.5290332
0.6357563,0.33363244,0.030611265
0.9953419,0.0042546317,0.00040354766
0.9917847,0.007736817,0.0004784456
0.9905212,0.008670704,0.0008080778
0.9825587,0.015943741,0.0014975523
0.9930102,0.00686291,0.00012693212
0.031430822,0.8876783,0.080890924
0.011292573,0.9871761,0.0015312715
0.005125128,0.9939964,0.0008785202
0.64032406,0.32126847,0.038407534
0.014401786,0.9824097,0.0031884653
0.012052448,0.98590964,0.0020379086
0.0139762955,0.98460984,0.0014138932
0.01793351,0.9810508,0.0010156994
0.008463702,0.9888364,0.0026998834
0.077733554,0.21192166,0.71034473
0.019607462,0.83251005,0.14788249
0.019507246,0.91411275,0.06637997
0.0050856513,0.994076,0.00083835697
0.004212817,0.99523133,0.0005558487
0.012994512,0.98404884,0.0029566544
0.010292982,0.98823,0.0014770636
0.0060946187,0.98954976,0.0043556285
0.037015513,0.039518416,0.92346597
0.010608212,0.9871595,0.0022323052
0.023108209,0.9673525,0.009539321
0.012905951,0.98500764,0.0020863642
0.010095064,0.96828175,0.021623166
0.02119481,0.30216792,0.67663723
0.0078958925,0.9564397,0.03566448
0.02586329,0.34568813,0.6284486
0.07467704,0.113203645,0.8121193
0.013346063,0.98533255,0.001321439
0.0048605194,0.99372226,0.0014172571
0.058548626,0.9394064,0.0020449336
0.038638316,0.73396283,0.22739886
0.03013152,0.5640468,0.40582162
0.013297057,0.9855568,0.0011461067
0.14069243,0.67581004,0.18349753
0.024219254,0.96837986,0.0074008955
0.015141286,0.92584467,0.059014123
0.012112571,0.97641945,0.011467952
0.055694867,0.7584502,0.18585488
0.008374847,0.9899888,0.0016362715
0.0050660702,0.9902486,0.004685349
0.023326095,0.9755205,0.0011534261
0.018609608,0.9799927,0.0013976758
0.06001988,0.2541781,0.685802
0.010228604,0.9810905,0.008680902
0.005833727,0.9907099,0.003456369
0.02493529,0.7322829,0.24278177
0.0071125915,0.9916466,0.0012408206
0.027628066,0.96163684,0.010735111
0.30474493,0.40332735,0.29192773
0.013981784,0.97447217,0.011546115
0.011417473,0.98550355,0.003078979
0.0493326,0.085991554,0.86467576
0.034336008,0.83493733,0.13072667
0.00355768,0.9961266,0.00031576207
0.009298016,0.9900643,0.00063770066
0.008422657,0.99079084,0.00078649545
0.024697604,0.7842392,0.19106327
0.113880746,0.115448415,0.7706708
0.01077946,0.98273337,0.0064871935
0.023742203,0.246977,0.7292808
0.005913821,0.98681206,0.007274124
0.010096688,0.9856113,0.0042919386
0.006440906,0.98145515,0.01210391
0.010138759,0.9887522,0.0011090181
0.015358691,0.9661152,0.018526116
0.0065362263,0.9911287,0.0023351198
0.019775124,0.9556143,0.024610538
0.016512211,0.9824384,0.0010494232
0.013534129,0.98276585,0.0037000251
0.017438287,0.97944736,0.0031143236
0.0092876665,0.9736298,0.017082633
0.012737694,0.98554856,0.0017137881
0.027066052,0.96630114,0.0066328207
0.020215724,0.8977734,0.08201083
0.02187463,0.97572327,0.0024020993
0.00780324,0.98768055,0.0045161685
0.030335363,0.85506827,0.11459633
0.04300168,0.11329434,0.843704
0.06701047,0.5926823,0.34030727
0.0074649383,0.99117297,0.0013621241
0.012010563,0.98632866,0.0016607527
0.018129773,0.9802326,0.0016376439
0.015059913,0.95568365,0.029256415
0.004076038,0.9954275,0.00049641484
0.010570076,0.9845717,0.0048582745
0.00540161,0.9938048,0.00079352385
0.0059534535,0.99051917,0.0035273044
0.0141088525,0.98045164,0.005439447
0.0064218496,0.9929912,0.0005869169
0.010373239,0.9814528,0.008173916
0.053161126,0.6640462,0.2827927
0.013485181,0.9773007,0.0092140725
0.013526048,0.96130246,0.025171464
0.010872209,0.98828936,0.0008383747
0.9479759,0.032692365,0.01933179
0.059672747,0.05915058,0.88117677
0.40853468,0.5627116,0.02875375
0.01195322,0.9873881,0.0006587331
0.0068083573,0.9889725,0.0042191567
0.02279424,0.09814723,0.87905854
0.003122556,0.9926426,0.004234814
0.03296667,0.9634273,0.0036060263
0.028983006,0.96072304,0.01029392
0.012110301,0.95036817,0.037521567
0.072855994,0.6417932,0.2853508
0.028451301,0.86480194,0.10674678
0.01714609,0.9810713,0.001782645
0.007938276,0.9901614,0.001900294
0.004349482,0.9939605,0.0016900267
0.00887574,0.9837083,0.0074159577
0.007318284,0.9898985,0.002783138
0.015115702,0.9838912,0.0009931016
0.04553201,0.5039456,0.45052242
0.03506323,0.95886153,0.006075251
0.005525334,0.99301916,0.0014555145
0.17031382,0.67938477,0.15030141
0.008673432,0.9898657,0.0014608444
0.011501514,0.9659797,0.022518871
0.18855211,0.7107202,0.10072775
0.02575797,0.57814693,0.39609507
0.0136247575,0.98452765,0.0018475155
0.011686105,0.9853243,0.0029895392
0.041986454,0.67038685,0.28762674
0.017099254,0.9822207,0.00068005983
0.00487891,0.99165463,0.003466429
0.010488468,0.98752147,0.0019900643
0.010361464,0.9880277,0.0016108556
0.0054225777,0.99377304,0.00080442167
0.037634,0.92524296,0.037122976
0.004817499,0.99459237,0.00059016416
0.008776716,0.9890171,0.0022061367
0.006986367,0.9913215,0.0016921366
0.9427567,0.045028895,0.012214417
0.006746634,0.9876929,0.005560479
0.03779117,0.9214266,0.040782265
0.012274806,0.9837167,0.004008465
0.024388455,0.927768,0.047843624
0.009857862,0.97554463,0.01459746
0.009624597,0.9894354,0.0009400239
0.01909971,0.9796282,0.0012721249
0.033969723,0.6616309,0.3043994
0.05021801,0.49157953,0.4582025
0.013802166,0.98476565,0.001432184
0.0073989253,0.990113,0.0024880294
0.004496165,0.9939255,0.0015783024
0.013639297,0.97790843,0.008452307
0.012792503,0.98304623,0.0041612373
0.009016745,0.9886585,0.002324755
0.024794182,0.78692156,0.18828425
0.011823652,0.97763956,0.010536734
0.12280029,0.32117468,0.556025
0.014939099,0.9838583,0.0012025576
0.0127411755,0.9526923,0.034566525
0.008137008,0.9866093,0.005253647
0.0039876485,0.9930489,0.002963369
0.01573561,0.9830814,0.0011829787
0.01752815,0.82700616,0.15546574
0.011193772,0.98814183,0.0006644064
0.007972309,0.9905297,0.0014979527
0.0060028317,0.99193066,0.0020664353
0.055028412,0.13672969,0.80824184
0.011090835,0.9867338,0.0021754005
0.015874838,0.9811828,0.0029422909
0.0056875297,0.99265724,0.0016551655
0.0069494043,0.9851141,0.007936469
0.005974618,0.9872685,0.0067569194
0.02033901,0.9761678,0.0034932129
0.008348562,0.988811,0.002840455
0.011671712,0.9869982,0.001330152
0.002996076,0.99619603,0.00080795947
0.008298297,0.98959947,0.0021022398
0.025422983,0.8724438,0.10213328
0.022360774,0.8940706,0.08356857
0.008293821,0.98906565,0.0026405295
0.01800326,0.97339237,0.008604382
0.016670674,0.97935414,0.0039751297
0.05356373,0.12736832,0.81906796
0.02142137,0.9648824,0.013696268
0.049503632,0.7363007,0.21419562
0.028392112,0.9434367,0.028171161
0.011971322,0.9472922,0.040736448
0.014851441,0.983833,0.0013155682
0.010580266,0.9884123,0.0010074558
0.014799334,0.9822979,0.0029028002
0.013004367,0.98575735,0.0012382794
0.021559348,0.97680396,0.001636704
0.014546898,0.98362523,0.001827884
0.01456854,0.9831665,0.002264913
0.013443314,0.9857509,0.0008057584
0.010544287,0.9889066,0.00054908945
0.0172331,0.98028904,0.002477819
0.013466483,0.9855231,0.001010414
0.024333796,0.97391033,0.0017558619
0.028733004,0.97027314,0.0009938078
0.016444154,0.96134126,0.022214636
0.03235764,0.9605204,0.0071219266
0.019573998,0.9787844,0.0016416247
0.017188031,0.9815522,0.0012597736
0.016243448,0.98166704,0.0020894657
0.021017054,0.97767556,0.0013073345
0.009142948,0.9888837,0.0019734432
0.054252546,0.9439708,0.0017766058
0.027965644,0.9714875,0.00054684305
0.07270479,0.92190886,0.005386351
0.024983222,0.9729317,0.0020850773
0.017823687,0.97981536,0.0023609023
0.036187135,0.9600872,0.003725743
0.015465895,0.98144674,0.0030873374
0.02102837,0.97438824,0.004583372
0.02023885,0.97802347,0.0017376365
0.015896829,0.98158294,0.0025201612
0.010298198,0.9887307,0.0009710676
0.018871818,0.98030627,0.0008219142
0.013249332,0.9849007,0.0018500212
0.020016305,0.9777159,0.0022678063
0.020591399,0.97772163,0.0016869468
0.0142917605,0.9844715,0.0012366641
0.016879248,0.9810122,0.0021085632
0.017068684,0.9823815,0.0005497446
0.018547587,0.9805495,0.0009029201
0.0147042805,0.98460466,0.0006910946
0.015442861,0.9838207,0.0007365178
0.016483169,0.9826278,0.00088906754
0.01209366,0.9873505,0.0005557722
0.009086711,0.9905094,0.0004039484
0.017437957,0.9813436,0.0012183731
0.018805604,0.9797329,0.0014615061
0.013653436,0.98563695,0.0007096098
0.019879324,0.97864074,0.0014799733
0.010201786,0.98908615,0.00071209314
0.016436514,0.98176205,0.0018014065
0.0113679245,0.9879573,0.0006747432
0.012235905,0.9873253,0.00043878294
0.014281906,0.9837928,0.0019253104
0.013188121,0.98611164,0.0007003112
0.01848522,0.98011965,0.0013951294
0.020324534,0.97833496,0.0013405483
0.017054759,0.9796648,0.0032804862
0.01635063,0.98045474,0.0031945747
0.013605422,0.96694374,0.01945084
0.017275823,0.97602457,0.0066995635
0.010800614,0.98562384,0.0035756042
0.0155710345,0.98234624,0.0020827597
0.066797435,0.26704225,0.66616035
0.019256774,0.97808576,0.0026575222
0.008660594,0.9874358,0.0039036355
0.014295748,0.91743636,0.06826784
0.007620675,0.98937744,0.0030018366
0.011688717,0.9542901,0.03402118
0.006662586,0.99268544,0.0006519997
0.44916466,0.5129621,0.037873246
0.017338386,0.97955906,0.0031025358
0.01877306,0.9799494,0.0012775228
0.01286794,0.98019034,0.006941733
0.017714616,0.97954214,0.0027432835
0.012344724,0.98642576,0.0012294761
0.01086317,0.98746765,0.0016691779
0.010878681,0.9764029,0.012718466
0.01012078,0.9381291,0.051750116
0.056301482,0.5365262,0.40717232
0.10158427,0.43879113,0.45962468
0.007027082,0.9903058,0.0026671796
0.012014167,0.9866246,0.0013611802
0.08198847,0.056130107,0.8618814
0.012717498,0.9868729,0.0004096025
0.0034626035,0.9944372,0.002100175
0.015196442,0.9833678,0.0014357487
0.012637488,0.9864271,0.00093533733
0.01175631,0.9825698,0.0056738877
0.033405796,0.8352436,0.13135059
0.02061927,0.9278468,0.051533993
0.0140908,0.98302966,0.0028795428
0.010779932,0.9694314,0.019788641
0.0056777922,0.99289507,0.0014271839
0.018595641,0.97258604,0.008818339
0.08833397,0.89127076,0.0203953
0.0805129,0.75636935,0.16311772
0.019738384,0.9707539,0.009507647
0.010755505,0.9853491,0.0038953861
0.019619834,0.9791621,0.0012180413
0.00906621,0.9902068,0.00072696054
0.11463071,0.87710595,0.008263373
0.013648029,0.98044753,0.0059044394
0.010237596,0.97716993,0.012592458
0.01060285,0.9828137,0.0065834583
0.013835587,0.9775569,0.008607506
0.014951394,0.9827467,0.0023018445
0.006671427,0.99012756,0.0032009855
0.11668533,0.88264084,0.000673804
0.008230259,0.9911175,0.0006522425
0.012229941,0.95554847,0.032221597
0.021765592,0.9633043,0.0149300685
0.026493965,0.95796144,0.015544608
0.02107085,0.97445166,0.004477489
0.011610505,0.9808639,0.0075256447
0.013842323,0.9837803,0.002377411
0.008033757,0.9903966,0.0015696299
0.006686068,0.9923005,0.0010133962
0.020959461,0.93856114,0.040479403
0.009144379,0.9737048,0.017150816
0.011525563,0.9689452,0.019529209
0.007410142,0.9916141,0.0009758035
0.014217034,0.97645926,0.009323758
0.017416747,0.95092213,0.03166109
0.009042058,0.9885338,0.002424149
0.011853417,0.98393667,0.0042099883
0.013427122,0.9769017,0.009671193
0.0147019755,0.9767892,0.00850885
0.010894078,0.96545005,0.023655837
0.012963282,0.9759486,0.011088083
0.006639786,0.9635446,0.029815635
0.014332899,0.9834562,0.0022109381
0.011922416,0.98484355,0.003234042
0.016622785,0.9813208,0.002056346
0.008803991,0.99015474,0.0010412681
0.014745892,0.9845025,0.00075156474
0.0146410875,0.9832496,0.0021092487
0.008011508,0.9915194,0.00046906614
0.009710304,0.98854536,0.0017443654
0.0118523855,0.98097277,0.0071748076
0.008567462,0.99026394,0.0011685739
0.010626108,0.9888249,0.00054904405
0.01779908,0.98133355,0.00086732843
0.015371545,0.98119193,0.0034365607
0.013751077,0.9859227,0.00032624917
0.0126679335,0.9868743,0.00045783859
0.012819117,0.98220956,0.0049712528
0.012572616,0.9737265,0.01370086
0.016366601,0.9823713,0.0012620568
0.009279021,0.98804164,0.002679335
0.0206077,0.97849566,0.00089664006
0.01981465,0.92715853,0.053026747
0.010196616,0.9895509,0.00025253984
0.010770773,0.98194134,0.007287869
0.19150715,0.8062752,0.0022176078
0.01642492,0.980112,0.0034630822
0.009102374,0.9902806,0.0006170094
0.02352141,0.97412914,0.0023494943
0.009835264,0.98863566,0.0015290492
0.016607564,0.98233896,0.001053424
0.0092624165,0.9901337,0.0006038051
0.0075124865,0.9897238,0.0027636897
0.055836413,0.0749895,0.869174
0.021101844,0.97779286,0.0011053274
0.034053165,0.70225054,0.26369628
0.01990689,0.97522426,0.004868875
0.026720472,0.044140738,0.9291388
0.035058934,0.027491212,0.9374499
0.51668394,0.44291532,0.04040071
0.02907962,0.0511361,0.91978425
0.051845457,0.044302482,0.9038521
0.46943268,0.18745825,0.34310907
0.049614176,0.077371046,0.8730147
0.42523965,0.38642964,0.18833075
0.038629044,0.03908439,0.9222866
0.07491743,0.8734416,0.051641013
0.056034192,0.044024713,0.8999411
0.17495432,0.7142715,0.11077417
0.055644818,0.04541598,0.89893925
0.06782671,0.03698494,0.8951884
0.016223075,0.027921678,0.9558553
0.017754897,0.017582353,0.96466273
0.043046426,0.056143124,0.9008104
0.046837907,0.04223196,0.91093016
0.085336946,0.031058276,0.88360476
0.017534537,0.05456684,0.9278986
0.10624936,0.42746764,0.466283
0.2419932,0.070355296,0.6876515
0.03462629,0.2423575,0.72301614
0.0387182,0.33057746,0.6307043
0.04409121,0.021446412,0.93446237
0.05130597,0.04635108,0.90234286
0.9786105,0.0134900715,0.007899486
0.07067217,0.29107445,0.6382534
0.57066286,0.015705723,0.4136315
0.05848958,0.07357761,0.8679328
0.08387493,0.43392926,0.4821958
0.05473161,0.84741247,0.09785592
0.8360009,0.011826337,0.15217274
0.15704156,0.4089291,0.4340293
0.044174526,0.02142408,0.9344014
0.9489819,0.0058906036,0.045127477
0.045569748,0.063825846,0.8906044
0.044069026,0.35131556,0.60461545
0.05022625,0.03926934,0.9105044
0.03721021,0.91482395,0.047965858
0.014950091,0.9303648,0.05468516
0.071739584,0.05770069,0.8705597
0.04025064,0.04364901,0.9161003
0.063924134,0.2709767,0.66509926
0.07711793,0.054845236,0.8680368
0.2008288,0.02043098,0.77874017
0.2194959,0.03213504,0.748369
0.13893524,0.128997,0.73206776
0.045307733,0.037524763,0.91716754
0.045105357,0.01651251,0.93838215
0.9364004,0.014741637,0.048858
0.08767433,0.2873327,0.62499297
0.011261056,0.044800077,0.94393885
0.048340328,0.03865335,0.9130063
0.78168607,0.06810316,0.15021072
0.07335715,0.025080679,0.9015622
0.7020534,0.033679865,0.2642667
0.04754724,0.012246969,0.94020575
0.0331086,0.018957049,0.94793427
0.03777423,0.054161955,0.90806377
0.039647195,0.12661526,0.83373755
0.02335449,0.029987758,0.9466578
0.036509223,0.063267365,0.90022343
0.02498936,0.5146435,0.46036714
0.07249741,0.1702157,0.7572869
0.022664623,0.022976618,0.9543587
0.023476128,0.44895008,0.52757376
0.040204845,0.08322323,0.8765719
0.022697873,0.4183564,0.5589457
0.059397083,0.66541666,0.2751863
0.04820881,0.04304562,0.9087456
0.39073828,0.07148958,0.5377721
0.03134617,0.032690488,0.93596333
0.28724864,0.21981145,0.49293992
0.030414406,0.051635697,0.91795
0.032629307,0.07593954,0.8914311
0.19759832,0.043449003,0.75895274
0.020933505,0.9699925,0.009074002
0.04882406,0.0071655,0.94401044
0.04503427,0.016230885,0.9387349
0.02620074,0.045670465,0.9281288
0.05105604,0.2577692,0.69117475
0.042486206,0.012932278,0.94458145
0.041945115,0.051543012,0.9065119
0.077247985,0.037831936,0.8849201
0.034879122,0.016866442,0.94825435
0.051340345,0.03640576,0.9122539
0.013813404,0.96367747,0.022509122
0.020255543,0.01042666,0.9693178
0.02774691,0.034363385,0.93788964
0.075288884,0.2592157,0.6654954
0.07436508,0.04066919,0.8849657
0.042299703,0.029128965,0.9285713
0.04701986,0.07654469,0.8764354
0.052816294,0.033572078,0.9136117
0.0300551,0.04765416,0.92229074
0.023481116,0.0540119,0.922507
0.03996304,0.06195644,0.89808047
0.058397338,0.07037187,0.87123084
0.067525335,0.0870436,0.8454311
0.084000185,0.101521656,0.8144781
0.59628934,0.083525315,0.3201853
0.06828782,0.14541486,0.7862973
0.08017634,0.6087015,0.31112212
0.04474483,0.023464017,0.9317911
0.093801856,0.058642406,0.8475557
0.023971584,0.04158129,0.93444705
0.042577695,0.13458681,0.8228355
0.026585422,0.4693291,0.50408554
0.021095663,0.37741476,0.60148954
0.035025913,0.05366956,0.9113046
0.045492675,0.16430607,0.79020125
0.04192973,0.03221149,0.92585874
0.03757451,0.1286741,0.8337514
0.09079077,0.070226215,0.83898294
0.49483973,0.16222748,0.34293285
0.03087126,0.8421667,0.12696204
0.040735763,0.042028856,0.91723543
0.063058995,0.15853031,0.77841073
0.043366328,0.10181922,0.85481447
0.014221062,0.038169198,0.94760984
0.032251548,0.08749775,0.8802507
0.015719667,0.9248389,0.059441384
0.04854265,0.04176473,0.90969265
0.04382001,0.14594293,0.81023705
0.030874614,0.13789828,0.83122706
0.012342229,0.042910665,0.9447471
0.051157635,0.062191874,0.88665044
0.057932466,0.6549579,0.2871096
0.074079864,0.019025283,0.90689486
0.070184395,0.018761186,0.9110544
0.05943848,0.033211976,0.9073495
0.09552762,0.014793399,0.889679
0.08270864,0.032420814,0.8848705
0.07450723,0.060220063,0.86527264
0.053490054,0.024850903,0.92165905
0.07877139,0.03371413,0.88751453
0.035614397,0.05657915,0.90780646
0.03169586,0.06963697,0.8986672
0.045995902,0.034651782,0.9193524
0.5363711,0.033562288,0.43006665
0.048859138,0.07915146,0.8719894
0.040002584,0.021558715,0.9384387
0.42639697,0.097922795,0.4756802
0.058047075,0.027715629,0.9142374
0.050464008,0.23829429,0.7112417
0.11780233,0.16775821,0.71443945
0.033553362,0.068378,0.89806855
0.07310647,0.034097414,0.89279616
0.0358949,0.04825472,0.9158504
0.066067666,0.04562986,0.88830245
0.044631913,0.054524194,0.9008439
0.04256411,0.059732642,0.8977033
0.029382648,0.07422953,0.89638776
0.50833917,0.033674214,0.45798656
0.051567383,0.045909792,0.90252286
0.040056106,0.18960989,0.77033395
0.060866445,0.215159,0.7239746
0.045453325,0.035330012,0.9192167
0.94747424,0.039452158,0.013073623
0.576741,0.391483,0.031776015
0.029822027,0.030588923,0.9395891
0.1098616,0.027696101,0.8624423
0.025846513,0.12985694,0.8442966
0.07529325,0.046025846,0.87868094
0.12617865,0.054641016,0.8191804
0.035476595,0.87454796,0.08997548
0.058822338,0.05456138,0.88661623
0.06563244,0.04759754,0.88677007
0.065728635,0.051389858,0.88288146
0.058822338,0.05456138,0.88661623
0.09526103,0.043998692,0.8607402
0.05628306,0.05205332,0.8916636
0.065728635,0.051389858,0.88288146
0.071706116,0.02700477,0.90128905
0.039128024,0.022099387,0.93877256
0.67619175,0.05427902,0.26952925
0.09069862,0.044986855,0.8643145
0.025782868,0.060890995,0.9133262
0.062493745,0.05865013,0.87885606
0.06011849,0.18248518,0.7573964
0.07707808,0.077910535,0.8450115
0.074251585,0.023825118,0.9019233
0.12489492,0.56689155,0.30821356
0.030769147,0.04238629,0.9268446
0.06386027,0.03455111,0.9015887
0.037250526,0.035233665,0.9275158
0.023495,0.023221273,0.9532837
0.053152137,0.19845079,0.7483971
0.05025305,0.043194104,0.90655285
0.03437497,0.009848594,0.95577645
0.02117771,0.007998999,0.9708232
0.013834953,0.0038681806,0.9822969
0.030129576,0.014080137,0.9557903
0.046617717,0.24035507,0.71302724
0.03955488,0.015131089,0.94531405
0.03125289,0.030084975,0.9386622
0.041185766,0.03325568,0.9255585
0.026466915,0.010925831,0.9626072
0.012664955,0.008371023,0.9789641
0.013865737,0.02069333,0.9654409
0.04146852,0.01747335,0.9410581
0.04945665,0.016453046,0.93409026
0.02181949,0.010602861,0.96757764
0.021581413,0.012949929,0.9654687
0.0371696,0.02367263,0.9391578
0.042517014,0.023229247,0.9342537
0.024545051,0.0054820916,0.9699728
0.021123014,0.006771129,0.9721059
0.009788136,0.0072739245,0.982938
0.025153391,0.014234331,0.96061224
0.038233377,0.028191525,0.9335751
0.024336971,0.01672654,0.9589364
0.031223897,0.011554132,0.957222
0.09263225,0.015964005,0.8914038
0.038195558,0.03641088,0.92539364
0.028800773,0.007148106,0.9640511
0.05912622,0.03475851,0.9061153
0.02474185,0.014544984,0.96071315
0.042168517,0.039343778,0.9184877
0.033344425,0.020323407,0.94633216
0.019130757,0.056393385,0.92447585
0.028648555,0.017997975,0.9533535
0.054966986,0.026168207,0.9188648
0.02819571,0.8758589,0.0959454
0.029098367,0.01572808,0.9551735
0.028104194,0.026556596,0.94533914
0.109311976,0.0354884,0.8551996
0.028577665,0.02413541,0.9472869
0.028728396,0.018988308,0.95228326
0.06285147,0.03494797,0.9022006
0.019042833,0.017508848,0.96344835
0.030748574,0.00518903,0.96406245
0.052696966,0.026810046,0.92049307
0.06923819,0.043328147,0.8874337
0.05557588,0.034239307,0.9101849
0.06027856,0.017748838,0.9219726
0.0691682,0.007177249,0.9236545
0.06132099,0.45799783,0.4806812
0.054445125,0.049961656,0.8955932
0.1128132,0.050749674,0.83643717
0.074163295,0.014811879,0.9110248
0.048493467,0.028424442,0.92308205
0.030409254,0.030948516,0.9386422
0.011766132,0.9776455,0.010588373
0.05457039,0.06556783,0.87986183
0.04281909,0.06723244,0.88994855
0.039623473,0.3025167,0.65785986
0.028147995,0.05953115,0.91232085
0.051678125,0.023315916,0.925006
0.033256963,0.027490338,0.93925273
0.034210414,0.030249607,0.93553996
0.09639765,0.014979242,0.8886232
0.0420852,0.7321749,0.22573993
0.051476777,0.044942714,0.9035805
0.042125694,0.016723748,0.9411506
0.05280819,0.029249016,0.91794276
0.06177189,0.040195733,0.8980324
0.06273769,0.048055705,0.8892066
0.0827807,0.06133743,0.85588187
0.036896348,0.018017,0.94508666
0.033681512,0.021556128,0.9447624
0.027007304,0.036627334,0.93636537
0.047214806,0.04876116,0.904024
0.044115875,0.061970808,0.89391327
0.106167234,0.036870006,0.85696274
0.052398145,0.024248708,0.92335314
0.046965953,0.074177004,0.87885696
0.05302966,0.23882575,0.70814455
0.05428242,0.035634063,0.9100835
0.046255954,0.04707624,0.9066679
0.045559518,0.019480424,0.9349601
0.10175572,0.08526953,0.8129747
0.0261627,0.018570257,0.9552671
0.04231319,0.035147443,0.92253935
0.012085765,0.014606715,0.97330755
0.99223655,0.006479942,0.0012834746
0.019651014,0.89339024,0.08695873
0.038677115,0.54080856,0.42051432
0.046739183,0.042473473,0.9107873
0.09220135,0.027016174,0.88078254
0.03686101,0.029045776,0.9340932
0.06595772,0.018173262,0.915869
0.047289923,0.02758397,0.92512614
0.037910618,0.20434332,0.7577461
0.048485264,0.039341323,0.91217345
0.041639104,0.034419045,0.9239418
0.027593926,0.03786404,0.934542
0.07721324,0.03480274,0.8879841
0.07996285,0.03479699,0.8852402
0.042131547,0.023912244,0.9339562
0.04477383,0.019181907,0.9360443
0.03559847,0.09601363,0.868388
0.065016955,0.09552745,0.83945554
0.038531914,0.04150051,0.91996765
0.9918711,0.007226235,0.0009027046
0.046220046,0.050466225,0.9033137
0.11220105,0.03824912,0.8495498
0.05428549,0.08863186,0.8570826
0.018147863,0.035462465,0.9463897
0.014629363,0.030341694,0.9550289
0.06283614,0.047431204,0.8897326
0.07778226,0.037247516,0.88497025
0.03709895,0.037353426,0.9255476
0.045861617,0.03388235,0.9202561
0.059522197,0.07006584,0.87041193
0.0152988145,0.011008567,0.9736926
0.040131684,0.040210143,0.9196582
0.043572225,0.056995627,0.8994322
0.0249582,0.025600016,0.9494418
0.03870637,0.027180195,0.93411344
0.051753514,0.035361834,0.9128847
0.051995263,0.022759458,0.9252453
0.07584664,0.020674659,0.9034787
0.053041074,0.03481917,0.9121397
0.052646358,0.048169684,0.899184
0.037931584,0.030419415,0.9316489
0.037590276,0.031902455,0.9305072
0.039294634,0.037974246,0.92273116
0.039465643,0.022863278,0.93767107
0.03631935,0.0315548,0.93212587
0.04338868,0.03524032,0.9213709
0.040746327,0.033681072,0.92557263
0.026391951,0.023983257,0.9496247
0.015120321,0.018780828,0.9660989
0.059448477,0.028607376,0.9119441
0.050394963,0.0387147,0.91089034
0.07521264,0.058119833,0.8666675
0.03588648,0.25500882,0.7091047
0.047404513,0.05813797,0.8944575
0.055330127,0.055168267,0.88950163
0.04230796,0.03165627,0.92603576
0.06745408,0.03002039,0.9025256
0.079026215,0.05924573,0.86172813
0.03473297,0.02558549,0.9396815
0.045048356,0.025048712,0.929903
0.06450501,0.044160757,0.8913342
0.047129586,0.05135891,0.90151155
0.048839994,0.032312807,0.9188472
0.032159653,0.030746948,0.9370934
0.034822274,0.017543972,0.9476338
0.067362785,0.044873286,0.887764
0.037573,0.03325534,0.9291716
0.044496056,0.03610445,0.91939956
0.037118025,0.02135676,0.94152516
0.054468732,0.05608811,0.88944316
0.06863648,0.04992215,0.88144135
0.069177486,0.072285295,0.85853726
0.07564352,0.08283511,0.8415214
0.039965097,0.044194147,0.9158407
0.02692731,0.052157808,0.9209149
0.03917089,0.05260735,0.9082218
0.021761065,0.029140078,0.9490988
0.032558642,0.015008683,0.9524327
0.055815227,0.048635386,0.89554936
0.050847083,0.033673573,0.9154793
0.039712064,0.04846655,0.91182137
0.08606898,0.047207996,0.866723
0.06552498,0.05604649,0.8784286
0.045241762,0.04071318,0.9140451
0.044766255,0.033857405,0.9213764
0.03652858,0.03236253,0.93110883
0.040904064,0.037170906,0.92192495
0.058039,0.03230356,0.90965754
0.054360267,0.034251127,0.91138864
0.068704136,0.04639684,0.884899
0.032796223,0.022695106,0.94450873
0.044372737,0.03787996,0.9177473
0.035046797,0.018631399,0.9463218
0.050008435,0.021030646,0.9289609
0.036253847,0.04234367,0.9214025
0.8657809,0.04978306,0.0844361
0.4358919,0.06227708,0.501831
0.060227096,0.03728646,0.90248644
0.048421215,0.6095085,0.34207028
0.049363624,0.022844398,0.92779195
0.035044532,0.020541348,0.9444142
0.03591878,0.029545983,0.93453526
0.08414432,0.02175828,0.8940973
0.03757763,0.028587554,0.9338348
0.03090016,0.043746762,0.9253531
0.03518826,0.02940089,0.9354109
0.03773696,0.045297746,0.91696537
0.013893482,0.029069835,0.9570366
0.041060068,0.040700767,0.9182392
0.044368483,0.024430923,0.9312006
0.038526613,0.045218464,0.9162548
0.14745778,0.05811301,0.79442924
0.05096047,0.029724974,0.9193145
0.07522122,0.06936474,0.8554141
0.035811424,0.023302939,0.94088566
0.026718222,0.35906026,0.61422145
0.043913484,0.05049478,0.9055918
0.053396046,0.046120264,0.90048367
0.04487316,0.044091266,0.9110356
0.014710821,0.95194304,0.03334616
0.04581198,0.05226785,0.9019202
0.8463894,0.031855002,0.12175548
0.03330109,0.03897096,0.92772794
0.03906066,0.046385683,0.91455364
0.024999836,0.033216573,0.9417836
0.05807518,0.037901115,0.90402365
0.037734125,0.027285246,0.93498063
0.03130584,0.023839494,0.9448547
0.14046405,0.42284358,0.43669233
0.086523965,0.13206218,0.7814139
0.06014755,0.04207185,0.8977806
0.037861336,0.013874105,0.94826454
0.054895107,0.027441729,0.9176632
0.045415428,0.03703081,0.9175538
0.05645502,0.027947262,0.9155977
0.053901184,0.03442938,0.91166943
0.05993648,0.050225735,0.8898378
0.051610976,0.030878574,0.9175105
0.066174746,0.035351675,0.8984736
0.066969156,0.02643119,0.90659964
0.06801075,0.02556311,0.9064262
0.040378306,0.040615592,0.91900605
0.01888676,0.040375642,0.9407376
0.06358906,0.023622675,0.9127883
0.042876586,0.050176777,0.90694666
0.026328687,0.008581127,0.96509016
0.048539694,0.042710815,0.90874946
0.04904744,0.025495222,0.9254573
0.05112339,0.03558547,0.9132911
0.060359813,0.028960954,0.9106792
0.026375115,0.017162617,0.9564622
0.047918618,0.03188952,0.9201919
0.025367707,0.023645304,0.95098704
0.05616146,0.03920702,0.9046315
0.07194417,0.049882963,0.87817293
0.05669733,0.037146725,0.906156
0.06052461,0.028091632,0.9113837
0.06737174,0.027676322,0.904952
0.034481183,0.020730885,0.944788
0.019192876,0.12887411,0.851933
0.016007837,0.12438375,0.8596084
0.03383205,0.045481566,0.9206864
0.052265283,0.0347822,0.91295254
0.87070173,0.06427035,0.06502794
0.046071347,0.022213474,0.93171513
0.050678466,0.043094337,0.9062272
0.056958955,0.034479942,0.90856105
0.05178393,0.058564395,0.88965166
0.06769272,0.0501578,0.88214946
0.1179821,0.07240329,0.8096146
0.5564665,0.0534416,0.3900919
0.03990137,0.03131894,0.92877966
0.029253969,0.047252588,0.92349344
0.029871872,0.033553064,0.93657506
0.066450745,0.03308882,0.9004605
0.06918009,0.037612565,0.8932073
0.036552276,0.025343763,0.9381039
0.052631732,0.01989887,0.9274694
0.059496,0.027830802,0.9126732
0.059884608,0.033955023,0.9061604
0.03550349,0.032611668,0.9318848
0.07855885,0.028507756,0.8929334
0.018163478,0.96212023,0.019716268
0.020455848,0.03814199,0.9414022
0.026743481,0.017538803,0.95571774
0.06167993,0.048602615,0.8897174
0.042168375,0.033949483,0.9238822
0.067875005,0.04327056,0.88885444
0.05989038,0.04441991,0.8956897
0.051035628,0.034566175,0.91439825
0.054042332,0.03635324,0.9096045
0.05651416,0.03139349,0.9120923
0.026603265,0.02639624,0.9470005
0.038972907,0.01772154,0.9433055
0.05988177,0.049789388,0.8903288
0.028297588,0.028187267,0.94351524
0.06619433,0.048999675,0.8848059
0.058799066,0.07461989,0.86658096
0.05410618,0.034324877,0.9115689
0.039108053,0.027168838,0.93372315
0.04621346,0.017370189,0.93641627
0.03956458,0.06782947,0.89260596
0.12841548,0.11876491,0.7528196
0.6614687,0.14117905,0.1973522
0.0051735467,0.9734663,0.021360155
0.059829563,0.060122415,0.88004804
0.06950101,0.11822521,0.8122738
0.027682375,0.07771299,0.8946046
0.032182213,0.29493234,0.6728854
0.05452877,0.03214986,0.9133213
0.050578807,0.019903895,0.92951727
0.04041787,0.019698096,0.93988395
0.053124107,0.036869936,0.910006
0.04219314,0.091084614,0.8667223
0.04891721,0.06474152,0.8863412
0.0576791,0.02764772,0.9146731
0.021483181,0.011794825,0.96672195
0.059468176,0.040672757,0.8998591
0.05403147,0.030308906,0.91565967
0.03432516,0.025161918,0.94051296
0.04022292,0.029891135,0.9298859
0.018417547,0.014541052,0.9670415
0.051485244,0.019733366,0.92878133
0.048332345,0.020807793,0.9308599
0.03185386,0.025346555,0.9427996
0.041594535,0.021833325,0.93657213
0.021050565,0.008283869,0.97066563
0.05338425,0.056385003,0.89023066
0.05653308,0.027498262,0.9159687
0.044272166,0.028361814,0.927366
0.04665553,0.022627333,0.9307172
0.06340952,0.047030017,0.8895604
0.030912355,0.009308806,0.95977885
0.056138206,0.037836924,0.90602475
0.0355053,0.021577153,0.9429175
0.048929095,0.02964803,0.9214229
0.058956183,0.029558305,0.9114855
0.046507373,0.03653972,0.9169529
0.048180003,0.022079965,0.92974
0.043489233,0.024852121,0.9316587
0.050483007,0.027180403,0.9223366
0.06659278,0.04414428,0.889263
0.052392017,0.049265828,0.8983422
0.041302122,0.015907843,0.94279003
0.07337984,0.067337126,0.85928315
0.01233018,0.00911838,0.97855145
0.03708751,0.029482242,0.93343025
0.02713858,0.012449239,0.9604122
0.04254461,0.022595271,0.9348601
0.0661713,0.056213733,0.877615
0.06253073,0.06578812,0.87168115
0.057660062,0.03153346,0.9108065
0.045196623,0.025477106,0.92932624
0.039405387,0.03887031,0.9217244
0.0641823,0.05067331,0.8851445
0.046867263,0.032686684,0.9204461
0.027074784,0.009140044,0.9637852
0.046548575,0.013921928,0.9395295
0.05302191,0.04049482,0.9064832
0.050303474,0.038682174,0.9110143
0.057712372,0.046102267,0.8961854
0.038484007,0.020902969,0.94061303
0.039412543,0.03599082,0.9245966
0.038106967,0.021355208,0.9405378
0.03561685,0.026780194,0.93760294
0.09707477,0.048621964,0.8543033
0.026245639,0.014522556,0.95923173
0.030119903,0.027370973,0.9425091
0.025903959,0.014319502,0.9597765
0.05941662,0.034895137,0.90568817
0.031788863,0.029171098,0.93904
0.0407821,0.023741575,0.9354763
0.18858325,0.06810052,0.7433163
0.049302284,0.05037297,0.9003247
0.013487521,0.026074154,0.9604384
0.025407266,0.027687268,0.94690543
0.032945253,0.017327052,0.94972765
0.054404832,0.04011561,0.90547955
0.07511327,0.048734155,0.8761526
0.065681145,0.049918808,0.88440007
0.035501875,0.025347281,0.9391508
0.023602009,0.021573983,0.9548241
0.031628337,0.030416675,0.937955
0.041425668,0.03757145,0.9210029
0.07318261,0.06774898,0.85906833
0.055766605,0.045962043,0.8982713
0.054921154,0.044737875,0.90034103
0.052953098,0.03106878,0.9159781
0.066405214,0.03375126,0.8998436
0.034993812,0.024717588,0.9402886
0.059787884,0.046928048,0.893284
0.030343052,0.01644897,0.953208
0.06318231,0.03692597,0.89989173
0.11408244,0.02043389,0.8654837
0.02791814,0.030245723,0.9418362
0.034613848,0.05596478,0.9094213
0.04423695,0.030942744,0.92482036
0.039495274,0.01845691,0.94204783
0.058806773,0.046112914,0.89508027
0.0327423,0.02889498,0.9383627
0.028202549,0.022223072,0.9495744
0.058085684,0.05131052,0.89060384
0.059467334,0.06367465,0.87685806
0.05765472,0.06394272,0.87840253
0.06616168,0.059772097,0.8740663
0.04923842,0.04277908,0.9079824
0.023028793,0.012943237,0.964028
0.045403894,0.037275348,0.9173208
0.054578576,0.03660656,0.9088149
0.045092545,0.036731653,0.91817576
0.02054482,0.018130738,0.9613244
0.034622688,0.025931194,0.9394461
0.058842037,0.02787656,0.9132814
0.024522984,0.018601526,0.9568755
0.027653426,0.014515518,0.9578311
0.0200484,0.007339469,0.9726121
0.038608916,0.0386844,0.9227067
0.035191707,0.030218871,0.9345894
0.014804138,0.009273244,0.9759226
0.043600414,0.014113573,0.942286
0.052283496,0.056037247,0.8916792
0.05403098,0.03299624,0.9129728
0.06110425,0.03481615,0.90407956
0.041759703,0.019783761,0.9384565
0.12042133,0.057049904,0.8225288
0.059146363,0.05369584,0.88715786
0.05959575,0.037733678,0.90267056
0.041917834,0.025226597,0.9328555
0.044464506,0.03409212,0.92144334
0.05545412,0.053486172,0.8910597
0.047771648,0.03126828,0.92096007
0.05422994,0.0276439,0.9181261
0.029283602,0.043575216,0.92714113
0.0190221,0.0072340895,0.9737438
0.051013876,0.025106166,0.9238799
0.04583714,0.05306826,0.9010946
0.060677424,0.03716388,0.9021587
0.041255604,0.01793545,0.94080895
0.027425501,0.8317922,0.14078239
0.039429013,0.045471236,0.9150998
0.047868595,0.041833356,0.9102981
0.04836216,0.032851547,0.9187863
0.05359557,0.032794323,0.9136101
0.07691812,0.037195176,0.8858868
0.029330853,0.048358403,0.9223107
0.07495968,0.04511153,0.87992877
0.033016086,0.024463696,0.9425203
0.082524925,0.07828578,0.83918935
0.053791244,0.06482129,0.8813875
0.081154056,0.08060118,0.8382448
0.066603325,0.052636143,0.8807605
0.05807489,0.053658064,0.88826704
0.052449845,0.022382848,0.9251673
0.037295945,0.025859388,0.93684465
0.030730419,0.043591507,0.925678
0.052214935,0.035711966,0.9120731
0.07102856,0.027437484,0.9015339
0.031793833,0.3757781,0.59242815
0.035155676,0.02480768,0.94003665
0.042567726,0.11281009,0.84462214
0.059967544,0.046248905,0.8937835
0.043786675,0.041700017,0.91451335
0.06097893,0.049915574,0.8891055
0.21518254,0.36248067,0.42233685
0.053529073,0.14493982,0.8015311
0.119715266,0.37749362,0.5027911
0.043645862,0.2551199,0.7012342
0.06694726,0.03818267,0.8948701
0.48228517,0.38923377,0.12848109
0.16871387,0.07164754,0.7596386
0.041750737,0.037242822,0.9210065
0.051123433,0.044460203,0.9044163
0.05656929,0.035782482,0.9076482
0.048701305,0.03147465,0.91982406
0.04334741,0.04064167,0.9160109
0.04945012,0.037326906,0.91322297
0.11837006,0.042954613,0.8386754
0.036574114,0.04650571,0.9169201
0.037728194,0.039231114,0.92304075
0.036102295,0.039150417,0.9247472
0.11006919,0.598233,0.29169786
0.020567818,0.9368987,0.04253342
0.09135065,0.36041784,0.5482315
0.056980263,0.055173263,0.8878464
0.06240438,0.07360218,0.8639934
0.11100169,0.18607448,0.70292383
0.040619686,0.04117885,0.9182015
0.03915356,0.047691684,0.9131548
0.10751157,0.013157772,0.8793307
0.060303073,0.0474713,0.8922256
0.5625539,0.056896117,0.38055006
0.04670381,0.05292235,0.9003739
0.045790926,0.029971825,0.9242372
0.04011079,0.02805659,0.9318326
0.0371245,0.0266876,0.9361879
0.034544118,0.03634362,0.92911226
0.054795433,0.03455905,0.91064554
0.041196615,0.026650539,0.9321528
0.02538221,0.009988469,0.96462923
0.0801587,0.07883893,0.84100235
0.06121292,0.05666801,0.88211906
0.061847273,0.06583608,0.8723166
0.03738336,0.032702014,0.9299147
0.07044358,0.023139264,0.90641713
0.0786211,0.04159256,0.8797864
0.02632671,0.028244438,0.9454289
0.044491883,0.06099162,0.89451647
0.06158643,0.091553725,0.8468599
0.085841216,0.041672565,0.87248623
0.040528595,0.023433257,0.93603814
0.06106608,0.04419954,0.8947344
0.05492495,0.068958625,0.87611634
0.03669308,0.043404233,0.9199027
0.036267933,0.032925725,0.93080634
0.030525131,0.027255872,0.942219
0.048477,0.045718167,0.9058049
0.05912466,0.04577732,0.89509803
0.052346244,0.041288152,0.9063656
0.04186513,0.03099023,0.92714465
0.044270214,0.038312677,0.917417
0.03615962,0.030360376,0.93348
0.03207151,0.026073953,0.9418546
0.046921268,0.037849862,0.91522884
0.1489372,0.061874412,0.7891885
0.044007044,0.05904472,0.8969482
0.06612106,0.021996897,0.91188216
0.057039693,0.030441832,0.91251844
0.052368674,0.31923446,0.62839687
0.051155653,0.033190243,0.91565406
0.02251981,0.023646697,0.9538335
0.04204974,0.029441575,0.9285087
0.05420372,0.8368351,0.10896119
0.04552572,0.027478246,0.92699605
0.048456196,0.022844424,0.9286995
0.31223804,0.11220508,0.5755569
0.043670394,0.026255652,0.930074
0.050307203,0.11811563,0.8315772
0.03837453,0.097135305,0.8644903
0.01354082,0.01939633,0.9670629
0.025086423,0.024314594,0.9505991
0.027215434,0.0688889,0.9038956
0.013549348,0.021609548,0.96484107
0.016270475,0.9690016,0.014727888
0.03644794,0.12258143,0.84097064
0.015315523,0.013728745,0.9709557
0.8794469,0.01729785,0.10325518
0.08436768,0.66717714,0.24845521
0.033678778,0.04531975,0.92100143
0.053083934,0.04819208,0.8987239
0.05213277,0.04254953,0.9053177
0.049777314,0.05662585,0.8935968
0.1068675,0.09339373,0.79973876
0.059788324,0.045174684,0.895037
0.0309881,0.03830258,0.93070936
0.0051184786,0.007974242,0.98690724
0.04716037,0.060377963,0.8924617
0.048263703,0.03392461,0.9178117
0.027925244,0.09567686,0.8763979
0.052622292,0.024591422,0.9227863
0.10019445,0.15292756,0.74687797
0.006169092,0.017301645,0.97652924
0.07835256,0.074327745,0.84731966
0.57860863,0.06786768,0.3535237
0.03229383,0.02024847,0.94745773
0.05701865,0.022746995,0.9202344
0.044297844,0.0122650815,0.9434371
0.055284165,0.024151862,0.920564
0.07658502,0.03791233,0.88550264
0.07379878,0.10540262,0.8207986
0.046431,0.05932819,0.89424086
0.040881876,0.019519795,0.9395983
0.07192861,0.023102297,0.90496904
0.049301915,0.031277057,0.919421
0.057755694,0.03614259,0.9061017
0.044185262,0.046396285,0.90941846
0.04667207,0.03312779,0.92020017
0.042681176,0.059780054,0.89753884
0.03313769,0.04368647,0.9231758
0.077071495,0.027001852,0.89592665
0.08849434,0.04524265,0.86626303
0.0652908,0.026328396,0.9083808
0.046106964,0.03859913,0.915294
0.038252518,0.016694974,0.94505256
0.06681292,0.020717898,0.91246915
0.07193097,0.03274,0.895329
0.07712944,0.04017084,0.8826997
0.074343875,0.034003884,0.89165235
0.05571306,0.044245154,0.90004176
0.0559085,0.046169076,0.89792234
0.09207416,0.05124699,0.85667884
0.0503662,0.03391348,0.91572034
0.07544032,0.056117263,0.86844236
0.047720738,0.029601557,0.92267776
0.048113517,0.016147517,0.935739
0.0639081,0.028525703,0.9075662
0.045214575,0.048840895,0.9059445
0.05499863,0.033652835,0.9113486
0.056446426,0.057559732,0.88599384
0.044705153,0.023420328,0.93187445
0.03657635,0.021947643,0.9414759
0.025974302,0.027487965,0.9465377
0.046781156,0.05311363,0.90010524
0.4484511,0.072072655,0.47947615
0.13567205,0.054072116,0.81025577
0.04481011,0.029301213,0.9258887
0.049884535,0.021644471,0.92847097
0.06961833,0.09377324,0.8366084
0.05652613,0.7588544,0.18461947
0.028445866,0.031394593,0.9401596
0.049361557,0.031901352,0.9187371
0.045916323,0.039006747,0.9150769
0.03136442,0.04303787,0.9255977
0.05906744,0.057981566,0.88295096
0.04202821,0.01899918,0.93897265
0.06442589,0.04359274,0.8919814
0.055519402,0.056283668,0.88819695
0.0972555,0.017955355,0.88478917
0.03064596,0.023405464,0.9459486
0.028195025,0.88529676,0.0865082
0.026354695,0.029058255,0.9445871
0.99381846,0.0057500633,0.00043143737
0.9736202,0.025369821,0.001009977
0.99394906,0.0051248837,0.00092604756
0.98990494,0.0073254816,0.0027695994
0.9690039,0.02992606,0.0010700173
0.9917618,0.0074839755,0.0007541548
0.9861595,0.0127705075,0.0010699867
0.9948007,0.0043701967,0.0008291938
0.9652074,0.034276236,0.00051640696
0.9922438,0.0063298806,0.0014262479
0.9737933,0.019417213,0.00678951
0.9822337,0.015297967,0.0024682297
0.99253863,0.006726973,0.0007343875
0.9918269,0.00573854,0.002434601
0.9930387,0.0056564747,0.0013047403
0.9868787,0.008621963,0.0044993013
0.9964617,0.0027716565,0.00076666055
0.9902076,0.009173089,0.00061937864
0.9798462,0.017428359,0.0027254403
0.9906302,0.008773876,0.0005959048
0.99252933,0.006507223,0.00096344156
0.6394862,0.036042128,0.32447165
0.6213501,0.2540074,0.12464247
0.9861174,0.011661297,0.002221255
0.99075514,0.0076089622,0.0016359399
0.9905291,0.00789483,0.0015759841
0.9842853,0.013112375,0.0026022303
0.9915417,0.0079183495,0.00053990394
0.9927126,0.006701922,0.0005856074
0.8433529,0.045046624,0.11160039
0.9871935,0.0076261633,0.0051803165
0.99611914,0.003355187,0.00052570866
0.99277896,0.0063209366,0.00090000825
0.99204844,0.0065936036,0.0013580122
0.99211085,0.0073561594,0.0005328784
0.99256915,0.0056759287,0.0017548898
0.9867388,0.012641481,0.0006196245
0.98964477,0.007949645,0.0024056372
0.9928618,0.0067952,0.00034297022
0.98697644,0.00896631,0.004057251
0.98689365,0.011467124,0.00163914
0.9812418,0.01645992,0.0022983197
0.987107,0.010923017,0.0019698977
0.9905358,0.008322387,0.0011418172
0.9792794,0.019970153,0.0007505033
0.98994523,0.008699579,0.0013551331
0.9903448,0.007816653,0.0018385748
0.99384576,0.005035062,0.0011190942
0.99180615,0.007282434,0.0009115035
0.9936685,0.005943291,0.000388193
0.98928434,0.00954824,0.0011674179
0.9878395,0.010389886,0.0017705701
0.9880663,0.010092226,0.0018415242
0.9815382,0.012428352,0.0060334806
0.99360496,0.005173385,0.0012216077
0.9902687,0.0075607947,0.002170439
0.9962775,0.0035721462,0.00015034806
0.9850729,0.014568307,0.00035870564
0.9854079,0.012949077,0.0016430778
0.98343605,0.008508389,0.008055581
0.9969283,0.0027513746,0.0003203664
0.99484503,0.004285861,0.00086902647
0.99287546,0.0063711316,0.00075352844
0.091518715,0.8488125,0.059668787
0.9929295,0.0056008887,0.0014696652
0.9915946,0.0067997957,0.0016056573
0.98646927,0.012177633,0.0013530147
0.75390697,0.23833032,0.0077627855
0.9929289,0.0063590426,0.0007120727
0.9951729,0.0043803793,0.00044661076
0.9957931,0.003598412,0.00060844363
0.9894035,0.00941972,0.0011767156
0.98342574,0.012960945,0.003613211
0.9909649,0.008862973,0.00017212676
0.9945555,0.0047519063,0.00069264666
0.9948073,0.0045531997,0.00063950534
0.9844928,0.014774575,0.00073271507
0.9856426,0.012863922,0.0014934761
0.99341303,0.0060471315,0.0005398675
0.99615,0.0019456899,0.0019043337
0.9815037,0.01766363,0.0008326184
0.9859784,0.01195949,0.0020620748
0.98739606,0.011767998,0.0008359826
0.9781973,0.015795654,0.006007075
0.986283,0.012342936,0.0013740623
0.9722268,0.026888495,0.00088482624
0.9889804,0.00921556,0.0018040496
0.97841585,0.019433327,0.002150752
0.9915843,0.0074680364,0.0009476018
0.9868025,0.0077280817,0.005469337
0.99497664,0.004034598,0.0009887208
0.9887289,0.009052679,0.0022184546
0.98905116,0.010141825,0.0008068786
0.9881577,0.01005381,0.0017885213
0.9828714,0.014953291,0.0021753663
0.99342877,0.0058726324,0.00069865154
0.9742605,0.0170937,0.008645763
0.98228526,0.0086238375,0.009090816
0.9904118,0.008208351,0.0013798145
0.98138225,0.017302932,0.0013148566
0.98668355,0.009806263,0.0035102158
0.98936707,0.009852157,0.0007807769
0.9827644,0.01622988,0.0010056195
0.99212897,0.0075602173,0.0003108309
0.9830936,0.016783427,0.0001229935
0.9910499,0.006889613,0.002060572
0.98189986,0.016632594,0.0014676022
0.9901417,0.009389996,0.00046841436
0.9906365,0.0079887565,0.0013747469
0.99514765,0.004528148,0.00032419642
0.99018973,0.0071718395,0.0026383724
0.9687421,0.0038036434,0.027454274
0.98881185,0.009160158,0.0020280017
0.9927505,0.006470648,0.00077886996
0.99025494,0.0063171927,0.0034278962
0.9958134,0.00399875,0.00018775601
0.99265,0.006508014,0.0008420739
0.9952206,0.0038133622,0.0009660539
0.9840709,0.013446639,0.0024825248
0.9871093,0.011741625,0.0011490338
0.99412835,0.00515593,0.0007157232
0.98933065,0.0083611095,0.0023082318
0.9881529,0.00970645,0.0021405695
0.99099475,0.008440861,0.000564399
0.9923522,0.0070073046,0.00064042385
0.9900711,0.009782443,0.00014652156
0.9871351,0.008985286,0.003879648
0.9866834,0.009338943,0.003977595
0.98199666,0.017638016,0.0003653511
0.9953412,0.004321629,0.00033717646
0.9718617,0.005282343,0.022855997
0.9892765,0.009057693,0.0016657162
0.9926091,0.004001483,0.0033893883
0.9872019,0.011628609,0.0011695198
0.99597955,0.003001281,0.001019142
0.99365234,0.0051635373,0.0011840793
0.985268,0.010650107,0.004081994
0.99350184,0.0055280197,0.0009700529
0.9919653,0.0075589702,0.00047573703
0.98779607,0.0071405424,0.005063403
0.9934229,0.006288084,0.0002889731
0.99293315,0.006091615,0.0009751949
0.99147403,0.007139188,0.0013867004
0.9909966,0.0076705087,0.0013329346
0.9917985,0.006002032,0.002199416
0.9582381,0.04140885,0.00035304713
0.99462813,0.0045081396,0.000863761
0.9890816,0.007837236,0.003081118
0.9917331,0.0076762093,0.00059077074
0.9872836,0.010734607,0.0019818284
0.9934596,0.005347259,0.0011931348
0.9882813,0.010333805,0.0013849373
0.99173903,0.007155057,0.0011058695
0.99678516,0.0025096927,0.00070513156
0.9895648,0.008494788,0.0019403925
0.99238175,0.004586672,0.0030316052
0.9834843,0.011011215,0.005504439
0.9965205,0.002991204,0.00048830063
0.9924624,0.006926436,0.00061116455
0.99316484,0.0046625785,0.0021725392
0.9901129,0.0074424045,0.0024446764
0.9788811,0.018479899,0.0026389856
0.99419445,0.0054674256,0.00033810615
0.996716,0.0026713684,0.00061258633
0.9849887,0.009562647,0.0054486315
0.98346645,0.014788029,0.0017456014
0.9926757,0.006320279,0.0010039273
0.9857319,0.011520933,0.002747172
0.9826194,0.014153861,0.0032267382
0.98864216,0.010791451,0.00056636793
0.9921674,0.0051156976,0.0027169264
0.9907488,0.008243282,0.0010078668
0.9893665,0.007222079,0.0034114688
0.989375,0.009493326,0.0011316038
0.9909016,0.006509252,0.0025892016
0.99126774,0.0078086704,0.0009235494
0.9888037,0.007217971,0.003978364
0.9769533,0.022312388,0.0007342391
0.9958234,0.0035289198,0.00064770447
0.9443198,0.05103421,0.0046460237
0.9951244,0.004050991,0.00082461775
0.9760024,0.01955652,0.004441033
0.9935314,0.0050433096,0.0014253119
0.9931995,0.0060105105,0.00078994886
0.99249977,0.0066483407,0.00085187104
0.99026674,0.009400358,0.00033284692
0.98137784,0.01725224,0.0013699015
0.97624767,0.022252766,0.0014996035
0.98771554,0.008938042,0.0033464322
0.9903854,0.007145291,0.0024693466
0.9977476,0.0015326294,0.00071973325
0.9933802,0.0061301724,0.00048962235
0.02236271,0.97533935,0.0022979197
0.0075429813,0.9850455,0.007411549
0.014474436,0.9825561,0.0029695178
0.020943657,0.97616607,0.0028903196
0.010589391,0.9863708,0.0030398427
0.01038568,0.9893701,0.00024424776
0.013569379,0.9853255,0.0011051747
0.011436096,0.9842233,0.0043406524
0.008986561,0.9892055,0.001807988
0.013724804,0.984039,0.0022361407
0.015943553,0.9825471,0.0015092801
0.016377946,0.98209274,0.0015293488
0.014204419,0.981326,0.0044696187
0.0070187994,0.9920406,0.0009406601
0.009873941,0.9896199,0.0005062098
0.0163719,0.9798147,0.003813454
0.03138855,0.9632099,0.0054015056
0.013005665,0.98585576,0.0011386441
0.010646698,0.9888075,0.0005458269
0.014539688,0.9754868,0.009973472
0.008931674,0.98604834,0.0050200103
0.005005231,0.9937634,0.0012313853
0.017957263,0.9804333,0.0016094383
0.01097959,0.97874624,0.010274158
0.022202652,0.97595334,0.0018439877
0.012582393,0.9830862,0.0043314057
0.013088385,0.9824845,0.004427083
0.100757584,0.88131815,0.017924257
0.009746341,0.98834574,0.0019079561
0.006493094,0.9923105,0.001196419
0.017932205,0.9790652,0.0030026308
0.016344482,0.982002,0.0016534677
0.016576799,0.97956204,0.0038611798
0.015629739,0.983165,0.0012052362
0.0098141385,0.9894065,0.0007792845
0.026532719,0.9431067,0.030360557
0.016310882,0.9761629,0.0075262366
0.011445104,0.98596096,0.0025939639
0.021757992,0.9733681,0.0048738653
0.017329903,0.9790799,0.0035902248
0.014598926,0.982335,0.0030660836
0.008929221,0.98963577,0.0014350566
0.008091013,0.98969275,0.0022162844
0.015570265,0.9794239,0.0050058006
0.012354822,0.9833838,0.004261381
0.012701052,0.9855967,0.0017021958
0.015994126,0.9808626,0.0031432847
0.0132728955,0.98472714,0.0019999975
0.016233215,0.9810486,0.0027181462
0.008482413,0.9900551,0.0014625514
0.016674088,0.970983,0.012342823
0.012955783,0.97920156,0.007842746
0.007397856,0.9890037,0.0035983922
0.019612627,0.97880244,0.0015849433
0.017243747,0.98185307,0.00090323796
0.026678713,0.9703104,0.003010859
0.00800199,0.98937464,0.00262336
0.018140653,0.97986346,0.001995958
0.009318956,0.9903578,0.00032326675
0.023643656,0.9734712,0.0028851568
0.012132522,0.9866615,0.0012059839
0.0078229355,0.9911409,0.0010362158
0.018621275,0.97965,0.0017286689
0.01461372,0.9823706,0.0030157117
0.017139789,0.9807107,0.0021494902
0.017628519,0.9805099,0.0018616649
0.013044278,0.9849278,0.002027942
0.012975063,0.9787452,0.008279731
0.016525125,0.98224705,0.0012278598
0.015339453,0.9839361,0.00072447635
0.012509968,0.98605597,0.0014340606
0.017964544,0.9760533,0.005982213
0.011499841,0.986814,0.0016860884
0.012894174,0.9860328,0.0010729881
0.010567292,0.98720026,0.0022323974
0.011166849,0.9876924,0.0011407654
0.0098162675,0.96104896,0.029134749
0.017954025,0.9812144,0.0008315606
0.009583886,0.98910636,0.0013097663
0.01642789,0.9774214,0.0061506545
0.01221849,0.98399645,0.0037851117
0.015342932,0.9822389,0.00241814
0.020006256,0.97627115,0.0037225334
0.011728457,0.9860023,0.0022692285
0.011964889,0.98353785,0.004497226
0.006395201,0.99274105,0.0008638076
0.01522799,0.98156756,0.0032044533
0.014367688,0.9839197,0.0017126275
0.015437475,0.98251766,0.002044828
0.25334308,0.24723282,0.49942404
0.030480599,0.964097,0.0054223426
0.01719921,0.9802742,0.0025266514
0.026676456,0.97117615,0.0021473833
0.013369578,0.98130196,0.0053284476
0.015534082,0.98385054,0.0006154023
0.015580708,0.98199695,0.0024222706
0.018564122,0.9775974,0.0038384127
0.011172178,0.9862357,0.0025921538
0.022516482,0.97630864,0.0011748289
0.011683341,0.98509127,0.0032253927
0.012596552,0.9698807,0.01752277
0.017656012,0.9791661,0.003177938
0.016117267,0.9826399,0.0012428301
0.013253405,0.9842418,0.002504875
0.007775888,0.9909696,0.00125459
0.010520777,0.98863065,0.0008485501
0.00842516,0.99108535,0.0004894463
0.015193102,0.98123336,0.0035736084
0.014706138,0.9837678,0.0015259847
0.011563296,0.9864623,0.0019743869
0.010733147,0.9861857,0.0030811103
0.011740007,0.98697335,0.0012866795
0.017508794,0.9805306,0.0019605993
0.0069575156,0.99109143,0.0019509924
0.01475986,0.9825522,0.00268797
0.008352788,0.9902783,0.0013688919
0.01609871,0.98150843,0.0023928592
0.0119018275,0.9821832,0.005914892
0.006747951,0.99078405,0.0024679292
0.013400981,0.9845679,0.002031164
0.023246074,0.95243984,0.024314143
0.021413047,0.97778463,0.0008023749
0.017306166,0.9815656,0.0011281671
0.010497413,0.98739886,0.0021037194
0.015357545,0.9831744,0.0014680729
0.011580715,0.9869839,0.0014354101
0.01839674,0.979246,0.0023572273
0.004481556,0.99457353,0.00094490545
0.013677601,0.9854548,0.0008675753
0.013784985,0.98546267,0.0007522977
0.04216196,0.4343253,0.5235127
0.015716292,0.98379403,0.000489656
0.015466368,0.9786057,0.00592798
0.016114378,0.9824638,0.0014218767
0.023992572,0.97442335,0.0015840279
0.0121202255,0.9866246,0.0012552032
0.018236995,0.9783564,0.0034066106
0.016278272,0.98185205,0.0018696827
0.016372627,0.9808154,0.0028119893
0.015051275,0.98257196,0.0023768106
0.00677672,0.9920974,0.0011258872
0.007702825,0.9673835,0.024913637
0.012850535,0.9740966,0.013052902
0.0069475356,0.9916047,0.0014477748
0.010539431,0.9884511,0.001009465
0.01600661,0.9816281,0.00236527
0.013904285,0.98433137,0.0017642821
0.016232958,0.98295087,0.00081612245
0.009963098,0.9888516,0.0011852833
0.0057283794,0.99200636,0.0022652799
0.011377388,0.9868504,0.001772255
0.012208845,0.9870679,0.0007232421
0.07931049,0.37177622,0.54891336
0.011142101,0.9874303,0.0014276694
0.014919786,0.9845073,0.0005728809
0.022332447,0.95285106,0.024816513
0.013866034,0.98162353,0.0045104427
0.015681723,0.98163015,0.0026880715
0.008429046,0.98960763,0.00196335
0.0162717,0.97667503,0.0070532598
0.016567495,0.9809263,0.002506208
0.014335599,0.9817222,0.0039421655
0.015146099,0.9839461,0.00090781914
0.008388874,0.9906791,0.0009320589
0.009007917,0.9896214,0.0013706583
0.18265823,0.8150278,0.0023139692
0.021206213,0.97784275,0.0009510412
0.011378503,0.98405993,0.004561554
0.018782476,0.9756654,0.0055520893
0.012006009,0.9869179,0.0010760509
0.010578169,0.98821634,0.0012055277
0.049721774,0.9209339,0.029344324
0.017229538,0.98008657,0.0026838447
0.011320479,0.9876845,0.0009949853
0.15538669,0.836125,0.008488312
0.01873469,0.97890204,0.002363313
0.019615104,0.97701603,0.0033688827
0.01240539,0.9835593,0.004035314
0.029763581,0.9656272,0.004609186
0.008355178,0.99056166,0.0010831925
0.013973353,0.98344177,0.0025848106
0.012569656,0.9868982,0.00053215324
0.018893274,0.9785498,0.0025569268
0.013987201,0.98537815,0.0006346823
0.01746997,0.9812269,0.0013031446
0.019644894,0.9794558,0.0008992746
0.016824543,0.9721201,0.011055376
0.01032527,0.981696,0.00797875
0.021107335,0.9666528,0.012239871
0.02145725,0.973128,0.0054146564
0.018406997,0.9788356,0.0027574142
0.02058548,0.9783956,0.001018903
0.011971008,0.9850022,0.0030267446
0.013362911,0.9836902,0.0029469307
0.016717311,0.9773103,0.0059723943
0.010674691,0.9865784,0.0027468472
0.011745038,0.9864326,0.0018223916
0.009106984,0.98884904,0.0020439844
0.015913613,0.98166025,0.002426174
0.01795436,0.98027486,0.0017707917
0.023318922,0.9723675,0.0043135667
0.0072446354,0.9895531,0.0032022542
0.019747544,0.9778661,0.002386309
0.013650231,0.9844438,0.0019059995
0.01400497,0.98278344,0.0032115576
0.0167833,0.97925365,0.003963094
0.013475502,0.98618317,0.00034132917
0.010223521,0.98636544,0.0034110998
0.013159991,0.9859321,0.0009078765
0.0102947615,0.98647213,0.0032330693
0.008688302,0.98866194,0.0026497822
0.019247213,0.9756925,0.0050603147
0.020953484,0.9775783,0.001468295
0.019508392,0.978366,0.0021255868
0.020899316,0.9769573,0.0021433556
0.023835061,0.9746663,0.0014986371
0.012114525,0.9861605,0.0017249299
0.018937398,0.97892123,0.0021413816
0.017877897,0.9808779,0.0012442415
0.01898508,0.98042804,0.0005868951
0.0123500265,0.98684955,0.000800379
0.014973964,0.98230976,0.0027163299
0.023823282,0.9741846,0.0019921572
0.013107108,0.9848512,0.0020416935
0.0075496533,0.9907426,0.0017077446
0.02042279,0.9773213,0.002255849
0.013357243,0.9842338,0.002408895
0.014237395,0.97976935,0.005993272
0.009806663,0.98672384,0.003469462
0.0075697503,0.98854125,0.0038889702
0.019085629,0.9798625,0.0010517951
0.016812712,0.9819282,0.0012590262
0.010938334,0.9855995,0.0034621262
0.020877931,0.9759577,0.0031644332
0.010798109,0.9873218,0.0018800985
0.019347647,0.9487535,0.031898882
0.041136317,0.9141233,0.04474034
0.007078034,0.99262756,0.00029443667
0.01575633,0.9824551,0.0017886496
0.015940232,0.9804258,0.0036339876
0.010015659,0.9882608,0.0017235467
0.03332334,0.91977495,0.04690174
0.01436413,0.98463714,0.0009987192
0.015439459,0.9836039,0.0009566444
0.012325259,0.9848704,0.0028043785
0.020253029,0.9777534,0.0019936059
0.012194916,0.98305744,0.0047476976
0.012017459,0.98689497,0.001087647
0.009347907,0.9895615,0.0010905858
0.0103486935,0.9877741,0.0018772895
0.013174243,0.98411244,0.0027133538
0.0064976714,0.990105,0.0033973858
0.007159468,0.9923504,0.000490071
0.0072563696,0.99212426,0.00061936665
0.020358277,0.9780472,0.0015945836
0.014388511,0.9824631,0.0031484135
0.015245666,0.983667,0.0010872702
0.016314743,0.9821317,0.0015534941
0.009704064,0.9850199,0.005276008
0.008054989,0.9881771,0.0037679311
0.02046431,0.9754902,0.004045433
0.0642916,0.17527543,0.76043296
0.016431464,0.9824194,0.0011491721
0.013113426,0.98628867,0.00059794646
0.0070589148,0.9899463,0.002994776
0.019657232,0.9781587,0.0021840474
0.010394956,0.9883216,0.0012834141
0.013996241,0.984091,0.0019127735
0.014847366,0.98356307,0.0015895445
0.005225387,0.99383956,0.0009350324
0.0128957555,0.9851913,0.0019130429
0.016586123,0.9829888,0.00042507227
0.014299558,0.9773433,0.008357165
0.016529696,0.9767786,0.006691657
0.01392234,0.9836865,0.0023911537
0.0134817455,0.9847149,0.0018032991
0.01154282,0.9876045,0.00085265085
0.021706723,0.97678113,0.0015121908
0.028780777,0.96244156,0.008777642
0.0065597696,0.9908207,0.0026195084
0.015334313,0.9816871,0.0029785037
0.18761334,0.77706623,0.035320416
0.026749091,0.9719204,0.0013304589
0.019008353,0.9768486,0.0041430863
0.018412448,0.9800821,0.0015054935
0.023590593,0.9731854,0.0032239705
0.016660811,0.9683168,0.015022418
0.014961173,0.98338944,0.0016493483
0.020092672,0.9757121,0.004195233
0.02057213,0.9787163,0.0007115421
0.0075694174,0.9913981,0.0010324438
0.019548677,0.97656417,0.0038871383
0.013180414,0.9845734,0.0022461119
0.014283674,0.9839145,0.0018018333
0.015555064,0.9832571,0.0011878212
0.007518137,0.9885356,0.0039463346
0.010144834,0.98645043,0.0034047372
0.013056935,0.98492104,0.0020219954
0.006462083,0.989502,0.004035978
0.014793061,0.98380107,0.0014058505
0.034337837,0.95521015,0.010452013
0.023783345,0.9744529,0.0017637162
0.013730665,0.9815794,0.0046899077
0.010806435,0.98808306,0.0011104343
0.018733991,0.9788656,0.0024004402
0.014063441,0.98399955,0.0019370317
0.0124136815,0.98614085,0.0014454325
0.008887131,0.9888259,0.002286866
0.029109454,0.9696376,0.0012530182
0.018931752,0.9710136,0.010054577
0.008981298,0.9895921,0.0014266095
0.01613991,0.9811416,0.002718404
0.0075536696,0.9912697,0.0011766348
0.028344179,0.9684256,0.0032302083
0.025918158,0.97257173,0.0015100918
0.045991495,0.9512276,0.0027809497
0.0070730294,0.9919258,0.0010012115
0.021476474,0.97685766,0.0016658201
0.011802451,0.9864261,0.0017714931
0.015051759,0.9826036,0.0023446118
0.0165294,0.98154217,0.0019284242
0.018929513,0.97851366,0.0025568325
0.013972544,0.9843456,0.0016818709
0.015976813,0.9807583,0.0032649613
0.009177865,0.98879015,0.0020319219
0.014243919,0.98405486,0.0017011935
0.013913382,0.9849754,0.0011112742
0.014331985,0.9853161,0.0003518545
0.016438158,0.9828196,0.0007422635
0.014313275,0.98402977,0.0016568819
0.015628563,0.98309106,0.0012803674
0.019793615,0.978235,0.00197135
0.01821672,0.9791794,0.0026039444
0.011219951,0.9885203,0.0002597771
0.022000441,0.97750926,0.00049034384
0.012784896,0.98534423,0.0018708438
0.02694391,0.97232956,0.0007264948
0.009641448,0.98923373,0.0011248321
0.023414113,0.9715812,0.005004664
0.021021865,0.9769449,0.00203323
0.011530016,0.9865089,0.001961029
0.016311705,0.9819488,0.0017395068
0.019820748,0.979576,0.00060322904
0.010479873,0.9886412,0.000878922
0.008519712,0.9905318,0.0009484465
0.008114031,0.99057174,0.0013142711
0.038974036,0.023204379,0.9378216
0.038841292,0.043713108,0.9174456
0.07170744,0.00786282,0.92042977
0.047491718,0.025247306,0.92726094
0.03862162,0.034755692,0.92662275
0.04943139,0.011469005,0.9390996
0.24662943,0.052587416,0.7007832
0.03598324,0.015843203,0.9481735
0.05626336,0.10187979,0.8418569
0.038538534,0.027758265,0.9337032
0.026005229,0.024477411,0.94951737
0.02955228,0.098328054,0.8721196
0.032954853,0.049859095,0.917186
0.012936798,0.9835126,0.0035505656
0.02510208,0.018115697,0.9567822
0.02694297,0.02606307,0.94699395
0.02698641,0.017053392,0.9559602
0.036794163,0.011487697,0.9517181
0.30276275,0.014367602,0.6828696
0.9308744,0.016300607,0.052824955
0.052990243,0.029493513,0.91751623
0.060445696,0.054342143,0.8852122
0.034555014,0.025084252,0.9403608
0.017893197,0.00992993,0.97217685
0.054929893,0.031298105,0.913772
0.06375142,0.06431421,0.8719344
0.04010827,0.005089245,0.95480245
0.03549024,0.032062758,0.9324471
0.047444336,0.040581293,0.9119743
0.052705362,0.06623658,0.88105804
0.042958923,0.014918874,0.9421222
0.038365647,0.037550177,0.9240842
0.014213989,0.0057149967,0.980071
0.028313944,0.010884063,0.9608021
0.022916963,0.016799187,0.9602839
0.033846688,0.013972282,0.952181
0.032084193,0.018298881,0.949617
0.9589633,0.022138055,0.018898737
0.036840282,0.035951752,0.92720795
0.047282867,0.0500383,0.90267885
0.01670163,0.98021495,0.0030834626
0.030132778,0.024188735,0.9456785
0.0648688,0.0361402,0.898991
0.05417473,0.047252033,0.8985732
0.020779781,0.008798712,0.97042143
0.051220734,0.029270323,0.9195089
0.075375855,0.06619495,0.8584292
0.03343973,0.37768525,0.588875
0.020138685,0.13351904,0.8463422
0.034584336,0.02975539,0.9356603
0.05230254,0.035876833,0.91182065
0.047633827,0.028666543,0.9236997
0.03324927,0.032289304,0.9344614
0.04082734,0.03627714,0.9228955
0.04739631,0.02810882,0.9244948
0.04993445,0.03149326,0.9185722
0.04814037,0.0319122,0.9199473
0.025727505,0.013557442,0.960715
0.0597241,0.03654428,0.90373164
0.03184332,0.023826268,0.9443304
0.04005042,0.0249652,0.9349844
0.055257965,0.026409697,0.91833234
0.03802147,0.034483977,0.9274946
0.05154362,0.029454835,0.9190016
0.028724836,0.021895425,0.9493798
0.03634154,0.02364789,0.94001055
0.054072365,0.04290026,0.9030274
0.096669845,0.093330346,0.80999976
