p0,p1,p2
0.088311136,0.8757281,0.03596077
0.9932153,0.0035611663,0.0032235354
0.99480325,0.004336199,0.000860545
0.99437356,0.0045601125,0.0010663294
0.9948783,0.0037164788,0.0014051169
0.99314195,0.0045901854,0.002267873
0.9967776,0.0027509588,0.00047155368
0.99137926,0.007082953,0.0015377913
0.9926306,0.0067275967,0.0006418559
0.99249893,0.0063068233,0.0011943113
0.9936441,0.0024581917,0.00389761
0.8699024,0.019069089,0.111028545
0.99378043,0.005044574,0.0011750162
0.9965514,0.002799108,0.0006494453
0.9619776,0.0197905,0.018231863
0.9963291,0.0029673562,0.00070343364
0.9970988,0.0022241639,0.00067700807
0.9944365,0.003551644,0.002011843
0.99629897,0.0030376331,0.000663381
0.1908837,0.34649062,0.46262565
0.99690634,0.0024904648,0.00060320424
0.99317765,0.004708395,0.002113966
0.9862639,0.007270083,0.006466145
0.9831414,0.0073324926,0.009526089
0.89827734,0.06023963,0.041482992
0.99221605,0.002464266,0.0053197443
0.44303307,0.21528544,0.34168142
0.99248284,0.0063686124,0.0011485392
0.99451363,0.004883428,0.00060293294
0.9957463,0.0031754384,0.0010782804
0.9976914,0.0018022533,0.00050636707
0.99750745,0.0018994944,0.0005930511
0.9954848,0.0032817805,0.0012335184
0.08206222,0.016526062,0.9014118
0.9956917,0.0025513964,0.0017569758
0.99483216,0.0039870148,0.0011808635
0.9922849,0.0065823067,0.0011327176
0.9962817,0.003097491,0.00062074844
0.9948027,0.004430365,0.00076688046
0.9933929,0.005505864,0.0011012421
0.994865,0.0045004147,0.0006345654
0.99361587,0.0021862988,0.0041977717
0.2991755,0.2401596,0.46066493
0.9937417,0.003150531,0.0031077506
0.9962453,0.0031216715,0.00063296856
0.99609596,0.00261807,0.0012859527
0.99426997,0.0051165354,0.0006134747
0.9951285,0.0036383993,0.0012330768
0.99561137,0.0037410734,0.0006475666
0.98736584,0.008279568,0.004354512
0.99533147,0.003965711,0.00070272933
0.99501663,0.0043286663,0.00065480854
0.995201,0.0035267144,0.0012723117
0.9895974,0.008233702,0.0021689676
0.99555725,0.003690073,0.00075261807
0.99387866,0.0048898514,0.0012315281
0.9944068,0.0035376921,0.0020554727
0.7432787,0.04681382,0.20990744
0.99389017,0.0055953683,0.0005143869
0.9958616,0.003467563,0.0006709061
0.9935719,0.0048503014,0.0015777408
0.98875266,0.0059254505,0.005321924
0.97946656,0.014916049,0.005617436
0.992733,0.0043103048,0.002956646
0.996938,0.0020012083,0.0010607599
0.9920964,0.005371302,0.0025322726
0.99515593,0.0040274514,0.0008166299
0.9913986,0.007293673,0.0013076835
0.99516875,0.0042290394,0.0006021529
0.99729806,0.002198691,0.00050321023
0.99558073,0.0032693008,0.0011498763
0.9984806,0.0009692184,0.00055009103
0.9946701,0.004552572,0.0007773336
0.99312335,0.0038955673,0.0029810069
0.99125284,0.008025014,0.0007220653
0.9948822,0.004643353,0.00047434843
0.9954804,0.0038593202,0.0006602519
0.9946695,0.004961109,0.00036934394
0.99633443,0.0021965664,0.0014689558
0.9975672,0.0020660365,0.00036682014
0.99597067,0.0036485975,0.00038082214
0.9945913,0.004543329,0.00086541765
0.9874981,0.009959183,0.0025427865
0.9945004,0.004760933,0.00073871907
0.99503785,0.004220232,0.0007420111
0.9946629,0.0046696113,0.00066748605
0.99421036,0.0047502574,0.0010394248
0.96505165,0.013355231,0.021593168
0.9937204,0.0052863485,0.0009932755
0.99455667,0.0046600015,0.0007833409
0.9941796,0.0049586655,0.0008616868
0.87602437,0.044496633,0.079478905
0.9941865,0.004881822,0.00093171216
0.99696547,0.0024712305,0.00056338083
0.9397401,0.017950097,0.042309746
0.95888436,0.011328186,0.029787559
0.99517447,0.0038131853,0.001012369
0.9973424,0.002264159,0.0003934519
0.99301285,0.0064976895,0.0004894413
0.9974062,0.002216176,0.00037766484
0.9933562,0.0055596908,0.0010841289
0.9958703,0.0030126974,0.001117002
0.99228853,0.0063922866,0.001319123
0.99413055,0.004968115,0.0009012336
0.99299943,0.006497602,0.0005030023
0.99559325,0.0036117707,0.00079495186
0.99593216,0.003613,0.0004548775
0.9963929,0.0029849852,0.0006220315
0.97507054,0.016468594,0.008460765
0.99728286,0.0019631803,0.0007539226
0.9787458,0.011630777,0.009623439
0.9886777,0.009376112,0.0019462408
0.97442687,0.01452389,0.0110491915
0.99617755,0.0021120848,0.0017104184
0.99672157,0.0021339762,0.0011444683
0.9948401,0.0035739655,0.0015859376
0.99417526,0.0046400535,0.0011847024
0.99584085,0.0035705804,0.0005886013
0.9958996,0.0026743987,0.0014259217
0.99663913,0.0020966195,0.0012642345
0.9940362,0.004881084,0.0010827542
0.9762874,0.013750315,0.009962182
0.9945322,0.00448137,0.0009863508
0.9929142,0.0046341685,0.002451593
0.9955065,0.0036255908,0.0008679075
0.9936951,0.005358983,0.00094591663
0.011524818,0.9860642,0.0024110193
0.017382277,0.9649272,0.017690524
0.014061116,0.98479813,0.0011407598
0.008054207,0.9909801,0.0009657027
0.058167633,0.75148016,0.19035216
0.0072425143,0.9902299,0.0025275084
0.006298286,0.9786518,0.015049898
0.01395563,0.98411465,0.0019297056
0.009002233,0.988997,0.0020008383
0.18040386,0.19222653,0.6273696
0.011942758,0.9836379,0.0044193137
0.0032962048,0.9940188,0.0026850346
0.009727399,0.98835343,0.0019191832
0.03666664,0.95866257,0.0046707536
0.033232894,0.8763425,0.090424635
0.0050080647,0.99432594,0.0006659579
0.004579011,0.99072427,0.004696764
0.0532714,0.9382834,0.008445239
0.008331077,0.9896353,0.0020336586
0.020734414,0.9749448,0.004320778
0.011230118,0.9855586,0.0032112047
0.009109002,0.9861746,0.004716467
0.009357685,0.9848092,0.0058330595
0.008065119,0.9903866,0.0015483005
0.007935939,0.96883005,0.023234086
0.005151387,0.9903467,0.004501904
0.020916324,0.9758446,0.0032391
0.009718462,0.9893758,0.00090572506
0.01594592,0.97790635,0.0061476994
0.020362264,0.9583814,0.021256275
0.008987663,0.98932695,0.0016854372
0.009025149,0.98958,0.0013949065
0.007163348,0.98901737,0.0038193157
0.012399532,0.8675781,0.12002238
0.014727398,0.9832677,0.0020048495
0.012723828,0.9844757,0.0028005182
0.009575351,0.9872608,0.0031637885
0.0058054733,0.979195,0.014999545
0.0072627235,0.9910555,0.0016817994
0.009544033,0.98884845,0.0016074773
0.011493011,0.98430365,0.0042033414
0.04767374,0.93217933,0.020146944
0.010873747,0.9845756,0.004550593
0.011122953,0.98766035,0.001216673
0.009712924,0.9888121,0.00147505
0.009596759,0.9885025,0.0019008191
0.007627772,0.9893322,0.0030400497
0.012054173,0.9850883,0.0028575307
0.02285984,0.6644839,0.31265625
0.015890943,0.9613018,0.02280723
0.0069403034,0.9886396,0.00442015
0.009962555,0.9887977,0.0012396749
0.006845708,0.99245775,0.0006966067
0.006824146,0.99126595,0.0019098597
0.008491077,0.9891326,0.0023763801
0.010060292,0.98686546,0.0030742143
0.008249428,0.99051964,0.0012309669
0.010080963,0.97071385,0.019205183
0.009178894,0.9889009,0.0019202463
0.008764261,0.9856866,0.0055491845
0.0118847545,0.98653793,0.0015773168
0.012038159,0.9847408,0.0032210976
0.008191111,0.9902638,0.0015450878
0.012501962,0.9607194,0.026778633
0.006035147,0.9914442,0.002520742
0.009341233,0.98885494,0.0018038208
0.005339903,0.9920929,0.0025671222
0.010625151,0.98680633,0.0025684484
0.011665664,0.98456174,0.003772521
0.009500056,0.9881444,0.0023555313
0.009196813,0.9812026,0.009600602
0.010720402,0.9802168,0.009062817
0.0101328185,0.9872083,0.0026588372
0.0073483167,0.99105316,0.0015985239
0.008240819,0.99045277,0.0013064359
0.01082386,0.9877452,0.001430917
0.010587043,0.9880801,0.0013329111
0.0186806,0.9268413,0.054478057
0.009396513,0.98889554,0.0017078932
0.014724956,0.974502,0.010773009
0.021269297,0.9542976,0.024433047
0.00673672,0.98527884,0.007984444
0.012669072,0.98503715,0.0022937302
0.010873492,0.9864774,0.002649096
0.014371323,0.9822483,0.0033803156
0.007850888,0.98983747,0.0023116707
0.009288364,0.9890365,0.0016750983
0.011158019,0.9859482,0.002893738
0.009623446,0.9883514,0.002025079
0.012401535,0.98325366,0.004344854
0.021643106,0.96163243,0.016724495
0.0813743,0.13937184,0.7792539
0.007794911,0.9914555,0.0007495173
0.008034452,0.9904822,0.0014833243
0.008976498,0.9890632,0.0019603546
0.010167579,0.98769706,0.002135407
0.008195677,0.9908159,0.0009884399
0.009198779,0.98910964,0.001691662
0.01336556,0.9848467,0.0017877584
0.009546698,0.98815906,0.0022942685
0.010365951,0.9874907,0.002143317
0.008803274,0.98814243,0.0030542377
0.0108506465,0.987293,0.0018563268
0.0080786925,0.9891511,0.0027701943
0.0072970917,0.9899278,0.0027750784
0.0065156156,0.989935,0.003549405
0.008750319,0.98893565,0.0023140798
0.0067926836,0.9924941,0.00071315246
0.012189895,0.9845738,0.0032363152
0.008950795,0.9891248,0.0019244361
0.019672863,0.9760726,0.0042545544
0.11505216,0.27979508,0.6051527
0.012546787,0.9803043,0.007148944
0.008735714,0.9901815,0.0010827768
0.015086377,0.9810239,0.0038896664
0.007988841,0.990647,0.001364063
0.011852612,0.98675644,0.0013909265
0.3486237,0.2265217,0.4248546
0.0099278325,0.98920804,0.0008641024
0.0075119357,0.99061817,0.0018698687
0.008423416,0.98894674,0.0026299187
0.009808538,0.9869125,0.003279038
0.007813689,0.98996943,0.002216904
0.0066689197,0.9916904,0.0016406854
0.008798018,0.98948306,0.0017189506
0.01147269,0.98448426,0.0040430557
0.009416122,0.98902553,0.0015582994
0.003914782,0.99122274,0.0048625185
0.01171753,0.98604614,0.0022363297
0.0090587735,0.9893945,0.0015467496
0.009660831,0.9873581,0.002981118
0.011024195,0.98753256,0.001443238
0.007890823,0.9900265,0.0020827083
0.010189546,0.9878996,0.0019108233
0.009184037,0.98848933,0.002326628
0.011728157,0.98694044,0.0013313737
0.010920816,0.98498243,0.0040967828
0.0076882564,0.99135137,0.0009604204
0.019356675,0.97360533,0.0070379614
0.011772592,0.9858542,0.0023731345
0.00959494,0.9873503,0.0030547709
0.065255836,0.87567514,0.059068993
0.01067071,0.98717403,0.0021552206
0.010033492,0.98808867,0.0018778874
0.0076151965,0.9896321,0.00275266
0.005502683,0.992819,0.0016782237
0.008073497,0.99044764,0.0014789333
0.0056264377,0.99163145,0.0027421068
0.019790025,0.9751965,0.0050134845
0.008126351,0.99014,0.0017335826
0.011061904,0.9831993,0.0057388404
0.009200899,0.98933756,0.0014614915
0.00857763,0.9895047,0.0019176695
0.011323942,0.9860589,0.0026171226
0.044260304,0.9412578,0.014481915
0.011453713,0.9857394,0.002806853
0.015395291,0.9827077,0.0018970722
0.011818416,0.98390967,0.004271995
0.0075537045,0.9912743,0.0011720529
0.0085559245,0.9860373,0.005406703
0.02930653,0.10159298,0.8691006
0.008165208,0.98906213,0.0027726516
0.0110292565,0.97838473,0.010586035
0.009035057,0.9887334,0.0022315017
0.017905688,0.97570986,0.006384469
0.0056382893,0.98695034,0.007411391
0.010159606,0.98885196,0.0009884093
0.008854348,0.9890343,0.0021113234
0.010221005,0.98805076,0.0017282361
0.013065358,0.93219537,0.054739278
0.012991549,0.98286414,0.004144246
0.012346852,0.9760543,0.011598793
0.00466413,0.990589,0.0047468413
0.0102801295,0.98699594,0.002723963
0.015853938,0.94604015,0.038105972
0.010369634,0.9868773,0.002753051
0.0071776854,0.99099684,0.0018254679
0.008631757,0.98993134,0.0014368875
0.00858228,0.9900411,0.0013766065
0.021557348,0.9710072,0.0074354834
0.008364324,0.98874503,0.0028906332
0.009792003,0.9881394,0.0020686132
0.007997328,0.98976445,0.0022381959
0.008293949,0.9890809,0.0026251434
0.010264056,0.9883441,0.0013918047
0.009779625,0.9888198,0.0014006575
0.004217694,0.9944395,0.0013428006
0.011665921,0.9845835,0.0037505638
0.063131385,0.34128505,0.59558356
0.008409058,0.9891912,0.0023998427
0.015445539,0.98015505,0.0043993676
0.006152003,0.9862661,0.0075818864
0.011743723,0.9834367,0.0048196143
0.0051478767,0.9829296,0.0119225085
0.010103249,0.98528916,0.004607571
0.01677874,0.97517073,0.008050527
0.0079912525,0.99094605,0.0010626538
0.01038788,0.9876488,0.0019632948
0.011203282,0.9870516,0.0017451346
0.010833436,0.98380363,0.0053629396
0.009043919,0.9897031,0.0012529866
0.008987869,0.9893496,0.0016625887
0.008847371,0.98922044,0.001932155
0.011640517,0.9862846,0.0020748368
0.006991637,0.9901334,0.0028749716
0.008735209,0.9881925,0.0030723414
0.01094227,0.98788166,0.0011760537
0.012438405,0.9861769,0.0013846902
0.008511478,0.9895745,0.0019140629
0.0074553057,0.9918292,0.00071546395
0.009458161,0.98956805,0.00097379007
0.011411213,0.9859256,0.0026631735
0.011324001,0.98606396,0.0026120294
0.008270189,0.99010766,0.001622148
0.008816582,0.98963624,0.0015471275
0.00805047,0.99052024,0.0014293427
0.016410694,0.85663444,0.12695485
0.029431788,0.62843496,0.34213328
0.00962258,0.9892281,0.0011492533
0.14986482,0.09387463,0.7562606
0.017025188,0.98083556,0.0021392924
0.010047892,0.98854095,0.001411245
0.009919744,0.98647356,0.0036067548
0.015859278,0.9371621,0.0469786
0.008801915,0.98895514,0.0022429272
0.009876417,0.98890185,0.0012217766
0.011248393,0.98716253,0.0015891418
0.0145513,0.97817457,0.007274106
0.00797423,0.98883516,0.0031905696
0.019164208,0.8325795,0.14825633
0.009602758,0.98912036,0.0012769473
0.014921893,0.9798503,0.005227857
0.062837444,0.059493296,0.87766933
0.014429311,0.96902746,0.016543288
0.047518298,0.044421878,0.9080598
0.16260564,0.019639805,0.81775457
0.17138356,0.01933226,0.8092842
0.049149685,0.03157885,0.9192714
0.034862813,0.02286359,0.94227356
0.030963235,0.029030515,0.9400062
0.05324291,0.03560624,0.91115075
0.11391668,0.25948778,0.6265956
0.05477801,0.069313556,0.8759084
0.032856543,0.023665681,0.94347775
0.059095174,0.12352627,0.8173785
0.0061355275,0.9884393,0.00542517
0.04594327,0.040229272,0.9138275
0.1160921,0.03980814,0.8440997
0.028641336,0.024738643,0.94662005
0.031019328,0.026351485,0.9426292
0.02878695,0.026262058,0.944951
0.21213059,0.1686305,0.6192389
0.060727086,0.01946649,0.9198064
0.038134918,0.06373936,0.8981257
0.1016285,0.04744662,0.85092497
0.009082932,0.95589405,0.03502305
0.6334133,0.020351097,0.3462355
0.06646359,0.03290186,0.9006346
0.06708606,0.018502215,0.9144118
0.052921515,0.045398984,0.9016796
0.06465413,0.10504653,0.8302993
0.047527775,0.41867527,0.5337969
0.114246175,0.32135138,0.56440246
0.25960538,0.012668812,0.72772586
0.0498762,0.034413543,0.91571033
0.4008639,0.5274404,0.07169568
0.041059077,0.048758857,0.9101821
0.0640699,0.020719357,0.9152107
0.059975628,0.08078488,0.85923946
0.9452606,0.029450493,0.025288934
0.9506023,0.012286032,0.03711168
0.9346555,0.035314694,0.030029785
0.32186872,0.0053311004,0.6728002
0.9953366,0.003249404,0.0014140252
0.70813775,0.021635972,0.2702263
0.9908263,0.0032473397,0.0059262915
0.8663476,0.022807265,0.11084512
0.7515661,0.07532908,0.17310484
0.94736755,0.0111702895,0.04146215
0.89354163,0.010281531,0.09617688
0.9373196,0.029231615,0.033448815
0.5633243,0.021863796,0.41481194
0.9582922,0.017028345,0.024679502
0.9660433,0.014024234,0.019932454
0.9523695,0.014978404,0.032652006
0.33662736,0.5229084,0.14046428
0.28943574,0.03282451,0.67773974
0.8115531,0.08537016,0.10307669
0.7949613,0.05888051,0.14615826
0.98233336,0.006050173,0.0116165485
0.30845618,0.021258889,0.67028487
0.193955,0.02208765,0.78395736
0.8906645,0.01655381,0.09278166
0.21505155,0.025126046,0.7598224
0.9839972,0.0043779653,0.011624867
0.84303695,0.02849714,0.12846586
0.18267018,0.10327235,0.71405745
0.009301569,0.97318447,0.017513912
0.08944899,0.17823835,0.7323127
0.016109098,0.97831285,0.0055780387
0.019257654,0.97431695,0.0064253574
0.20596792,0.45807678,0.33595535
0.05143718,0.64031976,0.30824307
0.015348225,0.8907243,0.0939275
0.011575724,0.97792554,0.010498725
0.35463727,0.50675577,0.13860697
0.018321274,0.96858513,0.013093625
0.82881474,0.03911593,0.13206929
0.7739377,0.030236801,0.19582547
0.2709705,0.2964426,0.43258694
0.11046834,0.020206384,0.8693253
0.049591713,0.02196325,0.9284451
0.05524899,0.013928268,0.93082273
0.037897315,0.023995087,0.9381076
0.048660006,0.06664038,0.8846996
0.023807649,0.02240894,0.9537834
0.32634553,0.022178289,0.6514762
0.06461741,0.015051124,0.9203315
0.027260926,0.019236732,0.9535023
0.055092886,0.12897344,0.81593364
0.03439795,0.015702458,0.9498996
0.03601779,0.026870908,0.9371113
0.10236443,0.015067253,0.8825683
0.04180588,0.033265516,0.92492867
0.025766896,0.034336187,0.9398969
0.037198316,0.6076265,0.35517523
0.04136135,0.085450105,0.87318856
0.16049857,0.0382336,0.8012678
0.04880889,0.032929134,0.918262
0.07282291,0.026921183,0.9002559
0.0234007,0.6590363,0.31756297
0.03568134,0.035961192,0.92835754
0.049273543,0.05880019,0.8919262
0.31179523,0.043621484,0.6445833
0.037933126,0.021237038,0.9408298
0.09292132,0.01985183,0.88722694
0.033712123,0.04166959,0.92461824
0.028834654,0.054665145,0.9165002
0.065063044,0.67253226,0.2624047
0.02711222,0.0134084225,0.95947933
0.028480118,0.030228237,0.9412917
0.026068049,0.023049945,0.950882
0.035586238,0.029444462,0.9349693
0.34572873,0.07422346,0.5800478
0.0418125,0.021293262,0.93689424
0.049231645,0.07170161,0.87906677
0.029143294,0.011401539,0.9594551
0.03653198,0.018531594,0.94493645
0.049327206,0.04149713,0.90917563
0.03848828,0.017112462,0.9443993
0.07501204,0.05640131,0.8685866
0.024587879,0.0437044,0.9317077
0.035430904,0.07500723,0.88956183
0.029693812,0.017235883,0.9530703
0.05967092,0.032095883,0.90823317
0.049703483,0.023386728,0.92690974
0.038613603,0.018527007,0.9428593
0.03996682,0.04415292,0.9158802
0.024344187,0.04503894,0.9306169
0.025949642,0.014457262,0.95959306
0.35322663,0.09861575,0.5481577
0.026232777,0.014068845,0.9596983
0.037844673,0.027178753,0.9349766
0.048946008,0.022083249,0.9289707
0.046866618,0.025480937,0.9276524
0.052184805,0.03180661,0.9160086
0.052399885,0.03497409,0.9126261
0.043780833,0.024703145,0.931516
0.029112706,0.020826243,0.9500611
0.03291155,0.02203113,0.9450573
0.0260151,0.02410707,0.94987774
0.040840507,0.038667016,0.9204925
0.05910574,0.034207776,0.9066865
0.029654812,0.027776621,0.9425686
0.021323549,0.03216712,0.9465093
0.04995222,0.038299695,0.9117481
0.0571881,0.028812204,0.91399974
0.05108768,0.06477036,0.884142
0.54318607,0.28862485,0.16818906
0.07205326,0.08006786,0.8478788
0.02765286,0.059289046,0.9130581
0.70797735,0.04495114,0.24707149
0.04017516,0.021928348,0.9378965
0.06819111,0.026522098,0.9052867
0.042453233,0.026514716,0.93103206
0.039276563,0.023892332,0.93683106
0.13645856,0.05255811,0.8109833
0.029110925,0.020886067,0.95000297
0.07445116,0.027362319,0.89818656
0.39790908,0.10324476,0.49884617
0.039824434,0.016747847,0.9434277
0.095217705,0.022309085,0.8824732
0.1821846,0.027599936,0.79021543
0.8194804,0.06257744,0.11794212
0.07717852,0.5921256,0.3306959
0.05084541,0.03370537,0.9154492
0.047458332,0.05575599,0.89678574
0.041445874,0.045165155,0.91338897
0.017640194,0.01357814,0.9687817
0.21613486,0.03571639,0.74814874
0.03818674,0.022981184,0.93883216
0.03579527,0.017292567,0.94691217
0.08093423,0.021320146,0.89774567
0.070368074,0.018865472,0.9107664
0.08247895,0.012416031,0.905105
0.03973193,0.12800598,0.83226204
0.033739645,0.03453976,0.93172055
0.040909655,0.04778155,0.91130877
0.05579191,0.7340625,0.21014562
0.044214703,0.019620156,0.93616503
0.19505039,0.028597979,0.77635163
0.044560116,0.03020983,0.92523
0.04308922,0.028396921,0.92851394
0.014064875,0.07312118,0.91281396
0.23947197,0.07583304,0.684695
0.04001096,0.019518837,0.9404702
0.04681978,0.097771585,0.8554086
0.03192511,0.07257945,0.89549553
0.04910354,0.021662263,0.9292342
0.08602039,0.025903784,0.8880757
0.021148328,0.028126637,0.950725
0.02772829,0.03042384,0.9418479
0.014837798,0.025939621,0.9592225
0.0258859,0.09312772,0.8809864
0.021747252,0.07407465,0.9041782
0.080962926,0.022725407,0.8963117
0.31221187,0.039144736,0.6486434
0.047428794,0.05239645,0.90017474
0.022356357,0.07409536,0.90354824
0.03609695,0.0986983,0.86520475
0.022002306,0.020249687,0.957748
0.22735071,0.07645101,0.6961983
0.028919762,0.016190864,0.9548894
0.06168416,0.17426924,0.7640466
0.051963396,0.13360336,0.81443334
0.029000979,0.01995154,0.9510475
0.045787934,0.012727274,0.9414847
0.04924746,0.010567628,0.9401849
0.0399438,0.050939444,0.9091167
0.17093816,0.1417127,0.68734914
0.045218486,0.028630564,0.926151
0.034376867,0.099569954,0.8660532
0.19372243,0.47480813,0.33146948
0.07500908,0.049626414,0.87536454
0.5297446,0.033754006,0.43650138
0.04031106,0.024117893,0.9355711
0.027989175,0.016647942,0.9553629
0.10279968,0.08148023,0.81572014
0.02737064,0.04202151,0.93060786
0.20179945,0.043834396,0.75436616
0.041120008,0.024819063,0.93406093
0.031568106,0.040455163,0.92797685
0.027612466,0.02619407,0.9461935
0.22484097,0.056241293,0.7189177
0.04347707,0.90716064,0.04936229
0.032030646,0.04189841,0.92607105
0.17479242,0.040693957,0.7845136
0.031218234,0.017324736,0.9514571
0.3019007,0.20830524,0.48979402
0.020689178,0.029955953,0.9493549
0.06447957,0.115509905,0.82001054
0.052503712,0.025889892,0.9216064
0.038440898,0.031130388,0.9304287
0.20673199,0.03262999,0.760638
0.21963568,0.057211526,0.7231529
0.023848,0.017948756,0.9582032
0.022178823,0.02270478,0.95511645
0.050553065,0.024928017,0.92451894
0.043492556,0.017469918,0.9390375
0.059789713,0.04340268,0.8968077
0.03179303,0.045408193,0.92279875
0.039423004,0.040239833,0.92033726
0.05863827,0.07588356,0.86547816
0.029930003,0.03988382,0.9301862
0.031189755,0.036607236,0.93220305
0.0288131,0.024453362,0.94673353
0.057137918,0.03765538,0.9052067
0.32041654,0.011462034,0.6681214
0.024435235,0.17619865,0.7993661
0.039862707,0.019484533,0.9406528
0.019199528,0.015099344,0.9657011
0.22248352,0.15915714,0.6183593
0.021842983,0.020822374,0.9573347
0.055611394,0.031841513,0.91254705
0.8305748,0.01934342,0.1500818
0.055146366,0.077997014,0.86685663
0.100435525,0.025555784,0.8740086
0.025288085,0.016471347,0.9582406
0.033337288,0.015901957,0.9507608
0.046081275,0.045366846,0.9085518
0.6677236,0.055925243,0.2763511
0.60721904,0.025651012,0.3671299
0.04145757,0.032318734,0.9262237
0.9016861,0.035773795,0.06254019
0.045057364,0.054349553,0.9005931
0.03736102,0.02781863,0.9348204
0.013844505,0.013683212,0.97247225
0.028743042,0.12632583,0.8449311
0.05277945,0.036027625,0.91119295
0.04002931,0.035464004,0.9245067
0.040560756,0.01899189,0.94044733
0.16316558,0.036836326,0.7999981
0.020290742,0.04316576,0.9365435
0.053397346,0.031916164,0.9146865
0.040195182,0.08813797,0.87166685
0.050088406,0.026705867,0.92320573
0.08926554,0.08584583,0.8248886
0.020647198,0.026356641,0.9529962
0.02382754,0.047340464,0.928832
0.03052751,0.020716548,0.948756
0.04973959,0.03258818,0.9176722
0.37543383,0.050908778,0.57365745
0.03476156,0.031190505,0.93404794
0.072522484,0.019481074,0.90799636
0.03376579,0.031968806,0.9342655
0.027414696,0.017442867,0.95514244
0.035931647,0.019101799,0.9449667
0.054399714,0.10373781,0.84186244
0.08881294,0.109883755,0.8013032
0.036944404,0.019506393,0.9435492
0.06474686,0.03091456,0.9043386
0.057174914,0.04758519,0.89523995
0.08914544,0.05551406,0.8553405
0.033466537,0.032373585,0.9341599
0.18389758,0.044129692,0.7719728
0.052961588,0.024629423,0.922409
0.04221342,0.029297553,0.928489
0.16002987,0.5701322,0.26983792
0.041514505,0.060403246,0.89808226
0.026933491,0.887137,0.08592947
0.04218854,0.030775499,0.9270359
0.024618654,0.009127729,0.9662536
0.0404757,0.023794437,0.9357298
0.017622676,0.02676661,0.95561063
0.028378975,0.33199543,0.63962555
0.067530766,0.013343127,0.91912603
0.026185011,0.08264888,0.8911662
0.065060556,0.021771284,0.91316813
0.08578736,0.022032019,0.8921806
0.021265619,0.16580336,0.81293106
0.04212365,0.024095269,0.93378115
0.53069365,0.1736423,0.29566407
0.036522407,0.04427007,0.9192075
0.030958967,0.036478575,0.9325624
0.019947866,0.009478077,0.97057414
0.040347397,0.021407427,0.9382452
0.045756795,0.08069876,0.8735445
0.044892035,0.018423654,0.93668425
0.23325293,0.052300517,0.7144465
0.02917223,0.04721268,0.92361504
0.017601663,0.013842715,0.9685556
0.05178237,0.025860425,0.9223572
0.04447575,0.016586944,0.93893737
0.020976217,0.02585163,0.95317215
0.038929977,0.026136354,0.93493366
0.027111363,0.018113049,0.95477563
0.046506293,0.011143726,0.94235
0.029399902,0.022344435,0.94825566
0.03309043,0.021343937,0.9455656
0.027618116,0.021362478,0.95101935
0.04825361,0.03233273,0.91941375
0.010543785,0.008292092,0.98116416
0.03825584,0.017531915,0.9442122
0.032225247,0.015843976,0.9519309
0.048468463,0.09867689,0.8528546
0.053100206,0.031063953,0.9158358
0.037784483,0.016799541,0.945416
0.024065217,0.02399482,0.95193994
0.049902152,0.038373567,0.91172427
0.050427064,0.0155758755,0.9339971
0.038130667,0.045237087,0.9166322
0.06063358,0.052269414,0.88709706
0.027248407,0.02894918,0.9438025
0.051944762,0.0191842,0.928871
0.080202535,0.05458666,0.8652108
0.030707533,0.023292717,0.94599974
0.031434704,0.027204469,0.9413609
0.08472228,0.05710247,0.8581752
0.15828149,0.014808989,0.82690954
0.039225977,0.020569952,0.9402041
0.054017164,0.01977501,0.92620784
0.04209734,0.05782189,0.9000808
0.04445666,0.04677253,0.9087708
0.028194588,0.051706076,0.9200993
0.18796538,0.068979986,0.7430546
0.03704711,0.12918092,0.83377194
0.74689823,0.026420282,0.22668153
0.047603995,0.02021594,0.93218017
0.045142025,0.045496076,0.909362
0.08737024,0.020691542,0.89193827
0.082996644,0.015948838,0.90105444
0.051736757,0.07490987,0.8733535
0.091835,0.025726782,0.88243824
0.035641745,0.019664029,0.9446942
0.039331246,0.029834097,0.9308347
0.053363957,0.030734256,0.91590166
0.15459482,0.03775582,0.8076494
0.03442616,0.015823131,0.94975066
0.04319122,0.016963549,0.9398453
0.22224636,0.024801778,0.75295186
0.044222414,0.023099659,0.9326779
0.118242785,0.0241165,0.85764074
0.12819897,0.018934503,0.8528665
0.041126408,0.013655078,0.9452185
0.056467414,0.05330588,0.8902268
0.031412154,0.016813714,0.9517741
0.028086295,0.8797323,0.092181385
0.039677322,0.029514488,0.9308082
0.04838276,0.2470312,0.704586
0.07368752,0.032987297,0.8933252
0.03877343,0.022749247,0.9384773
0.031303775,0.017423173,0.951273
0.03945292,0.0213457,0.9392014
0.026642092,0.008157182,0.9652008
0.15784217,0.04174241,0.8004154
0.044380687,0.06072048,0.89489883
0.029129507,0.024891468,0.945979
0.03570148,0.017096335,0.94720215
0.022684412,0.014631862,0.9626837
0.22739972,0.0051458795,0.7674544
0.0398504,0.025281033,0.9348685
0.031659365,0.571184,0.3971567
0.053849973,0.052963354,0.8931866
0.028947955,0.03188639,0.93916553
0.031472534,0.021420525,0.94710696
0.14740218,0.044779863,0.8078179
0.06678876,0.06665844,0.86655277
0.2404741,0.047537487,0.7119884
0.4474127,0.4580228,0.094564505
0.9914369,0.00551653,0.0030465173
0.08293582,0.4822994,0.43476483
0.99603385,0.0027976544,0.0011685156
0.99777704,0.001265678,0.0009572517
0.8914183,0.02044854,0.088133164
0.99422234,0.0038695289,0.0019080876
0.9946656,0.003266296,0.0020680898
0.9878507,0.006894251,0.0052551236
0.9625748,0.010384506,0.02704078
0.98136604,0.009753414,0.0088805845
0.8680676,0.01977723,0.112155125
0.96405613,0.00848863,0.027455203
0.9955527,0.003799763,0.00064752845
0.16675586,0.050412633,0.7828315
0.9601809,0.007849745,0.03196936
0.94344074,0.03597888,0.020580381
0.99240816,0.005352042,0.0022397954
0.99137723,0.0027737187,0.0058490695
0.98897856,0.005892178,0.0051292214
0.7863202,0.01727902,0.19640073
0.92519104,0.0038480954,0.07096091
0.99282736,0.005343856,0.0018288399
0.949555,0.019861951,0.030583069
0.98687,0.008405727,0.0047244043
0.98016274,0.010605274,0.009232035
0.98396415,0.009168817,0.006867126
0.9742182,0.010489611,0.015292133
0.9866318,0.01005791,0.0033102753
0.99507,0.003431135,0.0014989519
0.86066455,0.029753856,0.10958161
0.9942444,0.0049396553,0.0008158819
0.99575186,0.0026792295,0.0015688974
0.9884477,0.0037506046,0.007801679
0.9974118,0.0018589419,0.0007293953
0.9540165,0.010444051,0.0355394
0.5163224,0.06738042,0.41629717
0.6813098,0.05659836,0.26209182
0.73310125,0.02912794,0.23777083
0.9913812,0.005253344,0.0033654182
0.9792322,0.0066627637,0.014105071
0.8563525,0.058275517,0.085371986
0.9955754,0.0033013667,0.0011232335
0.07021861,0.02890221,0.9008792
0.99363756,0.0031563595,0.003206065
0.9906296,0.005776566,0.0035937638
0.9255323,0.020358011,0.054109704
0.9805228,0.004675718,0.0148014715
0.98109907,0.008731995,0.010168935
0.9424839,0.046150934,0.011365132
0.9799436,0.009412016,0.010644401
0.86829656,0.026828978,0.10487444
0.9891438,0.0033187033,0.0075374697
0.99669576,0.002076362,0.0012278034
0.97711337,0.0060415776,0.016845033
0.20684266,0.021447347,0.77171
0.97730416,0.006413664,0.01628218
0.98766035,0.0056588994,0.0066808495
0.22943622,0.03246163,0.73810214
0.72924715,0.016444985,0.25430793
0.7425171,0.095561326,0.16192156
0.06643989,0.13084744,0.80271274
0.9900591,0.0025568607,0.007384086
0.78020376,0.028225314,0.19157095
0.9887537,0.006419472,0.0048267804
0.9920105,0.007255537,0.0007339967
0.72508293,0.050735105,0.22418194
0.09631693,0.055635195,0.84804785
0.939505,0.007955542,0.05253944
0.9833567,0.005503725,0.011139565
0.9733933,0.007849703,0.018757045
0.9730175,0.016546644,0.010435838
0.99078053,0.0064957575,0.0027237476
0.9895716,0.0062149623,0.0042134747
0.95026815,0.012560694,0.037171163
0.7120212,0.03220232,0.2557765
0.99665123,0.002108966,0.0012397971
0.96377933,0.026863923,0.009356738
0.99708897,0.0025549766,0.00035605856
0.99483067,0.0032414151,0.0019279914
0.97136384,0.0019805778,0.026655566
0.9066116,0.024089703,0.069298625
0.9815646,0.009613527,0.008821868
0.99153686,0.005410376,0.003052781
0.98375803,0.008469718,0.0077722496
0.8609069,0.07375222,0.06534084
0.9867165,0.009654554,0.0036288437
0.5318514,0.028947258,0.4392013
0.9493664,0.0041910163,0.046442576
0.9763678,0.01068874,0.012943545
0.8497243,0.060540367,0.089735374
0.87257665,0.012349777,0.11507356
0.21085124,0.038323935,0.75082487
0.9430851,0.0130639905,0.043850984
0.99463826,0.0010177694,0.0043439553
0.83167034,0.056651175,0.11167844
0.87826157,0.027712673,0.09402582
0.9890153,0.0054816008,0.0055030556
0.99544084,0.00205761,0.0025014176
0.37643597,0.040955503,0.5826085
0.94493866,0.0078775,0.04718376
0.9813793,0.007761031,0.010859636
0.2844698,0.019663265,0.6958669
0.98386025,0.005316317,0.0108234845
0.5481523,0.032615114,0.41923255
0.9865898,0.006306116,0.0071040182
0.24268697,0.75173783,0.0055752373
0.88125426,0.011104193,0.10764159
0.6383457,0.04286057,0.31879368
0.983906,0.0011979273,0.014896119
0.9526686,0.0034224642,0.04390897
0.9102886,0.03399332,0.055718075
0.24604544,0.05269395,0.70126057
0.99122226,0.00434598,0.004431697
0.85481775,0.01966648,0.12551576
0.99497026,0.0029691025,0.002060658
0.20880844,0.22910735,0.5620842
0.9819516,0.008663106,0.009385364
0.9853018,0.0074352273,0.0072629913
0.9483577,0.0038230934,0.04781919
0.29450724,0.32250667,0.38298613
0.2819293,0.081646465,0.63642424
0.99304366,0.004050424,0.0029060368
0.99252796,0.0029734066,0.0044986205
0.9895863,0.009439879,0.000973808
0.6402408,0.051793896,0.3079653
0.4990801,0.06784062,0.4330793
0.9948455,0.0027456265,0.0024088514
0.9917495,0.0062164865,0.0020340267
0.9739372,0.009272472,0.016790278
0.13787326,0.031050416,0.83107626
0.85123116,0.02679426,0.12197459
0.99265265,0.0045700376,0.0027772873
0.17268685,0.08121381,0.7460993
0.9944489,0.004234242,0.0013168409
0.9177187,0.008551526,0.07372976
0.9907074,0.004001625,0.0052909474
0.995452,0.0026523937,0.0018955802
0.948019,0.010327841,0.04165305
0.9847062,0.004225643,0.011068045
0.93179476,0.013382508,0.054822724
0.6111468,0.025299052,0.3635541
0.8893516,0.014124552,0.096523784
0.12950207,0.038318146,0.8321797
0.91308135,0.013346298,0.07357243
0.9841904,0.0036124908,0.012197054
0.60807544,0.090095945,0.30182865
0.21085466,0.031310156,0.7578352
0.32988626,0.029019322,0.6410944
0.058484334,0.04523734,0.8962784
0.9114371,0.013893607,0.07466933
0.76665145,0.045839116,0.18750943
0.98963904,0.006539162,0.0038217164
0.9915902,0.0050828513,0.0033269112
0.990121,0.006390793,0.003488213
0.9303419,0.029198764,0.04045937
0.9905282,0.005137258,0.004334463
0.04973511,0.013663375,0.9366015
0.009066369,0.9873273,0.0036063525
0.01949996,0.78006494,0.20043509
0.007532283,0.9132866,0.079181075
0.015084391,0.96004564,0.024869958
0.037792075,0.036700945,0.92550695
0.09548211,0.20957293,0.694945
0.0077552316,0.97396517,0.018279672
0.011220383,0.97133315,0.017446486
0.006782735,0.969029,0.024188198
0.035994485,0.60189146,0.3621141
0.0037007006,0.9925914,0.0037079356
0.15288514,0.55868477,0.28843006
0.0090011805,0.9850262,0.0059727025
0.013705731,0.9817124,0.004581887
0.01582811,0.83148503,0.15268685
0.012604073,0.9638484,0.023547508
0.0037840744,0.973216,0.022999877
0.008833588,0.8006287,0.19053777
0.020751644,0.4973337,0.48191467
0.0070711942,0.976294,0.016634822
0.013181398,0.9817664,0.005052192
0.08918622,0.14224109,0.76857275
0.011405537,0.9221215,0.066472895
0.010284087,0.987376,0.0023399487
0.035779443,0.28993556,0.674285
0.02054323,0.9668989,0.012557825
0.012222371,0.976649,0.011128595
0.0058130324,0.99299675,0.0011902518
0.007027986,0.9914008,0.0015712214
0.0053541115,0.9927919,0.0018539489
0.0052598817,0.992615,0.002125184
0.0081390785,0.9887897,0.0030711978
0.016184306,0.9638697,0.019945957
0.012704622,0.98298967,0.004305678
0.014979933,0.9322219,0.052798204
0.008152751,0.9894839,0.0023633358
0.17247997,0.05414089,0.7733791
0.10606055,0.44827923,0.44566026
0.0052203564,0.99094534,0.0038342425
0.011519482,0.9808069,0.0076736296
0.021065496,0.8660521,0.1128825
0.015797907,0.982166,0.0020361268
0.019010292,0.1851836,0.7958061
0.006091402,0.988062,0.005846614
0.011296859,0.97414094,0.014562227
0.022494014,0.9211765,0.05632948
0.017453548,0.48611602,0.49643043
0.03341917,0.37828332,0.5882975
0.016667163,0.7659196,0.21741323
0.009904314,0.98782885,0.0022667816
0.008426292,0.9883187,0.003254976
0.038749535,0.83357376,0.12767674
0.034938347,0.89843583,0.066625856
0.017698927,0.8708765,0.11142457
0.013087618,0.86066186,0.12625052
0.27703816,0.37206817,0.3508937
0.010362575,0.9823607,0.0072767553
0.01997624,0.96769273,0.012331064
0.011403267,0.985239,0.0033576582
0.010059798,0.98009425,0.009845975
0.013715905,0.9738443,0.0124397855
0.032958463,0.6234387,0.3436028
0.0057410286,0.99032086,0.0039380486
0.036538243,0.32933977,0.63412195
0.005361592,0.9749497,0.01968865
0.0059890053,0.9790718,0.014939188
0.18430255,0.21631487,0.5993825
0.008871334,0.9880327,0.0030959377
0.011539167,0.9710367,0.017424138
0.015529022,0.76447934,0.21999164
0.009963259,0.9869381,0.003098554
0.010173357,0.98248476,0.0073419204
0.02917389,0.9492726,0.021553533
0.006863804,0.9635243,0.029611886
0.015212987,0.6154445,0.36934257
0.010482187,0.9678411,0.021676742
0.012124176,0.9811802,0.006695606
0.04875519,0.4082222,0.54302263
0.03095374,0.7045039,0.26454243
0.0045402953,0.9823476,0.013112146
0.007528353,0.98601973,0.006451931
0.005521589,0.97505504,0.019423395
0.011317476,0.98261285,0.006069651
0.010209397,0.9593705,0.030420154
0.011878321,0.96504605,0.023075636
0.121141754,0.5318989,0.3469593
0.011149894,0.98523027,0.0036198408
0.015228223,0.77801377,0.20675798
0.032908905,0.86209744,0.10499361
0.014796741,0.9744829,0.010720324
0.0087217055,0.9857019,0.0055764327
0.03353828,0.6863339,0.28012782
0.01643578,0.94134736,0.04221688
0.008003793,0.96856344,0.023432743
0.026881859,0.96160144,0.011516669
0.032049015,0.44037554,0.52757543
0.011393001,0.9738346,0.014772464
0.9204875,0.03424017,0.045272347
0.06521841,0.8896062,0.04517547
0.011366705,0.97348636,0.015146931
0.010558041,0.9824907,0.0069512334
0.021024747,0.23128466,0.74769056
0.006360012,0.98920864,0.004431341
0.04416552,0.8506087,0.105225794
0.16672267,0.78262806,0.050649304
0.03939269,0.7572058,0.20340154
0.021963215,0.097285524,0.88075125
0.01390295,0.9661431,0.019953988
0.014127861,0.84965336,0.13621876
0.041772347,0.08748719,0.8707404
0.006269236,0.94878834,0.044942375
0.008842399,0.9752397,0.015917975
0.006459605,0.98142505,0.012115364
0.023200868,0.9048452,0.0719539
0.01673915,0.9184001,0.064860746
0.01501946,0.8733487,0.11163181
0.019387545,0.95256853,0.028043907
0.04653176,0.27185577,0.68161243
0.04083682,0.60056895,0.35859424
0.05876388,0.14318715,0.798049
0.020265501,0.91639125,0.06334326
0.09260659,0.34575936,0.56163406
0.032293826,0.96614474,0.0015613945
0.099039674,0.52955353,0.3714068
0.020852601,0.86486757,0.114279896
0.038571768,0.7307336,0.2306946
0.0094936015,0.9440957,0.0464108
0.034240056,0.8602931,0.10546679
0.02535611,0.57289106,0.40175286
0.0112780705,0.95371056,0.035011362
0.35696688,0.55045676,0.09257634
0.14732188,0.74983084,0.10284725
0.0047590267,0.9892601,0.005980827
0.042984195,0.13680373,0.82021207
0.0149256615,0.9536613,0.031413026
0.028732067,0.074817,0.89645094
0.019895805,0.95863366,0.02147052
0.06737244,0.032074094,0.90055346
0.020234725,0.9692676,0.010497637
0.018970454,0.9560446,0.02498494
0.009631601,0.9882235,0.0021449074
0.004784531,0.99359083,0.0016246783
0.016818346,0.9404854,0.04269625
0.023120148,0.91366345,0.0632164
0.015778935,0.9667212,0.017499832
0.030571446,0.26197782,0.70745075
0.010904166,0.98252076,0.006575072
0.009755042,0.98633426,0.0039107213
0.008069266,0.98896223,0.0029685167
0.0057518384,0.99121714,0.0030310059
0.0131953,0.9780147,0.008789964
0.088386446,0.6692333,0.24238025
0.012726347,0.972249,0.015024617
0.017548706,0.7789517,0.20349957
0.021396605,0.74619734,0.23240608
0.008320988,0.9267387,0.06494031
0.015795806,0.59789276,0.38631147
0.03573429,0.23290306,0.7313627
0.044969518,0.089782596,0.8652479
0.030895926,0.13486269,0.83424133
0.061189912,0.024578521,0.9142316
0.03375139,0.033293083,0.9329555
0.050622597,0.042379458,0.90699804
0.04225514,0.05781236,0.89993244
0.07550064,0.060018267,0.8644811
0.04315552,0.03413883,0.9227057
0.06741076,0.18649095,0.7460983
0.05422201,0.04378187,0.9019962
0.033833776,0.040021963,0.92614424
0.034928855,0.053625476,0.9114457
0.17920731,0.10784886,0.71294385
0.03816555,0.041671768,0.9201627
0.028625797,0.03446193,0.93691224
0.04595872,0.04347037,0.9105709
0.03604697,0.0655281,0.8984249
0.038616598,0.05191359,0.90946984
0.09879057,0.17086157,0.7303478
0.039817687,0.051276933,0.9089053
0.014565291,0.026194656,0.9592401
0.058646016,0.0535022,0.8878518
0.07773901,0.047660332,0.87460065
0.03384709,0.046854556,0.9192984
0.07283925,0.10004677,0.827114
0.044192538,0.45557657,0.50023085
0.010534477,0.97171986,0.017745605
0.2185442,0.06347589,0.71797985
0.071735464,0.0496412,0.87862337
0.21649465,0.053968772,0.7295366
0.045429833,0.08938267,0.8651876
0.042141426,0.04710407,0.91075456
0.030968891,0.03251857,0.93651253
0.08033695,0.038924363,0.8807387
0.05194183,0.0678111,0.880247
0.06155824,0.18905802,0.7493838
0.04930703,0.062941596,0.8877513
0.04101552,0.03994819,0.9190362
0.033866968,0.03089651,0.9352366
0.044097893,0.039374985,0.91652715
0.083159104,0.17673685,0.7401041
0.03285599,0.04913039,0.9180136
0.060975492,0.067164965,0.87185955
0.039836638,0.049047776,0.91111565
0.051025845,0.033858027,0.91511613
0.01661571,0.09894145,0.88444287
0.037814584,0.032502845,0.9296826
0.024736948,0.45805958,0.51720345
0.71666104,0.030720947,0.25261799
0.042897798,0.20079361,0.7563085
0.041599922,0.06154076,0.89685935
0.044084467,0.08333146,0.8725841
0.5867315,0.093722545,0.319546
0.07449759,0.083678134,0.84182435
0.009123617,0.98872197,0.0021543885
0.03408493,0.04376592,0.9221491
0.045408636,0.06366233,0.8909291
0.037955973,0.036147173,0.9258969
0.050739173,0.0910728,0.85818803
0.024117008,0.94610244,0.029780531
0.025377207,0.058831163,0.9157916
0.045618925,0.060199644,0.8941814
0.047137585,0.036998715,0.9158637
0.07505289,0.060542725,0.8644044
0.03446998,0.040220857,0.9253091
0.036303516,0.16558634,0.7981102
0.06525786,0.04741841,0.8873237
0.03108597,0.029778533,0.9391355
0.035984837,0.042276464,0.9217387
0.028032484,0.025349982,0.9466176
0.028834948,0.031086804,0.94007826
0.08568884,0.12131358,0.79299754
0.03221017,0.04196898,0.9258208
0.029693423,0.03659494,0.9337117
0.041867096,0.043534897,0.91459805
0.038112145,0.04927264,0.9126152
0.0332991,0.051625047,0.91507584
0.03222209,0.6260618,0.34171614
0.08463671,0.036866877,0.87849647
0.053703636,0.04679542,0.8995009
0.027469255,0.30701163,0.6655191
0.03517951,0.058857083,0.9059634
0.028442718,0.041545883,0.9300114
0.03053928,0.027724987,0.94173574
0.032134824,0.05407911,0.91378605
0.052909084,0.038108986,0.90898186
0.019102303,0.15947372,0.82142395
0.025883716,0.032720085,0.9413962
0.33960587,0.28319764,0.37719646
0.96447265,0.011097699,0.024429714
0.044641998,0.047243528,0.90811443
0.03673527,0.040503714,0.922761
0.03313267,0.026544962,0.94032246
0.037904315,0.39632434,0.56577134
0.022223197,0.8578738,0.11990305
0.05707968,0.035097152,0.9078232
0.03797064,0.03577477,0.9262546
0.05229753,0.07260793,0.87509453
0.056424152,0.25836715,0.6852087
0.033588666,0.3572538,0.6091575
0.026762243,0.027991865,0.945246
0.040557213,0.068253,0.89118975
0.025961237,0.020557094,0.9534816
0.028079368,0.043874096,0.9280465
0.055479955,0.08719702,0.857323
0.041704357,0.06835715,0.88993853
0.058232542,0.1830853,0.7586822
0.032833938,0.042573348,0.92459273
0.04703323,0.038237747,0.914729
0.04945526,0.4314208,0.5191239
0.045542344,0.05125467,0.903203
0.043264452,0.15383585,0.8028997
0.024260938,0.28871214,0.687027
0.0610491,0.0845929,0.854358
0.120902166,0.038229764,0.84086806
0.025439307,0.076918066,0.8976427
0.15151337,0.013666017,0.8348206
0.08673319,0.44025245,0.47301432
0.088613264,0.15720074,0.7541859
0.03736453,0.031372044,0.93126345
0.11054132,0.34215784,0.54730093
0.0360618,0.019246025,0.9446922
0.038618855,0.029379677,0.9320015
0.045242157,0.025403347,0.9293545
0.030295128,0.024485875,0.94521904
0.033643894,0.027245656,0.93911046
0.031991553,0.03125047,0.936758
0.074735194,0.0227707,0.902494
0.038244493,0.032457683,0.92929786
0.035907116,0.03077303,0.93331987
0.029137295,0.031077126,0.9397856
0.04205325,0.07015137,0.8877954
0.023354439,0.03735675,0.9392888
0.049627826,0.093170814,0.8572013
0.037433177,0.03865917,0.9239077
0.37459007,0.16801858,0.45739132
0.15380263,0.03835935,0.807838
0.038141876,0.23262283,0.7292353
0.056380346,0.06426273,0.8793569
0.05989168,0.026732953,0.91337544
0.0326848,0.036072936,0.9312423
0.014874998,0.90336543,0.08175962
0.050329935,0.011077634,0.9385923
0.068186484,0.012333084,0.9194805
0.03862998,0.03091905,0.930451
0.041534528,0.037743825,0.9207217
0.041085467,0.029276565,0.9296379
0.03330265,0.046145935,0.9205515
0.03964929,0.032015044,0.92833567
0.042454563,0.025574567,0.93197083
0.055738915,0.09380201,0.85045904
0.055555005,0.10666758,0.8377775
0.053186327,0.03929381,0.9075199
0.021732835,0.009814907,0.96845233
0.051418215,0.072087675,0.8764941
0.052497674,0.03227977,0.9152226
0.04910083,0.06944644,0.8814527
0.03116994,0.052557882,0.9162722
0.083693266,0.05814272,0.858164
0.06472523,0.0382736,0.8970012
0.022888523,0.077885896,0.89922565
0.068176664,0.0240729,0.9077504
0.060329154,0.04444051,0.8952304
0.05189349,0.1576727,0.7904338
0.044602767,0.06389052,0.8915068
0.20214611,0.2266141,0.5712398
0.064470805,0.36471736,0.57081187
0.08935879,0.06778172,0.8428595
0.046211656,0.061160736,0.8926276
0.4361012,0.10887268,0.45502615
0.045697987,0.044465363,0.9098367
0.037180055,0.7897218,0.1730981
0.034696177,0.0201789,0.94512486
0.06264154,0.042551275,0.89480716
0.03362026,0.07613528,0.8902445
0.024747033,0.016213657,0.9590394
0.0335918,0.031494997,0.9349132
0.035642408,0.020567898,0.9437897
0.028839752,0.024475979,0.94668424
0.04434106,0.033177506,0.92248154
0.041799497,0.06448793,0.8937126
0.042338364,0.105610326,0.8520513
0.037821367,0.102208495,0.85997015
0.3321261,0.03983664,0.62803733
0.04052193,0.042591218,0.91688675
0.696529,0.01677744,0.2866936
0.5651259,0.04803061,0.3868435
0.03260739,0.0274046,0.939988
0.04311507,0.028720828,0.928164
0.17032191,0.12448854,0.7051895
0.036202345,0.031948462,0.93184906
0.057881556,0.24536203,0.6967564
0.03695683,0.024690788,0.93835235
0.072488494,0.030514238,0.8969973
0.0377758,0.02162936,0.9405949
0.04048065,0.035480678,0.9240386
0.4601536,0.013821001,0.52602535
0.1400163,0.02744995,0.8325337
0.04660441,0.038111772,0.9152838
0.047053993,0.029734598,0.9232114
0.05116563,0.030314634,0.9185197
0.04315784,0.026849702,0.92999256
0.058928978,0.045006268,0.89606476
0.15691671,0.007950964,0.83513224
0.03735753,0.12393449,0.838708
0.047503665,0.034015708,0.9184807
0.042629596,0.03155612,0.9258143
0.028872985,0.08511142,0.8860156
0.027784705,0.0191896,0.95302576
0.030176127,0.07842393,0.8914
0.033236094,0.037222665,0.9295413
0.021628393,0.016454013,0.9619176
0.042800076,0.03671626,0.92048365
0.10530895,0.06919832,0.8254928
0.75882053,0.03148894,0.20969047
0.0687742,0.066788554,0.86443716
0.024640746,0.048009247,0.92735004
0.042814557,0.029168492,0.92801696
0.03522262,0.040264796,0.92451257
0.038004,0.012942843,0.94905317
0.030818956,0.4906387,0.4785423
0.04155911,0.019920815,0.9385201
0.02074042,0.010676253,0.9685832
0.03051189,0.029515434,0.93997264
0.029108219,0.6846991,0.28619263
0.10560836,0.07138844,0.82300323
0.032696795,0.021048881,0.9462543
0.09085877,0.07606377,0.8330775
0.02745618,0.0335416,0.9390022
0.03008025,0.08395123,0.88596845
0.06643446,0.030684419,0.90288115
0.025411403,0.56974185,0.40484676
0.2581385,0.029118314,0.7127432
0.050394654,0.21320795,0.73639745
0.08266152,0.026036013,0.89130247
0.036436267,0.017414156,0.9461495
0.015742742,0.012188831,0.9720685
0.027849777,0.039931934,0.9322184
0.01884026,0.016724179,0.9644355
0.030397136,0.023975767,0.9456271
0.036454145,0.030697469,0.93284833
0.047404036,0.042285725,0.9103102
0.04295301,0.021471947,0.935575
0.08750302,0.019203102,0.89329386
0.15986486,0.008412753,0.8317224
0.031890735,0.06479963,0.9033097
0.049624927,0.086501114,0.8638739
0.7948269,0.040589727,0.16458338
0.12651727,0.06602201,0.8074607
0.03907829,0.03336021,0.9275616
0.085077144,0.030128526,0.88479435
0.88118,0.014090766,0.10472931
0.042957082,0.06640341,0.89063954
0.021227796,0.117477745,0.86129445
0.027696876,0.25694415,0.715359
0.038831882,0.042151608,0.9190165
0.031563684,0.05229444,0.9161419
0.046743155,0.02804823,0.9252087
0.02830269,0.045360267,0.926337
0.027259873,0.033139575,0.9396005
0.057268918,0.020260954,0.9224701
0.043369345,0.027540324,0.9290903
0.094363816,0.12187757,0.7837586
0.13990417,0.10737306,0.75272274
0.05294024,0.038430493,0.90862924
0.050387852,0.03796053,0.9116516
0.018885763,0.92339474,0.057719547
0.3754998,0.15501042,0.46948978
0.033236656,0.045340482,0.9214228
0.057716683,0.17605223,0.76623106
0.034079988,0.5396481,0.42627192
0.036218114,0.021458523,0.9423234
0.039848242,0.03441849,0.92573327
0.03402825,0.050734453,0.91523725
0.11969122,0.046235293,0.8340735
0.053674344,0.02958395,0.91674167
0.0378736,0.040041577,0.92208475
0.1581941,0.031733643,0.8100723
0.01745313,0.6958025,0.28674442
0.0601341,0.024582773,0.9152831
0.023734488,0.03373351,0.94253194
0.07956651,0.03958108,0.88085246
0.05932284,0.052608475,0.8880687
0.04241145,0.06659238,0.8909962
0.032169033,0.024955597,0.9428753
0.05827389,0.06294759,0.87877864
0.03198867,0.024912797,0.9430984
0.023748297,0.027629333,0.9486224
0.036034547,0.02733344,0.9366321
0.026527654,0.029163396,0.94430894
0.22695725,0.042915557,0.7301272
0.069981545,0.050405815,0.87961257
0.03546173,0.03556578,0.92897254
0.019155188,0.020192435,0.9606524
0.033728745,0.013694349,0.9525769
0.8849511,0.023802955,0.091246046
0.054999538,0.023794018,0.9212064
0.03581204,0.022366876,0.94182116
0.0401874,0.024374891,0.9354376
0.045915823,0.09025067,0.86383355
0.037877418,0.04622745,0.91589516
0.039965212,0.031584226,0.92845064
0.05039503,0.022560073,0.9270448
0.047596715,0.045505896,0.9068974
0.036114026,0.027934022,0.93595195
0.03828827,0.028620632,0.93309116
0.032609686,0.118122086,0.84926814
0.035755906,0.33561787,0.6286262
0.043364365,0.02492639,0.9317093
0.45052624,0.047886766,0.50158703
0.061031587,0.035081733,0.9038867
0.039623477,0.051477283,0.9088993
0.5578462,0.05754507,0.38460875
0.023388421,0.065786906,0.9108247
0.026302624,0.017065374,0.95663196
0.021306211,0.040313806,0.93837994
0.06427929,0.09189618,0.8438245
0.042690583,0.018325165,0.9389842
0.022825867,0.05194368,0.9252304
0.027376637,0.07921693,0.8934064
0.03187894,0.07610111,0.89202005
0.21173015,0.040547762,0.7477221
0.4520991,0.1432351,0.40466583
0.036135197,0.030103765,0.933761
0.025520839,0.014944437,0.95953465
0.024748642,0.047471892,0.92777944
0.05291255,0.056933433,0.89015394
0.06864552,0.040275883,0.89107853
0.26723436,0.04869076,0.6840749
0.031050857,0.07470568,0.8942434
0.08966026,0.032663625,0.8776761
0.031136585,0.07564707,0.8932163
0.049368225,0.046016246,0.9046156
0.10394286,0.018499935,0.8775572
0.032819238,0.11578754,0.8513933
0.070844315,0.07489963,0.85425603
0.038926773,0.039810997,0.92126226
0.028963607,0.13159275,0.8394436
0.036755055,0.014393486,0.94885147
0.052967634,0.022714451,0.9243179
0.058038756,0.22043078,0.7215305
0.04973883,0.58967066,0.36059052
0.10832012,0.010481815,0.88119805
0.039747637,0.063516535,0.89673585
0.023391575,0.023806391,0.952802
0.030759942,0.016987255,0.95225275
0.06783783,0.024058754,0.9081034
0.040894225,0.031080322,0.9280255
0.061920185,0.02192791,0.9161519
0.0408502,0.033932216,0.92521757
0.029112352,0.018980803,0.95190686
0.061197348,0.019984623,0.9188181
0.0590156,0.06866015,0.8723242
0.029242774,0.022952916,0.9478044
0.032440264,0.026893927,0.9406658
0.03937049,0.04062024,0.9200092
0.36596602,0.024104215,0.60992974
0.036572132,0.054580525,0.90884733
0.035920788,0.9291274,0.034951888
0.09481857,0.026836375,0.8783451
0.08847869,0.011788645,0.89973265
0.034764696,0.07735515,0.88788015
0.026566343,0.12489791,0.8485358
0.04495965,0.18864132,0.766399
0.043896463,0.026676603,0.92942685
0.032209154,0.022817414,0.94497347
0.045286898,0.029874405,0.9248387
0.027517628,0.03229728,0.9401851
0.028425425,0.021944026,0.94963056
0.0486622,0.042072516,0.9092653
0.27694383,0.022385957,0.7006702
0.05292548,0.044005502,0.903069
0.027506556,0.025315493,0.9471779
0.08247693,0.010227869,0.90729517
0.15811396,0.024677558,0.81720847
0.43952733,0.055397414,0.5050753
0.07377346,0.028358998,0.8978675
0.02612481,0.019991502,0.9538836
0.031207679,0.021365084,0.9474273
0.0443735,0.04144151,0.9141851
0.05808543,0.054353476,0.8875611
0.05765054,0.04756118,0.89478827
0.035828218,0.030170383,0.93400145
0.042504627,0.066284016,0.89121133
0.03652458,0.072496064,0.89097947
0.16460241,0.020036908,0.8153607
0.030684391,0.039592393,0.9297232
0.04207419,0.13080554,0.82712024
0.034512307,0.056073736,0.90941393
0.051704664,0.036272354,0.912023
0.07758561,0.029276133,0.89313823
0.1685507,0.024979537,0.80646974
0.028060025,0.029928137,0.94201183
0.07291606,0.014605508,0.9124784
0.17036901,0.058220427,0.7714105
0.1734331,0.07173504,0.75483185
0.18158181,0.08411417,0.734304
0.035091527,0.028417984,0.9364905
0.03258815,0.037107967,0.93030393
0.10486097,0.16921178,0.7259273
0.04213042,0.05708155,0.90078807
0.03637449,0.026430847,0.93719476
0.15396538,0.116332725,0.7297019
0.06559556,0.031534627,0.90286976
0.11024843,0.06269509,0.82705647
0.020888923,0.014957826,0.9641533
0.047953796,0.089502044,0.8625442
0.07083385,0.2347636,0.6944025
0.06930577,0.015091237,0.9156031
0.026606742,0.019772451,0.95362085
0.051473785,0.027177807,0.9213484
0.06962096,0.09169394,0.83868504
0.094291344,0.038621586,0.86708707
0.03954641,0.034526695,0.9259269
0.03161976,0.028846404,0.9395338
0.05615946,0.0619205,0.88192004
0.7057076,0.19037966,0.10391275
0.0562274,0.027403045,0.9163696
0.041068297,0.0132033555,0.9457283
0.06730601,0.03126965,0.90142435
0.108157046,0.2614902,0.6303528
0.13262965,0.03320814,0.83416224
0.294336,0.058128238,0.64753574
0.039694775,0.04083501,0.9194702
0.043470535,0.023450598,0.9330788
0.033155564,0.038649388,0.928195
0.04081805,0.049913738,0.90926814
0.03089601,0.044778176,0.9243258
0.055104002,0.021038031,0.9238579
0.028555764,0.031331763,0.9401124
0.032205887,0.049300317,0.91849387
0.039165817,0.02755659,0.9332776
0.8599111,0.04158653,0.098502405
0.043484658,0.06761396,0.8889014
0.8101172,0.035646245,0.15423656
0.118591726,0.07414038,0.8072679
0.026864382,0.01777362,0.955362
0.045425907,0.01596157,0.9386126
0.035456233,0.20274548,0.7617983
0.022018736,0.02232184,0.9556594
0.11424318,0.13513821,0.7506186
0.037343707,0.41916105,0.5434952
0.06907645,0.047290415,0.8836332
0.063533455,0.06836144,0.8681051
0.054132234,0.07136424,0.87450355
0.050143573,0.019294348,0.93056214
0.08952112,0.022535235,0.88794357
0.03558268,0.012962924,0.9514544
0.033951517,0.018351277,0.94769716
0.056576703,0.02585216,0.9175711
0.060589477,0.021688398,0.9177221
0.03769864,0.050729066,0.9115723
0.066338204,0.43746486,0.496197
0.030988954,0.054493636,0.91451734
0.054007705,0.036082443,0.90990984
0.020240918,0.21985322,0.7599058
0.030375287,0.037508477,0.9321162
0.036615677,0.022735192,0.9406491
0.042722475,0.03125643,0.92602104
0.04302197,0.024465347,0.9325127
0.048779767,0.029014172,0.9222061
0.029417057,0.016198117,0.9543848
0.04705614,0.049314413,0.90362954
0.045887593,0.028828114,0.9252843
0.8210379,0.031326234,0.14763589
0.06022529,0.033783324,0.90599144
0.0738859,0.013163191,0.912951
0.044980794,0.02469563,0.9303236
0.035127163,0.026515374,0.9383575
0.036013987,0.025141815,0.93884426
0.17907405,0.044012737,0.7769132
0.047611788,0.05577264,0.89661556
0.027608812,0.05004194,0.9223493
0.0378925,0.05828923,0.9038182
0.04746058,0.01496333,0.937576
0.07223393,0.08066151,0.8471045
0.03887809,0.027434409,0.9336875
0.027598443,0.00897742,0.96342415
0.039602544,0.07906731,0.88133013
0.06208266,0.03624788,0.90166944
0.025571395,0.037097316,0.9373313
0.05354041,0.011233645,0.935226
0.050443325,0.14610521,0.8034515
0.046729464,0.14967068,0.8035999
0.045187145,0.01564679,0.93916607
0.0407395,0.078374214,0.8808863
0.04697205,0.02056069,0.9324673
0.066068865,0.033384126,0.900547
0.06979018,0.08040649,0.8498034
0.05392109,0.013356642,0.93272233
0.04126746,0.043037266,0.91569525
0.06806676,0.021210013,0.9107232
0.093466595,0.026648188,0.87988526
0.26434606,0.029435186,0.7062188
0.08091952,0.070510365,0.84857017
0.044684824,0.03291636,0.92239875
0.104222365,0.05286893,0.8429088
0.029791053,0.09873608,0.8714729
0.060724284,0.03288651,0.9063892
0.039569736,0.33842576,0.6220045
0.29836634,0.027487725,0.67414594
0.030757403,0.050859164,0.9183834
0.0346879,0.032332677,0.9329794
0.05690259,0.032772284,0.91032517
0.03217007,0.023080895,0.944749
0.056511953,0.025175178,0.91831285
0.059259854,0.029022314,0.91171783
0.033473212,0.020243138,0.9462837
0.056085348,0.03520029,0.9087144
0.045181513,0.0419906,0.9128279
0.06042189,0.056872085,0.8827059
0.04216926,0.04825296,0.90957785
0.04665112,0.024535445,0.9288134
0.035918705,0.01760825,0.94647306
0.027824193,0.014995375,0.9571804
0.033125177,0.03680974,0.93006516
0.07938715,0.31169102,0.6089219
0.030754965,0.052726272,0.9165188
0.053552717,0.06510354,0.8813438
0.032322407,0.043156076,0.9245215
0.02486164,0.11484684,0.86029154
0.022200769,0.29951897,0.67828023
0.029768463,0.014765267,0.9554663
0.041312724,0.022993993,0.93569326
0.026347537,0.020985585,0.95266694
0.048796292,0.015072166,0.93613154
0.1697242,0.024314176,0.8059616
0.10881291,0.011581345,0.8796057
0.024907732,0.027570346,0.9475219
0.25776878,0.030161165,0.71207005
0.04893164,0.04565386,0.9054146
0.03851871,0.015411723,0.9460695
0.031755794,0.027428724,0.94081545
0.5250054,0.048037894,0.42695668
0.12566291,0.021020895,0.85331625
0.024232626,0.095281966,0.8804854
0.04454871,0.054528944,0.90092236
0.033256795,0.035714198,0.931029
0.038321573,0.022287387,0.9393911
0.02790819,0.030591343,0.9415004
0.036451317,0.018855374,0.9446934
0.049777515,0.017388439,0.93283415
0.047874454,0.028281698,0.9238438
0.037808623,0.029017199,0.9331742
0.02719857,0.21656081,0.75624067
0.08598229,0.051543325,0.8624744
0.46877548,0.030235823,0.5009887
0.05924008,0.025779178,0.91498077
0.044399265,0.024663692,0.930937
0.056319404,0.026707526,0.9169732
0.027357586,0.026907157,0.9457352
0.034044243,0.037683543,0.9282722
0.027642043,0.021443719,0.95091426
0.032661706,0.45353058,0.51380765
0.061573625,0.030067256,0.90835917
0.5588524,0.2224047,0.2187429
0.02535018,0.017801275,0.95684856
0.044204824,0.0106545,0.9451407
0.034219727,0.025405122,0.94037515
0.025635462,0.01988708,0.95447755
0.025517358,0.016015204,0.95846736
0.04289208,0.0436101,0.91349775
0.024502411,0.033327695,0.9421699
0.024554418,0.022010436,0.9534352
0.8635566,0.06039481,0.07604855
0.040322803,0.019252853,0.9404244
0.023045566,0.017860482,0.959094
0.03329165,0.04376104,0.9229473
0.039507102,0.020001682,0.9404912
0.17939064,0.030645197,0.7899642
0.033900738,0.017969415,0.94812983
0.048365656,0.04259926,0.90903515
0.044518054,0.07775104,0.87773097
0.042258494,0.049792666,0.9079489
0.039733905,0.039889418,0.9203766
0.34070274,0.05111294,0.6081844
0.041403074,0.022687012,0.93590987
0.07800981,0.04090804,0.8810822
0.019802226,0.055428352,0.9247694
0.046039086,0.06292797,0.89103293
0.03544906,0.059192337,0.90535855
0.07265493,0.69779706,0.22954795
0.08049554,0.014333732,0.90517074
0.06496092,0.029481022,0.90555805
0.04903447,0.023944214,0.9270214
0.04588242,0.02893768,0.9251799
0.04605655,0.03517511,0.9187684
0.37210035,0.016279247,0.6116204
0.04380307,0.04401747,0.9121794
0.049663316,0.0313835,0.9189533
0.030984418,0.10329469,0.8657209
0.04826732,0.028458143,0.9232745
0.07578007,0.034660775,0.8895591
0.041207895,0.10149373,0.85729843
0.02509897,0.03857152,0.9363294
0.37877432,0.04717824,0.57404745
0.039711047,0.07912925,0.88115966
0.042493768,0.08119213,0.8763141
0.043410912,0.5223092,0.43427992
0.025000237,0.029515067,0.9454847
0.05715882,0.017637946,0.92520326
0.116486736,0.05333152,0.8301818
0.039706223,0.024248235,0.9360455
0.04232151,0.03315372,0.9245248
0.034336165,0.04033953,0.9253244
0.033083595,0.020622471,0.94629395
0.045627486,0.045051888,0.9093206
0.03823476,0.032703925,0.9290613
0.13367154,0.03945539,0.82687306
0.05847814,0.015987033,0.92553484
0.056329854,0.022037556,0.9216325
0.031452257,0.035814527,0.93273324
0.03371285,0.028920732,0.9373665
0.17518549,0.1089878,0.71582675
0.04330813,0.026190864,0.930501
0.0672446,0.04090558,0.8918498
0.12468252,0.022850966,0.8524665
0.022476865,0.06554907,0.911974
0.030835336,0.016440619,0.9527241
0.04831148,0.048976522,0.902712
0.026827063,0.0394162,0.9337567
0.022719024,0.022498235,0.95478266
0.04272352,0.02851564,0.92876077
0.028471887,0.42487627,0.54665184
0.04479766,0.027761228,0.9274412
0.06614047,0.027923709,0.90593576
0.02009208,0.008976962,0.9709309
0.031729676,0.025470624,0.94279975
0.013071282,0.89864343,0.08828532
0.07457028,0.08278395,0.8426458
0.027670618,0.021361325,0.950968
0.051844157,0.03009313,0.9180627
0.042638563,0.070299104,0.8870624
0.17319675,0.034506474,0.7922967
0.12801398,0.14087072,0.73111534
0.02176547,0.027087566,0.9511469
0.097434275,0.032445725,0.87012005
0.029467518,0.033916906,0.9366155
0.09193259,0.025553701,0.8825137
0.0575629,0.09407469,0.8483624
0.08512847,0.117384,0.79748756
0.2399809,0.08746878,0.67255026
0.04737491,0.03931355,0.9133116
0.053623904,0.023312442,0.9230636
0.31713492,0.021601563,0.66126347
0.029901244,0.013178202,0.95692056
0.036684796,0.042721663,0.92059356
0.9379537,0.025068957,0.036977228
0.646947,0.025855877,0.3271971
0.059361078,0.08937297,0.85126597
0.032798126,0.05169957,0.91550237
0.040771198,0.08665044,0.8725784
0.14886087,0.028928537,0.82221055
0.14186579,0.1254409,0.7326933
0.053875275,0.06379131,0.88233346
0.04189544,0.07880788,0.87929666
0.03178278,0.020143265,0.94807386
0.932922,0.010113867,0.05696421
0.04843184,0.019702457,0.93186563
0.048306167,0.058725357,0.89296854
0.02026887,0.055096496,0.92463464
0.1482357,0.035003364,0.81676096
0.050090585,0.030263029,0.9196464
0.061378334,0.03314348,0.9054782
0.04566527,0.30409315,0.65024155
0.06510395,0.025569873,0.9093262
0.057615984,0.06842068,0.8739633
0.04181964,0.031138472,0.92704195
0.031604312,0.15886258,0.80953306
0.045037866,0.02436739,0.93059474
0.16494676,0.012382291,0.82267094
0.037131082,0.02101252,0.9418564
0.02691968,0.027828502,0.9452518
0.075104766,0.036782302,0.8881129
0.019147223,0.097952425,0.8829004
0.033076975,0.061494924,0.90542805
0.94202954,0.026697237,0.031273253
0.028790485,0.0435161,0.92769337
0.032269023,0.02377046,0.9439605
0.041991167,0.027164537,0.9308443
0.03263909,0.037420902,0.92994
0.032181174,0.050925612,0.9168932
0.032820676,0.034801222,0.93237805
0.040644415,0.03429294,0.9250626
0.050567735,0.016481193,0.93295103
0.02715827,0.020142931,0.95269877
0.033025153,0.11939362,0.8475812
0.04154262,0.05006105,0.90839636
0.03544295,0.02145529,0.9431018
0.04039362,0.01660992,0.94299644
0.05286813,0.08382559,0.8633063
0.01642339,0.93377334,0.04980331
0.040024277,0.030152958,0.92982274
0.057880852,0.032278527,0.9098406
0.030263264,0.01810635,0.9516304
0.05193675,0.053168394,0.8948949
0.053986106,0.09282528,0.85318863
0.035258222,0.04110045,0.92364126
0.03213696,0.030515935,0.9373471
0.052392803,0.059717707,0.8878895
0.06728047,0.028993541,0.903726
0.042022265,0.023710879,0.9342668
0.15766688,0.01278194,0.82955116
0.045236357,0.03185885,0.92290485
0.12276499,0.089117825,0.78811723
0.85595894,0.02723406,0.116807014
0.077896856,0.027131576,0.8949716
0.07905457,0.031109747,0.88983566
0.056112554,0.119721964,0.82416546
0.075767286,0.043467026,0.8807657
0.03275605,0.07147595,0.8957679
0.0478971,0.040372808,0.9117301
0.042069048,0.030808445,0.9271225
0.06401508,0.043611884,0.8923731
0.03292928,0.03069346,0.93637717
0.054591097,0.03193613,0.91347283
0.6177306,0.17178907,0.21048035
0.05698554,0.06457308,0.87844133
0.033151742,0.12634116,0.8405071
0.02659811,0.033953123,0.93944883
0.036184154,0.016843636,0.94697213
0.038346518,0.028054914,0.9335986
0.035037432,0.062217463,0.9027452
0.055149984,0.05477427,0.8900757
0.026513303,0.018563572,0.9549232
0.030784953,0.020830141,0.9483848
0.025536086,0.019032486,0.95543134
0.042532805,0.031949062,0.92551816
0.051957134,0.0866726,0.8613703
0.026379073,0.03276523,0.9408557
0.045803923,0.044917997,0.9092781
0.02811923,0.056031097,0.91584957
0.0815823,0.025771484,0.8926463
0.06895274,0.031599708,0.8994475
0.06413434,0.008482715,0.92738295
0.018417934,0.86517715,0.116404936
0.06630442,0.12830533,0.80539024
0.027488029,0.03242046,0.94009143
0.033703417,0.18025222,0.7860444
0.04854963,0.016405648,0.93504477
0.038415708,0.027214227,0.93437016
0.02035358,0.86545616,0.11419028
0.034350418,0.8261612,0.1394884
0.061049584,0.03656133,0.9023891
0.017821942,0.06719366,0.9149844
0.043648172,0.0830727,0.8732791
0.08593502,0.122856036,0.791209
0.033018734,0.030806918,0.93617433
0.024798267,0.035521872,0.9396799
0.029813975,0.030850621,0.9393354
0.032206617,0.058204856,0.9095885
0.80997545,0.009691243,0.18033329
0.064861566,0.04237142,0.89276695
0.25269714,0.034257337,0.7130455
0.8417225,0.020264849,0.13801259
0.034687832,0.013933271,0.9513789
0.05552575,0.018984156,0.9254901
0.032581232,0.01525561,0.95216316
0.051378828,0.0423457,0.9062756
0.028198827,0.02512959,0.94667166
0.043065168,0.08260594,0.8743289
0.034482468,0.030789377,0.9347281
0.07672179,0.01471428,0.90856403
0.042784076,0.026230114,0.93098587
0.1936302,0.046692654,0.7596772
0.046134394,0.04159763,0.912268
0.04675306,0.031449884,0.921797
0.08084746,0.08244203,0.8367105
0.073048346,0.0132641755,0.9136875
0.052156195,0.057901036,0.8899427
0.071060434,0.047894437,0.88104504
0.06859102,0.0768183,0.85459065
0.052007675,0.027033977,0.92095834
0.028973859,0.023647774,0.94737846
0.05300607,0.019291494,0.9277025
0.057812184,0.105814934,0.83637285
0.057547126,0.043142922,0.8993099
0.078682356,0.026980288,0.89433736
0.035656963,0.014619305,0.94972366
0.04624945,0.012017854,0.94173265
0.16066127,0.015024305,0.8243145
0.046640664,0.03287996,0.9204794
0.11060727,0.016846618,0.87254614
0.02940689,0.02949317,0.94109994
0.025350297,0.033550903,0.94109887
0.029889079,0.03573763,0.93437326
0.019571459,0.069999374,0.91042906
0.03576593,0.078886606,0.8853475
0.034025878,0.05347797,0.91249615
0.021911202,0.08819728,0.88989156
0.0806769,0.03744503,0.881878
0.033140354,0.11465902,0.8522006
0.05695289,0.03812451,0.9049226
0.030074282,0.01682079,0.9531049
0.030545205,0.018292889,0.9511619
0.018418867,0.22692193,0.7546592
0.031035,0.026779983,0.9421849
0.0411948,0.058893688,0.8999115
0.025568144,0.025245601,0.9491862
0.023796447,0.034895185,0.94130826
0.039006356,0.026966194,0.93402743
0.05413937,0.030162537,0.91569805
0.034597717,0.02479842,0.94060385
0.0333879,0.030999618,0.9356125
0.01855062,0.0673273,0.9141221
0.04780056,0.030682053,0.92151743
0.026541788,0.032329686,0.94112855
0.035688598,0.07481853,0.88949287
0.059263177,0.09666448,0.84407234
0.05082122,0.028787889,0.92039084
0.20787655,0.055676684,0.73644674
0.2778607,0.07255512,0.64958423
0.031527467,0.029849606,0.9386229
0.03578159,0.024116645,0.94010174
0.030718263,0.047577374,0.9217043
0.03556924,0.038085762,0.926345
0.032814514,0.078105345,0.8890801
0.028243711,0.026351755,0.9454046
0.032856822,0.037377376,0.9297659
0.035716698,0.03772435,0.926559
0.05154737,0.10341917,0.8450335
0.03371932,0.009308812,0.9569719
0.026865339,0.027023215,0.94611144
0.028551765,0.032384995,0.93906313
0.038222954,0.026631854,0.9351452
0.23094074,0.025027951,0.74403125
0.025833337,0.016071642,0.9580951
0.9646438,0.0052431114,0.030113153
0.053521693,0.016133023,0.9303453
0.051268235,0.023865238,0.92486656
0.25979644,0.01919546,0.72100806
0.5329485,0.20134827,0.2657032
0.07514723,0.06315684,0.8616959
0.20649017,0.044809524,0.74870026
0.036149953,0.081147574,0.8827024
0.0434069,0.042901196,0.9136919
0.12866268,0.04455156,0.82678574
0.038466673,0.03229743,0.9292359
0.0866199,0.03855012,0.87482995
0.036272477,0.020911057,0.9428165
0.39150107,0.014112364,0.59438646
0.063062355,0.018352194,0.9185855
0.032899767,0.16336788,0.8037324
0.029300874,0.06450095,0.9061982
0.06893737,0.19792455,0.7331381
0.03352257,0.025254788,0.9412227
0.030825557,0.02784857,0.9413259
0.028059117,0.22275911,0.74918175
0.036563713,0.01860211,0.9448342
0.03464899,0.023353273,0.94199765
0.04342601,0.03710798,0.91946596
0.045728654,0.020411216,0.9338601
0.027686153,0.054578677,0.91773516
0.08161784,0.050283294,0.8680989
0.98591727,0.012099714,0.0019829548
0.022911105,0.030086681,0.9470022
0.064690225,0.029995743,0.9053141
0.086615525,0.10275808,0.8106264
0.045531046,0.037270386,0.91719866
0.024487427,0.01347052,0.9620421
0.17843531,0.016387697,0.805177
0.028787212,0.027175453,0.9440373
0.04369597,0.024775943,0.931528
0.037112158,0.03881732,0.92407054
0.041381,0.019547,0.939072
0.044033412,0.04878816,0.9071785
0.1016881,0.024992857,0.8733191
0.026925378,0.045003537,0.9280711
0.040837545,0.01506737,0.944095
0.047178343,0.0116750095,0.9411467
0.021105979,0.05295689,0.9259371
0.033164967,0.031094814,0.93574023
0.17516044,0.014708231,0.8101314
0.124790706,0.56905204,0.30615726
0.03169889,0.20479397,0.76350707
0.10471415,0.28715536,0.6081305
0.029953653,0.019836862,0.9502095
0.06241489,0.08100785,0.8565772
0.0401731,0.044598036,0.91522884
0.049961682,0.3261094,0.62392896
0.047185574,0.032430142,0.9203843
0.077747904,0.16636992,0.75588226
0.10808339,0.040112667,0.8518039
0.32677794,0.028600631,0.64462143
0.029629512,0.028605945,0.9417645
0.04374217,0.017348533,0.9389093
0.02494946,0.011935862,0.9631146
0.0916672,0.03265304,0.8756798
0.032621972,0.019593943,0.9477841
0.043408237,0.046434,0.91015774
0.048125826,0.024991743,0.92688245
0.032036293,0.02346115,0.94450253
0.044338923,0.025989257,0.92967176
0.03889509,0.032466345,0.92863864
0.31061032,0.04438859,0.64500105
0.036215257,0.068189666,0.8955951
0.041245583,0.034563087,0.9241913
0.027412605,0.020311726,0.9522757
0.06416503,0.017473355,0.9183616
0.026339475,0.23915777,0.73450273
0.028059985,0.023467902,0.94847214
0.038122337,0.034643054,0.9272346
0.049129404,0.08300258,0.86786807
0.044086512,0.025193438,0.9307201
0.036514606,0.023598637,0.9398867
0.21592137,0.026750026,0.75732857
0.07690745,0.1070887,0.81600386
0.045019623,0.0971863,0.8577941
0.02055883,0.02121144,0.95822966
0.07833541,0.041644268,0.8800203
0.28289485,0.16308868,0.5540165
0.07749351,0.010164937,0.9123416
0.07713875,0.25379422,0.66906697
0.05698893,0.024154209,0.9188569
0.05770058,0.06405612,0.87824327
0.07730175,0.032827657,0.8898706
0.012635058,0.018312229,0.96905273
0.027482819,0.02245274,0.9500644
0.06643937,0.04113246,0.89242816
0.07102372,0.037135612,0.8918406
0.055587366,0.023308435,0.9211042
0.09258085,0.1335256,0.77389354
0.021999229,0.8668237,0.111177124
0.40032387,0.031880688,0.56779546
0.03833238,0.046464,0.91520363
0.07103679,0.108212456,0.8207508
0.039631736,0.11093309,0.84943515
0.048674077,0.01936121,0.93196476
0.033521943,0.14994179,0.8165363
0.029470868,0.124684334,0.84584486
0.047145758,0.03593672,0.91691744
0.035287622,0.012817828,0.95189446
0.06501564,0.026891638,0.9080928
0.96140426,0.006049863,0.032545947
0.55756307,0.024892509,0.41754445
0.15737428,0.050793458,0.7918322
0.049255267,0.056969963,0.89377475
0.046522237,0.037127,0.9163507
0.92484534,0.014688258,0.06046638
0.028699182,0.03290377,0.93839717
0.022543525,0.01981703,0.9576394
0.050577197,0.069401406,0.88002133
0.04827286,0.023826892,0.92790025
0.026835544,0.013219848,0.95994467
0.06712009,0.022460472,0.9104194
0.08015522,0.02900196,0.8908429
0.08420686,0.019719662,0.89607346
0.056320492,0.060956463,0.88272303
0.033354778,0.06601079,0.9006344
0.031075265,0.036508493,0.9324162
0.037689604,0.027520498,0.9347899
0.026498625,0.038480043,0.9350214
0.2580339,0.032982,0.7089841
0.060716283,0.016942829,0.9223409
0.041482184,0.019903371,0.93861437
0.07232048,0.066624746,0.8610547
0.036183313,0.3251865,0.6386302
0.2720454,0.15790974,0.5700449
0.039039556,0.039731864,0.9212286
0.044740334,0.05134517,0.9039145
0.08328261,0.024835618,0.89188176
0.020377105,0.008289568,0.9713334
0.028343016,0.032148223,0.9395088
0.041761015,0.072297625,0.8859413
0.04585669,0.02495621,0.92918706
0.040763907,0.020517407,0.9387187
0.013714639,0.8686161,0.11766927
0.037563033,0.078211665,0.88422525
0.09914655,0.032567598,0.8682859
0.03604048,0.01982585,0.9441337
0.18311334,0.040283624,0.7766031
0.039769486,0.023608707,0.93662184
0.051434107,0.01798468,0.9305812
0.03753675,0.012174505,0.9502887
0.061628785,0.039790533,0.89858073
0.13507646,0.26602104,0.5989025
0.045626525,0.042404186,0.91196936
0.030100785,0.018744841,0.95115435
0.03396079,0.025460307,0.94057894
0.12263927,0.028565966,0.8487948
0.03701847,0.2216208,0.7413607
0.060776003,0.016876884,0.92234707
0.03635188,0.037947915,0.9257003
0.02497272,0.48181576,0.4932116
0.035832588,0.07630337,0.88786405
0.033847887,0.021347595,0.94480455
0.03356228,0.08851121,0.8779265
0.025047487,0.03321495,0.94173753
0.025438765,0.10370472,0.8708566
0.027950654,0.042828266,0.92922115
0.02488696,0.023747303,0.9513658
0.33224308,0.023302931,0.644454
0.030064914,0.030064914,0.9398701
0.025366036,0.025564987,0.94906896
0.041268103,0.32906714,0.6296648
0.80674237,0.07322891,0.120028704
0.033558387,0.071740285,0.89470136
0.08914145,0.118093245,0.7927653
0.06370792,0.20039792,0.73589414
0.035436872,0.03351821,0.93104494
0.8869044,0.019159071,0.09393659
0.7994338,0.034462124,0.16610411
0.4854976,0.015424477,0.49907795
0.08898269,0.038270976,0.8727463
0.96303236,0.0061016767,0.03086606
0.9371599,0.010585186,0.05225498
0.84737486,0.013005669,0.13961947
0.5511591,0.058105923,0.39073494
0.99794596,0.0012173968,0.0008367038
0.24103734,0.03909451,0.7198681
0.08084443,0.3741861,0.5449695
0.10712883,0.037386052,0.8554852
0.1387095,0.049313713,0.81197673
0.04133105,0.05224734,0.90642166
0.042099778,0.035520874,0.9223793
0.74376917,0.03898763,0.21724328
0.21935904,0.145982,0.63465893
0.97149247,0.008067292,0.020440238
0.21751149,0.026258606,0.7562299
0.9737559,0.0049816943,0.021262433
0.98877305,0.0045255814,0.0067014517
0.035721097,0.02209326,0.9421857
0.9908869,0.0025144094,0.0065987594
0.97966,0.005992603,0.014347458
0.99190784,0.0059096306,0.0021825405
0.9916815,0.0063510537,0.0019674643
0.06578364,0.45473775,0.4794787
0.7642919,0.19131859,0.04438948
0.019294502,0.97047824,0.010227238
0.05983108,0.9254637,0.014705256
0.286451,0.12320105,0.59034795
0.019167703,0.92265016,0.058182135
0.6258759,0.29105935,0.083064795
0.04021722,0.017229777,0.94255304
0.029273547,0.023775995,0.94695044
0.043425225,0.026287336,0.9302874
0.031398017,0.012599523,0.9560025
0.031398017,0.012599523,0.9560025
0.040606104,0.021565739,0.93782824
0.03416702,0.016765894,0.9490671
0.032190792,0.019677836,0.9481313
0.050055332,0.019204052,0.93074065
0.028911853,0.12657237,0.84451574
0.03852679,0.025315885,0.9361573
0.35861793,0.09228077,0.5491013
0.025518881,0.020625496,0.95385563
0.022457315,0.022633448,0.9549093
0.060874,0.01799432,0.9211317
0.031928018,0.034086917,0.9339851
0.028810982,0.12219045,0.84899855
0.02889255,0.06435181,0.90675557
0.017517826,0.17392586,0.80855626
0.082559265,0.03589179,0.88154894
0.043718766,0.039612494,0.9166688
0.03122769,0.30345428,0.665318
0.101888396,0.06191926,0.83619225
0.058667373,0.06905959,0.872273
0.044071943,0.005310109,0.950618
0.033890866,0.008018403,0.95809066
0.07686779,0.019040706,0.90409154
0.029597748,0.018558009,0.9518442
0.12697136,0.06365844,0.8093703
0.030298224,0.018830976,0.9508708
0.041416526,0.037783902,0.9207996
0.094685614,0.023477225,0.8818371
0.032168206,0.30120617,0.6666256
0.036174987,0.067914575,0.8959105
0.056869283,0.09759189,0.84553885
0.088207446,0.05672898,0.85506356
0.0896949,0.041671287,0.8686338
0.04350876,0.014347667,0.94214356
0.124904685,0.39908403,0.4760113
0.03923188,0.016742112,0.94402605
0.4957911,0.064103596,0.44010532
0.82250303,0.014186539,0.16331044
0.072763436,0.035151754,0.89208484
0.04938978,0.03761047,0.91299975
0.039005782,0.124566875,0.8364273
0.0464728,0.022826672,0.9307005
0.15715975,0.12408101,0.71875924
0.043403223,0.023141498,0.9334553
0.08222092,0.2116052,0.70617384
0.66378665,0.030411808,0.30580157
0.19976532,0.5422236,0.2580111
0.042698205,0.033612534,0.9236892
0.051104866,0.018837182,0.9300579
0.05238903,0.030707829,0.9169032
0.038694613,0.035647143,0.92565817
0.018326588,0.12414358,0.8575298
0.9119209,0.031850755,0.05622831
0.11478152,0.057546936,0.8276716
0.6627661,0.04959514,0.28763875
0.6026272,0.06436721,0.33300552
0.04232061,0.100143306,0.8575361
0.054610644,0.04487764,0.90051174
0.1172942,0.033605352,0.8491005
0.062065974,0.052213777,0.8857202
0.3561121,0.037232757,0.6066551
0.09153656,0.07529593,0.83316743
0.023872571,0.021609234,0.95451814
0.040498257,0.020503486,0.9389983
0.044971187,0.027624894,0.9274039
0.053238947,0.056783363,0.88997775
0.07979555,0.061902557,0.85830194
0.012660622,0.9767196,0.0106197465
0.04060092,0.014336018,0.945063
0.3906219,0.15469734,0.45468074
0.029809633,0.025472641,0.94471776
0.03559821,0.018093225,0.9463087
0.03966311,0.02804308,0.9322939
0.021409843,0.029178176,0.94941205
0.035831377,0.030084776,0.9340838
0.038402956,0.01929137,0.9423057
0.05314161,0.11882452,0.82803386
0.04423096,0.04895921,0.90680987
0.01911218,0.025196198,0.95569164
0.041458566,0.034102883,0.9244386
0.032075893,0.028696539,0.9392276
0.040612064,0.031443924,0.927944
0.100228004,0.21114916,0.68862283
0.041922443,0.028756626,0.9293209
0.025947321,0.017352292,0.9567004
0.029258592,0.030722689,0.9400188
0.09360226,0.041011777,0.865386
0.08479447,0.01946369,0.8957418
0.21150927,0.024022141,0.7644686
0.06446126,0.057333037,0.8782057
0.046011806,0.049459968,0.90452826
0.04272668,0.018412443,0.93886083
0.07391854,0.029517844,0.89656353
0.03897868,0.06734912,0.8936722
0.034299515,0.016667347,0.9490331
0.057679977,0.028525788,0.9137942
0.48625317,0.024863712,0.48888308
0.071832374,0.03144259,0.89672506
0.11461038,0.023929982,0.8614597
0.06811511,0.04769153,0.8841933
0.776734,0.049232446,0.17403358
0.029944703,0.012679384,0.9573759
0.029962165,0.017700063,0.95233774
0.029962165,0.017700063,0.95233774
0.06887099,0.044946704,0.8861823
0.06761471,0.076692365,0.85569286
0.027518006,0.031365234,0.9411167
0.93481725,0.019630214,0.045552555
0.035554823,0.02205494,0.94239026
0.07992585,0.02917426,0.89089996
0.054990478,0.035573933,0.9094356
0.047742844,0.026443463,0.9258137
0.05096368,0.045683544,0.9033528
0.12310325,0.2498926,0.62700415
0.9811804,0.012956634,0.0058628693
0.9905785,0.0076972814,0.0017242179
0.98038507,0.010838045,0.008776916
0.99116266,0.0036666163,0.005170758
0.9911601,0.006536433,0.0023034844
0.99235874,0.0052894256,0.0023517574
0.9861578,0.009935956,0.003906205
0.98608035,0.009152713,0.0047669495
0.9924455,0.0069128033,0.0006417362
0.9961677,0.003127531,0.0007046948
0.9908251,0.0049806945,0.0041941656
0.009655496,0.9715137,0.018830841
0.0062127863,0.9930969,0.0006902813
0.0038183595,0.9849149,0.011266707
0.008484697,0.984536,0.0069793216
0.00774575,0.9909923,0.0012619916
0.009874066,0.9877015,0.0024244746
0.0076309065,0.9858802,0.0064889276
0.0045595183,0.99424404,0.0011964112
0.005977704,0.99164456,0.0023777667
0.01363108,0.98114437,0.005224547
0.015949102,0.91884136,0.06520953
0.0076767644,0.98986953,0.0024536415
0.037166934,0.017301116,0.9455319
0.033270385,0.024341134,0.9423885
0.03613779,0.021790624,0.9420716
0.03419302,0.023408877,0.94239813
0.026906334,0.026463337,0.9466303
0.037368562,0.023962593,0.9386688
0.030801067,0.025861224,0.94333774
0.023066165,0.025382753,0.9515511
0.03216498,0.02323554,0.94459957
0.023800978,0.04477109,0.93142796
0.025973717,0.022877,0.9511493
0.03603092,0.032902777,0.93106633
0.036182076,0.02793205,0.93588585
0.043494195,0.021094127,0.93541175
0.051959198,0.054505974,0.89353484
0.046226278,0.028010288,0.9257634
0.040100977,0.020987768,0.93891126
0.037355635,0.029782511,0.9328619
0.034321472,0.023428079,0.94225043
0.021847064,0.015952466,0.96220046
0.032386485,0.024831584,0.942782
0.032237336,0.021962492,0.94580024
0.029974693,0.021929955,0.9480953
0.03531222,0.025064578,0.9396233
0.03561297,0.045019012,0.919368
0.02919725,0.029083421,0.94171935
0.024506211,0.019272752,0.95622104
0.02196449,0.018191429,0.95984405
0.034962043,0.02651991,0.938518
0.030857364,0.031435255,0.93770736
0.020856773,0.018352194,0.96079105
0.04802382,0.043174576,0.9088016
0.03527181,0.028011503,0.9367167
0.0341171,0.04376446,0.9221184
0.037569255,0.027891848,0.9345389
0.03448483,0.025229642,0.94028556
0.03760843,0.4495222,0.51286936
0.028286368,0.025805386,0.9459083
0.04071093,0.01995752,0.93933153
0.026632637,0.046377987,0.9269894
0.04963132,0.047127854,0.9032408
0.035346292,0.019520076,0.9451336
0.04560368,0.023088263,0.93130803
0.03541032,0.020513944,0.94407576
0.038971752,0.030559419,0.9304689
0.057856973,0.04590292,0.8962402
0.05007417,0.028783273,0.9211425
0.023870224,0.030057147,0.9460726
0.0363864,0.034315642,0.9292979
0.47672087,0.01295475,0.5103243
0.03202401,0.033923335,0.93405265
0.03524057,0.024291527,0.9404679
0.039985895,0.02105052,0.9389636
0.041888323,0.020434683,0.93767697
0.039826486,0.030416977,0.9297566
0.028022785,0.03305117,0.938926
0.037926126,0.03237664,0.9296972
0.029364314,0.022602519,0.94803315
0.052308418,0.008656662,0.9390349
0.0363539,0.02239699,0.941249
0.03567063,0.021635333,0.942694
0.02577638,0.019174093,0.9550496
0.058934655,0.05145394,0.88961136
0.033060107,0.025923844,0.941016
0.056075912,0.082874835,0.86104923
0.03179064,0.016189568,0.9520199
0.037403382,0.036715772,0.92588085
0.03328794,0.03024987,0.93646216
0.04011209,0.019798836,0.9400891
0.031824995,0.026229706,0.9419453
0.03359736,0.019387778,0.9470148
0.015139835,0.019402,0.96545815
0.045232024,0.03823826,0.91652966
0.1060826,0.44444898,0.44946846
0.03123006,0.017881451,0.9508885
0.0285404,0.024483522,0.946976
0.032073867,0.020467183,0.94745904
0.022211822,0.03975183,0.9380364
0.03442069,0.024289036,0.9412903
0.028341524,0.0257549,0.9459035
0.026167655,0.009008043,0.9648243
0.0348132,0.02700684,0.93818
0.029869858,0.05262841,0.9175018
0.036748145,0.026546353,0.93670547
0.035413586,0.016728193,0.94785815
0.043438293,0.029622342,0.9269394
0.036885273,0.035680678,0.9274341
0.031630393,0.028519921,0.93984973
0.03795055,0.023541033,0.93850845
0.0334733,0.026687244,0.9398395
0.039815016,0.023406044,0.9367789
0.04104767,0.014621711,0.9443305
0.039451055,0.024139507,0.9364095
0.037799444,0.025601376,0.93659914
0.043158863,0.014944462,0.9418967
0.037456248,0.023508294,0.9390354
0.03030997,0.026774589,0.9429155
0.044455845,0.040556643,0.91498756
0.027309166,0.061242394,0.91144836
0.028271783,0.035495408,0.93623286
0.045152698,0.039925016,0.91492224
0.025817988,0.015720692,0.95846134
0.04268042,0.013042241,0.9442774
0.06742002,0.036655627,0.8959244
0.03934891,0.022094306,0.93855673
0.033769853,0.0096941395,0.95653605
0.033317562,0.019263903,0.94741845
0.04224593,0.033978723,0.9237753
0.03117082,0.010430725,0.95839846
0.03405213,0.022839203,0.94310874
0.040287424,0.021946713,0.93776584
0.044834763,0.030574651,0.9245906
0.049444273,0.023061186,0.92749447
0.03587727,0.021507146,0.9426156
0.032511476,0.07405701,0.8934315
0.04226033,0.01173527,0.9460044
0.026215967,0.06839864,0.90538543
0.03441645,0.038095534,0.927488
0.04674107,0.047756135,0.9055028
0.037000675,0.017089687,0.9459097
0.03818806,0.026607543,0.9352043
0.032838985,0.029696539,0.93746454
0.033120923,0.025971534,0.9409075
0.031312518,0.032815237,0.9358722
0.039207388,0.04100882,0.91978383
0.032579396,0.030072222,0.93734837
0.03377366,0.029001212,0.9372251
0.04065838,0.028523058,0.9308186
0.029480305,0.021526167,0.9489936
0.036651444,0.023617778,0.93973076
0.038334295,0.014592747,0.947073
0.03157854,0.031028299,0.9373932
0.027982002,0.014097742,0.9579203
0.041769456,0.024127135,0.93410337
0.040491764,0.024320822,0.93518746
0.03340688,0.024947403,0.9416457
0.040480457,0.025505783,0.9340137
0.036634438,0.012998787,0.95036685
0.03347488,0.01649055,0.9500346
0.02532721,0.016822204,0.9578506
0.044090282,0.037749264,0.9181605
0.045402434,0.015553358,0.93904424
0.07105261,0.039354105,0.88959324
0.035672963,0.044309095,0.9200179
0.035121292,0.02759395,0.93728477
0.0497413,0.018103285,0.9321555
0.053783532,0.07394538,0.87227106
0.02808532,0.017939497,0.9539752
0.025501547,0.018494068,0.95600444
0.04771105,0.02979855,0.9224905
0.03860443,0.037894744,0.92350084
0.02735536,0.02421185,0.94843274
0.044866174,0.018074542,0.9370594
0.028781783,0.028280275,0.94293797
0.047507685,0.03303641,0.9194559
0.029945921,0.030239798,0.9398142
0.033911813,0.021346182,0.944742
0.042382617,0.02540687,0.9322105
0.040750794,0.021748517,0.93750066
0.029118257,0.01878181,0.9521
0.048063464,0.017171059,0.9347655
0.043856185,0.031189933,0.92495394
0.029788159,0.027095953,0.94311583
0.036010977,0.0297959,0.93419313
0.020207264,0.018434891,0.9613579
0.02704367,0.017770346,0.955186
0.027632914,0.02083806,0.95152897
0.057563808,0.02512322,0.917313
0.04748179,0.032665607,0.9198526
0.021721525,0.015985196,0.96229327
0.10544372,0.06477196,0.8297843
0.03774034,0.01979089,0.9424688
0.036382288,0.033516932,0.9301008
0.037556287,0.025486413,0.93695724
0.030042605,0.029867087,0.9400903
0.06798237,0.04825382,0.8837638
0.04269206,0.026508102,0.9307998
0.034158435,0.0197887,0.94605297
0.03410853,0.01752331,0.9483682
0.038686134,0.02036626,0.9409476
0.037027188,0.022834076,0.94013876
0.023093253,0.027025128,0.9498816
0.04855718,0.015338995,0.9361038
0.03352144,0.023447486,0.943031
0.027119251,0.01315249,0.9597282
0.03389422,0.030116716,0.935989
0.027436392,0.025029955,0.9475336
0.03127991,0.024647977,0.9440722
0.038212877,0.025060618,0.9367265
0.034312572,0.017219778,0.94846773
0.02391245,0.028341329,0.9477462
0.025441105,0.02546596,0.9490929
0.03623623,0.018202934,0.9455608
0.033500392,0.038671847,0.9278278
0.043472253,0.045027755,0.9115
0.021924403,0.024650266,0.95342535
0.02826067,0.024842722,0.9468966
0.0304625,0.027413286,0.9421242
0.035651617,0.024913158,0.93943524
0.04742636,0.052444957,0.9001286
0.034041204,0.029575512,0.93638325
0.044137374,0.039410237,0.91645235
0.038520165,0.018142406,0.9433374
0.023144731,0.02392611,0.9529292
0.031404525,0.032719377,0.93587613
0.034071237,0.023211885,0.9427169
0.042322338,0.021322614,0.936355
0.042138483,0.021925297,0.9359362
0.9842898,0.008046842,0.0076633682
0.8331403,0.0469223,0.11993736
0.92266387,0.019718591,0.05761757
0.9944343,0.0023065843,0.0032591645
0.9777033,0.0064162835,0.015880452
0.9968657,0.0022498558,0.0008845045
0.9897629,0.0042473427,0.0059897136
0.99131846,0.0049347472,0.0037468325
0.98596174,0.005738129,0.008300153
0.99793327,0.0014400398,0.00062665413
0.9955493,0.0029999844,0.0014506977
0.98848313,0.0057809614,0.005735974
0.008847627,0.98250973,0.008642673
0.01445117,0.9771524,0.008396431
0.008459174,0.9892729,0.0022678794
0.39331102,0.3797239,0.22696503
0.0071886424,0.985748,0.0070633837
0.012613803,0.98554033,0.0018458072
0.008192663,0.99045146,0.001355826
0.007452235,0.9856286,0.0069191656
0.014950932,0.9807989,0.0042501795
0.023835093,0.9336743,0.042490646
0.009603878,0.9892356,0.0011605402
0.007858915,0.98795086,0.0041901744
0.01105332,0.98435694,0.0045897453
0.010489786,0.9857184,0.0037917357
0.008011328,0.97137064,0.020618092
0.008218912,0.98975116,0.0020299281
0.011778816,0.98541254,0.0028086635
0.011971065,0.9869327,0.0010962195
0.005834939,0.99285287,0.0013121621
0.012586909,0.98440003,0.0030131012
0.020099578,0.022731366,0.9571691
0.03856937,0.03334643,0.9280842
0.03472903,0.029359234,0.9359118
0.03839495,0.033195626,0.9284094
0.04722823,0.044064555,0.9087072
0.040327474,0.04271927,0.9169532
0.03332332,0.025549881,0.9411268
0.032016087,0.019456705,0.94852716
0.023616036,0.03304477,0.9433392
0.045520913,0.031194514,0.92328453
0.027622925,0.04594454,0.9264326
0.029416677,0.020859549,0.9497238
0.032384403,0.029486334,0.9381293
0.04665314,0.031721603,0.92162526
0.04863175,0.035545018,0.9158233
0.058183257,0.05967948,0.88213724
0.024241379,0.015913418,0.9598451
0.04326956,0.030682713,0.92604786
0.058576643,0.033148587,0.90827477
0.04373211,0.06839831,0.88786954
0.036725894,0.026221193,0.93705297
0.026239023,0.032400865,0.9413601
0.05475318,0.026373686,0.9188731
0.055889603,0.04033447,0.90377593
0.03887791,0.029260736,0.9318613
0.043573078,0.031140277,0.92528665
0.03980945,0.03173886,0.9284518
0.026415788,0.02031311,0.95327103
0.033308115,0.0241555,0.9425364
0.042823948,0.027140923,0.9300351
0.04526079,0.026816132,0.92792314
0.032760017,0.027452325,0.9397877
0.033811957,0.026983578,0.93920445
0.030877998,0.030787665,0.9383344
0.042088408,0.04385058,0.91406095
0.028552586,0.022215068,0.9492324
0.038696606,0.023770543,0.93753284
0.04056572,0.0261912,0.93324304
0.042710934,0.030613685,0.92667544
0.038201656,0.02168179,0.94011664
0.038037322,0.024060225,0.93790245
0.035600886,0.030870229,0.93352896
0.034076583,0.03404332,0.9318801
0.031435642,0.036323816,0.93224055
0.03910139,0.02184838,0.93905026
0.026618013,0.027705396,0.94567657
0.045050014,0.035846923,0.9191031
0.04707517,0.026587913,0.9263368
0.033781387,0.030608477,0.9356102
0.029447243,0.026319118,0.9442337
0.02886572,0.031889092,0.93924516
0.03926937,0.024985513,0.9357451
0.03769361,0.029241363,0.933065
0.04610608,0.02782854,0.92606544
0.026950313,0.015567209,0.95748246
0.03120023,0.025291406,0.9435083
0.03837459,0.03098578,0.9306396
0.04631538,0.025230467,0.9284541
0.04708375,0.029120991,0.9237953
0.050858248,0.031671256,0.9174705
0.029712202,0.028657777,0.94163
0.023938442,0.027285215,0.94877636
0.04147967,0.021794306,0.9367261
0.04243491,0.03327503,0.92429006
0.028511226,0.036502045,0.9349867
0.04072576,0.025090413,0.9341839
0.041176908,0.037971005,0.92085207
0.029901136,0.02525316,0.9448457
0.043882158,0.02880674,0.92731106
0.0632094,0.045262042,0.89152855
0.051273465,0.06526032,0.88346624
0.037465986,0.03329041,0.92924356
0.049369633,0.03353591,0.91709447
0.022924045,0.028613139,0.9484628
0.027019003,0.023314593,0.9496663
0.023025606,0.03356756,0.94340676
0.03390385,0.037127163,0.928969
0.037153367,0.023181966,0.93966466
0.03733242,0.03583218,0.9268355
0.04873004,0.028202783,0.92306715
0.029814534,0.016971227,0.95321417
0.026634473,0.022472324,0.9508931
0.024628583,0.020922432,0.95444906
0.03194908,0.03344967,0.93460125
0.040177744,0.022781083,0.9370413
0.045377105,0.03155482,0.92306805
0.04106056,0.027139373,0.9318001
0.043515094,0.033331614,0.9231533
0.041318703,0.034658186,0.9240231
0.072809756,0.044075184,0.883115
0.042752214,0.061720032,0.8955277
0.027690647,0.015994847,0.9563145
0.044104733,0.028420592,0.9274747
0.042822134,0.038913917,0.9182639
0.059171304,0.058481935,0.88234675
0.048664983,0.032197013,0.919138
0.023754228,0.019944547,0.9563013
0.024470393,0.01603241,0.95949715
0.030335164,0.049625013,0.9200398
0.034915082,0.031481598,0.93360335
0.034691136,0.03769366,0.9276152
0.05305816,0.03628868,0.9106531
0.03770354,0.028073672,0.9342228
0.036332022,0.029393852,0.9342741
0.036706213,0.031304643,0.9319891
0.039022323,0.043745633,0.91723204
0.036402155,0.03389742,0.9297003
0.0365375,0.026653206,0.93680924
0.030794071,0.029759325,0.93944657
0.03601933,0.029570878,0.9344098
0.06489561,0.027802438,0.90730196
0.049342625,0.02416538,0.92649204
0.033922274,0.032054294,0.9340234
0.016874574,0.020414343,0.9627111
0.032444935,0.023993587,0.9435615
0.03264101,0.030070307,0.93728864
0.025578782,0.03130919,0.943112
0.02313592,0.019635199,0.95722884
0.039753605,0.035809327,0.92443705
0.029752195,0.019955182,0.9502927
0.043802876,0.017819358,0.93837774
0.038921703,0.03271141,0.9283669
0.030670628,0.03547447,0.93385494
0.034749772,0.03060673,0.93464357
0.04798617,0.021481711,0.93053216
0.04988307,0.028898314,0.9212186
0.11055102,0.0237107,0.8657383
0.038455497,0.028942814,0.93260175
0.033900417,0.021675048,0.9444245
0.03107154,0.03844324,0.9304853
0.038077,0.024874153,0.9370489
0.029516507,0.043240845,0.9272426
0.035312112,0.031468645,0.93321925
0.034944445,0.035218515,0.9298371
0.026608298,0.032664903,0.9407268
0.032179374,0.031067727,0.93675286
0.032671895,0.019020164,0.948308
0.046697475,0.036190882,0.9171116
0.03356423,0.027717242,0.9387185
0.043534975,0.09011653,0.8663485
0.014093102,0.015119691,0.97078717
0.04286776,0.022501653,0.9346305
0.045391023,0.031257756,0.9233512
0.038073268,0.030443717,0.9314831
0.041245572,0.027314957,0.9314396
0.029949203,0.031051137,0.93899965
0.03267876,0.033519123,0.93380207
0.03887857,0.025596982,0.9355244
0.03735978,0.024192061,0.9384482
0.03932899,0.024419924,0.93625116
0.028391624,0.024957838,0.9466506
0.017758435,0.036048613,0.946193
0.042259432,0.024601612,0.933139
0.032177832,0.021921957,0.9459003
0.017707884,0.028602729,0.9536894
0.037052304,0.032223053,0.9307246
0.0441694,0.022449639,0.933381
0.039979048,0.03215545,0.92786545
0.03148374,0.034849327,0.93366694
0.040321086,0.027523456,0.9321554
0.044294927,0.025140092,0.930565
0.026826086,0.028444888,0.94472903
0.037340514,0.02010439,0.9425551
0.047910143,0.020306248,0.93178356
0.035594847,0.03285562,0.9315495
0.0361403,0.01988076,0.943979
0.034018807,0.023795383,0.9421858
0.03354713,0.022699123,0.9437537
0.015472971,0.02350148,0.9610255
0.031713158,0.02873451,0.93955237
0.03739857,0.035029925,0.92757154
0.031019222,0.018961672,0.9500191
0.034168568,0.027778847,0.93805265
0.034724917,0.043982234,0.92129284
0.037777133,0.02982586,0.932397
0.033945695,0.04046928,0.9255851
0.023926182,0.04066008,0.9354137
0.038277388,0.024330586,0.93739194
0.03364096,0.030991504,0.93536764
0.011026482,0.022230644,0.96674293
0.042116977,0.026981145,0.93090194
0.051256154,0.025899366,0.92284447
0.02560064,0.024934445,0.9494649
0.012427766,0.033486556,0.95408565
0.029458515,0.01760767,0.95293385
0.020694895,0.02876009,0.950545
0.032813426,0.028620377,0.9385662
0.053261016,0.034387894,0.91235113
0.027061198,0.05105311,0.9218856
0.03521817,0.023074094,0.94170773
0.03283416,0.037133384,0.93003243
0.03570545,0.040737104,0.92355746
0.048561234,0.036943436,0.91449535
0.036950573,0.024855942,0.93819344
0.043426774,0.03798864,0.9185846
0.046557326,0.036400795,0.91704184
0.037640616,0.03423872,0.9281207
0.040866356,0.03355016,0.9255834
0.04036011,0.031127023,0.9285128
0.027521804,0.033068206,0.93941
0.032503717,0.031411525,0.9360848
0.04351082,0.032524515,0.9239646
0.043012075,0.031041004,0.92594683
0.033758562,0.030349763,0.9358916
0.037705436,0.024368245,0.93792635
0.042515956,0.028711602,0.92877245
0.04048351,0.029073877,0.9304426
0.048710443,0.03308813,0.9182015
0.04942179,0.023505336,0.9270728
0.04123996,0.030171797,0.9285882
0.041651167,0.027799904,0.930549
0.043287445,0.025747342,0.9309653
0.06227672,0.050729603,0.8869936
0.040421277,0.023280092,0.9362986
0.036448542,0.04261266,0.92093885
0.04545609,0.02986911,0.9246748
0.04392365,0.030603817,0.92547256
0.03350546,0.027587766,0.9389068
0.04324312,0.03488282,0.921874
0.04918704,0.032637898,0.91817504
0.03663641,0.024935113,0.93842846
0.03407464,0.024953898,0.94097143
0.045285106,0.03441746,0.9202974
0.043930367,0.029551119,0.92651856
0.067675665,0.03912944,0.8931949
0.04052792,0.037961084,0.92151093
0.0479312,0.030735882,0.9213329
0.042790297,0.028812334,0.9283974
0.03601263,0.021504125,0.94248325
0.040766295,0.033207558,0.92602617
0.034224607,0.02893281,0.93684256
0.047274232,0.03061209,0.92211366
0.039807227,0.047969814,0.912223
0.034118712,0.022772392,0.943109
0.03843091,0.026829101,0.93474
0.04295661,0.028671218,0.9283722
0.04628556,0.033078797,0.92063564
0.045584038,0.030753473,0.9236624
0.04500206,0.03147792,0.9235201
0.053751435,0.027293157,0.9189554
0.03639487,0.02313399,0.9404712
0.04300248,0.0230851,0.93391246
0.041947585,0.023622558,0.93442976
0.03966431,0.026190916,0.9341448
0.04614509,0.030619418,0.9232355
0.044986624,0.02366003,0.93135333
0.04326566,0.030769963,0.9259644
0.036459066,0.022330552,0.9412104
0.046943408,0.03381207,0.9192445
0.040907558,0.02256925,0.9365232
0.04895171,0.03009943,0.9209489
0.026818601,0.03789423,0.9352871
0.04526866,0.032068953,0.9226623
0.04840698,0.026550753,0.92504215
0.066062085,0.047443543,0.88649434
0.04446058,0.025135733,0.9304037
0.045847535,0.03147976,0.9226727
0.07323446,0.052697323,0.8740682
0.04822084,0.030293938,0.9214851
0.040341727,0.035186682,0.92447156
0.039659224,0.026315743,0.93402505
0.03595631,0.023034476,0.9410092
0.04269631,0.030040603,0.9272631
0.044690173,0.033700988,0.9216088
0.035514824,0.023155117,0.94133013
0.034047853,0.03121357,0.93473864
0.04331356,0.032408692,0.9242777
0.050390393,0.028965041,0.9206445
0.04335634,0.026015978,0.93062764
0.037871167,0.022835827,0.939293
0.055818584,0.029128479,0.91505295
0.05780651,0.03794748,0.90424603
0.040450953,0.024391403,0.93515766
0.046541635,0.032238442,0.9212199
0.040897813,0.023716113,0.9353861
0.048954085,0.035432894,0.915613
0.045370713,0.030789435,0.92383987
0.046424143,0.028378507,0.92519736
0.047093097,0.028928341,0.9239786
0.052098908,0.03071723,0.9171839
0.03547567,0.0205518,0.9439725
0.04596796,0.046828844,0.90720326
0.04030976,0.04224427,0.9174459
0.029409284,0.019249447,0.95134133
0.032821696,0.030207254,0.936971
0.03304664,0.028156089,0.9387973
0.060110573,0.064300574,0.87558883
0.041504744,0.020287145,0.9382081
0.030676102,0.026136367,0.94318753
0.025968926,0.017468797,0.95656234
0.028615557,0.024692254,0.94669217
0.0346486,0.029781584,0.9355698
0.035293944,0.018203283,0.94650275
0.023391262,0.0495193,0.9270894
0.022111587,0.019135984,0.9587525
0.04563009,0.025248598,0.9291213
0.041198123,0.050872896,0.90792894
0.03568901,0.023890374,0.94042057
0.03754675,0.03211544,0.93033785
0.05862647,0.028768245,0.9126052
0.030083274,0.029472617,0.9404441
0.014617251,0.02459911,0.96078366
0.04227005,0.03882708,0.9189028
0.045991555,0.022088548,0.9319199
0.031035654,0.01844197,0.95052236
0.04578053,0.021124242,0.9330952
0.0279104,0.029594637,0.942495
0.05842166,0.046260487,0.89531785
0.07835549,0.036225803,0.8854188
0.04345928,0.03816587,0.9183749
0.032483917,0.036558334,0.93095773
0.020150801,0.019303283,0.96054596
0.0400095,0.013103847,0.94688666
0.047814604,0.051750425,0.900435
0.05403071,0.022239218,0.92372996
0.04794312,0.029594643,0.9224623
0.028620997,0.025431193,0.9459479
0.038435582,0.02853502,0.9330294
0.015285701,0.04086673,0.9438476
0.037832975,0.03384709,0.92831993
0.015882134,0.026159652,0.95795816
0.06156143,0.032031357,0.90640724
0.026876952,0.020110257,0.9530129
0.03480032,0.019087633,0.946112
0.046471,0.024680562,0.9288485
0.04047852,0.02372648,0.93579495
0.038450275,0.052452747,0.909097
0.03285093,0.017362013,0.9497871
0.01710468,0.031521827,0.9513736
0.032000437,0.034634527,0.93336505
0.03360602,0.02650678,0.9398872
0.031170728,0.025292177,0.9435371
0.037733935,0.030025411,0.93224066
0.038622964,0.031095097,0.93028194
0.04496352,0.024161436,0.930875
0.02721828,0.021700306,0.95108145
0.042649835,0.02109259,0.93625754
0.03330409,0.017808994,0.9488869
0.037708893,0.015998166,0.946293
0.032958508,0.025245503,0.9417959
0.042577147,0.020933628,0.9364892
0.034451466,0.020652426,0.9448961
0.02078415,0.018961184,0.96025467
0.032983378,0.02818464,0.9388319
0.01904551,0.023935124,0.95701927
0.031736787,0.034416333,0.93384683
0.024100786,0.022552326,0.9533469
0.056938294,0.03748719,0.90557456
0.04372826,0.05008576,0.906186
0.07734005,0.03408564,0.8885743
0.03681739,0.03835888,0.9248237
0.023684656,0.021883344,0.954432
0.04838699,0.045722492,0.9058905
0.046916835,0.022621132,0.9304621
0.032922428,0.020784203,0.9462933
0.0354368,0.01978142,0.9447818
0.028197823,0.0380185,0.93378365
0.038106967,0.021355208,0.9405378
0.04616303,0.031144094,0.9226929
0.04037837,0.18743843,0.77218324
0.06363483,0.020239845,0.91612536
0.033186175,0.027728086,0.9390858
0.030224329,0.021223981,0.9485517
0.043886572,0.019608133,0.9365053
0.026587276,0.017693657,0.95571905
0.03202144,0.042173684,0.9258049
0.03490799,0.028939739,0.9361523
0.021867976,0.03363904,0.944493
0.043717116,0.08119717,0.87508565
0.026866369,0.027909337,0.9452242
0.062119644,0.04006831,0.897812
0.031879228,0.032826997,0.9352938
0.043248966,0.023884349,0.9328667
0.04053416,0.026948888,0.93251693
0.02510939,0.021561258,0.95332944
0.030799953,0.031407434,0.93779266
0.03806888,0.020496547,0.9414346
0.02815618,0.045791335,0.92605245
0.026592694,0.02029001,0.9531174
0.035153683,0.03308839,0.931758
0.0426382,0.03497063,0.9223912
0.040038105,0.04155181,0.9184102
0.03701801,0.030390767,0.93259126
0.028786764,0.01792655,0.95328665
0.05230807,0.04991271,0.89777917
0.03855047,0.034725565,0.92672396
0.016782485,0.031353813,0.95186365
0.05148196,0.021608079,0.9269099
0.04412024,0.033499416,0.9223804
0.07334398,0.027892658,0.89876336
0.04482108,0.025438717,0.92974013
0.027963195,0.023137068,0.94889975
0.05229207,0.018089311,0.92961866
0.036173157,0.028171683,0.9356552
0.03978319,0.021440472,0.9387764
0.056923706,0.043901406,0.8991749
0.027768549,0.029016057,0.9432154
0.03278376,0.02306626,0.94415
0.03243436,0.031652097,0.93591356
0.03616774,0.03831283,0.9255194
0.05591082,0.03731745,0.9067717
0.021020295,0.018191548,0.9607882
0.033940088,0.029718932,0.9363409
0.026175464,0.03474465,0.9390799
0.042955536,0.0277884,0.929256
0.028435986,0.015997944,0.9555661
0.055046055,0.022067538,0.9228864
0.020562917,0.055029217,0.9244078
0.03060691,0.018169446,0.9512236
0.036055885,0.027672015,0.936272
0.03924022,0.025709243,0.93505055
0.049087938,0.032795552,0.91811645
0.03651696,0.035393454,0.9280897
0.038456537,0.022519294,0.93902415
0.05188242,0.04714731,0.9009703
0.044411965,0.045067318,0.9105208
0.026038487,0.119230665,0.85473084
0.02734071,0.021024354,0.95163494
0.013889151,0.022810062,0.9633009
0.062399007,0.2090417,0.72855926
0.08489535,0.07959619,0.8355084
0.039422818,0.037544116,0.9230331
0.04423824,0.034520134,0.92124164
0.015864998,0.03094106,0.95319396
0.034142505,0.023011908,0.9428455
0.03079168,0.02615809,0.9430502
0.027820094,0.040955137,0.9312248
0.033705845,0.03003721,0.936257
0.018129334,0.01874139,0.9631292
0.03479785,0.021003159,0.94419897
0.035479613,0.028704219,0.9358162
0.020952137,0.01292085,0.9661271
0.03234484,0.025165597,0.9424895
0.03595486,0.04307438,0.9209708
0.049120612,0.05167944,0.8991999
0.038767952,0.056187127,0.9050449
0.04309662,0.023684286,0.933219
0.045100793,0.06045315,0.8944461
0.033762336,0.026578112,0.9396596
0.03868481,0.030453144,0.93086207
0.0438184,0.047240384,0.90894115
0.030082218,0.031341717,0.93857616
0.051616218,0.031675853,0.916708
0.03330296,0.023385838,0.9433112
0.056423053,0.05924645,0.8843305
0.03493255,0.030084347,0.934983
0.9938736,0.005174784,0.0009516463
0.9907341,0.0059026377,0.0033632214
0.9820102,0.011189684,0.0068001547
0.23242372,0.3518176,0.4157587
0.120247416,0.7897793,0.08997325
0.9912004,0.007363777,0.0014359223
0.8885199,0.018013466,0.09346657
0.9888228,0.0023160763,0.008861105
0.9947625,0.004310689,0.0009268054
0.97993946,0.0038139394,0.016246565
0.99551815,0.0034059675,0.0010759297
0.0072033815,0.9906673,0.0021293156
0.9940963,0.0045322073,0.0013714883
0.9838471,0.005703499,0.010449443
0.9814388,0.009199028,0.009362158
0.99055463,0.007941429,0.0015038532
0.9952643,0.002263859,0.0024718365
0.09946638,0.19819924,0.70233434
0.994293,0.003073248,0.0026338275
0.9591263,0.022228481,0.018645281
0.98747617,0.010165306,0.0023585404
0.994204,0.004559335,0.0012367528
0.99456304,0.0025435314,0.0028934793
0.9909973,0.0044134175,0.0045892284
0.9893133,0.007869753,0.0028170294
0.9954497,0.0038743056,0.0006758884
0.98913455,0.005120021,0.005745362
0.98544645,0.008762126,0.0057914117
0.9958947,0.0032703318,0.00083498395
0.99712807,0.0020094237,0.00086255604
0.9931629,0.0052320384,0.0016050587
0.66987914,0.09867328,0.23144753
0.9901018,0.0064031635,0.0034949651
0.893094,0.07095011,0.03595577
0.983102,0.0115126595,0.0053853467
0.993324,0.0051016933,0.0015742693
0.97671354,0.012211248,0.011075121
0.9743662,0.013392272,0.012241528
0.99319214,0.0055155135,0.0012922604
0.9817317,0.010757963,0.007510268
0.8993289,0.042557985,0.058113094
0.93700325,0.010237784,0.052758962
0.91201735,0.024447268,0.063535355
0.31417808,0.008085301,0.67773664
0.78506106,0.07191628,0.14302261
0.99440306,0.003938865,0.0016580764
0.9947636,0.004553,0.0006833843
0.989734,0.007997082,0.0022689365
0.61664844,0.35584468,0.027506873
0.9613702,0.031946503,0.006683285
0.92448074,0.006894988,0.06862427
0.98971975,0.007934735,0.002345503
0.98957294,0.005274577,0.0051523917
0.9901237,0.005371101,0.004505288
0.9933832,0.005826664,0.00079009496
0.9942059,0.0054249396,0.00036917176
0.8232748,0.15975504,0.016970119
0.33300906,0.1994322,0.4675588
0.9946127,0.0029220204,0.0024653985
0.9946127,0.0029220204,0.0024653985
0.9839572,0.009026603,0.007016209
0.9924786,0.0052900645,0.0022312216
0.9948584,0.0028830548,0.0022585199
0.9733776,0.021088773,0.0055336645
0.9788063,0.013785792,0.007407883
0.9853977,0.008279217,0.006323148
0.4191143,0.37642613,0.20445958
0.7732048,0.15022002,0.07657517
0.99579924,0.0038155795,0.00038524487
0.51047796,0.27578592,0.2137361
0.5094953,0.054151326,0.43635336
0.99555355,0.0034395137,0.0010068377
0.98783445,0.008921676,0.0032438633
0.98926055,0.0021471584,0.008592279
0.9102114,0.018808,0.070980646
0.99008906,0.0074567753,0.0024541856
0.9769835,0.010789899,0.012226557
0.9927406,0.0061262255,0.0011332377
0.95915234,0.021440223,0.019407496
0.9907582,0.008488437,0.00075339165
0.8511331,0.07947756,0.0693893
0.98951274,0.0061063063,0.00438106
0.99175453,0.006617449,0.0016280228
0.9563922,0.029710142,0.013897692
0.6779636,0.113278344,0.2087581
0.23768513,0.10588495,0.65642995
0.4270461,0.55459857,0.018355317
0.95516557,0.008762475,0.03607202
0.90520597,0.01350533,0.08128864
0.9750895,0.02393874,0.00097180164
0.99387556,0.005551744,0.000572712
0.9957131,0.0030957235,0.001191179
0.9939383,0.0053707743,0.00069086615
0.99624854,0.003103444,0.000647981
0.98132825,0.013848333,0.004823392
0.9360516,0.04845973,0.015488659
0.88858044,0.007193796,0.10422571
0.2585409,0.14194569,0.5995134
0.93894714,0.01718063,0.04387228
0.96835536,0.00548365,0.026161034
0.96904165,0.010807214,0.020151136
0.9404768,0.023270074,0.0362532
0.9604187,0.022042124,0.017539222
0.97898483,0.0077420957,0.013273042
0.98992795,0.0060969484,0.003975116
0.98543316,0.010203887,0.004362998
0.95896524,0.038064893,0.002969849
0.995135,0.0030638594,0.0018011499
0.9965125,0.0030982087,0.00038930404
0.9942888,0.0050078775,0.0007033656
0.9963522,0.003049685,0.00059817743
0.017620223,0.97718143,0.0051983655
0.5898529,0.38190845,0.02823857
0.011649517,0.93634456,0.052005973
0.009871567,0.97881067,0.011317807
0.011043596,0.97965676,0.009299641
0.93660706,0.042209886,0.021183051
0.22316505,0.40017262,0.37666234
0.0046855477,0.98450506,0.010809445
0.0064164945,0.9882951,0.005288383
0.007062934,0.98857725,0.0043598544
0.032997467,0.12507959,0.84192294
0.033587165,0.8081988,0.15821402
0.006479477,0.9892629,0.0042576524
0.01382865,0.9770668,0.009104545
0.026332015,0.95676607,0.016901901
0.03188964,0.28926966,0.67884076
0.013131132,0.9808921,0.0059767473
0.042604186,0.20295571,0.7544401
0.0051358594,0.9921944,0.0026696576
0.009560081,0.982803,0.0076368623
0.0054301596,0.98741806,0.0071517644
0.0059705684,0.9923971,0.0016322626
0.009163348,0.98819077,0.0026459342
0.009917698,0.9833847,0.006697556
0.011294831,0.9835239,0.00518126
0.012051901,0.9667964,0.021151742
0.047723886,0.8809134,0.07136273
0.0052932007,0.993067,0.0016397573
0.01374081,0.98326427,0.0029949653
0.008222074,0.98916537,0.0026125798
0.013664633,0.95329857,0.033036843
0.006716918,0.991055,0.0022280214
0.018648744,0.95836806,0.022983192
0.040207155,0.12085977,0.83893305
0.011082748,0.9764322,0.012485029
0.96560025,0.02918709,0.0052125556
0.04125752,0.5963656,0.36237693
0.017134959,0.94333506,0.03952994
0.04334826,0.41349182,0.54315996
0.016928932,0.9705396,0.012531469
0.0067339237,0.9916255,0.0016405779
0.037890874,0.93611795,0.025991177
0.015493732,0.9765152,0.007991082
0.01226768,0.97740185,0.010330423
0.014555737,0.9823025,0.0031417566
0.028579414,0.96602964,0.0053909305
0.028737687,0.96476185,0.006500514
0.043834608,0.9464227,0.009742692
0.013900872,0.9688329,0.017266158
0.011794818,0.9848259,0.0033792716
0.0047688033,0.9826179,0.0126132965
0.83043,0.10017847,0.06939159
0.020322341,0.9677774,0.011900312
0.041017722,0.94042176,0.018560497
0.0068573016,0.98929614,0.0038465976
0.009762723,0.98711085,0.0031264543
0.0089171035,0.97487295,0.016209986
0.014488163,0.94951296,0.035998896
0.004221435,0.99047333,0.0053052176
0.016416883,0.9504201,0.033163015
0.0047582546,0.99394095,0.0013008345
0.005476634,0.9919864,0.0025369418
0.014435652,0.7729155,0.21264888
0.022599243,0.9437393,0.03366147
0.97062296,0.020602223,0.008774796
0.015018831,0.980454,0.004527121
0.96510226,0.021384446,0.013513368
0.012340349,0.9793585,0.008301116
0.6029505,0.16936561,0.22768387
0.01173618,0.9609764,0.027287437
0.09326035,0.6909591,0.2157806
0.020347886,0.9511803,0.028471813
0.9713381,0.022489525,0.006172357
0.019766564,0.969296,0.010937476
0.06636553,0.48822838,0.44540608
0.3883716,0.1871634,0.42446506
0.018893983,0.8224445,0.15866153
0.0096987905,0.9541953,0.03610583
0.037405916,0.024820564,0.93777347
0.022000834,0.70615184,0.2718473
0.027811958,0.05477317,0.9174149
0.07951285,0.101996854,0.81849027
0.08637616,0.33913133,0.5744925
0.13616955,0.080993555,0.78283685
0.072368294,0.054573134,0.8730586
0.59882534,0.034762334,0.36641225
0.05832697,0.059943855,0.8817291
0.00788827,0.9753142,0.016797604
0.05599816,0.051638328,0.89236355
0.037411246,0.029249942,0.93333876
0.47560036,0.014404024,0.5099956
0.25355172,0.010888865,0.7355594
0.024999494,0.025843488,0.949157
0.048076607,0.07911026,0.87281317
0.26482522,0.1037577,0.63141704
0.14265415,0.012434584,0.8449113
0.15712479,0.043759994,0.7991152
0.14459366,0.10313479,0.75227153
0.023373945,0.02547148,0.9511546
0.041048028,0.02470314,0.9342488
0.07039253,0.08863757,0.84096986
0.049278412,0.027240712,0.9234809
0.058480464,0.024047256,0.9174723
0.09196045,0.09359123,0.8144483
0.07157746,0.27145272,0.65696985
0.9562961,0.022555914,0.021147974
0.051422905,0.49514675,0.45343027
0.09083315,0.091635,0.8175319
0.10254525,0.055049557,0.8424052
0.080334954,0.040237468,0.87942755
0.05956377,0.031174067,0.9092621
0.15979965,0.034592863,0.80560744
0.062009655,0.025874726,0.9121155
0.03870138,0.029127875,0.9321707
0.083717436,0.12740478,0.7888777
0.107236356,0.082784936,0.80997866
0.054611575,0.02620292,0.9191856
0.026597938,0.040359464,0.9330426
0.049047776,0.039836638,0.91111565
0.05863481,0.051947564,0.8894176
0.036268163,0.023785241,0.9399466
0.045727953,0.03130581,0.9229662
0.035423584,0.02566459,0.9389118
0.037405916,0.024820564,0.93777347
0.036268163,0.023785241,0.9399466
0.03829731,0.032029863,0.92967284
0.035045978,0.026018538,0.93893546
0.045727953,0.03130581,0.9229662
0.035045978,0.026018538,0.93893546
0.04084445,0.026812617,0.9323429
0.033527456,0.0351708,0.93130183
0.05826539,0.11792943,0.8238052
0.057833526,0.025044506,0.91712195
0.075000234,0.026353283,0.8986465
0.04028503,0.019253612,0.9404614
0.057833526,0.025044506,0.91712195
0.04069848,0.027564878,0.9317367
0.051125936,0.044854887,0.9040192
0.027474986,0.019944703,0.95258033
0.05225781,0.035811163,0.911931
0.04216325,0.10223674,0.85559994
0.04175266,0.18868217,0.76956517
0.08813466,0.3117026,0.60016274
0.032212432,0.81649315,0.15129438
0.029395359,0.021569202,0.94903547
0.105037704,0.03208165,0.86288065
0.030637523,0.018116713,0.9512457
0.059487227,0.031531785,0.90898097
0.038493082,0.043363545,0.9181433
0.030131668,0.02145018,0.9484182
0.031791776,0.017083514,0.9511247
0.06812988,0.035310816,0.89655924
0.06415973,0.032673724,0.90316665
0.041473735,0.08296507,0.8755612
0.03868872,0.014770878,0.9465405
0.092416205,0.07661573,0.8309681
0.040935747,0.10617925,0.85288507
0.026299173,0.01812817,0.9555727
0.03292631,0.030780744,0.9362928
0.043325946,0.018489245,0.93818486
0.074316785,0.06933855,0.85634464
0.2105144,0.12460392,0.66488165
0.023373945,0.02547148,0.9511546
0.04012245,0.035930425,0.9239471
0.031448673,0.021237718,0.9473136
0.023373945,0.02547148,0.9511546
0.041048028,0.02470314,0.9342488
0.041048028,0.02470314,0.9342488
0.023373945,0.02547148,0.9511546
0.028904019,0.021375021,0.949721
0.04012245,0.035930425,0.9239471
0.03420594,0.024879396,0.9409147
0.04012245,0.035930425,0.9239471
0.020569302,0.018838624,0.96059203
0.04300348,0.05532551,0.90167105
0.16583598,0.09654253,0.7376215
0.88652706,0.036235742,0.077237256
0.107994765,0.14237294,0.74963224
0.036650952,0.022712689,0.94063634
0.10143382,0.059165824,0.83940035
0.08610484,0.037874438,0.8760207
0.32819086,0.17235433,0.49945486
0.20170046,0.22174107,0.5765584
0.04505637,0.05963173,0.8953119
0.06665787,0.08231148,0.85103065
0.21833405,0.11755256,0.6641134
0.07243024,0.7277786,0.1997911
0.03454304,0.03546596,0.929991
0.06147496,0.10873812,0.8297869
0.02329582,0.1995816,0.7771226
0.047856186,0.034944016,0.91719985
0.17726184,0.06597968,0.7567584
0.06411247,0.6605058,0.27538177
0.12820959,0.030024273,0.8417662
0.10127766,0.015231028,0.88349134
0.09764327,0.107240155,0.7951166
0.08033711,0.09671597,0.82294697
0.12408406,0.057648122,0.8182679
0.07223552,0.05033012,0.8774344
0.10128693,0.033498887,0.8652141
0.041999087,0.0661384,0.8918625
0.07269909,0.10860268,0.8186982
0.19602948,0.015680002,0.78829044
0.14725852,0.08623132,0.7665101
0.030125592,0.039987944,0.92988646
0.033580627,0.048102025,0.9183174
0.035879105,0.045090463,0.91903037
0.13949725,0.11735381,0.7431489
0.99381894,0.004947195,0.0012338617
0.99534094,0.003762036,0.00089705916
0.63278323,0.34555352,0.021663226
0.99104184,0.006957167,0.002001063
0.9812299,0.0061746202,0.01259548
0.35421485,0.030160245,0.61562496
0.9895191,0.008089594,0.0023912794
0.9929428,0.003185106,0.0038721038
0.97738487,0.01168286,0.010932243
0.8105836,0.027763743,0.16165264
0.9782904,0.006591669,0.015117978
0.99726665,0.0021393176,0.00059406704
0.9865631,0.009085932,0.004350972
0.9844615,0.0064543285,0.009084302
0.99142176,0.0027630292,0.0058151595
0.99500835,0.0033645628,0.0016269962
0.9939818,0.0041180956,0.0019001887
0.99680823,0.0024277873,0.00076393713
0.9880084,0.003393504,0.0085981805
0.9808595,0.008527635,0.010612813
0.99755055,0.0012653907,0.0011840902
0.9931768,0.0040115993,0.0028115087
0.9943222,0.0046136277,0.0010641938
0.9938321,0.00438303,0.0017847935
0.9932789,0.00479238,0.0019287475
0.99451834,0.0034968685,0.001984688
0.9943541,0.0038776074,0.001768377
0.9827999,0.013950604,0.0032494685
0.99241555,0.0056308866,0.0019535988
0.99386865,0.005164661,0.0009666278
0.99543,0.0031558836,0.0014141579
0.99541146,0.0038817306,0.0007069157
0.99048495,0.0074597565,0.002055379
0.99440336,0.004807185,0.0007893631
0.99360883,0.004263846,0.002127312
0.9919363,0.0055952864,0.0024683878
0.47456062,0.08331622,0.44212317
0.57511187,0.30261907,0.12226914
0.99200505,0.005246393,0.0027485027
0.99574226,0.0017605,0.0024972926
0.9949308,0.0036305783,0.0014385141
0.9947037,0.0037013402,0.0015950388
0.993083,0.0042449757,0.0026720485
0.98917,0.0050506783,0.0057793316
0.99533314,0.0038890138,0.0007778518
0.9950041,0.0040743044,0.00092161464
0.9928763,0.0055896603,0.0015341091
0.9962769,0.0024217586,0.0013013475
0.9779243,0.011296521,0.010779215
0.99432075,0.0051872334,0.0004920041
0.20206141,0.7840938,0.013844769
0.99321777,0.0058256937,0.00095660705
0.9909382,0.007580698,0.0014811115
0.9938273,0.005044812,0.0011278503
0.9934331,0.0052436935,0.0013232265
0.90533334,0.02235682,0.072309785
0.99268264,0.006295683,0.0010217377
0.99226075,0.0057973894,0.0019418824
0.98367846,0.00743749,0.008884141
0.9833165,0.0118691055,0.0048143216
0.992063,0.0056179026,0.0023191317
0.9963798,0.0020716537,0.0015485694
0.98930115,0.0087964,0.0019023549
0.9892651,0.005472287,0.0052626478
0.99144495,0.0067987693,0.0017563292
0.9952673,0.003696211,0.0010364732
0.8797472,0.015948754,0.10430407
0.046389237,0.9459637,0.00764715
0.9923735,0.00724403,0.00038242276
0.3822324,0.14990379,0.4678638
0.099550255,0.24091683,0.6595329
0.9933776,0.0053572706,0.0012650292
0.9899796,0.007100635,0.0029197922
0.9909277,0.00716318,0.0019092079
0.9940176,0.004265601,0.0017167394
0.9862462,0.011370422,0.00238337
0.99310017,0.004379802,0.0025200255
0.30736402,0.6855056,0.0071303537
0.3711504,0.6071615,0.021688096
0.07321514,0.9142102,0.012574658
0.99435353,0.0048257583,0.00082076655
0.9936522,0.0021906532,0.004157129
0.9964258,0.002231362,0.0013428575
0.97983575,0.011452021,0.008712239
0.9927429,0.0063083735,0.00094870897
0.99546236,0.00228653,0.002251081
0.9963385,0.0019574943,0.0017040254
0.9926167,0.004072475,0.0033108986
0.9934813,0.0057706097,0.00074812054
0.9938431,0.0036837196,0.0024731327
0.99415004,0.0028308018,0.0030192642
0.9942918,0.0047506467,0.00095764146
0.9852196,0.0033773228,0.011403042
0.99503326,0.003918335,0.0010484443
0.99577504,0.0031879586,0.001037002
0.9050919,0.062196705,0.032711413
0.9948867,0.0036233333,0.0014899203
0.99219733,0.006777403,0.0010252352
0.9937815,0.0050249123,0.0011935213
0.9750244,0.020098126,0.004877394
0.9935428,0.003989632,0.002467561
0.9945226,0.0043265168,0.0011508997
0.99541193,0.0032751372,0.0013129772
0.9949679,0.003933412,0.0010986879
0.98474747,0.011453367,0.0037991146
0.99217063,0.006750798,0.0010786135
0.9828007,0.008121444,0.009077838
0.009073643,0.9861914,0.004735007
0.007686079,0.99010324,0.0022107172
0.11107557,0.70236206,0.18656234
0.01198766,0.9854096,0.00260266
0.010602491,0.9847018,0.004695646
0.00772647,0.98949146,0.0027819937
0.006210444,0.99175346,0.002036022
0.011942464,0.98265356,0.0054039583
0.020022823,0.9761258,0.0038513942
0.008417949,0.98830485,0.003277257
0.009325693,0.9891399,0.0015343177
0.008785093,0.9870651,0.004149784
0.007466282,0.9865226,0.0060110553
0.013005487,0.98104024,0.005954345
0.0064423233,0.99033725,0.0032204783
0.010430982,0.9869162,0.002652864
0.018707106,0.93863887,0.04265405
0.012180764,0.97522724,0.012591993
0.010127137,0.9866549,0.0032179174
0.0043579056,0.9939422,0.0016999271
0.008574736,0.98917085,0.0022543974
0.010271243,0.9871063,0.002622462
0.01017957,0.98693234,0.0028881528
0.11094132,0.77811736,0.11094132
0.0087827435,0.986801,0.0044162404
0.011920169,0.98465794,0.0034218624
0.009562099,0.98589456,0.004543359
0.009955491,0.9861687,0.0038758495
0.007012797,0.9902248,0.0027623894
0.010856014,0.98201054,0.0071334667
0.0076569025,0.9863448,0.005998245
0.0075138584,0.987973,0.0045130965
0.010436978,0.9865197,0.0030432723
0.012267822,0.983157,0.0045752055
0.0066190525,0.9871629,0.006218024
0.011664924,0.9835384,0.004796634
0.008991038,0.9868031,0.004205792
0.012193008,0.98386395,0.0039430573
0.014471682,0.97663,0.008898348
0.012049,0.98178494,0.0061660586
0.011897347,0.97798574,0.010116887
0.04524839,0.05122309,0.9035285
0.013425337,0.9834719,0.0031027845
0.0054504797,0.9930507,0.0014988347
0.006734704,0.98980534,0.0034599644
0.010536963,0.9853286,0.0041344007
0.010924072,0.9814348,0.00764114
0.010361424,0.98705935,0.0025791621
0.01811533,0.9576976,0.02418714
0.050316654,0.9222196,0.02746376
0.01023796,0.984869,0.004893076
0.026786435,0.9214805,0.05173315
0.0057025687,0.9894672,0.0048302636
0.011342249,0.987653,0.0010047175
0.010508467,0.9865101,0.0029814676
0.010080436,0.9859488,0.003970754
0.009157795,0.98566484,0.0051773484
0.029354054,0.96828306,0.002362923
0.006171044,0.9902852,0.003543732
0.20993283,0.7687465,0.021320697
0.0122835785,0.9815399,0.006176571
0.008846444,0.98526055,0.005893002
0.0113639645,0.98472404,0.0039119697
0.015002553,0.9793914,0.005606045
0.0055349786,0.9889409,0.005524179
0.014016163,0.9826089,0.0033749586
0.015252398,0.97835207,0.0063955095
0.013439844,0.9816544,0.004905766
0.0054101846,0.9934402,0.0011496472
0.010017711,0.98749834,0.0024838836
0.011856897,0.9842255,0.0039176336
0.01270155,0.98179275,0.005505714
0.006803732,0.9892663,0.0039300146
0.010323711,0.9853895,0.0042867847
0.27628127,0.5513321,0.17238662
0.006936103,0.9909402,0.0021236711
0.02936679,0.96210366,0.008529547
0.019426288,0.97520024,0.005373454
0.013976974,0.97794956,0.008073468
0.008828371,0.98806053,0.003111179
0.0129587,0.9832554,0.0037859567
0.011068461,0.9780346,0.010896862
0.010952821,0.9830572,0.00598994
0.005955422,0.9918148,0.0022297294
0.007883949,0.99109787,0.001018116
0.008150256,0.9776569,0.014192831
0.010803492,0.98492426,0.0042722262
0.009714853,0.98900837,0.0012768027
0.010646788,0.98399967,0.005353542
0.048669774,0.93873274,0.012597467
0.0077916537,0.99007404,0.002134284
0.013380525,0.98402554,0.0025939334
0.009214472,0.9830866,0.00769898
0.01283629,0.97969097,0.007472732
0.008297172,0.98946536,0.0022375195
0.011035321,0.9875644,0.001400246
0.008704554,0.9761077,0.015187717
0.005776775,0.98873246,0.0054907473
0.005502915,0.99286085,0.0016362179
0.025741793,0.9668975,0.0073607564
0.00886774,0.9876324,0.0034998932
0.006388619,0.99171925,0.0018921642
0.0058081164,0.992157,0.0020348625
0.0072963387,0.9907928,0.0019108132
0.008648201,0.9869862,0.0043656086
0.003836972,0.99165076,0.0045122365
0.011889155,0.97540534,0.012705473
0.18981667,0.5683506,0.24183273
0.00950683,0.987884,0.0026091954
0.0057853954,0.99214375,0.00207092
0.0078030173,0.9895834,0.0026136837
0.013903058,0.9842445,0.0018524033
0.026518278,0.9701431,0.0033386566
0.009269085,0.9879479,0.0027830838
0.009356853,0.98857564,0.0020675065
0.008761942,0.91136986,0.07986825
0.008579058,0.9877384,0.003682607
0.0077470317,0.99115634,0.0010966187
0.006273328,0.98530143,0.008425214
0.39736298,0.40243974,0.20019726
0.033673298,0.9570668,0.009259866
0.010485704,0.9862976,0.003216752
0.0076208403,0.9884332,0.0039459257
0.004040771,0.9945545,0.0014046596
0.009704185,0.9879224,0.0023734728
0.01156724,0.9839118,0.0045209574
0.010301682,0.9880998,0.0015984364
0.0058491216,0.9904184,0.0037324796
0.039797988,0.9571807,0.0030213126
0.25878072,0.7197689,0.02145047
0.012439583,0.9824253,0.0051351963
0.005980498,0.99210805,0.0019114821
0.012690711,0.983833,0.00347623
0.0068782712,0.98941845,0.0037033088
0.012068987,0.9853361,0.0025948526
0.007855336,0.983651,0.008493642
0.010650138,0.9843092,0.0050406046
0.0062010074,0.9912141,0.0025849645
0.04202329,0.9527168,0.0052598314
0.008427596,0.98943746,0.0021349958
0.006676284,0.9908484,0.002475331
0.014363219,0.97025734,0.015379415
0.012476887,0.9786583,0.008864735
0.0070047723,0.990058,0.002937183
0.003081416,0.9949903,0.0019283008
0.010850231,0.9862916,0.0028582285
0.010640514,0.986305,0.0030545183
0.011340366,0.98460025,0.0040593576
0.009082316,0.98809856,0.002819071
0.010803517,0.9858888,0.0033077823
0.06295057,0.9076027,0.029446764
0.008546828,0.9840276,0.0074256123
0.07792881,0.82442194,0.09764922
0.009379235,0.9880415,0.0025792082
0.009161188,0.98603004,0.0048087854
0.048423614,0.94545597,0.006120405
0.00946927,0.9849422,0.0055884835
0.03929769,0.9493106,0.011391695
0.008325446,0.9889664,0.002708161
0.022746641,0.97575015,0.0015032368
0.0069984645,0.988201,0.0048005846
0.0079250345,0.98850983,0.003565123
0.030971233,0.96348673,0.0055420008
0.010825912,0.9773767,0.0117974095
0.0060765073,0.98950374,0.004419695
0.008685762,0.9835587,0.0077555124
0.013738327,0.9830866,0.0031751208
0.011329143,0.9826658,0.006005122
0.008093726,0.9900247,0.0018815668
0.010495242,0.9871947,0.0023100062
0.010495242,0.9871947,0.0023100062
0.007464388,0.9910999,0.0014357767
0.006108268,0.9898307,0.004061044
0.009778684,0.9867953,0.0034259427
0.008197987,0.9891613,0.0026407847
0.007519904,0.99070096,0.0017791704
0.01398614,0.9833808,0.0026330552
0.010116734,0.9856412,0.004242065
0.029240597,0.69643056,0.27432886
0.06218248,0.2839017,0.65391576
0.02708882,0.9581833,0.014727935
0.044004142,0.94961923,0.006376652
0.007897047,0.9898403,0.002262542
0.01010827,0.98674196,0.0031497974
0.014132925,0.98308414,0.002782938
0.012293905,0.98428553,0.0034205683
0.0062924796,0.99217755,0.0015300382
0.014011188,0.96892226,0.017066576
0.010967395,0.97575164,0.013280983
0.008635386,0.9884151,0.0029495414
0.008689505,0.98783374,0.0034767583
0.009428913,0.9865079,0.004063253
0.025939014,0.9686132,0.005447743
0.071699634,0.92122877,0.0070715486
0.0068799932,0.99063313,0.0024869067
0.07941855,0.9129001,0.0076813432
0.0052091987,0.9917285,0.0030623297
0.005526551,0.9912998,0.0031736312
0.023639528,0.015337533,0.961023
0.011654806,0.004699779,0.98364544
0.01664267,0.011360404,0.97199696
0.023448894,0.006373118,0.970178
0.018256811,0.009945462,0.97179765
0.67042404,0.049837057,0.27973884
0.011502184,0.006290379,0.9822075
0.015462899,0.96039987,0.024137244
0.09891744,0.036071263,0.8650113
0.0141969845,0.93452775,0.05127531
0.17313671,0.02901894,0.79784435
0.06058069,0.022725949,0.9166934
0.015389926,0.007984187,0.9766259
0.03931438,0.042884246,0.91780144
0.09001012,0.048038006,0.8619519
0.010817263,0.007806615,0.9813762
0.0179433,0.011906216,0.9701505
0.008372998,0.004752191,0.9868749
0.011492298,0.004265102,0.98424256
0.006563892,0.0039271414,0.98950887
0.12534519,0.12894575,0.74570906
0.038183104,0.037627853,0.924189
0.11834787,0.40154034,0.48011178
0.9751755,0.0057929456,0.01903147
0.017474905,0.008659157,0.97386587
0.014342211,0.011126179,0.9745317
0.06845208,0.021019908,0.910528
0.060720082,0.10677541,0.83250445
0.043376736,0.04801367,0.90860957
0.98182434,0.004654572,0.013521163
0.25431743,0.48710784,0.25857475
0.0052750506,0.005063068,0.9896618
0.12661429,0.25229487,0.6210909
0.023223976,0.012142938,0.96463305
0.01715263,0.014728843,0.96811855
0.016490426,0.010952857,0.9725567
0.009609513,0.9687773,0.02161312
0.03577226,0.010502222,0.9537255
0.0116638085,0.019192845,0.96914345
0.0322011,0.09363305,0.87416583
0.038421288,0.022498654,0.93908006
0.009890207,0.008492651,0.9816171
0.6503795,0.1557663,0.19385427
0.006431455,0.008756485,0.984812
0.06172156,0.07408776,0.86419064
0.6736502,0.04242842,0.28392136
0.02354339,0.040599957,0.93585664
0.013910498,0.0051575224,0.98093206
0.0075295297,0.01397118,0.9784993
0.05033357,0.058788463,0.8908779
0.041094866,0.018093824,0.94081134
0.04605668,0.017965738,0.9359776
0.15945733,0.2765959,0.5639468
0.16346729,0.26122,0.5753127
0.015220496,0.0075199893,0.9772595
0.03397111,0.1263413,0.8396876
0.15855727,0.10854986,0.73289293
0.10708695,0.13510644,0.75780666
0.017996816,0.057137936,0.92486525
0.027926393,0.008558759,0.96351486
0.004162143,0.0029284332,0.99290943
0.0060113086,0.0025955508,0.9913932
0.015855156,0.010854595,0.9732902
0.02699623,0.012952934,0.9600509
0.9407741,0.03898236,0.020243544
0.012591954,0.010277254,0.9771308
0.009478651,0.008446968,0.9820743
0.049452942,0.20769697,0.74285
0.0067929635,0.010317651,0.9828895
0.74954975,0.094957806,0.15549238
0.1751,0.0665254,0.75837463
0.10027981,0.040595915,0.8591243
0.9674646,0.01878902,0.01374634
0.023560733,0.10134858,0.8750907
0.03930594,0.020411575,0.94028246
0.06523699,0.087102816,0.8476602
0.018852415,0.009470335,0.97167724
0.98755604,0.0030051016,0.00943893
0.9898789,0.0062534264,0.0038677028
0.9942985,0.003448623,0.0022528446
0.98562694,0.011610057,0.0027630217
0.6250513,0.041727845,0.3332208
0.988729,0.008520832,0.0027501478
0.9893708,0.0066015436,0.004027569
0.8597192,0.120808125,0.019472599
0.99725705,0.0017324557,0.0010105324
0.9565782,0.017248712,0.026173035
0.9907286,0.006914336,0.0023570834
0.9926422,0.0062954267,0.0010623957
0.9660581,0.015614875,0.018327087
0.93399113,0.028204089,0.03780479
0.9513178,0.016225094,0.032457076
0.9387101,0.019924847,0.041365054
0.98787284,0.0074255667,0.0047015757
0.9850284,0.0065405546,0.008431108
0.9954092,0.0035900061,0.0010008104
0.9795741,0.016114121,0.004311719
0.94830745,0.034306776,0.017385826
0.9732857,0.016811848,0.009902497
0.90873116,0.047949806,0.04331904
0.6669946,0.081014454,0.25199097
0.99385965,0.005497703,0.00064265064
0.862944,0.05064804,0.086408004
0.98781294,0.00783483,0.004352231
0.97960246,0.016723825,0.0036737367
0.98572713,0.0033757642,0.010897101
0.9928236,0.0050298832,0.0021464906
0.004492124,0.9776367,0.017871102
0.062134434,0.87915266,0.05871291
0.010408845,0.9771577,0.012433448
0.01367968,0.9358896,0.050430648
0.0043285294,0.9949852,0.0006862118
0.013279738,0.97852284,0.008197404
0.013838867,0.97970027,0.0064608585
0.018238517,0.90049964,0.08126183
0.0107507445,0.9820316,0.0072177085
0.008973279,0.9896746,0.0013521191
0.029699564,0.9518596,0.018440878
0.01306363,0.9825434,0.0043928945
0.0140317,0.98273796,0.003230281
0.20314047,0.28591502,0.5109445
0.013071066,0.98022676,0.0067021768
0.010778118,0.98742074,0.0018012045
0.0083676325,0.9901025,0.0015298233
0.014352294,0.98286545,0.002782319
0.01314896,0.9783945,0.008456509
0.24636924,0.70544827,0.048182484
0.015401919,0.9726264,0.011971624
0.009163997,0.98729604,0.003539943
0.011442232,0.98187053,0.006687243
0.019235838,0.9760686,0.004695567
0.040396027,0.7687581,0.19084583
0.35663947,0.28075087,0.36260968
0.0527136,0.021995768,0.92529064
0.040026724,0.064843014,0.8951302
0.050560515,0.027489278,0.9219503
0.072354294,0.04187545,0.8857702
0.023346042,0.02756214,0.94909185
0.3842166,0.27271655,0.3430668
0.034232736,0.95135695,0.014410368
0.28166318,0.04018309,0.6781537
0.2327426,0.1395209,0.62773657
0.021308761,0.8062703,0.1724209
0.9031824,0.009887546,0.08693009
0.98883176,0.006982446,0.0041857273
0.9784615,0.007944698,0.013593807
0.2632426,0.026585111,0.7101723
0.93603176,0.013775607,0.05019263
0.9772296,0.0053375172,0.017432816
0.9421584,0.008103645,0.049737897
0.9489237,0.01870088,0.032375395
0.99235135,0.0036638507,0.0039848476
0.16373123,0.01966022,0.81660855
0.9687723,0.019092046,0.012135643
0.92645806,0.007984184,0.06555773
0.96060586,0.014068404,0.025325758
0.9773276,0.013511916,0.0091604935
0.98084337,0.005152023,0.014004649
0.9819417,0.0074752844,0.010583101
0.9819417,0.0074752844,0.010583101
0.90523046,0.0069589284,0.08781056
0.8327947,0.1348591,0.03234619
0.9277656,0.014749034,0.05748529
0.9951374,0.0018046754,0.003057888
0.8623654,0.046741858,0.09089264
0.985149,0.008448626,0.006402318
0.3126656,0.22388886,0.46344554
0.22129558,0.023830917,0.75487345
0.98133135,0.0047116727,0.013956992
0.97772574,0.0095385965,0.012735697
0.18520458,0.026441317,0.7883541
0.9306909,0.052891962,0.016417198
0.9312285,0.004528238,0.06424324
0.9500349,0.04137636,0.008588673
0.9894609,0.0053570326,0.005182083
0.9128565,0.04034381,0.046799645
0.99181753,0.0049759545,0.0032064489
0.5384435,0.13640599,0.3251505
0.9920065,0.0026226433,0.005370815
0.52991754,0.14615029,0.3239321
0.5140222,0.06767241,0.41830537
0.9694569,0.0061543905,0.024388675
0.27593207,0.021168789,0.7028991
0.97578806,0.007634363,0.016577562
0.64359134,0.034642003,0.32176667
0.77624077,0.021363616,0.20239566
0.23099774,0.0434456,0.72555673
0.54428947,0.36488375,0.09082675
0.9980762,0.000562908,0.0013609369
0.9857129,0.004614056,0.009673032
0.8017717,0.023558347,0.17466997
0.22091542,0.019412072,0.75967246
0.71683365,0.031349715,0.25181666
0.13587908,0.027686503,0.8364345
0.8007139,0.065342605,0.13394347
0.97749263,0.005573362,0.016934056
0.994858,0.0034237108,0.0017181908
0.06462104,0.016791685,0.91858727
0.16261211,0.06312259,0.7742653
0.067144185,0.04926787,0.88358796
0.9865122,0.007673174,0.005814685
0.9652644,0.006703806,0.028031798
0.9940627,0.0043245163,0.0016128006
0.9892814,0.006890764,0.0038278042
0.8452176,0.01387681,0.1409056
0.9946844,0.003679644,0.0016360246
0.9854085,0.011272353,0.0033191107
0.9919546,0.0060029766,0.0020424102
0.7877027,0.04895005,0.16334729
0.98257935,0.0065052076,0.010915471
0.091942154,0.8451748,0.062883064
0.8298543,0.030375395,0.13977027
0.95897424,0.0038059563,0.037219796
0.9887362,0.005384567,0.00587924
0.3118631,0.042113446,0.64602345
0.954385,0.018087966,0.02752704
0.99265724,0.003986076,0.0033566128
0.239502,0.027805712,0.7326923
0.3093552,0.032534234,0.65811056
0.97245747,0.0019293246,0.025613196
0.9785176,0.0062423158,0.015240089
0.9885387,0.005982305,0.0054789595
0.9566733,0.00830924,0.035017386
0.96242344,0.0057507902,0.03182572
0.93718344,0.014957064,0.0478595
0.3735541,0.24774954,0.37869638
0.49032828,0.009672567,0.4999991
0.09583975,0.0050127967,0.89914745
0.9933956,0.004868421,0.0017358889
0.79376715,0.040943395,0.16528946
0.9589212,0.017375596,0.023703283
0.9912143,0.004397174,0.004388594
0.75339884,0.053065054,0.19353607
0.5737809,0.11058265,0.31563652
0.96994126,0.014149743,0.015908984
0.99046665,0.0043257363,0.005207653
0.97361475,0.009925212,0.01646007
0.834574,0.01961772,0.14580826
0.07991332,0.017064447,0.9030222
0.98084474,0.0068923105,0.0122628985
0.51617056,0.25866127,0.22516815
0.92693675,0.024509797,0.04855351
0.99122435,0.005242264,0.0035332644
0.8918092,0.008473996,0.099716805
0.9897425,0.0055286568,0.0047289105
0.9335771,0.028412696,0.03801009
0.96725035,0.013743295,0.019006286
0.6396773,0.08847255,0.27185014
0.9916888,0.006107793,0.0022034722
0.9950126,0.0035260466,0.0014612876
0.14505957,0.029905515,0.82503486
0.96548456,0.010344938,0.024170434
0.58886456,0.028187806,0.38294768
0.99332243,0.005232879,0.0014446285
0.9975062,0.0014198779,0.0010738753
0.99047184,0.008305613,0.0012225218
0.8560603,0.05166206,0.09227763
0.009791486,0.9803979,0.009810628
0.019533565,0.9153461,0.06512027
0.018671488,0.8948236,0.08650488
0.18259406,0.12973171,0.6876742
0.16025072,0.22379357,0.61595577
0.006207533,0.9883887,0.005403742
0.022583429,0.513824,0.46359256
0.02583183,0.95616984,0.017998336
0.30697006,0.10378044,0.58924955
0.009474994,0.98265463,0.007870403
0.014113061,0.97026515,0.015621734
0.8540558,0.10220184,0.043742355
0.039004765,0.95707244,0.003922812
0.056316014,0.92456084,0.019123174
0.065717086,0.54676074,0.38752216
0.017022617,0.8429322,0.14004512
0.010422787,0.9558004,0.03377685
0.008137624,0.9828372,0.009025139
0.015240836,0.9540319,0.03072726
0.041860733,0.40223786,0.5559014
0.009258603,0.9791511,0.011590231
0.009258603,0.9791511,0.011590231
0.013829136,0.9723417,0.013829136
0.06910797,0.16675565,0.7641364
0.08323508,0.10118813,0.81557673
0.022793168,0.9412078,0.035999037
0.0054994547,0.9903004,0.004200139
0.010537133,0.9653432,0.024119738
0.038871326,0.88427544,0.07685322
0.14443508,0.8454931,0.0100718485
0.014105214,0.97067314,0.015221614
0.011885602,0.93592817,0.0521863
0.011020082,0.9785259,0.010454001
0.13595116,0.56419015,0.29985866
0.013628442,0.9619811,0.024390412
0.065385364,0.4399005,0.49471417
0.0072637107,0.9672842,0.02545207
0.014069042,0.97387356,0.012057416
0.021762444,0.9473069,0.030930664
0.00989806,0.94383943,0.04626247
0.007876039,0.98239833,0.009725609
0.046741553,0.7701886,0.18306987
0.013545389,0.8760996,0.110355
0.014087016,0.9553239,0.030589113
0.008992394,0.93808454,0.05292311
0.022457378,0.8681846,0.10935801
0.035174005,0.5894294,0.37539658
0.008524072,0.98236656,0.009109342
0.03121934,0.7415647,0.22721599
0.058456253,0.77106833,0.17047542
0.0198064,0.8592197,0.12097397
0.51324606,0.14925376,0.33750013
0.07349822,0.08618023,0.84032154
0.009575412,0.9814994,0.008925266
0.010079331,0.9011312,0.08878948
0.023093818,0.91351455,0.06339155
0.02955835,0.6374088,0.33303288
0.006724583,0.98928344,0.003991973
0.009413276,0.9772077,0.013378964
0.77944946,0.071699195,0.14885135
0.021163214,0.8201531,0.15868369
0.019090043,0.9099819,0.07092811
0.03760386,0.92405057,0.038345527
0.025021197,0.9398309,0.03514798
0.044414386,0.2777083,0.6778773
0.010029487,0.97523445,0.014736024
0.12619595,0.7411638,0.13264024
0.008785547,0.9823079,0.008906486
0.05210544,0.022497984,0.9253967
0.036405887,0.03288998,0.9307042
0.04321736,0.036357146,0.9204255
0.20896186,0.018054975,0.77298313
0.14904258,0.024117626,0.8268398
0.052522007,0.030936461,0.91654146
0.035922937,0.024858803,0.9392182
0.11709671,0.26439738,0.61850595
0.049499933,0.057533186,0.8929668
0.030921506,0.03125546,0.937823
0.027122237,0.037107922,0.93576986
0.057476286,0.03904261,0.9034811
0.05815004,0.037544485,0.90430546
0.044592608,0.02950271,0.92590463
0.12738971,0.041519254,0.831091
0.0806806,0.032218136,0.8871013
0.035934653,0.019942136,0.94412327
0.041053116,0.037269935,0.921677
0.76717776,0.012054021,0.22076817
0.04479375,0.023306875,0.9318994
0.22975285,0.022048714,0.74819845
0.03533638,0.20766145,0.7570022
0.07420589,0.046165563,0.8796286
0.0558086,0.0364219,0.9077695
0.23160553,0.068797566,0.69959694
0.042004332,0.043977194,0.9140185
0.048218556,0.022205792,0.9295757
0.07011628,0.06224103,0.8676427
0.060611732,0.035562273,0.903826
0.075549535,0.043639395,0.8808111
0.06148386,0.012687912,0.9258282
0.024957145,0.028418574,0.94662434
0.048880182,0.021584798,0.9295351
0.026154147,0.01795792,0.95588785
0.043860402,0.021106197,0.9350334
0.04785648,0.044738024,0.9074055
0.021559766,0.03628254,0.9421576
0.022480259,0.034614686,0.94290507
0.036939073,0.07896743,0.8840935
0.45950893,0.028184623,0.51230645
0.062493652,0.05175849,0.8857478
0.030421898,0.04057891,0.9289993
0.08064625,0.025675595,0.8936781
0.109826304,0.123722434,0.76645124
0.11923949,0.1679905,0.71277004
0.049359906,0.039972868,0.9106672
0.103901185,0.068007104,0.82809174
0.028187716,0.030123103,0.9416892
0.04939012,0.04735906,0.9032508
0.036538586,0.040247522,0.92321396
0.042622782,0.029901143,0.92747605
0.12416298,0.031470057,0.844367
0.12416298,0.031470057,0.844367
0.02748868,0.03606268,0.9364486
0.030689808,0.046659462,0.92265075
0.059096336,0.01918577,0.9217179
0.02908833,0.02442317,0.94648856
0.02856822,0.16617426,0.8052575
0.05637933,0.024775045,0.91884565
0.04508096,0.024343114,0.93057597
0.022609577,0.0401096,0.93728083
0.03782068,0.063152425,0.89902693
0.067423806,0.047904115,0.88467205
0.023836141,0.01843714,0.95772666
0.06590913,0.030441782,0.9036491
0.032851826,0.051936153,0.915212
0.040058836,0.046423703,0.91351736
0.049878158,0.05558879,0.89453304
0.032870926,0.03332342,0.9338056
0.03986234,0.023160849,0.9369769
0.039070845,0.02261247,0.93831664
0.039850835,0.020694543,0.9394547
0.041256476,0.026147494,0.932596
0.04395147,0.010802372,0.94524616
0.0912738,0.08078518,0.82794106
0.033250652,0.03498277,0.9317665
0.026647644,0.035823327,0.93752897
0.041140027,0.5610301,0.39782986
0.35307595,0.10180212,0.54512185
0.0401751,0.058740545,0.90108436
0.09197803,0.018146956,0.889875
0.041224495,0.06435053,0.894425
0.0703613,0.30728158,0.6223571
0.024585664,0.012338326,0.96307594
0.04659572,0.03829118,0.91511315
0.04884873,0.050794646,0.9003566
0.044252172,0.052040063,0.9037078
0.044171523,0.03327736,0.92255116
0.037231445,0.01281668,0.949952
0.11495206,0.023126971,0.86192095
0.2925395,0.0376674,0.6697931
0.13157538,0.039275292,0.8291493
0.037379015,0.049907535,0.91271347
0.04769859,0.021001406,0.93130004
0.03970869,0.03056487,0.9297264
0.04199268,0.028945798,0.92906153
0.04775994,0.031505797,0.92073435
0.0341478,0.03293597,0.9329162
0.043017186,0.08020987,0.876773
0.05842164,0.025028873,0.91654944
0.020198317,0.060183376,0.91961825
0.04617281,0.08685387,0.86697334
0.035474643,0.027926061,0.9365993
0.034247495,0.0491052,0.9166473
0.041168857,0.031843904,0.92698723
0.030721541,0.032959405,0.93631905
0.07541173,0.039353002,0.88523525
0.04103867,0.0212698,0.9376915
0.07654677,0.024016047,0.8994372
0.310818,0.030054903,0.6591271
0.48037374,0.050151225,0.4694751
0.068029165,0.0402273,0.8917436
0.025767293,0.021382706,0.9528499
0.01534814,0.014474676,0.9701772
0.033818375,0.0073351953,0.95884645
0.018543886,0.016301122,0.9651549
0.023116266,0.027910786,0.948973
0.031443432,0.025093382,0.94346315
0.031294502,0.011191137,0.95751446
0.030532429,0.017774658,0.95169294
0.028444076,0.008221305,0.9633346
0.037772108,0.022643033,0.93958485
0.047226198,0.025278363,0.9274954
0.03249239,0.0151547,0.9523529
0.048008837,0.030966582,0.92102456
0.080554426,0.032866325,0.8865792
0.029640589,0.023631535,0.94672793
0.05250585,0.021338949,0.9261552
0.025952524,0.12047292,0.8535746
0.03723765,0.035567135,0.92719525
0.057311952,0.19087793,0.75181013
0.019812008,0.03209532,0.94809276
0.050601635,0.013996785,0.9354016
0.051972486,0.014111688,0.9339158
0.022749348,0.008032701,0.969218
0.03335298,0.020072173,0.94657487
0.04674616,0.01890561,0.9343483
0.029693782,0.03201271,0.93829346
0.07054269,0.05483151,0.8746258
0.045830704,0.037223734,0.9169455
0.105510026,0.039081216,0.8554088
0.05195291,0.02265226,0.92539483
0.0585871,0.02674466,0.9146682
0.21512753,0.041663665,0.7432088
0.066594556,0.014095964,0.9193095
0.04781334,0.033119332,0.9190673
0.06873549,0.024967382,0.9062971
0.032172326,0.21455531,0.7532724
0.08330929,0.14212967,0.774561
0.048666857,0.05695291,0.8943803
0.03417782,0.032997135,0.932825
0.056085274,0.02179239,0.92212236
0.03684743,0.037574187,0.9255783
0.09828056,0.04813257,0.85358685
0.04031457,0.027680723,0.9320047
0.048343293,0.011448948,0.9402078
0.05727825,0.02549164,0.9172301
0.037001215,0.023519406,0.9394793
0.029078074,0.03304645,0.9378755
0.048485603,0.027680274,0.92383415
0.11430357,0.06468452,0.82101184
0.04579044,0.14926392,0.8049455
0.030695526,0.031949483,0.9373551
0.1522091,0.008522306,0.8392685
0.0484962,0.034658674,0.9168452
0.03809171,0.03812893,0.9237794
0.024347026,0.0348755,0.94077736
0.10308653,0.019331593,0.8775819
0.04090364,0.06510899,0.89398736
0.023264306,0.040157877,0.9365779
0.044744305,0.026201274,0.92905444
0.03150577,0.032347538,0.93614674
0.07261137,0.05396019,0.87342846
0.02623308,0.05531892,0.918448
0.0249179,0.56389296,0.41118914
0.026924875,0.025792452,0.9472826
0.03459269,0.025858175,0.9395492
0.03704403,0.036971748,0.92598414
0.020146044,0.02327871,0.9565752
0.057979092,0.0081115225,0.93390936
0.071790874,0.030250099,0.89795905
0.08180568,0.036980897,0.8812134
0.6300498,0.017450582,0.35249957
0.049557015,0.019925315,0.9305176
0.03061432,0.029934358,0.93945134
0.057749745,0.023769984,0.9184803
0.2229616,0.033011083,0.7440273
0.05599816,0.051638328,0.89236355
0.055471927,0.051003423,0.89352465
0.052507795,0.026713802,0.9207784
0.7747078,0.025844434,0.19944775
0.035449028,0.056536853,0.90801406
0.055812992,0.03900182,0.90518516
0.05870509,0.024784584,0.9165103
0.7994414,0.035120714,0.16543789
0.20406781,0.025035825,0.7708963
0.038008478,0.03933005,0.9226614
0.04884566,0.015904387,0.93525
0.04783496,0.03088457,0.9212805
0.110038534,0.021901887,0.8680595
0.03290926,0.050278727,0.916812
0.033805136,0.03811965,0.9280752
0.07300952,0.073295265,0.8536952
0.12571983,0.08819617,0.786084
0.16737227,0.09270293,0.7399248
0.03936358,0.025390234,0.9352462
0.05012206,0.028754583,0.9211234
0.73880166,0.014876101,0.24632229
0.08925369,0.039606083,0.8711403
0.055473864,0.029780138,0.9147459
0.06535383,0.015568438,0.9190777
0.122520335,0.09016455,0.78731513
0.02565249,0.016433602,0.9579139
0.0532436,0.015351686,0.9314048
0.034959886,0.06692786,0.89811224
0.050411407,0.02314774,0.9264409
0.036663834,0.03151374,0.9318225
0.9066176,0.010442182,0.08294015
0.050563,0.068373,0.88106406
0.045924406,0.03615224,0.9179234
0.22129877,0.05202684,0.7266744
0.18402153,0.02786461,0.7881139
0.01854292,0.07305275,0.90840435
0.027489964,0.023126274,0.9493838
0.025423674,0.042659875,0.9319165
0.030057412,0.031224258,0.9387184
0.033911467,0.054882716,0.9112058
0.05251417,0.030185817,0.91730005
0.041040145,0.06940378,0.88955605
0.024128165,0.21400452,0.76186734
0.04435643,0.026512315,0.9291312
0.095245264,0.062037837,0.84271693
0.031080343,0.031786337,0.93713325
0.032484606,0.020953165,0.9465622
0.5995765,0.1371737,0.2632498
0.041924987,0.050226666,0.90784836
0.04650834,0.02025855,0.93323314
0.26293135,0.033427965,0.7036407
0.051776372,0.30028933,0.6479343
0.13406518,0.028488427,0.83744645
0.05478492,0.24457175,0.70064336
0.07685637,0.01741903,0.9057246
0.027077857,0.035942465,0.9369797
0.04055861,0.047976766,0.91146463
0.042782124,0.05667711,0.9005407
0.09868057,0.02863367,0.87268573
0.03720334,0.022786407,0.94001025
0.026356934,0.04452921,0.9291139
0.07064383,0.030952552,0.89840364
0.051845256,0.09657634,0.8515784
0.07204488,0.0058993837,0.9220558
0.26067093,0.08368237,0.6556467
0.033904158,0.020644393,0.9454515
0.014976848,0.014918458,0.9701046
0.02196168,0.037798442,0.9402399
0.022325091,0.027460333,0.95021456
0.034611028,0.019817298,0.9455716
0.044627532,0.019649237,0.93572325
0.03156816,0.03591141,0.93252045
0.024172813,0.027072268,0.9487549
0.03199208,0.030319085,0.93768877
0.036703233,0.32825238,0.6350444
0.65054893,0.041174304,0.30827677
0.03963976,0.038570546,0.9217897
0.032999232,0.31095505,0.6560457
0.0633589,0.07597892,0.86066216
0.03620528,0.019041616,0.94475317
0.036086727,0.034132876,0.9297805
0.15388541,0.0449146,0.8012
0.05645713,0.036809176,0.90673363
0.041944537,0.008052298,0.9500032
0.04953479,0.03567857,0.91478664
0.054489277,0.06351806,0.88199264
0.048038695,0.01676465,0.93519664
0.09766113,0.03274434,0.8695945
0.0808172,0.26292726,0.65625554
0.3139614,0.07775151,0.60828704
0.04847038,0.068554744,0.88297486
0.34120288,0.013517182,0.64527994
0.14746772,0.026400806,0.82613146
0.03937559,0.0359922,0.9246322
0.05344543,0.046117857,0.9004367
0.03973261,0.036318544,0.9239488
0.047100876,0.033269312,0.9196299
0.046318837,0.04489376,0.9087874
0.025823087,0.026694886,0.94748205
0.037284546,0.01788932,0.94482607
0.038419347,0.014258457,0.9473222
0.025905536,0.02358726,0.95050716
0.02989131,0.029255964,0.9408527
0.03387531,0.06561598,0.9005087
0.037066787,0.037284616,0.9256487
0.35453597,0.04149389,0.6039701
0.5866107,0.0627445,0.35064486
0.035639368,0.034374602,0.92998606
0.04369665,0.0400983,0.916205
0.04369665,0.0400983,0.916205
0.035400882,0.023536058,0.94106305
0.061727036,0.032086167,0.90618676
0.04274738,0.026156478,0.93109614
0.024045708,0.01451342,0.96144086
0.02750665,0.052659247,0.9198342
0.56199616,0.19916658,0.23883721
0.90518427,0.006665905,0.08814974
0.04389448,0.031247672,0.92485785
0.038500298,0.028722972,0.93277675
0.014777396,0.018643929,0.9665787
0.051274072,0.059189245,0.88953674
0.027661672,0.2035968,0.7687415
0.039680503,0.051000554,0.9093189
0.0314714,0.033403125,0.9351255
0.040659428,0.03574193,0.92359865
0.06493642,0.036891416,0.89817214
0.039650332,0.05526449,0.90508515
0.05790976,0.052882142,0.88920814
0.054583494,0.069202445,0.8762141
0.04316433,0.05002262,0.906813
0.04731051,0.043287564,0.90940195
0.16495712,0.03879999,0.79624295
0.055063356,0.08612072,0.85881597
0.1350975,0.023476426,0.84142613
0.1357591,0.067009024,0.7972319
0.050215896,0.02963594,0.92014813
0.03276527,0.027296318,0.93993837
0.12509844,0.019591523,0.85531014
0.029717473,0.15800609,0.81227636
0.03147837,0.035013936,0.93350774
0.17544043,0.33276492,0.49179465
0.056566842,0.04814851,0.8952847
0.043538418,0.021012723,0.9354489
0.044870697,0.022540381,0.932589
0.03874953,0.020599827,0.9406506
0.05207262,0.059410747,0.8885166
0.057722844,0.035805944,0.90647125
0.04814834,0.034443684,0.917408
0.05435194,0.037064802,0.9085833
0.055725753,0.026271623,0.9180026
0.0380926,0.06652895,0.89537853
0.042745363,0.020730952,0.9365236
0.035154436,0.16003233,0.80481327
0.45815334,0.42372257,0.11812403
0.064080134,0.08187975,0.85404015
0.05530253,0.090116195,0.85458124
0.027670257,0.011103632,0.96122617
0.027163928,0.037456457,0.9353796
0.037253667,0.029701214,0.9330451
0.041615523,0.031351753,0.9270327
0.051258996,0.036597397,0.9121436
0.071453206,0.105601,0.82294583
0.373799,0.03417123,0.5920298
0.027451776,0.011432433,0.9611158
0.10811954,0.088676535,0.80320394
0.034490038,0.034221634,0.93128836
0.088565625,0.06372916,0.8477052
0.044513155,0.04289157,0.91259533
0.067565516,0.034576554,0.89785784
0.060964014,0.039670043,0.899366
0.051448975,0.054234914,0.8943161
0.034137998,0.019451246,0.9464107
0.021634404,0.17599863,0.802367
0.030894948,0.022892011,0.946213
0.050332196,0.01651695,0.9331508
0.073101625,0.06289458,0.86400384
0.02389039,0.051172122,0.92493755
0.030876378,0.017922305,0.95120126
0.027908131,0.039743,0.9323489
0.036401737,0.012790697,0.95080763
0.23001567,0.0642484,0.705736
0.040861454,0.08633491,0.8728036
0.041986566,0.043488905,0.91452456
0.03628766,0.014031188,0.9496811
0.036707193,0.024885887,0.9384069
0.043925036,0.019663686,0.93641126
0.055257443,0.032675073,0.91206753
0.035850123,0.033220768,0.930929
0.09138684,0.0731451,0.83546805
0.03693886,0.024248766,0.9388124
0.033177063,0.0150713585,0.9517516
0.03966311,0.02804308,0.9322939
0.03540966,0.035168424,0.9294219
0.029335722,0.032758337,0.9379059
0.044469982,0.025837982,0.9296921
0.061664462,0.039234612,0.8991009
0.22807151,0.029567935,0.74236053
0.05338901,0.03206738,0.9145437
0.966535,0.0056691864,0.027795922
0.023689829,0.018868744,0.95744145
0.84012586,0.013739439,0.14613463
0.047769416,0.0739145,0.87831616
0.13452578,0.052990634,0.81248355
0.02893972,0.04762043,0.92343986
0.30234542,0.035333857,0.6623207
0.116415925,0.03090746,0.8526766
0.030692304,0.022853175,0.9464545
0.032871686,0.041472632,0.9256557
0.30538327,0.11721948,0.5773972
0.09974061,0.022495497,0.8777639
0.11175422,0.10757801,0.7806678
0.08415776,0.042317178,0.8735251
0.089702286,0.07650197,0.8337957
0.067207366,0.046644196,0.88614845
0.02869877,0.030164294,0.94113696
0.02993013,0.032584168,0.9374857
0.039857075,0.026942324,0.93320066
0.18677938,0.071240455,0.7419802
0.055573937,0.07255288,0.87187314
0.06404369,0.7678815,0.16807485
0.03624344,0.030849658,0.93290687
0.07262203,0.05040216,0.8769757
0.15945038,0.11131431,0.7292353
0.02360687,0.044405963,0.9319872
0.02367543,0.1562793,0.82004535
0.80360544,0.05592823,0.1404663
0.029503187,0.023544973,0.94695187
0.031291943,0.12583384,0.8428742
0.10191832,0.02278551,0.87529624
0.17865959,0.05842866,0.7629118
0.027223876,0.020569736,0.95220643
0.12250626,0.13207334,0.74542034
0.12250626,0.13207334,0.74542034
0.06105911,0.10789714,0.83104366
0.06939953,0.049743123,0.88085735
0.045953188,0.027439903,0.92660695
0.33924562,0.059443437,0.6013109
0.05435092,0.02995686,0.9156922
0.029114442,0.035498008,0.93538755
0.08102354,0.03417377,0.8848027
0.090098776,0.029653447,0.8802478
0.029375885,0.02775826,0.9428659
0.18871003,0.018341329,0.79294866
0.04261669,0.02276656,0.9346168
0.22046883,0.015261697,0.7642695
0.034268502,0.037710167,0.9280214
0.041889105,0.028621735,0.92948914
0.035671633,0.028944245,0.9353841
0.2182864,0.058779683,0.7229339
0.12592967,0.03261099,0.84145933
0.051215194,0.04891762,0.8998671
0.96742266,0.003984644,0.028592689
0.03731425,0.04977243,0.9129133
0.04400714,0.047583062,0.90840983
0.20056188,0.044186864,0.7552513
0.13709584,0.027180946,0.83572316
0.10864163,0.019120289,0.8722381
0.25040498,0.12191854,0.6276765
0.06048956,0.5526982,0.38681224
0.12215688,0.022420902,0.8554222
0.047751,0.02718114,0.9250679
0.050732367,0.03317377,0.9160938
0.97633106,0.004029198,0.019639673
0.069159895,0.03045069,0.90038943
0.729916,0.023133207,0.2469508
0.0442221,0.033972546,0.9218053
0.027377428,0.030811343,0.9418112
0.025021464,0.030537413,0.9444411
0.01702234,0.013731367,0.9692462
0.02330926,0.017924266,0.9587665
0.1924343,0.041252665,0.766313
0.051388714,0.07943709,0.8691742
0.08039864,0.10143509,0.81816626
0.09677727,0.20268843,0.7005343
0.21192619,0.47456113,0.31351265
0.035346176,0.044118088,0.9205357
0.04081329,0.028464459,0.93072224
0.96676564,0.0052137524,0.028020613
0.033935487,0.025268015,0.9407965
0.07067244,0.023511028,0.9058166
0.038742203,0.016181726,0.9450761
0.093028754,0.036324013,0.8706472
0.1936746,0.042941205,0.7633842
0.05974613,0.19513628,0.74511755
0.033974957,0.061101586,0.9049234
0.037568416,0.024255993,0.9381756
0.05255007,0.021419581,0.92603034
0.049766514,0.02937073,0.9208628
0.24487893,0.081624635,0.6734964
0.5918163,0.017637243,0.39054644
0.031581983,0.02817201,0.9402459
0.023178168,0.016907904,0.9599139
0.04153132,0.032407854,0.9260608
0.03482503,0.031247454,0.93392754
0.043340623,0.024550471,0.932109
0.044350527,0.03206951,0.92357993
0.035926204,0.020172466,0.94390136
0.03902302,0.029284034,0.931693
0.054241046,0.03191782,0.91384107
0.02972565,0.023606958,0.9466674
0.033283398,0.033121277,0.93359536
0.04937351,0.019016605,0.9316098
0.057904698,0.034542724,0.90755266
0.027626242,0.054834142,0.91753966
0.019779854,0.20084532,0.7793748
0.03270423,0.026355688,0.94093996
0.031871136,0.037626795,0.93050206
0.31836042,0.021028928,0.6606106
0.07560809,0.010464874,0.91392714
0.13610777,0.11906362,0.7448286
0.0247732,0.022644538,0.95258224
0.10793049,0.033961833,0.8581076
0.04831345,0.031132644,0.920554
0.01491775,0.005504035,0.9795782
0.04363575,0.028841468,0.9275228
0.04047932,0.04359795,0.9159227
0.031605758,0.028358899,0.9400353
0.0629045,0.029713983,0.90738153
0.022512179,0.014620369,0.96286744
0.3691194,0.030129505,0.6007511
0.22311914,0.022815326,0.7540656
0.9482727,0.009116727,0.042610604
0.040182285,0.014397565,0.94542015
0.031227866,0.026270833,0.94250137
0.04113386,0.032666914,0.92619926
0.03444436,0.08327577,0.8822798
0.023193145,0.034851056,0.9419558
0.031480346,0.02394898,0.9445706
0.034012012,0.032233387,0.9337546
0.027578348,0.024624694,0.947797
0.019447763,0.019409817,0.9611424
0.035834033,0.056983702,0.9071822
0.0630538,0.035369977,0.9015762
0.026796745,0.033186648,0.9400166
0.030478612,0.029656505,0.9398649
0.031568103,0.020302437,0.9481294
0.13556065,0.025471088,0.8389683
0.047418237,0.026755532,0.92582625
0.03924158,0.05709616,0.90366226
0.07218506,0.07506058,0.8527543
0.03796165,0.014967967,0.9470703
0.03833039,0.017463451,0.9442062
0.04064384,0.027961368,0.93139476
0.049540315,0.084683396,0.8657763
0.031597458,0.069896944,0.89850557
0.04760862,0.037259117,0.9151322
0.054165207,0.010717968,0.9351169
0.97955245,0.006310241,0.01413727
0.05262416,0.019133803,0.9282421
0.06794257,0.06420121,0.8678562
0.06108174,0.03781557,0.9011028
0.09941032,0.053890336,0.84669936
0.05157879,0.068330795,0.8800904
0.062445868,0.02527974,0.91227436
0.021213774,0.039904397,0.9388819
0.037116207,0.032373328,0.9305105
0.038460866,0.04684793,0.91469115
0.018667636,0.044216413,0.9371159
0.052614383,0.04434904,0.90303653
0.03411293,0.028446805,0.9374402
0.030612629,0.019842356,0.94954497
0.8946156,0.010445788,0.09493857
0.03884112,0.025622323,0.9355365
0.021368304,0.044840854,0.9337908
0.02884721,0.026993798,0.944159
0.062085267,0.026468877,0.9114458
0.037354324,0.025250532,0.9373952
0.042838536,0.030436458,0.926725
0.04014671,0.046118416,0.9137349
0.05888531,0.09336619,0.8477484
0.067296505,0.042776264,0.88992715
0.04054784,0.0632325,0.8962197
0.026945561,0.031502552,0.9415519
0.055661965,0.0065576034,0.9377804
0.045152027,0.045284502,0.90956354
0.051161624,0.056907956,0.89193046
0.04014187,0.020906836,0.9389513
0.09494103,0.030717667,0.8743412
0.3235118,0.021818615,0.6546696
0.0435432,0.04791634,0.9085405
0.039791446,0.013872951,0.94633555
0.6007581,0.10752607,0.29171586
0.06070613,0.019804863,0.919489
0.04919268,0.02622829,0.9245791
0.07023915,0.051639587,0.87812126
0.035831995,0.024578894,0.9395892
0.047820687,0.028471498,0.9237078
0.19449729,0.02832261,0.77718014
0.028372545,0.03389123,0.9377363
0.10813909,0.09017729,0.80168366
0.06815121,0.028857041,0.9029917
0.030893035,0.0183214,0.9507856
0.75711316,0.025970312,0.21691656
0.058774643,0.024524854,0.9167005
0.03106519,0.01936431,0.9495706
0.024086347,0.040653404,0.93526024
0.030863771,0.035802603,0.9333337
0.037075784,0.036146257,0.9267779
0.048169684,0.052646358,0.899184
0.037926853,0.02047999,0.9415932
0.03628788,0.02049528,0.9432169
0.026840653,0.015840562,0.9573187
0.02875314,0.034750715,0.93649614
0.13367873,0.06445371,0.80186754
0.2401192,0.045637745,0.7142431
0.07046387,0.032545503,0.89699066
0.035600837,0.024468072,0.9399311
0.09912679,0.027232405,0.8736408
0.15898654,0.05940893,0.7816045
0.04501127,0.021303387,0.9336853
0.031115886,0.01776396,0.9511202
0.035579104,0.030551527,0.9338694
0.032415662,0.023031086,0.9445532
0.035928182,0.080335334,0.88373643
0.15968709,0.02737265,0.8129403
0.043307394,0.036149364,0.92054325
0.035497367,0.028218174,0.9362845
0.33006498,0.050765615,0.6191694
0.06442279,0.05746693,0.8781103
0.019662358,0.0066897795,0.97364783
0.09050917,0.032114845,0.87737596
0.03341302,0.041179065,0.9254079
0.035428625,0.049962368,0.914609
0.026803115,0.012537855,0.96065915
0.02200725,0.032114305,0.94587845
0.21642414,0.16432555,0.61925036
0.029152784,0.018548742,0.9522985
0.075824395,0.08761493,0.83656067
0.33654976,0.10134705,0.5621032
0.045324184,0.026360024,0.9283158
0.05509769,0.029233601,0.9156687
0.025328906,0.022352682,0.9523184
0.046551794,0.05337189,0.9000763
0.051883668,0.020337788,0.92777854
0.03865195,0.030367909,0.93098015
0.045252785,0.03958599,0.9151612
0.03980192,0.016382601,0.9438155
0.028584924,0.05303985,0.9183752
0.5826737,0.022515623,0.39481065
0.020783463,0.022737179,0.9564794
0.078657,0.015871273,0.90547174
0.070302024,0.042598713,0.8870992
0.046035856,0.03560851,0.9183556
0.06726039,0.02308621,0.90965337
0.03276578,0.025443368,0.9417908
0.058678925,0.12692101,0.8144001
0.036494285,0.057920408,0.90558535
0.030629834,0.1543406,0.81502956
0.022526503,0.031705476,0.94576794
0.037426427,0.03702654,0.925547
0.035823435,0.01836843,0.9458082
0.030172616,0.0108004855,0.9590269
0.037938062,0.03207209,0.9299899
0.05209023,0.023686174,0.92422354
0.026281858,0.037244778,0.93647337
0.12711385,0.25329027,0.6195959
0.103456885,0.03621054,0.86033255
0.09112144,0.03585833,0.87302023
0.039579842,0.025529724,0.9348904
0.059931677,0.020711832,0.9193564
0.07093572,0.034842454,0.8942218
0.08636943,0.057366136,0.85626435
0.32603067,0.029131802,0.6448375
0.03538023,0.11493606,0.8496837
0.030074684,0.22418529,0.7457401
0.05587268,0.023704236,0.9204231
0.037030544,0.029150886,0.9338186
0.045662284,0.024560893,0.9297768
0.02585016,0.044927545,0.9292223
0.02282062,0.022798344,0.954381
0.030657955,0.05124223,0.9180999
0.02956486,0.014061245,0.95637393
0.07397247,0.01956251,0.90646505
0.09306361,0.028703345,0.87823313
0.0324866,0.020893151,0.94662017
0.018649438,0.9430845,0.03826616
0.118856415,0.021154273,0.85998935
0.07928405,0.040415317,0.8803006
0.034457568,0.015853044,0.9496893
0.0179139,0.016358647,0.96572745
0.08873321,0.04689631,0.86437047
0.06655869,0.026217928,0.90722346
0.03478063,0.032482494,0.9327369
0.03411293,0.028446805,0.9374402
0.0354619,0.05174814,0.91278994
0.028779147,0.029289505,0.94193137
0.022968162,0.021159263,0.9558726
0.048908956,0.10506812,0.8460229
0.052847836,0.014964758,0.9321875
0.025061188,0.015976598,0.9589622
0.029314496,0.02241045,0.948275
0.06601153,0.05635248,0.8776359
0.0354114,0.011219122,0.95336944
0.04771484,0.016107822,0.9361774
0.037668027,0.031719662,0.9306124
0.032852203,0.025635341,0.9415124
0.04314449,0.037084077,0.9197713
0.02890248,0.034322545,0.93677497
0.02712326,0.026964799,0.94591194
0.043682065,0.022354232,0.9339637
0.03653112,0.024074962,0.9393939
0.028529882,0.0118120015,0.959658
0.030288981,0.015409786,0.9543012
0.044898048,0.03281605,0.9222859
0.0292951,0.026751753,0.94395316
0.016605219,0.025819326,0.95757544
0.0391826,0.024400411,0.936417
0.045734104,0.021206116,0.9330598
0.04290582,0.049529187,0.907565
0.042416904,0.02825575,0.92932725
0.041599613,0.051418852,0.9069815
0.27735302,0.10005899,0.6225879
0.04542051,0.816978,0.13760154
0.049505144,0.052185826,0.898309
0.040932644,0.07874579,0.88032156
0.048809398,0.03560525,0.9155853
0.028185863,0.29738322,0.67443097
0.041390702,0.049104698,0.9095046
0.16475622,0.12743813,0.70780563
0.065664485,0.29936036,0.6349752
0.04593309,0.050645072,0.9034219
0.046771433,0.030168433,0.92306024
0.5122652,0.014429323,0.47330546
0.020440022,0.026867904,0.9526921
0.044594336,0.033075035,0.9223306
0.0215073,0.022894401,0.9555983
0.08760485,0.02934395,0.8830512
0.34363973,0.06995114,0.5864091
0.08693685,0.45307642,0.4599867
0.08220155,0.043064106,0.87473434
0.025506008,0.044113483,0.9303806
0.033053614,0.050598003,0.91634834
0.7437921,0.028365117,0.22784284
0.061809786,0.09610756,0.8420826
0.027323864,0.031789236,0.9408869
0.060471408,0.16992784,0.76960075
0.029538756,0.08414808,0.88631314
0.0594885,0.042101353,0.8984102
0.03480835,0.14740983,0.8177818
0.034942623,0.021548556,0.94350886
0.107817724,0.01976975,0.87241256
0.054358255,0.06404968,0.881592
0.23650673,0.04856819,0.7149251
0.032136906,0.046850342,0.92101276
0.12136534,0.036192223,0.84244233
0.1696312,0.06482638,0.76554245
0.038576443,0.05201176,0.9094118
0.06385256,0.047776677,0.88837075
0.07666521,0.23112614,0.69220865
0.15226044,0.12884372,0.71889585
0.2910106,0.054306757,0.65468264
0.83005625,0.009579059,0.16036467
0.03301363,0.028210493,0.93877584
0.016937142,0.037320696,0.94574213
0.047819313,0.026693547,0.92548716
0.02958282,0.03013684,0.9402804
0.047063217,0.030445704,0.9224911
0.01724805,0.021528523,0.96122336
0.035371453,0.035302434,0.9293261
0.05394018,0.038174685,0.90788513
0.037437845,0.035828255,0.9267339
0.026407227,0.023418365,0.9501744
0.0872041,0.040198807,0.87259716
0.049021784,0.032306634,0.91867167
0.017286975,0.8618946,0.12081847
0.042521536,0.05716313,0.90031534
0.062172417,0.025993358,0.91183424
0.033564534,0.023113644,0.9433218
0.029005444,0.06158468,0.90940994
0.10659747,0.06592983,0.8274727
0.044276,0.062500164,0.8932238
0.3488069,0.2265301,0.42466298
0.10655991,0.03372761,0.8597124
0.19991958,0.043193437,0.75688696
0.076513834,0.03230322,0.89118296
0.08291596,0.022164496,0.8949196
0.041770127,0.019539064,0.9386907
0.06838578,0.015281299,0.916333
0.039997842,0.016160587,0.9438416
0.030649813,0.022358282,0.9469919
0.069715574,0.031042019,0.8992424
0.041164342,0.04185344,0.9169822
0.038313862,0.08368516,0.8780009
0.036202516,0.0373882,0.92640924
0.032678414,0.03170395,0.9356176
0.038917594,0.043628223,0.91745424
0.042288627,0.025749737,0.9319616
0.039238967,0.28184295,0.678918
0.15101682,0.021153703,0.8278295
0.035247285,0.056600694,0.9081521
0.06294525,0.061307248,0.87574744
0.037429173,0.026959222,0.93561155
0.044153992,0.030051654,0.92579424
0.040719107,0.030706393,0.92857444
0.02292511,0.049634878,0.92744005
0.02610758,0.051769234,0.9221232
0.019166296,0.020562433,0.96027124
0.049692515,0.018156314,0.93215114
0.056658544,0.033372957,0.9099685
0.034588393,0.014905366,0.9505062
0.023903588,0.025921775,0.9501746
0.031845525,0.024680516,0.94347394
0.06607464,0.03417879,0.89974654
0.07221403,0.023651429,0.9041345
0.030988507,0.016218547,0.95279294
0.03033113,0.0736902,0.89597875
0.032806586,0.014976012,0.9522174
0.0234241,0.035404943,0.941171
0.044859968,0.02731544,0.9278246
0.05953998,0.035104442,0.9053556
0.03312857,0.06884388,0.89802754
0.041752283,0.031794496,0.9264532
0.042795017,0.035030756,0.9221743
0.042455725,0.048913985,0.9086304
0.049038164,0.034671538,0.9162903
0.042262632,0.0655216,0.8922157
0.042101007,0.07601206,0.8818869
0.05390755,0.076917954,0.86917454
0.0625706,0.026007004,0.91142243
0.102815785,0.028718693,0.8684656
0.30292097,0.07692773,0.62015134
0.03300416,0.01649858,0.95049727
0.04315552,0.03413883,0.9227057
0.022428468,0.016409017,0.9611625
0.042100757,0.034597337,0.92330194
0.029749954,0.037497446,0.9327526
0.048009973,0.030043874,0.9219462
0.0235,0.046918243,0.92958176
0.07425353,0.035177793,0.89056873
0.05562642,0.02531884,0.91905475
0.05129313,0.044826128,0.9038807
0.031539224,0.0440452,0.9244155
0.01363056,0.017639255,0.9687302
0.04543217,0.09312977,0.86143816
0.048481535,0.039415207,0.91210335
0.03331985,0.042950984,0.9237292
0.09437069,0.023285167,0.8823441
0.02187889,0.027603542,0.95051754
0.030447409,0.017725162,0.9518274
0.06756439,0.4923979,0.4400377
0.03555159,0.83667207,0.1277764
0.05574703,0.047173485,0.89707947
0.050999127,0.032575693,0.9164251
0.083022304,0.021784937,0.8951927
0.027946753,0.0356747,0.93637854
0.15686867,0.02679778,0.81633353
0.018172348,0.8760204,0.10580733
0.07759313,0.030924762,0.89148206
0.110798,0.027019959,0.862182
0.0868944,0.061257374,0.85184824
0.053537358,0.031167133,0.9152955
0.03493088,0.036500156,0.928569
0.03842997,0.011205625,0.9503644
0.08685539,0.022991925,0.89015275
0.047092844,0.013466,0.93944114
0.02343012,0.01846249,0.9581074
0.060058016,0.024029817,0.9159122
0.021405691,0.052260194,0.9263341
0.035078637,0.016814485,0.9481069
0.03072361,0.019076725,0.95019966
0.035426762,0.031974174,0.932599
0.046602402,0.039939076,0.9134586
0.044158697,0.69873005,0.2571112
0.01304506,0.05529848,0.9316565
0.110511355,0.1868879,0.70260066
0.046819806,0.015530264,0.9376499
0.4440205,0.056052603,0.49992692
0.03622304,0.027746059,0.9360309
0.03052188,0.088750295,0.88072777
0.072153136,0.04453916,0.8833077
0.037252434,0.021496981,0.9412506
0.01896471,0.03364357,0.94739175
0.06670857,0.033740293,0.89955115
0.027635159,0.020758506,0.9516063
0.054906163,0.035277408,0.9098164
0.028680732,0.0215439,0.9497754
0.027198577,0.056135815,0.9166656
0.060021,0.02104879,0.91893023
0.061836954,0.02324257,0.91492045
0.055763934,0.014775972,0.9294601
0.059858643,0.035257876,0.90488344
0.029389238,0.055445146,0.91516566
0.06817601,0.013830521,0.9179935
0.016225062,0.018421348,0.9653537
0.027412154,0.30877638,0.66381145
0.16229458,0.05546114,0.7822442
0.17020693,0.012011828,0.8177813
0.28304645,0.017560337,0.6993932
0.023464411,0.02263171,0.9539039
0.03463873,0.03370441,0.9316569
0.031374443,0.028151348,0.9404743
0.025787462,0.06072368,0.9134889
0.029647464,0.015977995,0.95437455
0.015705891,0.020166764,0.96412736
0.028678196,0.0381784,0.9331435
0.3847858,0.022456763,0.5927574
0.1159413,0.03278268,0.851276
0.15206745,0.030267255,0.81766534
0.08314676,0.20220438,0.71464884
0.05002272,0.020751,0.9292263
0.03776016,0.025699947,0.9365398
0.07109087,0.48309752,0.44581154
0.025953123,0.11711167,0.8569352
0.031704884,0.03173586,0.9365593
0.05769697,0.019269528,0.92303354
0.02087247,0.15065518,0.8284723
0.042950902,0.031515747,0.9255334
0.046552703,0.0174977,0.93594956
0.047527216,0.034433737,0.9180391
0.043268796,0.026167076,0.93056417
0.046447948,0.048439927,0.9051121
0.064299755,0.026132118,0.9095681
0.31642088,0.04079213,0.642787
0.09639642,0.11402729,0.78957623
0.051205166,0.037609126,0.9111857
0.05707163,0.03434631,0.90858203
0.044227738,0.041023985,0.9147483
0.048853353,0.020305531,0.93084115
0.05385585,0.1216033,0.82454085
0.036295034,0.07225182,0.89145315
0.038029492,0.031558365,0.9304122
0.05030341,0.07529345,0.8744032
0.035606373,0.029808404,0.9345852
0.12186242,0.045359135,0.8327785
0.028591674,0.02365708,0.9477513
0.023758423,0.013210646,0.96303093
0.047445137,0.018025737,0.9345291
0.74790645,0.035288848,0.21680465
0.039594855,0.048607476,0.9117976
0.063412204,0.01380792,0.92277986
0.20472929,0.035351504,0.75991917
0.027532106,0.049081285,0.9233867
0.035917692,0.025001233,0.939081
0.07368704,0.044693455,0.8816195
0.06914569,0.016920077,0.9139343
0.031107344,0.079125695,0.88976693
0.031927053,0.024029303,0.9440437
0.027509233,0.018723061,0.95376766
0.042550795,0.07652463,0.8809246
0.33868185,0.012781024,0.64853716
0.03603092,0.032902777,0.93106633
0.033043474,0.022732615,0.9442238
0.044869676,0.0477169,0.9074134
0.7979677,0.024155436,0.17787687
0.029473826,0.04100036,0.9295258
0.35332072,0.12015264,0.52652663
0.027445273,0.011666543,0.9608881
0.041282907,0.037295997,0.9214212
0.022504859,0.019629087,0.95786595
0.15357187,0.035062,0.8113662
0.26266742,0.071320064,0.6660126
0.024011694,0.8639793,0.11200909
0.043867003,0.018215194,0.9379179
0.047319014,0.008267095,0.9444139
0.026605614,0.017949596,0.95544475
0.016951533,0.021596815,0.96145165
0.03371687,0.026054377,0.94022876
0.042588413,0.04148015,0.91593146
0.057106897,0.034637082,0.9082561
0.042402558,0.03491347,0.92268395
0.033864666,0.031875104,0.9342602
0.044760186,0.046497796,0.90874195
0.030476464,0.035215486,0.9343081
0.027158145,0.030326704,0.94251513
0.016134484,0.021084474,0.962781
0.028625168,0.020658243,0.9507166
0.047445577,0.036986753,0.9155676
0.08397427,0.0324066,0.8836191
0.04444648,0.074944414,0.88060915
0.040900007,0.028220156,0.93087983
0.03206785,0.1033143,0.8646178
0.03000449,0.036583204,0.9334123
0.030784415,0.029146098,0.94006956
0.30964753,0.014597775,0.6757547
0.045741543,0.040882505,0.9133759
0.04036052,0.04372545,0.915914
0.46313518,0.01956919,0.51729566
0.04736331,0.015153013,0.9374837
0.044714253,0.05101544,0.9042703
0.02709086,0.01792346,0.95498574
0.049954068,0.069761924,0.88028395
0.68778515,0.027595596,0.28461924
0.03188777,0.017835088,0.9502772
0.029915214,0.019239413,0.95084536
0.031324886,0.019545266,0.9491299
0.024740659,0.054996867,0.9202625
0.06396492,0.30293268,0.6331024
0.03580301,0.0105833495,0.9536136
0.04462244,0.02522724,0.93015033
0.046065066,0.042148016,0.911787
0.078880645,0.09150314,0.82961625
0.7656573,0.013257751,0.221085
0.077336825,0.018369107,0.9042941
0.065257065,0.024612065,0.9101308
0.033117898,0.104378425,0.86250365
0.08775564,0.06031351,0.85193086
0.34742016,0.039554656,0.6130251
0.08139986,0.069150664,0.84944946
0.055159934,0.101157844,0.84368217
0.029351957,0.031306084,0.9393419
0.08102231,0.035052042,0.8839256
0.035568498,0.019835556,0.94459593
0.020748748,0.616819,0.36243218
0.14324866,0.021064518,0.83568686
0.04352238,0.034971215,0.9215064
0.026307916,0.080090016,0.8936021
0.057758912,0.03873965,0.90350145
0.11523598,0.031197608,0.85356647
0.034687188,0.023197083,0.9421157
0.04952663,0.028663814,0.92180955
0.13203874,0.04236729,0.825594
0.12624927,0.04929529,0.82445544
0.055285547,0.029505653,0.9152087
0.22560292,0.04898102,0.725416
0.04054871,0.04195861,0.9174927
0.055991642,0.035038672,0.9089697
0.03422543,0.043434326,0.9223403
0.051706735,0.02638344,0.92190987
0.039934352,0.021396203,0.9386695
0.04400525,0.028803034,0.92719173
0.041600917,0.018935015,0.93946415
0.018945992,0.023440914,0.95761317
0.07881424,0.02184322,0.8993426
0.105662696,0.02928422,0.8650531
0.03620558,0.019955605,0.9438388
0.12518176,0.037130352,0.83768797
0.081734896,0.03609297,0.88217217
0.8504313,0.02334841,0.1262203
0.019858122,0.49416873,0.48597315
0.022937365,0.022471761,0.9545909
0.08856444,0.0499721,0.86146355
0.026294647,0.08663883,0.88706654
0.050677355,0.024339018,0.9249836
0.0410542,0.045309916,0.91363585
0.05901486,0.026808709,0.9141765
0.017756116,0.017515006,0.9647289
0.04415697,0.023635522,0.93220747
0.057052404,0.06433394,0.8786136
0.049449854,0.07145894,0.87909126
0.070798546,0.05567906,0.87352246
0.05610387,0.07396352,0.8699326
0.056697067,0.026469782,0.9168332
0.11310101,0.03844312,0.84845585
0.07163989,0.029660497,0.89869964
0.04657544,0.024305016,0.9291196
0.029371895,0.02789034,0.94273776
0.031495217,0.025331844,0.943173
0.060216185,0.019664217,0.9201196
0.04468918,0.020123329,0.93518746
0.02764585,0.01665382,0.95570034
0.027386485,0.0639247,0.9086888
0.065520786,0.035276845,0.8992023
0.05102962,0.030204538,0.9187658
0.044302467,0.027696714,0.92800075
0.031929992,0.028538128,0.9395318
0.13805513,0.038261723,0.82368314
0.056908824,0.020133557,0.92295754
0.035525367,0.06948739,0.8949872
0.04380405,0.04843934,0.9077566
0.08941494,0.009728173,0.90085685
0.042577494,0.029120516,0.92830193
0.022251902,0.01479404,0.962954
0.048628617,0.026620273,0.9247511
0.033703864,0.037379712,0.92891634
0.035756987,0.031187795,0.9330552
0.027119417,0.050814386,0.9220662
0.0218834,0.10313319,0.8749834
0.0640706,0.047566753,0.8883627
0.04438119,0.053690996,0.9019277
0.050829086,0.016876627,0.9322942
0.038059156,0.040751845,0.92118895
0.10105794,0.027212659,0.87172943
0.5724602,0.019916423,0.40762335
0.025390184,0.019987457,0.9546223
0.03159543,0.077818535,0.890586
0.040673647,0.02633793,0.9329885
0.040099386,0.030150598,0.92975
0.036451817,0.03166989,0.93187827
0.03626303,0.027587458,0.9361496
0.04760303,0.035583455,0.9168136
0.04843406,0.05272893,0.89883703
0.03558232,0.03954019,0.9248776
0.12897906,0.026267735,0.8447532
0.049917396,0.15655945,0.7935232
0.042859465,0.12683506,0.8303055
0.8452809,0.07264376,0.08207536
0.05349173,0.04264733,0.903861
0.041241165,0.027418932,0.93134
0.027055254,0.020145064,0.9527996
0.040880643,0.032307684,0.9268117
0.03668266,0.010769504,0.9525477
0.052294727,0.048839346,0.89886594
0.026694197,0.033221465,0.9400844
0.042692453,0.039138556,0.918169
0.06298991,0.04987781,0.88713235
0.047949996,0.04109399,0.910956
0.09388521,0.010559378,0.8955554
0.044641998,0.047243528,0.90811443
0.06733747,0.04132368,0.8913389
0.60482657,0.12581499,0.26935843
0.0428743,0.019610124,0.9375157
0.029634845,0.015464704,0.9549005
0.029494632,0.027518878,0.9429865
0.051187392,0.020884536,0.9279281
0.033693895,0.017497243,0.94880885
0.037265215,0.028488642,0.9342461
0.04688848,0.016833281,0.9362782
0.032061722,0.009673796,0.95826447
0.036393188,0.05122248,0.9123843
0.043787155,0.024562368,0.93165046
0.08012802,0.6179146,0.30195737
0.061258275,0.04817618,0.89056563
0.04135885,0.025555208,0.933086
0.03552794,0.014481304,0.9499907
0.031273108,0.017457174,0.9512697
0.058439728,0.034523103,0.90703714
0.04651299,0.027423803,0.9260633
0.03172984,0.03644956,0.93182063
0.049678598,0.061105713,0.88921565
0.059424877,0.03696988,0.9036053
0.0709779,0.03076664,0.8982554
0.031706154,0.04801675,0.9202772
0.034000836,0.018777046,0.94722205
0.052267812,0.009426172,0.9383059
0.03948912,0.015846351,0.94466454
0.018474737,0.0095845675,0.97194076
0.032760084,0.29658562,0.6706543
0.044961717,0.036840312,0.918198
0.074642204,0.08641751,0.8389403
0.04483767,0.092451245,0.8627111
0.03129855,0.09334901,0.8753524
0.047451846,0.04042948,0.91211873
0.54680216,0.035202112,0.41799575
0.03936949,0.020665383,0.9399651
0.01700046,0.040188942,0.9428106
0.047085807,0.018188685,0.9347255
0.029067859,0.048822325,0.9221098
0.0860226,0.017163645,0.8968138
0.035634458,0.062235788,0.90212977
0.048811983,0.040903598,0.91028434
0.023203202,0.017721154,0.9590756
0.037997503,0.04140733,0.9205952
0.98329204,0.0075812023,0.009126833
0.7756925,0.030797632,0.19350986
0.04525176,0.03152918,0.92321914
0.05057763,0.050282143,0.89914024
0.06860234,0.0303827,0.901015
0.02434271,0.017430963,0.95822626
0.039309908,0.027630975,0.9330592
0.05994312,0.12420232,0.8158545
0.034840636,0.041698776,0.9234606
0.057602115,0.06222194,0.8801759
0.5786464,0.08670386,0.33464968
0.039912794,0.060504187,0.89958304
0.05146435,0.028255265,0.9202803
0.07402583,0.1443705,0.78160363
0.05704308,0.04013482,0.90282214
0.038707834,0.047891244,0.9134009
0.058127817,0.025468668,0.9164036
0.08706115,0.048551563,0.8643873
0.045305137,0.030386744,0.9243081
0.10548489,0.02286847,0.87164664
0.04000603,0.04411,0.91588396
0.03579915,0.038219806,0.9259811
0.099041276,0.02551053,0.87544817
0.02807328,0.022078048,0.9498486
0.030793037,0.02795536,0.94125164
0.029956408,0.034479614,0.935564
0.029167943,0.05005434,0.9207777
0.048449513,0.03915905,0.9123914
0.042764895,0.024847293,0.93238777
0.057196874,0.049839307,0.8929639
0.035628557,0.034667537,0.92970395
0.044457335,0.052949287,0.9025934
0.027071,0.019574825,0.9533542
0.40256006,0.04337213,0.5540678
0.0506425,0.03845161,0.9109059
0.016975896,0.03604341,0.9469807
0.124016814,0.019747261,0.856236
0.04220053,0.02413925,0.93366015
0.022950977,0.020958416,0.9560906
0.029180286,0.028727887,0.9420918
0.03253498,0.04860289,0.91886216
0.05551386,0.03353959,0.91094655
0.029009784,0.03348802,0.93750215
0.04303867,0.022262847,0.9346984
0.020079827,0.025557393,0.95436275
0.03899715,0.04436252,0.9166404
0.06137783,0.039320115,0.89930207
0.03144079,0.011254437,0.9573048
0.040357176,0.020253267,0.93938947
0.042857066,0.05149395,0.90564895
0.08472657,0.15937585,0.7558976
0.11432667,0.09441061,0.7912628
0.027307428,0.042418662,0.9302739
0.15662716,0.018688189,0.8246846
0.033652574,0.020551326,0.9457961
0.055463232,0.078215696,0.866321
0.07188161,0.025505334,0.902613
0.040653497,0.024997024,0.9343494
0.06888143,0.03697775,0.8941408
0.1081738,0.16414192,0.7276842
0.07830731,0.02419932,0.8974934
0.051869452,0.05613905,0.8919915
0.03736883,0.01566919,0.9469619
0.05751086,0.049868807,0.89262027
0.29309583,0.26948568,0.43741846
0.05239842,0.048271686,0.89932984
0.04215305,0.02705705,0.9307899
0.030146362,0.014464382,0.95538926
0.08295482,0.020831373,0.8962137
0.024168532,0.030019537,0.94581187
0.061919685,0.026398288,0.91168207
0.13236633,0.015801188,0.8518324
0.055072945,0.025189621,0.91973746
0.038247388,0.044108536,0.917644
0.03093769,0.015972083,0.9530902
0.029363958,0.038223095,0.932413
0.06526087,0.06919902,0.86554015
0.087161295,0.010344064,0.9024946
0.060916588,0.011890225,0.9271931
0.9144232,0.0054800054,0.08009672
0.03519603,0.02552464,0.9392793
0.035351437,0.089134246,0.8755144
0.03275653,0.033045694,0.93419784
0.029113136,0.024515718,0.94637114
0.04668671,0.035517372,0.91779596
0.035381395,0.035938572,0.92868006
0.024911486,0.03019607,0.94489247
0.03144869,0.04227753,0.9262737
0.037665755,0.0559935,0.9063408
0.5635418,0.030950405,0.40550777
0.04554887,0.035996955,0.91845423
0.046850633,0.017626887,0.93552244
0.041605096,0.02887535,0.92951965
0.03354236,0.049186625,0.91727096
0.43623376,0.02673089,0.53703535
0.42091304,0.047132984,0.531954
0.03887748,0.049968444,0.91115415
0.047716342,0.02788711,0.9243965
0.20837292,0.009066296,0.7825607
0.049472347,0.0288288,0.92169887
0.16148463,0.028378744,0.8101367
0.116501056,0.03144783,0.8520511
0.080065556,0.07990933,0.84002507
0.05372542,0.101754,0.8445205
0.06051615,0.038843893,0.90063995
0.024331555,0.043715883,0.93195254
0.03538326,0.052961174,0.9116556
0.022859605,0.056855,0.92028546
0.5863581,0.046394803,0.3672472
0.07140732,0.031935327,0.89665735
0.45093417,0.09331716,0.45574865
0.038631875,0.045297746,0.9160704
0.042357173,0.1490006,0.80864227
0.048189685,0.028218806,0.92359155
0.29276448,0.025955793,0.6812797
0.29132456,0.028342424,0.6803331
0.036009554,0.02526177,0.9387287
0.13435948,0.04258888,0.82305163
0.6056602,0.032771885,0.36156794
0.021999162,0.0525675,0.92543334
0.046406213,0.060702693,0.89289105
0.0621318,0.037245803,0.9006224
0.033316772,0.0090550855,0.957628
0.04674502,0.040573135,0.9126819
0.04916319,0.024101026,0.9267358
0.042483695,0.02399466,0.93352157
0.32834908,0.027783073,0.6438678
0.045535933,0.026354175,0.9281099
0.09377233,0.058110956,0.8481167
0.037692636,0.027442198,0.9348651
0.06461574,0.023129629,0.91225463
0.10907266,0.028383926,0.8625434
0.029196324,0.011478194,0.9593254
0.021953221,0.024299998,0.95374674
0.029714217,0.05220103,0.91808474
0.02821324,0.055563457,0.9162233
0.15311705,0.07023914,0.7766439
0.07996478,0.018194469,0.9018407
0.03263207,0.027586512,0.93978137
0.06275293,0.070969634,0.86627746
0.03841144,0.045392524,0.916196
0.04067361,0.029068118,0.93025833
0.023605982,0.042619865,0.93377405
0.041506775,0.07320323,0.88529
0.047403526,0.030665854,0.9219306
0.058331404,0.020257467,0.92141116
0.05581191,0.030137686,0.9140504
0.08152741,0.02118478,0.8972879
0.042976946,0.017262809,0.9397602
0.03302861,0.024093559,0.9428779
0.02746015,0.013943333,0.9585965
0.06410276,0.038804427,0.8970928
0.06410276,0.038804427,0.8970928
0.046142805,0.020696888,0.9331603
0.15370971,0.025825813,0.82046443
0.02430601,0.02635817,0.9493359
0.0228718,0.028050493,0.94907767
0.035559908,0.016376184,0.9480639
0.04156894,0.031531464,0.9268997
0.04568133,0.033193488,0.9211252
0.91691715,0.03125286,0.051830057
0.031786695,0.020948257,0.947265
0.037184305,0.02603499,0.9367807
0.034510836,0.022654872,0.9428343
0.01854702,0.06034009,0.92111295
0.038592573,0.021818263,0.9395892
0.0210089,0.030837614,0.9481535
0.036119647,0.02686807,0.93701226
0.02718029,0.06301119,0.9098086
0.01936139,0.03306374,0.94757485
0.0378856,0.08154643,0.8805679
0.18213256,0.016220529,0.8016469
0.04959878,0.02273016,0.927671
0.04977724,0.01465676,0.93556595
0.20505558,0.04899119,0.7459532
0.022437615,0.018820705,0.95874166
0.039278697,0.017412804,0.9433084
0.038131185,0.027144888,0.9347239
0.09962943,0.02785587,0.8725147
0.40225008,0.026281454,0.5714684
0.04541119,0.02539885,0.92919
0.03187581,0.049225792,0.9188984
0.07254991,0.05134521,0.87610483
0.92290676,0.037944403,0.039148886
0.067178644,0.0269314,0.9058899
0.070674255,0.012808047,0.91651773
0.046846315,0.09181024,0.8613435
0.033914253,0.02219811,0.94388765
0.06241899,0.016750699,0.92083037
0.38944557,0.017210022,0.59334445
0.11332939,0.059837155,0.8268334
0.02934741,0.018527266,0.95212525
0.037197307,0.024778748,0.9380239
0.14473318,0.104655415,0.7506114
0.08582206,0.041460328,0.8727176
0.02258886,0.3894069,0.58800423
0.040664025,0.04639444,0.9129415
0.027945919,0.023740565,0.94831353
0.3293005,0.07666545,0.594034
0.027986676,0.017668221,0.95434517
0.10081865,0.017113814,0.88206756
0.07802425,0.015416488,0.9065593
0.032475267,0.016602948,0.9509218
0.03491558,0.011192433,0.953892
0.02445384,0.22696926,0.7485769
0.073824085,0.015323988,0.910852
0.032959342,0.027058713,0.939982
0.075151116,0.021311508,0.90353733
0.034128066,0.050635416,0.91523653
0.032377798,0.025093032,0.9425291
0.06364178,0.026374847,0.90998346
0.021465445,0.069359004,0.9091755
0.40095234,0.02168733,0.57736033
0.04011971,0.018693874,0.94118637
0.028125418,0.05223822,0.9196364
0.047157258,0.034805555,0.9180372
0.017845308,0.016359791,0.9657949
0.05977468,0.027743569,0.9124817
0.12970729,0.019939877,0.8503528
0.04696364,0.71869105,0.23434527
0.029198408,0.015147934,0.9556536
0.045340538,0.04840636,0.90625316
0.043608434,0.029449366,0.92694217
0.089421645,0.015791567,0.8947868
0.048558634,0.015309523,0.93613183
0.04357775,0.021955106,0.9344671
0.030476118,0.037049536,0.93247443
0.028820256,0.04343366,0.9277461
0.03292795,0.085742876,0.8813291
0.8501387,0.009306854,0.14055444
0.095867485,0.035371147,0.8687613
0.2161273,0.034104593,0.7497682
0.056907393,0.022858337,0.9202344
0.8580849,0.027976455,0.11393865
0.041841764,0.052996356,0.9051618
0.13758215,0.015086073,0.84733176
0.086654074,0.025690049,0.887656
0.034435593,0.029368157,0.9361962
0.06356133,0.06752866,0.8689101
0.07576826,0.021686781,0.90254503
0.74157465,0.11227581,0.14614955
0.15459321,0.09932671,0.7460801
0.059723217,0.06265055,0.87762624
0.03512746,0.012660353,0.95221215
0.17605907,0.06271452,0.7612264
0.061841786,0.016890101,0.92126817
0.03482762,0.017393121,0.9477793
0.038372487,0.02282393,0.9388037
0.044160105,0.10408873,0.8517512
0.055430487,0.039421424,0.905148
0.5182083,0.02332159,0.4584701
0.05131249,0.0311226,0.9175648
0.016133742,0.028621411,0.9552448
0.052288257,0.06245874,0.8852529
0.039278254,0.07630462,0.8844171
0.070024274,0.013423227,0.9165525
0.030834353,0.037631754,0.9315339
0.052096777,0.053750508,0.8941527
0.025859335,0.027179865,0.94696075
0.035878945,0.03698174,0.9271393
0.023461413,0.0274024,0.9491363
0.033617854,0.014151531,0.95223063
0.051150676,0.033284377,0.9155649
0.064096354,0.03450992,0.9013937
0.06363985,0.020162528,0.9161976
0.07496105,0.027738687,0.89730024
0.028401894,0.029217742,0.9423803
0.017064868,0.030991144,0.95194393
0.4489764,0.040984202,0.5100394
0.024364812,0.029562283,0.9460729
0.028568922,0.028126005,0.94330513
0.043498002,0.03461196,0.92189
0.07719109,0.030734492,0.89207447
0.080872834,0.047962382,0.87116474
0.0892031,0.023845123,0.88695186
0.029073356,0.03777097,0.9331557
0.051410325,0.03731989,0.9112697
0.34079292,0.010202249,0.6490048
0.046565708,0.38253546,0.57089883
0.035035152,0.074970454,0.88999444
0.021816654,0.02944365,0.94873977
0.018577354,0.15358403,0.8278386
0.0648886,0.030561538,0.90454996
0.08933785,0.07046531,0.8401968
0.07633683,0.01921634,0.9044468
0.037966445,0.06874835,0.89328516
0.037881,0.033527955,0.92859113
0.03606273,0.010880996,0.9530563
0.032891426,0.04720691,0.91990167
0.033528194,0.096262045,0.87020975
0.04639344,0.024495421,0.9291111
0.02601899,0.031354263,0.9426268
0.02208052,0.03811448,0.939805
0.03861248,0.02497883,0.93640876
0.082081534,0.02331097,0.8946075
0.3479363,0.021416843,0.6306468
0.028597433,0.022534234,0.94886833
0.041640684,0.017997097,0.9403623
0.048352282,0.01675913,0.93488866
0.0675013,0.023146285,0.9093524
0.032655153,0.02873377,0.93861103
0.037926897,0.039592087,0.922481
0.05099703,0.029028872,0.9199741
0.0690101,0.054219574,0.8767703
0.03176819,0.14370215,0.82452965
0.029897667,0.011425714,0.9586767
0.041555077,0.028227622,0.93021727
0.04920666,0.038509764,0.9122836
0.0667275,0.01840332,0.91486925
0.10891697,0.11503926,0.7760438
0.031793326,0.019818189,0.94838846
0.03391013,0.054029714,0.9120602
0.046601452,0.020121481,0.93327695
0.059148185,0.03528452,0.9055672
0.04942687,0.020684827,0.9298883
0.058600247,0.013932379,0.9274674
0.03193915,0.022736892,0.94532406
0.0476747,0.3177069,0.6346184
0.04750783,0.011229134,0.9412631
0.0712392,0.034214344,0.8945464
0.15206513,0.027883071,0.8200518
0.06518787,0.041924365,0.8928877
0.019679742,0.03024338,0.9500769
0.03730593,0.053542748,0.9091514
0.043020733,0.022670332,0.9343089
0.032171678,0.039494626,0.9283337
0.028725574,0.032014415,0.9392601
0.02068255,0.03396682,0.9453507
0.03020493,0.022777623,0.9470175
0.049244814,0.013371065,0.93738407
0.033865027,0.047247075,0.91888785
0.036582794,0.030926375,0.9324908
0.06286421,0.01964634,0.91748935
0.044950396,0.031688385,0.9233612
0.46879447,0.12885149,0.40235403
0.033003896,0.03306842,0.9339277
0.029048175,0.024846222,0.94610554
0.036859702,0.018992286,0.94414806
0.041116156,0.019421896,0.93946195
0.035737254,0.036264602,0.92799807
0.037511792,0.049212113,0.9132761
0.063717015,0.38136554,0.55491745
0.04277971,0.034475315,0.922745
0.044380117,0.034127254,0.92149264
0.03134841,0.02158755,0.9470641
0.040104482,0.018147254,0.9417483
0.042099856,0.01916211,0.93873805
0.036752395,0.028261714,0.93498594
0.1306624,0.048350487,0.82098716
0.032789867,0.024726931,0.9424831
0.079731904,0.03629066,0.8839774
0.25984365,0.030717304,0.70943904
0.04288731,0.029332416,0.92778015
0.03855556,0.020921392,0.9405231
0.044204436,0.04864399,0.9071515
0.056555986,0.021719268,0.9217248
0.02858661,0.013595983,0.95781744
0.11300112,0.035143122,0.85185575
0.037925903,0.034196347,0.9278778
0.71234447,0.023607848,0.26404774
0.039275832,0.27516934,0.68555486
0.05362236,0.061298497,0.8850792
0.03174422,0.019480802,0.94877493
0.03778543,0.042276375,0.91993815
0.24245882,0.044741012,0.71280015
0.04991095,0.029255297,0.9208337
0.04542104,0.52761567,0.42696333
0.03317264,0.042677786,0.9241496
0.039571773,0.035715226,0.9247129
0.10864313,0.031370904,0.85998595
0.1047818,0.024718309,0.8704999
0.04502076,0.017442007,0.93753725
0.12557119,0.023399089,0.85102975
0.0485549,0.017211637,0.9342334
0.034444522,0.03185597,0.9336994
0.06171885,0.123705275,0.81457585
0.15135989,0.030795705,0.8178444
0.23713629,0.014928233,0.7479355
0.042137243,0.048975617,0.9088872
0.16065654,0.015053237,0.8242902
0.19181691,0.02621435,0.7819687
0.047149308,0.033173684,0.91967696
0.04027095,0.023261562,0.93646747
0.03397753,0.050362863,0.91565967
0.048469104,0.03430268,0.9172282
0.038148582,0.025787424,0.936064
0.2754371,0.024977328,0.69958556
0.28660613,0.019961435,0.6934324
0.05478339,0.047134086,0.8980826
0.040884074,0.058107987,0.9010079
0.34128562,0.03876147,0.6199529
0.14064752,0.53105736,0.32829514
0.02275761,0.017094672,0.96014774
0.026901562,0.021074077,0.95202434
0.033961613,0.03275639,0.93328196
0.034437433,0.021051181,0.9445113
0.0739174,0.58211553,0.34396708
0.038360927,0.03405234,0.9275867
0.032913517,0.026576204,0.9405102
0.052760962,0.045217074,0.9020219
0.13539843,0.06657045,0.79803115
0.04947875,0.036769487,0.9137517
0.037366293,0.07223673,0.89039695
0.041958425,0.027923055,0.93011856
0.055299513,0.030154038,0.9145464
0.05303227,0.038534917,0.90843284
0.09741924,0.022339748,0.8802409
0.025644312,0.018615773,0.95574
0.043704957,0.020928953,0.93536615
0.030986933,0.01812755,0.9508856
0.06956864,0.050010644,0.8804207
0.035299994,0.035438158,0.9292619
0.03972838,0.020955842,0.93931586
0.03919031,0.047689855,0.9131198
0.04275833,0.034056637,0.923185
0.03540259,0.03717413,0.92742324
0.025206724,0.03076352,0.94402975
0.12512183,0.075152725,0.7997254
0.05154858,0.026664816,0.92178655
0.034432765,0.060019687,0.90554756
0.0315269,0.023428803,0.9450443
0.032935973,0.029581336,0.93748266
0.052261673,0.039295387,0.9084429
0.024248034,0.05332586,0.92242616
0.037728965,0.033787016,0.928484
0.1926562,0.04014701,0.7671967
0.035190012,0.047445916,0.9173641
0.0395607,0.02234376,0.93809557
0.044790044,0.040071197,0.9151388
0.028508332,0.025579672,0.94591194
0.040264763,0.027972419,0.9317629
0.03508013,0.02323188,0.94168794
0.027229901,0.019422362,0.95334774
0.04067937,0.028930627,0.93039006
0.03069343,0.023741217,0.9455653
0.059751727,0.029007139,0.9112411
0.0983661,0.03215385,0.8694801
0.03617379,0.011561838,0.95226437
0.044351187,0.043706246,0.9119425
0.057523075,0.036492553,0.90598446
0.059667747,0.021442054,0.9188902
0.04718229,0.06732202,0.8854957
0.040043883,0.040515907,0.91944015
0.048387192,0.034144532,0.9174683
0.057598434,0.019142918,0.92325866
0.031901296,0.060066905,0.90803176
0.040820077,0.028302867,0.930877
0.031812593,0.016439814,0.9517476
0.026628945,0.01240782,0.9609633
0.039340284,0.03414607,0.9265136
0.057259794,0.012274939,0.93046516
0.21024238,0.027638461,0.7621191
0.03779471,0.025723463,0.93648183
0.028054863,0.022719521,0.94922554
0.027778052,0.022211574,0.9500103
0.038410813,0.026425136,0.935164
0.03834516,0.033543374,0.92811143
0.049182415,0.030035263,0.9207823
0.05614658,0.03236846,0.911485
0.03958286,0.02087908,0.939538
0.030894522,0.024751825,0.9443537
0.0458872,0.03244371,0.92166907
0.043265525,0.017109293,0.93962514
0.028599955,0.027992057,0.9434081
0.15709877,0.029749498,0.8131517
0.049145713,0.042366248,0.90848804
0.05078866,0.026711522,0.9224998
0.057971697,0.07672506,0.86530316
0.041126244,0.015503419,0.9433704
0.2057966,0.035156112,0.75904727
0.0661728,0.02033985,0.9134873
0.028988786,0.014777133,0.95623416
0.03961095,0.20693937,0.7534496
0.02989992,0.023445811,0.94665426
0.14135365,0.04877901,0.8098673
0.043027133,0.03341154,0.92356133
0.06488435,0.057596724,0.87751895
0.039031215,0.019935193,0.9410336
0.055692453,0.052471716,0.89183587
0.046738204,0.057488967,0.8957728
0.7274572,0.11101578,0.16152701
0.29261303,0.070286624,0.63710034
0.091059,0.03737054,0.87157047
0.78435755,0.028612101,0.1870304
0.26510036,0.025107708,0.7097919
0.17190152,0.03941969,0.7886788
0.12973379,0.18692715,0.6833391
0.050347757,0.054598622,0.8950537
0.7999406,0.026298147,0.17376122
0.056476276,0.12408043,0.81944335
0.53701955,0.019781854,0.4431986
0.041352294,0.030253982,0.9283938
0.054397564,0.019226322,0.9263761
0.057433978,0.031780064,0.9107859
0.0460597,0.02699789,0.92694247
0.6341213,0.016931796,0.3489469
0.057370152,0.07111994,0.8715099
0.03942973,0.023752414,0.9368178
0.035490315,0.026581017,0.9379287
0.08880998,0.012048504,0.8991416
0.07630378,0.024483608,0.89921254
0.06677341,0.017727783,0.91549873
0.027116148,0.1600554,0.8128284
0.024670996,0.042295925,0.93303317
0.061733462,0.04429159,0.8939749
0.0423579,0.018668152,0.9389739
0.07181825,0.045963585,0.8822181
0.082601495,0.7174986,0.19989991
0.0719943,0.029259264,0.89874643
0.037155047,0.07140872,0.8914363
0.7191889,0.010589494,0.27022156
0.01667148,0.020992564,0.9623359
0.041481424,0.026315749,0.9322028
0.07347718,0.021719815,0.9048029
0.04764416,0.023933604,0.9284223
0.037149683,0.025112195,0.9377382
0.047849316,0.035977744,0.916173
0.058861487,0.02487489,0.91626364
0.034886736,0.036811765,0.9283015
0.04932177,0.015489501,0.93518883
0.038639136,0.02339009,0.9379707
0.6645905,0.05686645,0.27854308
0.027905673,0.024221204,0.9478731
0.040099755,0.03737708,0.92252314
0.026982285,0.016269969,0.95674783
0.061999083,0.047166415,0.8908345
0.025749257,0.013661979,0.9605887
0.09904928,0.037742008,0.8632087
0.045743532,0.021004362,0.93325216
0.036842328,0.022215448,0.9409422
0.04083933,0.03689526,0.9222654
0.039387517,0.06064817,0.89996433
0.12275091,0.046956405,0.8302927
0.027319277,0.034703843,0.9379769
0.0698885,0.03346744,0.89664406
0.04081641,0.017418306,0.9417653
0.036784943,0.71367,0.24954504
0.022785688,0.0408985,0.93631583
0.029857105,0.023920672,0.9462222
0.032444805,0.15969893,0.80785626
0.041786008,0.029199835,0.9290142
0.03976405,0.04722098,0.91301495
0.07910797,0.067072526,0.85381955
0.106416784,0.058998946,0.83458424
0.28615946,0.08475394,0.62908655
0.10433177,0.033970945,0.86169726
0.059956156,0.023002565,0.9170413
0.9628805,0.030028768,0.007090788
0.99395245,0.0049478593,0.0010997124
0.9882406,0.010333379,0.001426053
0.10718608,0.88743556,0.0053783352
0.98466104,0.0106435465,0.004695452
0.99167496,0.007352927,0.00097205886
0.9836013,0.015052335,0.0013464489
0.99222106,0.006075369,0.0017036251
0.98821425,0.0044442127,0.007341593
0.98588645,0.012099336,0.002014119
0.52599114,0.089373425,0.38463545
0.008140106,0.9898807,0.001979295
0.9814808,0.006212494,0.012306852
0.988836,0.005364116,0.0057999925
0.99290305,0.005881,0.0012159856
0.9904067,0.008435852,0.0011573842
0.99428,0.0051265904,0.00059344585
0.9932054,0.006262198,0.0005324254
0.97194415,0.01465765,0.013398177
0.99368894,0.0043738475,0.0019370959
0.994972,0.0037975465,0.0012304774
0.987847,0.007196917,0.0049560345
0.011388,0.98392004,0.004691918
0.018714473,0.8541424,0.12714306
0.009560175,0.9866593,0.003780558
0.0073334975,0.9900209,0.0026456623
0.013479068,0.9825983,0.0039226324
0.009106091,0.98875207,0.0021418673
0.0066012056,0.9902867,0.0031121045
0.008635682,0.9894147,0.0019495944
0.0076563274,0.9891644,0.0031791893
0.00530502,0.9722287,0.022466224
0.008640611,0.98131657,0.01004288
0.0087321745,0.9888144,0.0024534205
0.0041658925,0.99380386,0.002030294
0.04224262,0.93962455,0.018132873
0.3586553,0.54528415,0.09606057
0.013677115,0.97298867,0.0133342175
0.009006617,0.987548,0.003445338
0.009041181,0.98650926,0.0044495617
0.008237991,0.98625284,0.0055091633
0.006930507,0.98917425,0.0038952627
0.9722096,0.021732094,0.0060584038
0.7543876,0.08111475,0.16449763
0.0047348193,0.9929167,0.002348488
0.0028665601,0.9911004,0.006033054
0.04543704,0.93153656,0.023026371
0.009612008,0.9833281,0.007059819
0.047099814,0.73807025,0.21483
0.013037031,0.98341966,0.0035433029
0.005582678,0.99260485,0.0018124302
0.33444998,0.1480494,0.51750064
0.009825614,0.98766565,0.002508684
0.017628912,0.9776633,0.0047078333
0.7854296,0.19261883,0.021951562
0.015129006,0.97900397,0.005867028
0.0060127885,0.9916372,0.0023500472
0.03642628,0.9458902,0.017683541
0.0055848276,0.99201787,0.0023973177
0.0102709485,0.9880425,0.0016865396
0.0075065834,0.9908794,0.0016139281
0.0102171,0.98670924,0.0030737275
0.00727787,0.98925054,0.0034715591
0.010977076,0.98235196,0.0066709495
0.0064331056,0.99085355,0.0027133287
0.019687392,0.8738836,0.10642903
0.00496926,0.98758554,0.007445188
0.045773715,0.101851374,0.85237485
0.013842211,0.9818528,0.0043049
0.04843795,0.027734201,0.9238278
0.04139004,0.03118188,0.92742807
0.8301122,0.015656056,0.15423162
0.029436728,0.02111982,0.9494434
0.034260716,0.02790822,0.93783104
0.020622896,0.01628222,0.96309483
0.04843795,0.027734201,0.9238278
0.04315404,0.35798767,0.5988583
0.63787466,0.036370642,0.3257547
0.042171407,0.057923622,0.899905
0.017002475,0.86358577,0.119411744
0.32329974,0.059542198,0.6171581
0.03779638,0.074655,0.8875486
0.13939548,0.026891418,0.83371305
0.06358983,0.20972833,0.7266818
0.09259031,0.032789182,0.87462044
0.7947803,0.021534737,0.18368493
0.1880349,0.59234464,0.21962051
0.50567985,0.13053688,0.36378324
0.03420878,0.0626131,0.9031781
0.058321517,0.018622482,0.92305595
0.046848863,0.05700938,0.8961417
0.6113563,0.13472407,0.25391966
0.03473368,0.020043503,0.94522285
0.046886846,0.040340118,0.91277295
0.06578312,0.030532302,0.9036846
0.048625365,0.039686862,0.9116878
0.0397316,0.029096661,0.9311718
0.041659612,0.06150882,0.8968316
0.030307204,0.03602586,0.93366694
0.02276219,0.045534045,0.9317038
0.037058506,0.020168046,0.94277346
0.0831186,0.10324093,0.8136405
0.0539441,0.025606114,0.92044973
0.048625365,0.039686862,0.9116878
0.032698326,0.061688,0.90561366
0.03964734,0.24669404,0.71365863
0.026350008,0.021823604,0.9518264
0.033253875,0.113711394,0.85303473
0.026529415,0.02076226,0.9527083
0.050594825,0.07079489,0.8786104
0.025160274,0.07482185,0.9000179
0.021374768,0.019595442,0.95902973
0.088340335,0.02379971,0.88785994
0.06250321,0.08762869,0.8498681
0.03984681,0.15155973,0.80859345
0.025434965,0.030322986,0.94424206
0.035220187,0.026689647,0.9380901
0.038678586,0.015028879,0.9462925
0.027521955,0.021060642,0.9514174
0.04220599,0.044752885,0.9130411
0.04823859,0.010837315,0.94092405
0.025440862,0.017096873,0.9574622
0.032540977,0.29273787,0.6747212
0.2844736,0.5086169,0.20690942
0.051977325,0.018569319,0.9294533
0.015039887,0.015517305,0.9694428
0.07203555,0.022534564,0.90542984
0.111784585,0.037260763,0.85095465
0.048311863,0.044550452,0.9071377
0.0681716,0.046037212,0.8857912
0.090212226,0.028861733,0.880926
0.048245117,0.065558,0.8861969
0.03825764,0.015639693,0.9461027
0.039954178,0.20579766,0.7542482
0.03667977,0.032911655,0.93040854
0.030424204,0.033219237,0.9363565
0.029907634,0.04873488,0.9213575
0.037659366,0.033757634,0.928583
0.030569468,0.031355582,0.938075
0.09972102,0.010172233,0.89010674
0.038235098,0.038123246,0.9236417
0.027371561,0.031938154,0.9406902
0.034339517,0.05991563,0.9057449
0.06454918,0.03211057,0.9033402
0.039850358,0.035271,0.92487866
0.05208906,0.02820992,0.91970104
0.679741,0.0618328,0.25842613
0.044401776,0.67905116,0.27654707
0.043410882,0.018399285,0.93818986
0.030406775,0.044675756,0.92491746
0.20492981,0.17089118,0.62417895
0.026129281,0.08024841,0.8936222
0.028176265,0.050524797,0.921299
0.05120281,0.059628777,0.88916844
0.03967465,0.055569056,0.9047563
0.03883465,0.04387669,0.9172887
0.029992778,0.04059687,0.9294104
0.039095733,0.04552935,0.9153749
0.03381182,0.04245096,0.92373717
0.03782612,0.21346408,0.7487098
0.028983047,0.017768962,0.95324796
0.07858526,0.044601966,0.87681276
0.019517915,0.97598004,0.0045020636
0.99157774,0.0056041987,0.0028179681
0.9834909,0.011698584,0.0048104753
0.9947916,0.0046158056,0.00059259264
0.9918779,0.004927898,0.0031941428
0.15314215,0.15646791,0.6903899
0.98693687,0.0056879856,0.00737519
0.7676321,0.015105939,0.21726193
0.9013215,0.016784629,0.081893906
0.9306737,0.025069475,0.04425686
0.9927816,0.0028826608,0.0043358463
0.9902024,0.006416334,0.0033811706
0.2669723,0.050457392,0.68257034
0.9907197,0.006283234,0.0029971157
0.9724444,0.0067933607,0.020762185
0.98237026,0.0117309885,0.0058987117
0.99084646,0.0030151142,0.006138468
0.06538613,0.22699754,0.7076163
0.65421665,0.03410135,0.31168202
0.9852233,0.013647706,0.0011290583
0.9785421,0.0060978658,0.015360004
0.98007727,0.009088114,0.010834643
0.9953361,0.0030584987,0.0016054321
0.21924788,0.07718906,0.7035631
0.9889058,0.0058231037,0.005271021
0.9937723,0.0048323665,0.0013953549
0.98992294,0.009099086,0.0009779519
0.99114907,0.007349028,0.0015018197
0.97336584,0.02182178,0.00481237
0.46214488,0.13298988,0.4048652
0.99254453,0.0069949864,0.00046046916
0.9436516,0.05154888,0.0047994773
0.97361416,0.0055784206,0.02080747
0.93596625,0.02139718,0.04263657
0.14473318,0.040883712,0.81438315
0.98793995,0.003951667,0.008108295
0.41469672,0.0833709,0.5019324
0.084390566,0.15476392,0.7608455
0.9807978,0.009085918,0.010116297
0.9001587,0.06492136,0.03491999
0.9922883,0.004929937,0.0027816955
0.88872325,0.08642002,0.02485666
0.9907132,0.008242985,0.0010438923
0.8519176,0.051891237,0.09619117
0.14740667,0.036424663,0.8161687
0.7127117,0.14644933,0.14083895
0.9849524,0.011092456,0.0039551365
0.9769329,0.019140389,0.003926767
0.98411924,0.0134341745,0.0024465448
0.95265764,0.022078564,0.025263807
0.9379274,0.01216966,0.049902882
0.94957006,0.014674149,0.0357558
0.970969,0.012044958,0.016986113
0.3639027,0.04051967,0.59557766
0.9926273,0.005188523,0.0021841237
0.71945953,0.0148301795,0.26571026
0.98981386,0.0069485465,0.0032376917
0.064819776,0.04385926,0.89132094
0.2598788,0.5345401,0.20558107
0.82741237,0.05812184,0.11446578
0.9825331,0.0051107435,0.012356194
0.9832681,0.006103428,0.01062849
0.99292046,0.005846744,0.0012327462
0.9948808,0.002838421,0.0022807354
0.6124269,0.02655574,0.3610174
0.90352374,0.05745094,0.039025392
0.98104894,0.006071838,0.012879211
0.99310017,0.0026877976,0.004212014
0.8946106,0.020743407,0.084646046
0.69384766,0.037406422,0.26874587
0.9942894,0.0035859677,0.0021246155
0.97249436,0.0042973105,0.023208363
0.99361295,0.0023501348,0.0040369458
0.18860589,0.020236377,0.7911578
0.9917298,0.0030355365,0.005234703
0.99418795,0.004604004,0.001208084
0.99311006,0.0064477557,0.00044221664
0.981671,0.011451083,0.0068779364
0.99435234,0.0044370163,0.001210646
0.992574,0.0058219177,0.001604107
0.72734094,0.037848253,0.23481081
0.92251056,0.028406844,0.049082622
0.36831665,0.09745134,0.534232
0.21646072,0.4129825,0.37055683
0.07912471,0.59227127,0.328604
0.04716752,0.86767304,0.085159495
0.008808487,0.9810332,0.010158327
0.051562894,0.8793896,0.06904748
0.06812584,0.87360305,0.058271118
0.04155233,0.90683585,0.051611815
0.03546722,0.8017308,0.16280198
0.09360932,0.840464,0.06592673
0.38803992,0.44684935,0.16511068
0.1665599,0.121501364,0.71193874
0.00943185,0.9753185,0.015249717
0.6399581,0.122825906,0.237216
0.024826938,0.547941,0.4272321
0.02922689,0.92715466,0.04361843
0.2150399,0.030723346,0.7542368
0.18893345,0.5345546,0.27651197
0.07114638,0.073047265,0.85580635
0.3150952,0.36516002,0.31974483
0.20577897,0.76393193,0.030289076
0.013856348,0.9847771,0.0013666155
0.033682577,0.96248627,0.0038311025
0.68380684,0.13623676,0.17995639
0.06747562,0.59135747,0.3411669
0.08236154,0.53680253,0.38083592
0.16834669,0.3702252,0.4614281
0.044062994,0.8145309,0.14140609
0.42594108,0.16182695,0.41223195
0.13588694,0.5831044,0.28100872
0.40422076,0.028426692,0.56735253
0.42018732,0.04766451,0.5321482
0.20054951,0.419617,0.37983352
0.0513033,0.09065771,0.858039
0.03593287,0.010725972,0.9533411
0.13745277,0.038846128,0.8237011
0.23328342,0.16397518,0.60274136
0.6642066,0.06472995,0.27106345
0.04490647,0.033535004,0.9215585
0.18531919,0.16840579,0.64627504
0.5547513,0.099911675,0.34533706
0.04218473,0.040767234,0.91704804
0.06274063,0.04801105,0.88924825
0.04180565,0.044938605,0.9132557
0.05002963,0.050966576,0.8990038
0.08087531,0.041957557,0.8771672
0.699539,0.026985364,0.27347565
0.1314875,0.1431471,0.7253654
0.084550336,0.21781285,0.69763684
0.09607877,0.4460025,0.45791873
0.1434621,0.026929423,0.82960844
0.06929933,0.034642316,0.8960584
0.07990931,0.05551396,0.8645767
0.34864214,0.027931686,0.6234262
0.13950223,0.05516597,0.8053318
0.09971381,0.028736372,0.8715497
0.23455822,0.076709695,0.6887321
0.04439257,0.02390127,0.93170613
0.049007457,0.49390158,0.45709106
0.34274936,0.07666466,0.580586
0.15747511,0.11521125,0.7273136
0.7080962,0.025817601,0.26608616
0.3957404,0.04926738,0.5549922
0.044770166,0.022911068,0.93231875
0.03830807,0.04885343,0.9128385
0.0863076,0.024824321,0.8888681
0.09514531,0.030768733,0.87408596
0.023096738,0.02780562,0.94909763
0.09122999,0.04784066,0.8609294
0.10962154,0.043989368,0.8463891
0.03353542,0.016568845,0.94989574
0.11499539,0.01811513,0.8668895
0.06322494,0.02298818,0.9137868
0.039709687,0.017741933,0.9425484
0.09638618,0.030152066,0.8734618
0.96330994,0.023488432,0.013201577
0.16755627,0.08735253,0.7450912
0.8482097,0.020884898,0.13090548
0.25011703,0.038235143,0.71164787
0.062829204,0.043181837,0.89398897
0.04439719,0.027432563,0.92817026
0.03702811,0.06498636,0.8979855
0.059681926,0.07984162,0.8604765
0.380329,0.20297989,0.41669112
0.058646593,0.022172952,0.9191805
0.07509102,0.036525033,0.88838404
0.1281875,0.04202479,0.8297877
0.2945016,0.015896438,0.68960196
0.06574067,0.032039437,0.9022199
0.11037072,0.41694167,0.4726876
0.03804608,0.17965604,0.78229785
0.16400944,0.1126119,0.7233786
0.115415886,0.03135329,0.8532309
0.0673417,0.036900207,0.89575803
0.15229292,0.04701717,0.80068994
0.12286861,0.048069075,0.8290623
0.0604486,0.088210255,0.8513412
0.03831644,0.04953676,0.91214675
0.06828978,0.022453701,0.9092565
0.04918441,0.11729795,0.8335176
0.07273977,0.057823554,0.8694366
0.1105395,0.056568425,0.8328921
0.23663965,0.02784479,0.7355156
0.18932264,0.0491712,0.76150614
0.18440777,0.074217,0.7413752
0.26667294,0.044326793,0.68900025
0.04308951,0.059590634,0.89731985
0.009021837,0.97483206,0.01614611
0.02765102,0.09604143,0.8763076
0.046346363,0.02003089,0.9336228
0.036696203,0.044220865,0.91908294
0.03751173,0.039350364,0.92313796
0.03023285,0.09096653,0.87880063
0.024382398,0.025156377,0.9504612
0.04411433,0.04437357,0.91151214
0.049244277,0.5335782,0.41717753
0.037463423,0.028808476,0.93372816
0.032274626,0.48427615,0.48344922
0.10128222,0.08833992,0.8103779
0.06772045,0.070212126,0.86206746
0.05487897,0.1134875,0.83163357
0.035915755,0.025970398,0.9381139
0.018421292,0.02654235,0.9550364
0.023525609,0.072747596,0.90372676
0.021386813,0.031148033,0.9474651
0.024785167,0.021241322,0.95397353
0.032750532,0.059303544,0.9079459
0.08003009,0.023541618,0.8964283
0.06496122,0.019696305,0.9153424
0.059934214,0.043720536,0.8963453
0.05594297,0.45377186,0.49028513
0.024624389,0.020156808,0.95521885
0.032281943,0.03346971,0.9342484
0.04510865,0.036387686,0.9185037
0.03855508,0.0640026,0.8974422
0.038851216,0.043468826,0.91767997
0.03530379,0.043466832,0.9212294
0.034190003,0.01980699,0.946003
0.042841494,0.21482243,0.74233603
0.04348502,0.054489195,0.9020257
0.019591687,0.012152881,0.96825546
0.009592565,0.95021796,0.04018949
0.04156265,0.02895879,0.9294785
0.22454512,0.044215553,0.73123926
0.9344356,0.008896393,0.056667924
0.20208117,0.40110224,0.39681658
0.041614585,0.0484154,0.90997005
0.046352413,0.027169462,0.9264782
0.22398448,0.025099704,0.7509159
0.093484744,0.026888661,0.87962663
0.039764673,0.021895897,0.9383394
0.14410062,0.22781174,0.62808764
0.032488715,0.033684094,0.9338271
0.02455846,0.023710078,0.9517315
0.02135935,0.009952441,0.9686882
0.02062469,0.020888194,0.9584871
0.03465923,0.023984313,0.9413564
0.03253406,0.026840305,0.94062567
0.03431698,0.026311744,0.93937117
0.02495784,0.020034615,0.95500755
0.02296328,0.022300284,0.9547365
0.10733779,0.061880153,0.83078206
0.0254709,0.02339625,0.9511329
0.025029717,0.024665741,0.9503045
0.03887296,0.041138303,0.9199887
0.032083973,0.14045948,0.82745653
0.015436039,0.018312857,0.9662511
0.037780676,0.06458167,0.89763767
0.035935678,0.046277698,0.9177866
0.025022272,0.022168504,0.9528093
0.1094783,0.07443931,0.8160825
0.036007334,0.11680203,0.8471906
0.05903207,0.013031098,0.9279368
0.04793056,0.043259393,0.9088101
0.03431671,0.0675837,0.89809954
0.03362567,0.023178369,0.943196
0.040207293,0.023891928,0.9359007
0.09093414,0.11619301,0.79287285
0.09169211,0.110386,0.79792184
0.06316733,0.021199774,0.91563284
0.02299238,0.10830676,0.86870086
0.040253464,0.08809355,0.871653
0.03248774,0.028225837,0.9392865
0.06660236,0.09503153,0.8383661
0.17168589,0.03211737,0.7961967
0.02524979,0.054614656,0.92013556
0.04212,0.047588587,0.91029143
0.0339915,0.024578983,0.94142956
0.052334446,0.085529886,0.8621357
0.028886313,0.054763082,0.9163506
0.029909866,0.06294926,0.90714085
0.038139675,0.014058232,0.947802
0.02440476,0.023332711,0.9522625
0.020707214,0.2067999,0.7724928
0.03524006,0.037075814,0.9276841
0.04956227,0.04403857,0.90639925
0.07210828,0.03298135,0.8949104
0.016091648,0.04041491,0.9434935
0.025508495,0.01166724,0.9628242
0.020771096,0.049102698,0.9301262
0.039828535,0.025815882,0.93435556
0.053775035,0.042002916,0.904222
0.025405437,0.0478826,0.926712
0.031451307,0.02577028,0.94277835
0.049324945,0.019072253,0.9316028
0.040567484,0.028879244,0.9305533
0.038483884,0.094138846,0.8673772
0.08789697,0.05420466,0.8578984
0.021964202,0.024743296,0.9532925
0.25340176,0.048980456,0.6976178
0.032991618,0.034339376,0.93266904
0.03890762,0.049231898,0.9118605
0.03394201,0.01584628,0.95021176
0.051461075,0.024715418,0.9238235
0.057025023,0.03335999,0.9096149
0.03525724,0.015523552,0.9492191
0.038802627,0.010014118,0.95118326
0.046855684,0.010182852,0.9429615
0.076723255,0.028781597,0.8944952
0.05152439,0.015350037,0.9331255
0.10524671,0.02846542,0.8662879
0.07601069,0.011009352,0.9129799
0.045749675,0.067087464,0.8871628
0.035652462,0.034019817,0.9303277
0.02747189,0.03847764,0.93405044
0.028377963,0.030954767,0.9406672
0.05896679,0.1593519,0.7816813
0.030989913,0.029112326,0.9398977
0.0245721,0.05156394,0.92386395
0.028874207,0.02145749,0.9496683
0.03655856,0.03972271,0.9237187
0.0325634,0.046873234,0.9205634
0.026097763,0.045803,0.9280992
0.01936383,0.026441384,0.9541948
0.027602743,0.020978563,0.9514187
0.025798334,0.033158083,0.9410437
0.084549144,0.069007,0.84644383
0.024461227,0.04318308,0.93235564
0.025332047,0.015698334,0.95896953
0.026073214,0.043071505,0.9308553
0.023301395,0.034036025,0.94266266
0.04203436,0.028889762,0.92907596
0.023638861,0.030264102,0.946097
0.027971357,0.02285186,0.9491768
0.039257925,0.013317763,0.94742435
0.028736802,0.0261141,0.94514906
0.042149328,0.043360073,0.91449064
0.025489012,0.019909104,0.9546019
0.06936575,0.093798704,0.83683556
0.10910371,0.17417705,0.7167192
0.0204067,0.004947444,0.97464585
0.044906832,0.019014748,0.9360784
0.087677784,0.025942825,0.8863794
0.08180135,0.03098771,0.88721097
0.05028527,0.11443166,0.8352831
0.08246396,0.029231647,0.88830435
0.049675394,0.023033623,0.9272911
0.08215044,0.034649074,0.88320047
0.02635181,0.036514472,0.9371337
0.054041043,0.052225146,0.89373374
0.06457848,0.09590797,0.83951354
0.03289741,0.04162685,0.9254757
0.025577648,0.03502885,0.93939346
0.022683986,0.0118259005,0.96549004
0.060055677,0.025854863,0.91408944
0.03548466,0.039470192,0.92504525
0.04063135,0.030076938,0.9292918
0.035736814,0.022582991,0.94168025
0.024889499,0.018990487,0.95612
0.037861977,0.6198654,0.3422726
0.045203175,0.011620478,0.94317627
0.072857946,0.050319586,0.8768225
0.0851018,0.028982716,0.8859155
0.050211683,0.11205415,0.8377342
0.027464652,0.051411036,0.9211244
0.089141056,0.046745233,0.86411375
0.028791493,0.03803095,0.93317765
0.04874667,0.33606374,0.61518955
0.04333231,0.03918573,0.91748196
0.030182635,0.13265283,0.8371645
0.052243907,0.01353579,0.9342203
0.044375654,0.030618278,0.92500603
0.04011102,0.027140478,0.93274844
0.03947449,0.065592885,0.8949326
0.019138044,0.022006253,0.95885575
0.03774212,0.046062328,0.9161955
0.017910756,0.02029555,0.9617937
0.025546918,0.64845103,0.326002
0.048772436,0.025551114,0.9256764
0.037606042,0.039642394,0.92275155
0.023806235,0.029888883,0.9463048
0.11008826,0.027376385,0.8625353
0.034767445,0.038296603,0.92693603
0.045964297,0.040682368,0.9133533
0.022397423,0.07062495,0.90697765
0.028174572,0.022266164,0.9495593
0.034977317,0.026094668,0.938928
0.047308505,0.053922586,0.89876896
0.026596872,0.45238516,0.52101797
0.036774125,0.03768298,0.9255429
0.023805324,0.034535218,0.9416594
0.018555632,0.010950987,0.9704934
0.033110596,0.044468243,0.9224211
0.13222824,0.035728037,0.8320437
0.01942736,0.010068943,0.97050357
0.033964362,0.034499224,0.9315364
0.04819114,0.031790253,0.9200187
0.0640167,0.018849526,0.91713375
0.030076487,0.75494444,0.21497908
0.059210032,0.013684274,0.92710567
0.03629873,0.02571453,0.9379868
0.03447208,0.0070514665,0.9584765
0.018706929,0.02648425,0.9548089
0.029641552,0.03004959,0.94030887
0.0500472,0.014808377,0.93514436
0.027546883,0.052172795,0.9202804
0.019722015,0.012221783,0.9680562
0.053306807,0.1533472,0.7933459
0.03194226,0.045443468,0.9226142
0.032767434,0.02263094,0.9446016
0.035517573,0.0258334,0.93864906
0.031020068,0.09887081,0.8701092
0.028706966,0.023429943,0.94786316
0.023600927,0.020685853,0.95571315
0.03109898,0.028454548,0.9404465
0.049884096,0.05372728,0.8963886
0.8096771,0.01691958,0.17340328
0.037820973,0.03324677,0.9289322
0.021667726,0.020295396,0.95803696
0.024545308,0.012079822,0.9633749
0.055818584,0.016532198,0.92764926
0.1195664,0.011496874,0.8689368
0.030598521,0.033181958,0.9362196
0.023153791,0.03832356,0.93852264
0.017412337,0.07189075,0.9106969
0.015662342,0.22931512,0.7550225
0.029563228,0.055231385,0.9152054
0.19938226,0.008959235,0.79165846
0.15935917,0.122902945,0.71773785
0.01831907,0.017929696,0.9637513
0.13847212,0.093329646,0.7681983
0.025889916,0.03890334,0.9352067
0.033158068,0.038576886,0.9282651
0.051144566,0.025318397,0.9235371
0.53271353,0.13667862,0.3306079
0.027714238,0.029995512,0.94229025
0.016918004,0.21243834,0.7706436
0.16347945,0.024346558,0.8121741
0.06494059,0.06318893,0.8718704
0.043043952,0.055757437,0.9011986
0.06727394,0.043097306,0.8896287
0.0815883,0.11505794,0.8033538
0.032190125,0.021548208,0.9462617
0.055388544,0.030380072,0.9142314
0.021559732,0.020512257,0.957928
0.051532444,0.011543447,0.93692404
0.21602781,0.05707422,0.72689795
0.3795561,0.6025439,0.017900044
0.045593176,0.9439107,0.010496146
0.5303247,0.422399,0.047276296
0.98504466,0.013833069,0.0011222586
0.88338834,0.091441415,0.025170168
0.981625,0.011895062,0.006479877
0.27446273,0.08093319,0.6446041
0.92252374,0.0131462505,0.06433007
0.55074716,0.06645531,0.38279754
0.33415693,0.04750938,0.61833364
0.90671796,0.05861917,0.034662947
0.9947649,0.0038190684,0.0014159759
0.99406403,0.004444402,0.0014915988
0.97169983,0.0049517946,0.023348467
0.53886163,0.27860385,0.18253452
0.99274945,0.0057551074,0.0014954563
0.91419536,0.062029783,0.023774894
0.16790569,0.4865634,0.3455309
0.9817228,0.007068973,0.011208279
0.8239169,0.02119814,0.15488501
0.9937168,0.0033865497,0.0028966693
0.65901333,0.16126177,0.1797249
0.8844878,0.07285177,0.042660374
0.9908502,0.0075948434,0.001555088
0.99376845,0.0047020027,0.0015295013
0.90673155,0.009011651,0.08425685
0.6534113,0.08258661,0.26400205
0.9959765,0.0017134163,0.0023101615
0.5268602,0.32033798,0.1528019
0.07489304,0.9030764,0.022030508
0.9895969,0.008868041,0.0015350266
0.5516177,0.22233024,0.22605208
0.9403849,0.013611809,0.04600321
0.96742445,0.009690264,0.022885343
0.9821752,0.0062778983,0.011546823
0.9852964,0.006044764,0.008658726
0.93460566,0.02159683,0.04379755
0.99252325,0.0027715068,0.0047052926
0.9774475,0.014769463,0.0077829603
0.98207515,0.0057659647,0.012158959
0.9958973,0.0019913253,0.0021114906
0.38948753,0.38120887,0.22930357
0.49901977,0.21982273,0.28115755
0.49258295,0.35272142,0.15469567
0.99501604,0.0024092642,0.002574686
0.9931016,0.0037682634,0.0031301077
0.82521945,0.045543898,0.12923668
0.6011854,0.23514037,0.1636742
0.9066669,0.016396696,0.07693633
0.90582305,0.049385868,0.044791035
0.97895426,0.006005855,0.015039855
0.9934529,0.003874093,0.0026730439
0.9895208,0.00923862,0.0012405813
0.25676605,0.32237148,0.42086244
0.5355109,0.39026073,0.07422841
0.98006976,0.013313728,0.0066165687
0.9948214,0.0025842574,0.002594372
0.99311537,0.0050906693,0.001793987
0.95176744,0.01620109,0.03203148
0.7509107,0.02157912,0.22751017
0.3502902,0.26910192,0.38060793
0.96671927,0.008090617,0.025190003
0.9923955,0.0055651725,0.0020393308
0.45572457,0.45527977,0.08899568
0.9914267,0.006361835,0.0022115114
0.704917,0.06855077,0.22653222
0.9871616,0.009055999,0.0037824826
0.37880224,0.03657064,0.5846271
0.99460536,0.0041206786,0.0012740359
0.63229585,0.015606652,0.35209748
0.94862634,0.017752022,0.033621684
0.982103,0.0061921966,0.011704913
0.29682517,0.4537107,0.24946414
0.6235113,0.031732444,0.34475625
0.060356345,0.043134734,0.89650893
0.9920065,0.004207375,0.003786228
0.9947331,0.0034166013,0.001850332
0.98580533,0.010398911,0.003795775
0.9916713,0.00578264,0.0025460625
0.98581034,0.005234036,0.008955716
0.9679642,0.024638165,0.0073977187
0.9857405,0.005714475,0.008544999
0.99421835,0.0047502955,0.0010313443
0.23338614,0.041741796,0.72487205
0.49931708,0.029782036,0.47090086
0.9738574,0.017508915,0.00863375
0.99015146,0.0059570577,0.003891503
0.98961186,0.006437605,0.0039506312
0.97563463,0.0076930295,0.016672358
0.44483283,0.029584464,0.52558273
0.9811597,0.011959294,0.0068810713
0.6615483,0.27173096,0.066720724
0.90332854,0.041675545,0.054995876
0.98540014,0.008864994,0.0057348604
0.25043344,0.07534077,0.67422575
0.9150191,0.016726458,0.0682544
0.9863078,0.007206787,0.006485406
0.91227496,0.035114605,0.052610412
0.96691495,0.015461735,0.017623402
0.8879051,0.026216893,0.08587798
0.9230138,0.04613401,0.030852156
0.8202013,0.049643245,0.13015544
0.018466067,0.88411504,0.09741895
0.988995,0.009526821,0.0014782071
0.9678196,0.022060655,0.01011985
0.9946936,0.0033634985,0.0019428452
0.9932807,0.0048205517,0.0018988485
0.9162241,0.007903703,0.075872175
0.9598154,0.022995435,0.017189179
0.9654448,0.027147906,0.0074073425
0.99002725,0.0019261918,0.008046462
0.94712794,0.017347254,0.0355248
0.15086535,0.48510072,0.36403397
0.52176845,0.029645313,0.44858623
0.97727966,0.008588274,0.014132042
0.987591,0.0055166385,0.0068924385
0.71199447,0.040621627,0.24738388
0.24463937,0.04122412,0.71413654
0.49552882,0.0663136,0.43815756
0.37586632,0.05745832,0.56667536
0.78363127,0.04245358,0.17391515
0.6587321,0.22053991,0.12072795
0.99431473,0.0018604229,0.0038248028
0.7207418,0.27383,0.005428208
0.8595572,0.109520815,0.030921947
0.9918277,0.004946935,0.0032253251
0.95009357,0.019603362,0.03030304
0.9371206,0.049255017,0.013624299
0.815817,0.13165903,0.052523997
0.92695993,0.015996022,0.057044085
0.9933954,0.0046183383,0.0019863227
0.98576736,0.01138712,0.002845572
0.9818356,0.01634171,0.0018227774
0.87159294,0.055664685,0.07274237
0.8457451,0.08515751,0.06909748
0.24980147,0.4027055,0.34749302
0.97008663,0.019324424,0.0105889095
0.9506458,0.040443864,0.0089104045
0.9593955,0.016539585,0.024064954
0.9924672,0.0031898045,0.0043429476
0.98880917,0.009322574,0.0018682778
0.98911345,0.010102922,0.00078363187
0.98727256,0.0039489977,0.008778363
0.99043006,0.0069257664,0.0026441722
0.093229264,0.44585916,0.46091157
0.86780316,0.10201254,0.030184314
0.0067887153,0.9909462,0.0022650696
0.64670354,0.3260574,0.02723905
0.6573272,0.28583598,0.056836788
0.0058617257,0.9857907,0.008347481
0.028704317,0.94085926,0.03043646
0.011708008,0.97948873,0.008803212
0.01844322,0.9702827,0.011274114
0.018349826,0.69600874,0.2856414
0.06976079,0.8021798,0.12805937
0.06863663,0.8782214,0.05314197
0.023580315,0.8430888,0.1333309
0.01741616,0.87600106,0.106582776
0.019036254,0.95608723,0.024876496
0.014045274,0.96749264,0.018462162
0.009178712,0.9879161,0.0029051825
0.40755776,0.34860262,0.24383964
0.0072725345,0.98756045,0.005167081
0.22824775,0.4479798,0.3237725
0.008263279,0.9476725,0.044064283
0.016658382,0.97481674,0.008524904
0.15392989,0.81345624,0.032613926
0.17472595,0.77402705,0.05124696
0.11089999,0.8454583,0.043641638
0.09141716,0.81230956,0.09627331
0.013997814,0.8948141,0.09118811
0.034733538,0.9415339,0.023732524
0.010375617,0.9797625,0.009861886
0.013320972,0.98252004,0.00415901
0.029919067,0.94911236,0.020968622
0.031548172,0.9549624,0.013489429
0.01974693,0.9702262,0.010026821
0.04174294,0.93991375,0.018343305
0.009357738,0.98001784,0.010624437
0.013407094,0.93807584,0.048517123
0.0280394,0.9454652,0.026495371
0.008426354,0.9873613,0.0042122835
0.06549426,0.75242984,0.18207587
0.015053984,0.94833624,0.03660975
0.008090263,0.985743,0.0061667804
0.089803405,0.86060244,0.04959415
0.034921072,0.060044304,0.90503466
0.0068115415,0.9913694,0.0018190347
0.038025007,0.86080927,0.1011657
0.5485508,0.06812487,0.38332435
0.00818204,0.9872372,0.0045807534
0.016507253,0.97450036,0.008992383
0.010614696,0.9848732,0.004512136
0.040757664,0.94686043,0.012381924
0.104885526,0.1521611,0.7429533
0.8335801,0.11231813,0.054101747
0.0076728263,0.98358166,0.0087455455
0.0212928,0.9558187,0.0228885
0.007831743,0.9883885,0.003779794
0.013530733,0.9748731,0.011596076
0.062933244,0.7544291,0.18263768
0.013791538,0.9500143,0.036194198
0.010214779,0.98841363,0.001371662
0.03295632,0.9403548,0.026688842
0.016273305,0.973914,0.009812596
0.070059255,0.43137094,0.49856985
0.008863769,0.97950774,0.01162847
0.012216403,0.9761721,0.011611527
0.016188229,0.9745156,0.009296116
0.36396554,0.6053751,0.030659366
0.7612192,0.22794646,0.010834377
0.06953282,0.59614295,0.33432424
0.062994055,0.6753923,0.26161358
0.022412432,0.8732426,0.10434489
0.55755925,0.30746275,0.134978
0.0052866843,0.9899092,0.004804189
0.022555621,0.7820219,0.19542253
0.039607156,0.82601047,0.1343824
0.007243281,0.98454905,0.008207712
0.009663447,0.9866615,0.0036750017
0.010749102,0.98861665,0.0006342857
0.026860539,0.8596098,0.1135297
0.017432274,0.9724392,0.010128512
0.00584541,0.9926939,0.0014607324
0.012388495,0.98606396,0.0015475763
0.007658476,0.9875114,0.0048301406
0.012948044,0.97957283,0.0074791303
0.08837199,0.9008443,0.01078374
0.11999783,0.12786184,0.7521403
0.034626514,0.77891415,0.18645936
0.050707024,0.13451159,0.8147814
0.06583093,0.026288224,0.9078809
0.56042826,0.34476444,0.094807245
0.049124412,0.024870742,0.9260049
0.00448612,0.99364376,0.0018700932
0.09638091,0.3847468,0.51887226
0.019073432,0.9735154,0.007411137
0.007200893,0.9903251,0.0024740235
0.0071677165,0.98962045,0.0032118682
0.3833051,0.46258,0.1541149
0.040859014,0.75052434,0.2086167
0.8230159,0.16083953,0.016144495
0.020217301,0.9304239,0.04935884
0.01244044,0.97104645,0.016513124
0.68183,0.20397414,0.11419587
0.2657822,0.241054,0.49316376
0.02249521,0.3535635,0.6239413
0.018856661,0.96810716,0.013036142
0.03504133,0.93835264,0.026606021
0.02158331,0.8364334,0.14198329
0.019129692,0.9123172,0.06855311
0.020161629,0.78439605,0.19544238
0.01579072,0.9807608,0.0034484952
0.107138366,0.8240921,0.0687696
0.45846647,0.5114563,0.030077161
0.013561299,0.9828172,0.0036215696
0.010702943,0.98629576,0.0030012666
0.17522681,0.795831,0.028942179
0.0074651423,0.98444736,0.008087524
0.016559985,0.97190183,0.011538175
0.011058223,0.98191273,0.0070290337
0.022154076,0.9652967,0.012549265
0.018098732,0.94014794,0.04175334
0.01692045,0.9805299,0.002549621
0.031049278,0.9537296,0.015221134
0.010887612,0.9867943,0.0023181066
0.009329219,0.98854816,0.0021226867
0.014524073,0.85449827,0.13097759
0.0071286317,0.98614836,0.0067229397
0.0106964735,0.9856996,0.003603925
0.5173976,0.46754387,0.015058556
0.024762537,0.9433795,0.03185789
0.027485158,0.717908,0.2546068
0.014073233,0.9628144,0.023112383
0.012221085,0.9813262,0.00645265
0.19529419,0.2168052,0.58790064
0.043718074,0.038732067,0.91754985
0.008727646,0.9825277,0.008744709
0.87954456,0.07025001,0.05020542
0.17018326,0.41977036,0.4100464
0.39216095,0.3450684,0.26277068
0.15205999,0.045345645,0.8025943
0.050148487,0.025538411,0.92431307
0.94168276,0.03222261,0.026094668
0.044458915,0.037805557,0.91773546
0.08641788,0.0244468,0.88913524
0.060816936,0.05330512,0.88587797
0.045812305,0.035818305,0.91836935
0.26714608,0.037047822,0.6958061
0.02215138,0.07291585,0.90493286
0.008124724,0.9899418,0.0019335638
0.05474867,0.035382934,0.90986836
0.09057373,0.039957043,0.8694692
0.051891286,0.2662418,0.68186694
0.07086644,0.024371495,0.904762
0.068457745,0.01020519,0.9213371
0.04427052,0.023858845,0.93187064
0.05487791,0.026850034,0.9182721
0.06469992,0.009734897,0.9255651
0.05772768,0.09810225,0.84417015
0.56116486,0.19689122,0.24194396
0.07890573,0.015416546,0.90567774
0.039638985,0.029543618,0.93081737
0.056853242,0.123453416,0.8196933
0.031524137,0.8951084,0.073367424
0.05232964,0.22422302,0.7234474
0.06197383,0.08250385,0.8555223
0.726338,0.035714775,0.2379472
0.036096405,0.03478144,0.92912215
0.03888135,0.023698162,0.9374204
0.009015481,0.9846661,0.0063184537
0.011931267,0.9618041,0.026264673
0.12695947,0.5437327,0.3293078
0.2986976,0.026202058,0.6751004
0.022175945,0.24863859,0.72918546
0.03150968,0.027644737,0.94084567
0.034250308,0.092287295,0.8734624
0.8224544,0.020270528,0.15727505
0.4574418,0.02847794,0.5140802
0.088615224,0.025965393,0.8854194
0.04236313,0.02948771,0.9281491
0.03184262,0.04931882,0.9188385
0.21625726,0.05054457,0.73319817
0.07915094,0.04545256,0.87539655
0.036964793,0.036320694,0.9267144
0.14723025,0.03278741,0.81998235
0.14967334,0.018770441,0.83155626
0.04643897,0.020809397,0.93275166
0.030173033,0.034830846,0.93499607
0.042056065,0.60991526,0.3480287
0.052694824,0.024149021,0.9231562
0.04180684,0.019594472,0.93859875
0.06093114,0.022459134,0.91660976
0.09367333,0.06733872,0.838988
0.038437817,0.03934934,0.9222129
0.040204152,0.042964604,0.91683125
0.06596711,0.029588876,0.90444404
0.046154253,0.039400797,0.914445
0.014970392,0.96496326,0.020066326
0.087153934,0.023116058,0.88973004
0.90026546,0.007541817,0.09219271
0.5718172,0.04249788,0.38568485
0.19016829,0.055126365,0.75470537
0.4001547,0.37885886,0.2209864
0.020717273,0.9552972,0.023985565
0.8713085,0.022264732,0.10642676
0.045091845,0.048329264,0.9065788
0.8836081,0.07356533,0.04282655
0.3797231,0.050679747,0.5695972
0.043126244,0.073575445,0.8832983
0.43895355,0.35460863,0.20643778
0.8735187,0.030838983,0.09564232
0.4278979,0.15042648,0.42167553
0.0435457,0.029036032,0.9274183
0.04564761,0.025781631,0.92857075
0.18011269,0.08086665,0.73902065
0.25176474,0.11386778,0.63436747
0.5377478,0.19145924,0.270793
0.05176065,0.035228826,0.9130106
0.032014515,0.8343788,0.13360669
0.0335148,0.08335595,0.88312924
0.032020263,0.027630161,0.94034964
0.04289284,0.047154594,0.90995246
0.94895387,0.00979741,0.041248634
0.025561722,0.02826663,0.9461717
0.04351612,0.113868654,0.84261525
0.37416193,0.081036806,0.54480124
0.049359504,0.057594504,0.893046
0.15290166,0.617117,0.22998133
0.018475546,0.09219168,0.8893328
0.042380437,0.048827246,0.90879226
0.030042429,0.027114581,0.942843
0.039567467,0.04211935,0.91831315
0.028041976,0.21440831,0.7575497
0.054599743,0.116380505,0.8290198
0.026258247,0.026155874,0.9475859
0.7295209,0.016572094,0.253907
0.049227446,0.046973154,0.9037994
0.041296404,0.07617856,0.882525
0.033085678,0.041579872,0.9253344
0.028162371,0.021762196,0.9500755
0.04325945,0.179393,0.7773475
0.1295692,0.02181236,0.8486184
0.05880673,0.040853743,0.9003395
0.42215773,0.102849804,0.47499245
0.03783976,0.03639014,0.92577016
0.045346826,0.038485352,0.91616786
0.039443858,0.038832344,0.9217238
0.04321039,0.035613388,0.9211762
0.20402646,0.1318581,0.6641154
0.06515884,0.04799822,0.8868429
0.03875839,0.033151805,0.92808974
0.046989165,0.06378903,0.8892219
0.051236756,0.028966635,0.9197965
0.03398607,0.034792025,0.9312219
0.041975062,0.03747951,0.9205454
0.035071515,0.038972564,0.92595595
0.30925766,0.35009277,0.3406496
0.0353056,0.054150976,0.91054344
0.042629108,0.22821124,0.72915965
0.021038488,0.28599453,0.692967
0.5298653,0.10167119,0.3684635
0.043102626,0.05754955,0.8993478
0.23646252,0.0415551,0.7219823
0.030227179,0.05658221,0.9131906
0.058985244,0.027297076,0.91371775
0.3874141,0.10371254,0.50887334
0.06419092,0.071052864,0.86475617
0.05069173,0.032158755,0.9171496
0.036293328,0.019426418,0.94428027
0.07557097,0.03298229,0.8914467
0.10400863,0.023435209,0.87255615
0.11171845,0.102318585,0.7859629
0.28443342,0.05035278,0.6652138
0.68357795,0.011675779,0.3047462
0.2580232,0.14014785,0.60182893
0.024121964,0.19671492,0.7791631
0.035291724,0.022875229,0.94183314
0.65082145,0.16097718,0.18820141
0.122413695,0.121461056,0.7561252
0.065568954,0.09032504,0.844106
0.045930646,0.0306263,0.923443
0.03347401,0.08188375,0.8846423
0.022533048,0.05604281,0.9214242
0.04658233,0.30989727,0.64352036
0.04153198,0.049416874,0.90905106
0.112918966,0.19170687,0.6953742
0.10725426,0.32843632,0.56430936
0.06577338,0.073734656,0.86049193
0.3121911,0.3398745,0.3479344
0.18438828,0.54967594,0.26593575
0.054319125,0.026942488,0.9187384
0.07988989,0.17933278,0.7407774
0.04174186,0.5803582,0.37789994
0.041821975,0.37908775,0.5790903
0.19388404,0.6285451,0.17757085
0.3887714,0.13162851,0.4796
0.12049387,0.05447019,0.825036
0.02696642,0.032591302,0.9404422
0.048326183,0.038042944,0.9136309
0.040490374,0.04064885,0.9188608
0.11138939,0.055846248,0.8327644
0.11228435,0.03960844,0.8481072
0.044291448,0.034259215,0.92144936
0.027860498,0.018378733,0.95376086
0.5282335,0.22334073,0.24842572
0.3096334,0.2920121,0.3983544
0.031402502,0.018972328,0.9496252
0.112614155,0.077322945,0.8100629
0.058402672,0.027133256,0.9144641
0.012384832,0.028432336,0.9591829
0.032934625,0.02595186,0.9411134
0.06931754,0.036137488,0.89454496
0.03661661,0.16426459,0.7991189
0.06489397,0.071063586,0.86404246
0.045734942,0.8402935,0.11397151
0.22896476,0.057722002,0.7133132
0.95183504,0.01647347,0.031691484
0.36694568,0.093780406,0.53927386
0.937355,0.049339555,0.013305524
0.90983945,0.012652788,0.07750773
0.9218492,0.008440336,0.069710456
0.99356234,0.0037115628,0.0027260655
0.9743524,0.012385652,0.013261938
0.99351394,0.0045829453,0.0019030076
0.9074726,0.0097518815,0.0827755
0.99601245,0.0032137278,0.0007738351
0.2183229,0.70768607,0.07399104
0.9939138,0.0046207486,0.001465387
0.8988079,0.020871278,0.08032093
0.9784581,0.0074342303,0.014107692
0.9741114,0.0058092726,0.020079305
0.99385554,0.004206993,0.0019374207
0.99508214,0.0046533663,0.00026458397
0.99290305,0.0043026316,0.0027943125
0.8980277,0.0064852918,0.09548699
0.94193685,0.008820158,0.04924296
0.9944982,0.0033892128,0.0021126464
0.98495966,0.01046126,0.0045791203
0.9968072,0.002343916,0.00084891013
0.9937867,0.005616683,0.00059663714
0.9896119,0.0050925654,0.00529543
0.99487925,0.0019356319,0.0031850906
0.9877713,0.0026577564,0.00957095
0.9952756,0.0024382998,0.0022861012
0.9910669,0.0053448086,0.003588335
0.9585452,0.01676877,0.02468602
0.99344987,0.0044764928,0.0020736463
0.95820266,0.019655174,0.022142109
0.8777932,0.028368575,0.093838125
0.9902029,0.008142755,0.0016543011
0.9941847,0.00525792,0.00055743736
0.9658382,0.008723016,0.025438853
0.99662906,0.0030327106,0.00033827277
0.6067585,0.017415307,0.37582624
0.9766316,0.015210716,0.008157626
0.9938406,0.0043745153,0.0017848087
0.9931906,0.0034179725,0.003391374
0.99275416,0.0065597454,0.0006860116
0.9908404,0.0045261947,0.00463353
0.99058515,0.0026086757,0.0068061533
0.04443899,0.064721525,0.8908394
0.9931805,0.0058941436,0.0009253315
0.9784702,0.010891073,0.010638781
0.9923267,0.0068715937,0.0008016836
0.58149415,0.14295426,0.27555156
0.9936098,0.003419415,0.0029708394
0.83810896,0.10644959,0.055441465
0.9912498,0.007465517,0.0012847048
0.9559617,0.01454389,0.029494453
0.97906315,0.004238516,0.016698303
0.99295044,0.0050011366,0.0020484573
0.9928548,0.0061509097,0.0009943504
0.98833513,0.005012036,0.0066528493
0.9911539,0.006460241,0.0023858917
0.9843418,0.004187116,0.01147103
0.9962288,0.0023887586,0.0013825075
0.99328375,0.0021432952,0.004572943
0.64942896,0.29808432,0.052486714
0.998287,0.0009032358,0.00080965535
0.7739795,0.05060277,0.17541777
0.9611191,0.008612844,0.030267984
0.9058389,0.046712775,0.047448393
0.9606931,0.007969827,0.031337123
0.98826224,0.003922194,0.0078154635
0.9938293,0.0047670216,0.0014036353
0.93812627,0.00879306,0.053080745
0.99043864,0.0059471587,0.003614186
0.9921482,0.0053926054,0.0024592895
0.9558151,0.035850637,0.008334279
0.99050623,0.0058439304,0.0036499028
0.9845003,0.006965451,0.008534249
0.9898407,0.00854709,0.0016122363
0.991916,0.006696544,0.0013873186
0.9838067,0.0059362515,0.010256923
0.9890216,0.008606998,0.0023714772
0.9529018,0.007920647,0.03917762
0.9748857,0.0051558544,0.019958366
0.99114555,0.0027141282,0.006140321
0.9836015,0.013387827,0.003010657
0.888302,0.017842745,0.0938552
0.98104125,0.009312783,0.009646009
0.98979175,0.0058855168,0.0043227887
0.9875115,0.0028450447,0.009643478
0.9909354,0.005546142,0.0035184633
0.68515277,0.15711619,0.15773112
0.9024798,0.007109248,0.09041093
0.8937679,0.013217992,0.09301408
0.9712421,0.006423872,0.022334104
0.98609537,0.009342495,0.00456207
0.98858464,0.0046229814,0.006792408
0.9886558,0.0038104698,0.0075337514
0.97580427,0.008190611,0.01600515
0.994076,0.004630538,0.0012934104
0.9940421,0.0024352777,0.0035226075
0.9919294,0.0037638154,0.0043068156
0.99099535,0.003123469,0.0058811754
0.9792906,0.0041534435,0.016556028
0.98576504,0.0042054732,0.010029466
0.986969,0.0032410217,0.00978996
0.9951331,0.0036313166,0.0012354932
0.99487525,0.0039484394,0.0011763107
0.9632628,0.014259676,0.022477478
0.9952918,0.0038285612,0.00087966514
0.4489169,0.054419927,0.49666315
0.99397945,0.00305433,0.002966146
0.990606,0.004226126,0.005167854
0.9943619,0.004542281,0.0010958763
0.99537575,0.0020736123,0.0025505868
0.9938321,0.0017847935,0.00438303
0.8267972,0.09385754,0.07934532
0.992785,0.006433068,0.0007819455
0.9899031,0.0059555634,0.004141444
0.99209654,0.0056290766,0.0022743526
0.9868662,0.0025287813,0.01060506
0.99822396,0.00032710965,0.0014489243
0.98790365,0.007440316,0.004656031
0.9166904,0.019821862,0.06348781
0.99684024,0.0015798421,0.0015798421
0.19202724,0.7727621,0.035210636
0.9793859,0.00524071,0.0153732505
0.98727256,0.00923565,0.0034917914
0.97406954,0.013167765,0.012762635
0.9925552,0.0025039283,0.0049409037
0.9879241,0.0059494646,0.0061263433
0.9840755,0.0122912815,0.0036332957
0.9943112,0.003930816,0.0017579698
0.988665,0.0092306305,0.0021043608
0.99160427,0.00594254,0.0024531453
0.98867023,0.006994954,0.0043347906
0.9886623,0.007489787,0.003847889
0.9687318,0.005173585,0.026094642
0.9964128,0.0019768511,0.0016103109
0.4789257,0.34428418,0.17679016
0.9095943,0.06956057,0.020845119
0.9706652,0.014552842,0.014782016
0.99688256,0.0024232308,0.0006942673
0.9872366,0.0050015785,0.0077617415
0.9953616,0.0037621143,0.00087629707
0.9924299,0.0057420293,0.0018281076
0.87481946,0.07223155,0.05294905
0.99476504,0.0041213403,0.0011135852
0.9751279,0.007459749,0.01741232
0.05945934,0.9188158,0.021724848
0.26358712,0.1342333,0.6021796
0.98785853,0.006813984,0.005327506
0.006302424,0.98697555,0.0067220116
0.005775655,0.98084784,0.013376447
0.00598644,0.9882564,0.0057571027
0.0056376504,0.989734,0.004628356
0.0052633514,0.9913317,0.0034049186
0.049741905,0.8729148,0.0773433
0.016021684,0.9758589,0.008119394
0.2973101,0.35100183,0.35168803
0.013641171,0.97518164,0.011177176
0.019287817,0.8461728,0.1345393
0.008987752,0.9893366,0.0016756066
0.009168411,0.97912794,0.011703695
0.018497001,0.8942868,0.087216176
0.009790997,0.9832253,0.006983657
0.0054952377,0.99050784,0.003996914
0.010177048,0.98765194,0.002171055
0.008440394,0.98804104,0.0035184796
0.007190482,0.9869637,0.0058458205
0.007163678,0.9909965,0.0018397846
0.0068568652,0.99019974,0.0029433467
0.0111521175,0.98542666,0.0034211911
0.0087112915,0.98644966,0.0048391037
0.010399065,0.98581994,0.0037810325
0.008387665,0.9789963,0.012615995
0.014686876,0.9776937,0.007619451
0.015253385,0.9793712,0.0053753983
0.00819859,0.9882684,0.0035330632
0.0054897913,0.9914607,0.0030495669
0.012874847,0.98551685,0.0016083318
0.0058122026,0.992855,0.0013328284
0.04139758,0.6195178,0.33908466
0.075019665,0.27094883,0.6540315
0.012799619,0.98167384,0.0055265934
0.0111159785,0.9822334,0.0066506313
0.011877836,0.9754288,0.012693377
0.008505559,0.987921,0.0035734533
0.007742981,0.9858127,0.00644428
0.0089993095,0.98867583,0.0023247958
0.00934519,0.98927385,0.0013809234
0.007291841,0.99114954,0.001558599
0.004277363,0.9948137,0.0009089262
0.009216508,0.98138523,0.009398289
0.009191791,0.9873935,0.003414655
0.015417592,0.9774265,0.0071558557
0.010631695,0.9854876,0.003880745
0.008603585,0.9867004,0.0046959957
0.0074845557,0.98700744,0.0055079972
0.011772268,0.9762467,0.011981032
0.010862627,0.9854917,0.0036456378
0.006920136,0.9915597,0.001520152
0.011305089,0.9853791,0.003315772
0.009965534,0.9862,0.0038345591
0.014337339,0.9789691,0.006693578
0.012561002,0.9737775,0.013661495
0.03460822,0.95851016,0.0068816384
0.010345691,0.9865237,0.0031307032
0.016174175,0.9803484,0.003477475
0.011184944,0.9825531,0.0062619415
0.007400238,0.97779614,0.014803617
0.0070003383,0.98943126,0.0035684465
0.007295035,0.9724047,0.020300217
0.0073999753,0.9863929,0.00620711
0.040481597,0.6633045,0.2962139
0.023629732,0.8962756,0.080094635
0.008874468,0.9883817,0.0027438174
0.008175284,0.99028265,0.0015421023
0.0061661717,0.991438,0.0023959163
0.018722383,0.9481611,0.033116523
0.5141529,0.4115228,0.07432435
0.008527598,0.9885483,0.002924125
0.01100916,0.9852232,0.0037676895
0.010565003,0.9831387,0.0062963427
0.013326302,0.9800379,0.006635766
0.013818877,0.9830736,0.0031075918
0.009399549,0.9834357,0.007164779
0.009614515,0.98166543,0.008719987
0.008691242,0.9774744,0.013834419
0.0063548964,0.9922815,0.0013636475
0.0044756406,0.9932607,0.0022637185
0.0059415894,0.99338394,0.0006744858
0.013416947,0.9828572,0.0037257513
0.007695486,0.9903474,0.0019571576
0.006889778,0.99107367,0.0020366143
0.007390971,0.99098223,0.0016267549
0.009115883,0.98788387,0.0030002338
0.013937899,0.98478574,0.0012763272
0.005923857,0.9923556,0.001720577
0.0045876945,0.99454355,0.00086876313
0.009692659,0.98867804,0.0016293247
0.4271405,0.30556178,0.26729771
0.012997131,0.9832864,0.0037164742
0.013709882,0.9820097,0.0042804335
0.009465748,0.984576,0.005958324
0.010684609,0.9561788,0.03313666
0.0064599095,0.9891691,0.0043709935
0.010131032,0.9879986,0.0018703957
0.049462866,0.94245464,0.00808248
0.013303419,0.98314387,0.0035527025
0.010272776,0.9872536,0.0024735865
0.0074885827,0.9904359,0.0020754468
0.008599959,0.9891784,0.0022216318
0.098997094,0.14702436,0.75397855
0.0060424325,0.99070424,0.0032532874
0.01513025,0.9714651,0.013404659
0.007921709,0.9880949,0.0039832853
0.0153506305,0.98273176,0.0019176076
0.013352291,0.98483,0.0018176549
0.010620986,0.9873834,0.0019956243
0.0108744325,0.9865628,0.002562804
0.020004658,0.9771469,0.0028483686
0.012625766,0.9855122,0.0018620484
0.021990411,0.95723015,0.020779474
0.09005969,0.64908934,0.26085097
0.016658902,0.9550587,0.028282452
0.009059362,0.9894588,0.0014817916
0.0077445037,0.9898657,0.0023897819
0.0076842993,0.989874,0.0024417008
0.008954468,0.98759997,0.0034455194
0.0076819803,0.9847551,0.0075628823
0.17237301,0.78096086,0.046666197
0.010739371,0.9857944,0.0034661943
0.049018905,0.91280514,0.038175963
0.007378025,0.9911805,0.0014415133
0.0095892465,0.9848392,0.005571552
0.011115882,0.9831844,0.0056996574
0.0049675484,0.9901419,0.0048905336
0.01082878,0.98722965,0.0019414932
0.027429769,0.9253606,0.047209613
0.009715257,0.98904955,0.0012351563
0.0068721473,0.9866087,0.006519139
0.0068476014,0.9907952,0.0023572417
0.008242711,0.9906803,0.0010769932
0.010073197,0.9881314,0.0017954735
0.012269888,0.97662354,0.011106591
0.008063678,0.95413697,0.037799343
0.0070199105,0.9835154,0.009464789
0.3045494,0.641904,0.053546585
0.011977697,0.98459065,0.0034316676
0.0074156723,0.9904178,0.0021665301
0.021449437,0.85595846,0.12259209
0.60643464,0.34604257,0.04752283
0.013583839,0.9834899,0.0029262581
0.010008864,0.98759043,0.0024006434
0.01212698,0.977581,0.010292035
0.011859508,0.97773564,0.0104048345
0.012710876,0.97391605,0.01337302
0.011399651,0.9868521,0.0017481929
0.0065944525,0.9921761,0.0012294184
0.007932299,0.9894159,0.0026518027
0.0072181523,0.9907617,0.0020201295
0.02472371,0.879664,0.095612325
0.014730555,0.9815595,0.0037099472
0.014460931,0.9816394,0.0038997156
0.015214978,0.97881514,0.0059699193
0.02016622,0.97737294,0.0024608169
0.020981891,0.9160096,0.063008465
0.012423551,0.9802013,0.007375101
0.010236668,0.98282325,0.006940018
0.0072066034,0.98628277,0.0065106233
0.007527385,0.9849305,0.0075421007
0.012350656,0.98305225,0.00459711
0.0034647302,0.995048,0.0014872542
0.008334878,0.99008673,0.00157836
0.009298392,0.98239917,0.008302529
0.01169715,0.98529285,0.0030099493
0.010838643,0.98716426,0.0019971305
0.005750045,0.99187624,0.0023736816
0.0073375693,0.98670864,0.0059537617
0.009116353,0.9869704,0.0039132438
0.012764347,0.97135013,0.015885483
0.01688373,0.97173667,0.011379565
0.04727034,0.6750715,0.2776582
0.008785933,0.98812395,0.003090182
0.012295693,0.9710614,0.016642895
0.010570991,0.98081803,0.008610956
0.015460184,0.97249943,0.012040404
0.012873416,0.91581357,0.07131299
0.006402453,0.98999196,0.003605507
0.014013712,0.9747917,0.0111945495
0.009309613,0.98936486,0.0013255517
0.01423295,0.9794636,0.00630351
0.011427523,0.97392786,0.0146446
0.01537506,0.96998256,0.014642362
0.009427183,0.9844024,0.0061704335
0.010055826,0.9854645,0.0044797105
0.0074383016,0.9857092,0.0068524852
0.023426786,0.56875813,0.40781504
0.008604351,0.9829412,0.008454424
0.026419245,0.95432734,0.019253377
0.009601324,0.9860795,0.004319212
0.07543368,0.8946194,0.029946893
0.06927452,0.5919019,0.3388236
0.009595066,0.98543686,0.004968142
0.013972857,0.98340684,0.0026202993
0.008560639,0.9885096,0.0029297273
0.009527157,0.98613644,0.0043363674
0.011877544,0.9801793,0.007943118
0.009601624,0.98707366,0.0033247194
0.010764274,0.98518974,0.004045953
0.012355373,0.97482216,0.012822486
0.009373402,0.9855004,0.0051261783
0.015567791,0.9792683,0.0051638815
0.01112983,0.9863427,0.0025274402
0.008133651,0.9900621,0.00180426
0.012414117,0.98425126,0.003334695
0.009592387,0.98516166,0.0052459384
0.00880287,0.9900288,0.0011682963
0.0051665134,0.9932547,0.0015787781
0.013674912,0.9833386,0.0029864297
0.014010282,0.94456923,0.041420497
0.0183304,0.97666806,0.0050014746
0.021472303,0.92830974,0.050217994
0.30245942,0.055041626,0.64249885
0.88715625,0.046925817,0.06591801
0.021029888,0.8662784,0.11269168
0.90904516,0.06423141,0.026723392
0.04196708,0.17310143,0.7849315
0.044266116,0.019395173,0.9363387
0.05022491,0.015881326,0.93389386
0.07790484,0.023528736,0.8985664
0.13398632,0.1464384,0.7195753
0.5035872,0.048677113,0.44773573
0.060524445,0.026312381,0.9131631
0.04013202,0.0338937,0.92597425
0.03791446,0.03448781,0.92759776
0.042741444,0.036238786,0.9210198
0.038478382,0.046413787,0.9151078
0.03954217,0.031006709,0.92945117
0.03580756,0.03436861,0.9298238
0.033196073,0.043806195,0.9229978
0.058314066,0.036599077,0.9050868
0.09245971,0.064736664,0.8428036
0.07179414,0.06460773,0.8635981
0.8664373,0.006712948,0.12684971
0.046617545,0.035154425,0.91822803
0.9638255,0.0150259305,0.021148613
0.4202834,0.14883573,0.43088084
0.04054719,0.018401412,0.94105136
0.40176135,0.145864,0.45237458
0.017931009,0.102783546,0.8792855
0.051449418,0.047212638,0.90133804
0.424345,0.026327372,0.5493276
0.061035473,0.14570332,0.79326123
0.041809183,0.04217827,0.9160125
0.03328688,0.025697002,0.9410161
0.05250174,0.030415367,0.9170829
0.015753996,0.026563944,0.957682
0.044922963,0.017747384,0.9373296
0.028666485,0.014584327,0.95674914
0.047295246,0.022037333,0.9306674
0.058047574,0.04275982,0.8991927
0.048089392,0.07843886,0.8734717
0.30262807,0.018379485,0.6789925
0.9770107,0.007802307,0.015186929
0.033121727,0.014856415,0.95202184
0.036771115,0.015815059,0.94741386
0.04857907,0.47530398,0.47611699
0.07494546,0.050859418,0.87419516
0.039550014,0.032628406,0.92782164
0.036597468,0.018619284,0.9447833
0.038855605,0.023429431,0.937715
0.029835641,0.03289629,0.937268
0.041012663,0.022804704,0.9361826
0.033757497,0.023961037,0.9422815
0.038039956,0.020321593,0.94163847
0.04231579,0.03147715,0.926207
0.04033782,0.041577656,0.9180845
0.11963501,0.048716027,0.8316489
0.05067386,0.028012108,0.921314
0.06658057,0.07670865,0.8567108
0.030073965,0.5881173,0.38180867
0.03109984,0.05468863,0.9142116
0.87487173,0.033007458,0.0921208
0.009932171,0.97811073,0.011957108
0.03374641,0.018746058,0.9475076
0.16511545,0.05519883,0.7796858
0.06657003,0.049664263,0.88376564
0.04564575,0.056145236,0.898209
0.06559951,0.054543458,0.8798571
0.015090747,0.030070208,0.954839
0.03450493,0.033804517,0.9316905
0.023518624,0.020373559,0.9561078
0.8251411,0.008200755,0.16665821
0.03343011,0.16763043,0.79893947
0.2072943,0.011530312,0.7811754
0.02867931,0.032656983,0.93866366
0.034460485,0.031407285,0.9341322
0.03803935,0.048416086,0.91354454
0.031066872,0.025780508,0.94315255
0.031185588,0.0706908,0.89812356
0.060948405,0.022182096,0.9168695
0.09774398,0.017354228,0.8849018
0.03351486,0.42373076,0.5427544
0.16270407,0.45210102,0.38519487
0.10458285,0.04586769,0.8495495
0.924314,0.028713638,0.046972375
0.06857355,0.41334954,0.5180769
0.24509664,0.13260765,0.6222956
0.044251125,0.7044363,0.25131252
0.046803437,0.098504014,0.8546925
0.04267833,0.05280373,0.90451795
0.12411645,0.11017607,0.76570755
0.29907435,0.03472194,0.66620374
0.054681145,0.05935582,0.885963
0.028573861,0.14811665,0.8233095
0.031816978,0.013511682,0.9546713
0.052285366,0.10592924,0.84178543
0.048811726,0.13242514,0.81876314
0.11247455,0.17729324,0.7102322
0.06089773,0.09432024,0.84478205
0.0488298,0.026213393,0.9249568
0.025770746,0.11370587,0.86052334
0.16710146,0.02669875,0.8061998
0.22536686,0.027702931,0.74693024
0.022491496,0.012703127,0.9648053
0.032772817,0.068371154,0.89885604
0.057650596,0.05495689,0.88739246
0.85562027,0.064639054,0.07974067
0.59357107,0.0555216,0.35090733
0.17602964,0.0400522,0.78391826
0.064602405,0.5093794,0.42601824
0.052378,0.030911949,0.91671014
0.09365175,0.048919152,0.8574291
0.29240945,0.06810998,0.6394806
0.85736394,0.080118045,0.062517986
0.740774,0.062925495,0.19630054
0.046443883,0.036064718,0.9174914
0.029301412,0.080274194,0.8904244
0.07172947,0.08584893,0.84242153
0.32487574,0.2628356,0.41228873
0.044969488,0.042039156,0.9129913
0.041789044,0.03995334,0.9182576
0.108218804,0.15745743,0.7343238
0.042949393,0.04589833,0.91115224
0.045984417,0.030393846,0.9236218
0.06307906,0.775528,0.16139291
0.0794083,0.36628494,0.55430675
0.053298898,0.09110826,0.85559285
0.04951947,0.02700226,0.9234782
0.81204134,0.07638465,0.11157399
0.56090635,0.21954685,0.21954685
0.12945805,0.67467815,0.19586375
0.19532965,0.19024667,0.6144237
0.04502911,0.06325366,0.89171726
0.09835087,0.18536568,0.7162835
0.06927455,0.02796213,0.90276337
0.31798095,0.18565786,0.49636123
0.032452025,0.22460273,0.74294525
0.038265694,0.08140499,0.88032925
0.03490495,0.04173498,0.92336005
0.03527305,0.015082118,0.94964474
0.93109924,0.0086171,0.06028366
0.038394917,0.038620543,0.92298454
0.10980502,0.030298816,0.8598962
0.1374213,0.048262972,0.8143158
0.053608652,0.044967014,0.90142435
0.040941965,0.039876547,0.9191815
0.057258062,0.018643513,0.9240983
0.048707265,0.16558109,0.7857117
0.02574882,0.026722293,0.9475289
0.032062165,0.02543768,0.9425002
0.053606335,0.030813605,0.9155801
0.04640428,0.044020586,0.90957516
0.040958486,0.07125535,0.88778615
0.049869005,0.050506145,0.89962476
0.06818791,0.009614601,0.92219746
0.59739155,0.03925342,0.363355
0.023401514,0.014976939,0.9616215
0.056710184,0.017245032,0.92604476
0.021321537,0.03225846,0.94642
0.03121796,0.040280856,0.9285012
0.030098218,0.044482283,0.92541957
0.03211785,0.035655525,0.93222666
0.06506223,0.051569086,0.88336873
0.053274143,0.035040542,0.9116853
0.03426847,0.023096807,0.9426347
0.01952757,0.047814794,0.9326576
0.04767206,0.018815069,0.9335129
0.029889463,0.04661125,0.92349935
0.027474444,0.012493023,0.9600326
0.10321122,0.021570956,0.8752178
0.026664067,0.025097543,0.9482384
0.04769009,0.029323682,0.9229862
0.02614701,0.031202326,0.9426507
0.07250188,0.015316415,0.9121817
0.03512768,0.05537164,0.9095006
0.01632902,0.03741402,0.946257
0.25284752,0.024743622,0.72240883
0.06953696,0.041807234,0.88865584
0.06019652,0.040414035,0.89938945
0.06148301,0.031494584,0.9070225
0.07746107,0.03474438,0.8877946
0.03344453,0.035740856,0.93081456
0.029665465,0.022812033,0.94752246
0.059273534,0.029688405,0.91103804
0.03915967,0.02222552,0.9386148
0.03222437,0.023278441,0.9444971
0.046602793,0.033665214,0.91973203
0.06331244,0.071602404,0.8650852
0.02541238,0.15213789,0.8224496
0.14012274,0.053132687,0.8067445
0.029542033,0.011082257,0.95937574
0.035949446,0.02871743,0.93533313
0.0336018,0.040294714,0.9261035
0.027453737,0.2118154,0.76073086
0.048939407,0.060846623,0.89021397
0.023027591,0.027939808,0.94903255
0.032288555,0.027780166,0.9399312
0.02889795,0.02435829,0.9467438
0.050291087,0.033566583,0.9161422
0.050032437,0.042090416,0.90787715
0.09543007,0.02443677,0.8801332
0.27242848,0.0506656,0.676906
0.07497131,0.032848638,0.8921801
0.036423355,0.02328815,0.9402885
0.034901842,0.01992535,0.9451728
0.027449938,0.02639835,0.94615173
0.10934039,0.030630767,0.86002886
0.029619804,0.03259459,0.93778557
0.044497713,0.025230534,0.9302718
0.03583287,0.03821847,0.9259487
0.031099288,0.01921593,0.94968486
0.9706488,0.002663197,0.026688019
0.03533749,0.01884105,0.9458214
0.050017077,0.039721623,0.9102612
0.03891252,0.030216446,0.93087095
0.053920005,0.043836653,0.9022434
0.049869247,0.030964518,0.91916627
0.015516564,0.035691623,0.9487918
0.046849262,0.050854392,0.90229636
0.033632163,0.14152756,0.8248403
0.96601284,0.0028435467,0.03114354
0.06206572,0.105474286,0.83246
0.023445914,0.01592639,0.9606277
0.031117357,0.011193182,0.95768946
0.04649038,0.027896555,0.92561305
0.12602225,0.13207018,0.74190754
0.032005258,0.022562534,0.9454323
0.039534684,0.015633937,0.9448314
0.026904246,0.026538918,0.9465568
0.01632384,0.011496477,0.9721797
0.020871999,0.02044832,0.9586797
0.03315514,0.028637394,0.9382075
0.03224185,0.032845676,0.9349124
0.046373226,0.04021114,0.9134156
0.030937737,0.026154151,0.94290817
0.034880836,0.04689148,0.91822773
0.48068517,0.04619758,0.4731173
0.037039727,0.015127029,0.9478332
0.03121079,0.0138361845,0.95495313
0.044904772,0.025436489,0.9296587
0.06910936,0.016097419,0.9147932
0.05280626,0.018464472,0.9287292
0.068658635,0.030467087,0.90087426
0.032519285,0.012476233,0.9550045
0.032861587,0.029028587,0.9381098
0.31735545,0.072845645,0.60979885
0.056015886,0.25276783,0.6912163
0.09221677,0.05228759,0.85549563
0.04158737,0.02928896,0.9291237
0.029997047,0.029503157,0.9404998
0.0502087,0.037825566,0.9119657
0.029693743,0.012573121,0.9577331
0.046144776,0.023385035,0.93047017
0.027865957,0.039374124,0.93276
0.09009842,0.028797187,0.8811044
0.049139794,0.017300302,0.9335599
0.02217422,0.0585927,0.91923314
0.03373004,0.011794197,0.95447576
0.027194206,0.013240461,0.9595654
0.022619367,0.023065496,0.9543152
0.044703245,0.020728124,0.93456864
0.038241465,0.019742774,0.94201565
0.025981497,0.018860543,0.955158
0.04086812,0.100558616,0.8585733
0.021055413,0.05612753,0.9228171
0.020017289,0.03783804,0.94214463
0.024300402,0.027509086,0.9481905
0.03405803,0.018052787,0.9478892
0.035245474,0.04234841,0.9224061
0.03931076,0.03667746,0.9240118
0.034470253,0.03295605,0.93257374
0.3291569,0.066676654,0.6041664
0.028778978,0.020051762,0.95116925
0.018846344,0.0145207215,0.96663296
0.04490181,0.019124351,0.93597376
0.056831643,0.030419787,0.9127485
0.10546471,0.022203967,0.8723314
0.033250876,0.022149857,0.9445992
0.054684583,0.016775863,0.92853963
0.036209106,0.031767745,0.9320231
0.035881717,0.23420678,0.72991145
0.018531054,0.019803414,0.9616656
0.034772098,0.030896755,0.9343311
0.0629748,0.037457366,0.8995678
0.046767123,0.040119406,0.9131135
0.03772784,0.09346854,0.8688036
0.023799455,0.036610194,0.93959033
0.08654098,0.036005255,0.87745374
0.051536392,0.04999959,0.898464
0.047678035,0.061880987,0.890441
0.03922643,0.023309082,0.93746454
0.044078488,0.024461605,0.9314599
0.032372274,0.028933426,0.93869424
0.044262316,0.028577896,0.92715967
0.04104542,0.019275215,0.9396794
0.02407511,0.034688663,0.94123626
0.07152908,0.024123589,0.9043474
0.026953846,0.038534265,0.9345119
0.03523775,0.019766586,0.9449957
0.051535178,0.02511624,0.9233486
0.04947961,0.047398563,0.9031219
0.025996793,0.020147705,0.9538555
0.046358638,0.034249548,0.9193918
0.033365157,0.054209907,0.912425
0.08659735,0.025461007,0.8879416
0.1718291,0.024275538,0.80389535
0.05193459,0.02660342,0.92146206
0.03304253,0.047331233,0.91962624
0.030650936,0.057712603,0.9116365
0.033227343,0.059003215,0.9077694
0.025340756,0.029309796,0.9453494
0.0220112,0.04751677,0.93047214
0.10965369,0.12547328,0.7648731
0.03904021,0.022462737,0.938497
0.035155155,0.023903599,0.94094115
0.041278366,0.0552216,0.90349996
0.042405635,0.035744015,0.92185026
0.022704642,0.019382419,0.957913
0.024028935,0.044760633,0.9312104
0.045150734,0.03638608,0.9184632
0.057960022,0.021115089,0.9209249
0.048761487,0.021239998,0.9299985
0.03846713,0.019494193,0.9420386
0.16130441,0.053977475,0.78471816
0.068117656,0.044195335,0.887687
0.045038946,0.030683914,0.9242771
0.017853284,0.01874666,0.9634
0.040897902,0.047165222,0.91193694
0.030610988,0.045505963,0.9238831
0.037861917,0.06957075,0.8925674
0.14699219,0.09753616,0.7554717
0.023724258,0.06758411,0.90869164
0.033263665,0.056197923,0.9105384
0.04689308,0.03574412,0.91736275
0.03310304,0.04107688,0.92582
0.043738816,0.0310761,0.925185
0.046341617,0.033706173,0.9199522
0.23123337,0.012707372,0.7560593
0.05564628,0.055864077,0.8884897
0.03452411,0.020434894,0.945041
0.037354182,0.0629241,0.89972174
0.06254987,0.2281286,0.7093215
0.076648794,0.020954615,0.9023967
0.03496507,0.023681667,0.94135314
0.07718053,0.029123276,0.8936962
0.04628982,0.012075422,0.94163465
0.038451083,0.016217738,0.94533116
0.017657889,0.018254027,0.964088
0.03722175,0.044985775,0.9177925
0.026416995,0.062145375,0.9114377
0.01706232,0.06401632,0.91892135
0.032322668,0.037715293,0.92996204
0.027643459,0.029715084,0.9426415
0.03936374,0.019890215,0.94074607
0.047748577,0.04334839,0.90890294
0.06305036,0.027464084,0.9094855
0.02849567,0.01859689,0.95290744
0.032195516,0.05139806,0.9164064
0.11408652,0.029228395,0.8566851
0.057249695,0.018786987,0.92396325
0.06921401,0.022624632,0.90816134
0.046705313,0.026122663,0.92717206
0.046260178,0.113493145,0.8402467
0.02580511,0.016211629,0.95798326
0.050398994,0.14371367,0.80588734
0.046388686,0.021869708,0.93174165
0.04244177,0.025868237,0.93169004
0.032913864,0.028401248,0.938685
0.033066887,0.028477613,0.9384555
0.04544789,0.025518864,0.9290332
0.04086705,0.036241576,0.92289144
0.047738068,0.018368755,0.9338931
0.051730152,0.0716101,0.87665975
0.03683558,0.036979754,0.92618465
0.03125013,0.020959865,0.9477899
0.045595296,0.034115966,0.9202887
0.033528764,0.014907385,0.95156384
0.030321555,0.041933186,0.9277453
0.04016817,0.042926144,0.9169056
0.032536168,0.03409761,0.9333662
0.03336131,0.023518503,0.9431202
0.025466233,0.020784935,0.9537488
0.03409222,0.03177744,0.93413043
0.054701425,0.015565451,0.9297331
0.06483986,0.04443337,0.89072675
0.051585328,0.022360584,0.92605406
0.03956967,0.15392436,0.806506
0.08076011,0.018161349,0.9010786
0.032751214,0.03593506,0.9313137
0.033608723,0.011626213,0.9547651
0.037334986,0.021169217,0.9414958
0.047795206,0.028989257,0.92321557
0.041441757,0.020858586,0.9376996
0.06763777,0.009980093,0.9223821
0.044265267,0.5450855,0.41064927
0.034352455,0.025305191,0.94034225
0.036912102,0.027699938,0.93538797
0.03247179,0.024107432,0.94342077
0.035416707,0.017566817,0.9470164
0.027091477,0.026257958,0.9466506
0.04605224,0.043304347,0.91064346
0.036750585,0.0746016,0.88864785
0.017994154,0.04363193,0.9383739
0.02099905,0.05414918,0.9248518
0.05035743,0.032291703,0.9173508
0.031234253,0.026071722,0.9426941
0.015637897,0.022531891,0.9618302
0.03102111,0.028134925,0.94084394
0.09208055,0.020525891,0.8873936
0.038580846,0.031243721,0.93017536
0.06342361,0.019918185,0.9166582
0.036319457,0.024241274,0.93943936
0.23950984,0.04944979,0.7110403
0.023949744,0.15816724,0.8178831
0.0438533,0.04292119,0.9132255
0.039700516,0.027126329,0.9331732
0.0638877,0.04985306,0.88625926
0.026903106,0.05211092,0.92098606
0.061060205,0.03551191,0.9034279
0.02582833,0.040278096,0.9338936
0.57009685,0.01362518,0.41627792
0.073501594,0.02051056,0.9059878
0.054905575,0.20379983,0.74129456
0.06236717,0.035362653,0.9022702
0.27592522,0.16094576,0.56312907
0.033385735,0.029233526,0.93738085
0.0605002,0.017744651,0.9217551
0.095993385,0.036649093,0.8673575
0.0578625,0.025451649,0.9166859
0.09755478,0.043078814,0.8593664
0.026171515,0.022894174,0.9509343
0.072664686,0.021105368,0.9062299
0.038913056,0.01276966,0.9483173
0.02922435,0.14863105,0.82214457
0.044983685,0.028260244,0.9267561
0.029338632,0.32156262,0.64909875
0.10080615,0.009449973,0.8897439
0.046557967,0.043524124,0.90991795
0.057555426,0.036835402,0.9056092
0.024863468,0.034824237,0.9403123
0.069124274,0.055651505,0.8752243
0.09381088,0.035054564,0.8711345
0.02308744,0.040165145,0.93674743
0.02259418,0.039848115,0.9375577
0.058784924,0.016260343,0.9249548
0.020778539,0.030410258,0.9488111
0.06483366,0.045393985,0.88977236
0.4401484,0.045705535,0.5141461
0.049078327,0.015793974,0.93512774
0.037987996,0.017979339,0.94403267
0.08745711,0.022329625,0.8902133
0.03414263,0.023928685,0.9419286
0.055815626,0.028285984,0.9158984
0.34768218,0.05274909,0.5995687
0.033044573,0.029133268,0.9378222
0.05287588,0.021700216,0.9254239
0.033960525,0.032787345,0.93325204
0.093991846,0.021178225,0.88482994
0.041415658,0.027859518,0.93072486
0.033659678,0.028622447,0.93771785
0.07074395,0.02252297,0.90673316
0.0878616,0.029951846,0.8821865
0.01653667,0.1557506,0.8277128
0.03298607,0.034501657,0.9325123
0.035201814,0.06925917,0.89553905
0.037427656,0.15131783,0.81125444
0.042199854,0.03952712,0.91827303
0.14943796,0.03637186,0.8141901
0.034561828,0.017515084,0.94792306
0.19137998,0.0337476,0.77487236
0.03036664,0.033221208,0.9364121
0.020235512,0.098924115,0.8808404
0.11003274,0.045778967,0.8441882
0.03074179,0.11157372,0.8576845
0.038167864,0.032583006,0.92924905
0.051696897,0.17420653,0.77409655
0.021418117,0.06161331,0.9169685
0.04697948,0.024041682,0.9289788
0.04808584,0.041049745,0.91086435
0.06072065,0.03382915,0.90545017
0.037798386,0.013662957,0.9485387
0.027681818,0.032048818,0.9402694
0.03367351,0.01716519,0.94916123
0.043145288,0.037964195,0.9188905
0.040041447,0.031551905,0.92840666
0.05412472,0.13304734,0.81282794
0.019774184,0.013392955,0.96683294
0.026385294,0.030697279,0.9429174
0.059106737,0.045629565,0.89526373
0.029639535,0.016241126,0.9541194
0.082306445,0.03367968,0.88401395
0.046769407,0.012924134,0.9403064
0.0585535,0.037952945,0.9034936
0.11702538,0.02625252,0.85672206
0.046847604,0.01586146,0.93729085
0.060979772,0.014483965,0.92453617
0.027339444,0.033991277,0.9386693
0.1461373,0.02350935,0.8303533
0.06403389,0.039837275,0.8961289
0.028807284,0.029260933,0.9419319
0.1833032,0.23330641,0.58339036
0.034012616,0.033127517,0.93285984
0.019961959,0.021966787,0.9580713
0.05022799,0.026701944,0.9230701
0.034081515,0.025675878,0.9402425
0.04316559,0.07186642,0.884968
0.026136406,0.015821598,0.95804197
0.036053255,0.029569836,0.9343769
0.1000854,0.030227685,0.86968684
0.99317896,0.0031181474,0.0037028915
0.99415994,0.0032014914,0.0026386238
0.3032978,0.039474417,0.65722775
0.9669952,0.008914419,0.024090335
0.012087811,0.9782372,0.009674961
0.03421847,0.030021273,0.93576026
0.16797234,0.03981908,0.7922086
0.05499154,0.024835087,0.9201734
0.034171976,0.034982346,0.9308457
0.051962417,0.06485801,0.88317955
0.045643207,0.033101078,0.9212557
0.025025135,0.02298679,0.9519881
0.04389933,0.028426697,0.927674
0.031456765,0.018205779,0.95033747
0.035397444,0.035501298,0.9291012
0.023264933,0.026311183,0.95042396
0.030873133,0.08433265,0.8847942
0.039402466,0.028077293,0.9325203
0.034760248,0.017444447,0.9477953
0.15921685,0.24253976,0.59824336
0.03129936,0.018490007,0.9502106
0.09992098,0.019868694,0.88021034
0.036754355,0.037296712,0.925949
0.037060205,0.027460236,0.9354796
0.027942767,0.021996878,0.9500603
0.045716856,0.02430376,0.9299793
0.03621207,0.048823938,0.914964
0.040238496,0.017630473,0.9421311
0.02611118,0.0232919,0.9505969
0.061895605,0.108736314,0.8293681
0.026811423,0.052648235,0.92054033
0.052423246,0.030074751,0.917502
0.04446335,0.11657472,0.8389619
0.019956723,0.009985992,0.97005725
0.035840094,0.034399834,0.9297601
0.041272298,0.024862373,0.93386525
0.036679104,0.041970752,0.9213501
0.12413715,0.022137346,0.85372555
0.032531984,0.028737428,0.93873054
0.07474155,0.04445622,0.8808022
0.057265364,0.02571089,0.9170238
0.04468831,0.015564994,0.93974674
0.048118934,0.02693961,0.9249415
0.035028234,0.04376396,0.92120785
0.047636595,0.015894052,0.9364694
0.08141402,0.027780997,0.89080507
0.04771893,0.037711933,0.9145692
0.032012593,0.023261355,0.94472605
0.044467267,0.03852081,0.917012
0.039736424,0.03079602,0.9294676
0.03179788,0.028895803,0.9393064
0.029407157,0.026723275,0.9438696
0.029589865,0.032657176,0.93775296
0.026814431,0.072110385,0.9010752
0.07236607,0.031276602,0.8963573
0.038200345,0.022632957,0.9391667
0.08252785,0.023255326,0.89421684
0.028139587,0.02625461,0.9456059
0.04900405,0.029062308,0.92193365
0.06068775,0.025471948,0.9138403
0.05128955,0.018021919,0.9306885
0.03223222,0.04492515,0.9228426
0.025178052,0.027250562,0.9475714
0.023195721,0.012403655,0.9644007
0.021956056,0.04535992,0.93268394
0.048846595,0.023163805,0.92798966
0.062986925,0.0123304,0.9246826
0.018843569,0.047141973,0.93401444
0.08930944,0.02094525,0.88974535
0.029659085,0.025793435,0.9445474
0.070279524,0.052380543,0.87733996
0.4822248,0.0073239845,0.51045126
0.088720195,0.01523764,0.89604217
0.08811657,0.014957653,0.8969258
0.14584531,0.19876371,0.655391
0.29856592,0.05674629,0.6446878
0.04085528,0.06490514,0.89423954
0.04885793,0.028359767,0.9227823
0.030053869,0.037732825,0.9322133
0.026390815,0.0323347,0.94127446
0.045345265,0.026813759,0.927841
0.039975744,0.033141054,0.92688316
0.04188598,0.03862487,0.91948915
0.02155592,0.041957874,0.9364862
0.039470363,0.039086793,0.9214429
0.03491501,0.024161313,0.94092375
0.050330088,0.11364234,0.83602756
0.027878739,0.027933242,0.944188
0.054687675,0.02932943,0.9159829
0.04787324,0.03996055,0.9121663
0.16752364,0.034435675,0.7980407
0.030214224,0.024325274,0.94546056
0.04420815,0.04144868,0.91434324
0.042510685,0.04945795,0.90803134
0.034136515,0.06503326,0.90083027
0.053929806,0.015926057,0.93014413
0.047837872,0.02812243,0.9240397
0.042180624,0.021861658,0.93595773
0.043756768,0.033386067,0.9228572
0.03321171,0.037928965,0.9288593
0.030443085,0.05342928,0.9161276
0.067579016,0.029988008,0.902433
0.0687287,0.042591352,0.8886799
0.06748859,0.061569188,0.87094223
0.038890995,0.019786138,0.94132286
0.077164516,0.0152540635,0.9075815
0.062095556,0.01736159,0.9205428
0.03930363,0.01678912,0.9439072
0.04709973,0.028791491,0.9241088
0.1386377,0.02771575,0.83364654
0.02168276,0.028004827,0.9503125
0.07628714,0.023818009,0.89989483
0.03482467,0.030344967,0.9348303
0.03253406,0.026840305,0.94062567
0.06904003,0.016191578,0.9147684
0.024705468,0.03086679,0.9444278
0.05107059,0.01858708,0.9303423
0.03659244,0.099080764,0.86432683
0.10303774,0.03001499,0.8669473
0.05976569,0.13627166,0.80396265
0.33707526,0.046871316,0.6160534
0.03722665,0.04486008,0.9179133
0.07775727,0.021868283,0.9003745
0.06580631,0.016851015,0.9173428
0.03375138,0.025057413,0.94119114
0.049495798,0.030167663,0.92033654
0.04619027,0.036862075,0.9169477
0.036197376,0.09279501,0.8710076
0.035811737,0.03334763,0.93084073
0.055797238,0.031730272,0.9124725
0.03328808,0.052831814,0.9138801
0.03413677,0.03324844,0.9326148
0.033667766,0.026555479,0.9397768
0.024691306,0.02680216,0.94850653
0.03384028,0.105258316,0.8609014
0.022831434,0.018598117,0.9585704
0.028348085,0.024605203,0.94704676
0.27272826,0.025801785,0.7014699
0.03144302,0.026947219,0.9416098
0.03352154,0.021600902,0.94487756
0.034381498,0.02906544,0.936553
0.04456422,0.02468291,0.93075293
0.026359048,0.032580882,0.94106
0.035824675,0.021101415,0.943074
0.033856124,0.024793869,0.9413501
0.017666485,0.02901355,0.9533199
0.053958904,0.044908583,0.9011326
0.15481494,0.052416567,0.79276854
0.04561311,0.038223002,0.91616386
0.05229044,0.03520914,0.9125004
0.032465093,0.028903263,0.9386317
0.04448862,0.017219024,0.9382924
0.022618495,0.017495293,0.95988625
0.04407744,0.019925551,0.93599695
0.035535492,0.029003223,0.9354613
0.07909493,0.021878242,0.8990268
0.06105228,0.016020032,0.9229277
0.04195692,0.014233362,0.9438097
0.028742762,0.016635034,0.9546222
0.047576446,0.018961601,0.933462
0.06372603,0.016143963,0.92013
0.042124636,0.024072316,0.9338031
0.026755067,0.04381114,0.92943376
0.070728846,0.04804484,0.8812263
0.15893438,0.013174158,0.82789147
0.032933936,0.02872549,0.93834054
0.038232595,0.031851076,0.9299163
0.0396675,0.027024481,0.933308
0.030206643,0.06520872,0.90458465
0.07102332,0.058650848,0.87032586
0.047496747,0.057180222,0.8953231
0.058879785,0.029926367,0.91119385
0.055692516,0.02685236,0.91745514
0.09843194,0.018667193,0.8829009
0.03216328,0.03337926,0.9344575
0.038076226,0.022144694,0.93977904
0.079059176,0.030183822,0.890757
0.034453977,0.024265086,0.9412809
0.031937517,0.024631245,0.9434313
0.034014814,0.033065017,0.93292016
0.028042268,0.01758271,0.954375
0.03339128,0.023562633,0.9430461
0.05385193,0.014622002,0.931526
0.02690152,0.04675481,0.9263437
0.9926483,0.006444758,0.0009069478
0.5219658,0.034269616,0.44376463
0.98564494,0.005625335,0.008729722
0.47879118,0.04805347,0.47315535
0.9084131,0.05254141,0.039045457
0.95474,0.0058917226,0.03936836
0.94031,0.011152228,0.04853778
0.9845926,0.0076209405,0.0077864435
0.9925585,0.0028540057,0.0045874887
0.9816096,0.004805965,0.013584374
0.9573734,0.029595757,0.013030835
0.82377446,0.02657085,0.14965466
0.9918534,0.004870366,0.0032762017
0.9344647,0.011671633,0.053863775
0.9705353,0.0055445125,0.023920188
0.99260324,0.004912276,0.0024845626
0.95449066,0.029134413,0.016374875
0.8777354,0.08857841,0.0336863
0.9714414,0.005890331,0.022668323
0.088459395,0.15939906,0.75214154
0.9932609,0.004905939,0.0018332154
0.9925662,0.004193337,0.00324036
0.31462875,0.060077276,0.625294
0.9640898,0.014797032,0.021113135
0.41613352,0.05581792,0.5280485
0.8818568,0.10573499,0.012408203
0.79325527,0.033338454,0.17340629
0.9886903,0.007973062,0.0033366752
0.9752706,0.006988308,0.017741013
0.8406155,0.018009018,0.14137551
0.97529364,0.012979909,0.011726371
0.15820335,0.7653691,0.07642747
0.9822678,0.007340299,0.010391994
0.96373516,0.023845553,0.012419329
0.95281976,0.010772579,0.03640759
0.101430446,0.15256281,0.7460067
0.98082113,0.0034487073,0.015730124
0.98343915,0.004396899,0.012163962
0.93631124,0.0082766,0.05541218
0.35526967,0.096087575,0.54864275
0.1709494,0.040130988,0.78891957
0.9905158,0.0036857568,0.005798509
0.90487826,0.03312152,0.062000126
0.2599115,0.5495614,0.19052708
0.9907923,0.008572033,0.0006356815
0.99076813,0.00840603,0.0008258326
0.9699228,0.013009672,0.017067522
0.98593014,0.0046831737,0.009386651
0.9935427,0.00395086,0.0025064193
0.9541867,0.021454567,0.024358736
0.9870062,0.0099251,0.0030686532
0.96048445,0.023419539,0.016095998
0.9940807,0.0049099885,0.0010092831
0.9864547,0.0111637525,0.0023815471
0.9871481,0.0048757466,0.007976188
0.06644428,0.83342063,0.100135066
0.9949109,0.0042114602,0.0008776127
0.9942275,0.0047410703,0.0010313538
0.9958989,0.003374158,0.000726868
0.9939599,0.005185351,0.0008547922
0.9934638,0.005725602,0.00081047846
0.99515414,0.004196067,0.00064980256
0.9915388,0.005850023,0.0026111873
0.9982474,0.0013479424,0.00040472567
0.9936982,0.00540103,0.00090084155
0.99423945,0.0051163784,0.0006441531
0.9943796,0.004267154,0.0013532506
0.99594253,0.003400771,0.0006566992
0.99764484,0.0019410127,0.0004140734
0.99640584,0.003349604,0.0002445476
0.99793625,0.0016607209,0.00040302213
0.99621886,0.0031033515,0.00067773304
0.99588484,0.0036411646,0.00047389997
0.9920736,0.0062063844,0.0017200881
0.996216,0.0031645503,0.0006194964
0.9958717,0.0035016274,0.00062658224
0.99483323,0.004625023,0.0005416962
0.992702,0.006137964,0.0011600666
0.99006045,0.006950278,0.0029892772
0.9750357,0.021311183,0.0036530416
0.96789145,0.027323227,0.0047853044
0.979981,0.011817299,0.008201607
0.98620945,0.010102815,0.0036876951
0.9936837,0.0044167466,0.0018996189
0.9954893,0.0029018363,0.0016088184
0.9944898,0.003758819,0.0017514308
0.99528354,0.0032747148,0.0014418374
0.9877864,0.0031871856,0.009026404
0.98254895,0.011551217,0.0058997846
0.99219066,0.004007616,0.0038017526
0.23749352,0.013078509,0.749428
0.9905178,0.0040243706,0.0054578553
0.74504846,0.1257953,0.12915628
0.9976407,0.0019524113,0.00040685668
0.994279,0.003183169,0.0025378435
0.9944443,0.0037733582,0.0017824082
0.9889204,0.008179998,0.0028996284
0.95361066,0.0075635556,0.038825747
0.9803904,0.007647932,0.011961592
0.9739405,0.008651367,0.01740811
0.05375938,0.014497429,0.9317432
0.8980641,0.054595333,0.0473407
0.9803176,0.0038679335,0.01581444
0.39609554,0.5041463,0.09975819
0.9729373,0.009774077,0.01728858
0.8099776,0.14910097,0.04092148
0.96885467,0.014797733,0.016347636
0.9730672,0.013545293,0.013387485
0.6692462,0.03930828,0.29144555
0.9925997,0.00579937,0.0016010185
0.869249,0.037234616,0.093516454
0.96750766,0.016404817,0.016087519
0.99494606,0.0031666954,0.0018872304
0.9950487,0.0036310086,0.0013202111
0.99545693,0.0022205014,0.002322525
0.9919538,0.0048329537,0.0032131593
0.9937295,0.0054969825,0.0007735708
0.9935184,0.0049553677,0.0015261329
0.095869794,0.31742975,0.58670044
0.9447495,0.030073794,0.02517672
0.96680397,0.03162898,0.0015670441
0.9914352,0.0028731348,0.005691634
0.9941638,0.0014346004,0.004401653
0.7346795,0.05218108,0.21313944
0.27646342,0.66742444,0.056112126
0.99410594,0.004910113,0.0009840043
0.99520963,0.00413932,0.00065110927
0.9934236,0.0053995377,0.0011768906
0.9929813,0.005939181,0.0010794947
0.99520147,0.00420447,0.00059399585
0.03907881,0.82742196,0.13349928
0.017673604,0.9715649,0.010761538
0.00423893,0.9916686,0.0040924945
0.5416695,0.42776418,0.030566365
0.01013473,0.9816258,0.008239475
0.005115615,0.9921515,0.0027328487
0.007991275,0.9870854,0.0049232817
0.013476683,0.98338425,0.0031390793
0.0071149543,0.9794621,0.013422932
0.06522088,0.31405148,0.62072766
0.022240516,0.878473,0.099286474
0.014599482,0.79477286,0.19062765
0.004216533,0.9922259,0.003557619
0.008152825,0.97225136,0.019595845
0.023902392,0.8851834,0.09091418
0.005534299,0.98016673,0.014298914
0.0066267955,0.9854264,0.007946741
0.027164942,0.044700027,0.92813504
0.0057692183,0.9845503,0.009680511
0.018725628,0.96137995,0.019894434
0.008911754,0.9819295,0.009158798
0.017291058,0.9357987,0.046910256
0.026887773,0.50252736,0.47058484
0.00634291,0.93040407,0.06325299
0.0801743,0.59647596,0.32334968
0.052033488,0.87600684,0.07195971
0.00738909,0.98686755,0.0057434007
0.006429834,0.99034965,0.0032205186
0.13463157,0.8334219,0.03194659
0.03874147,0.7284148,0.23284377
0.029020809,0.5180137,0.45296547
0.0049747596,0.9915793,0.0034459154
0.17113759,0.6957104,0.13315198
0.04000171,0.92884487,0.031153362
0.01329041,0.94825256,0.038457077
0.018712666,0.9416726,0.039614715
0.032386962,0.85654116,0.1110719
0.016162526,0.9739189,0.009918622
0.008616319,0.97474277,0.01664086
0.010335612,0.9874894,0.0021749414
0.0056849285,0.99220324,0.002111892
0.032274872,0.51206374,0.4556614
0.010927714,0.9552808,0.033791468
0.0067512076,0.98162925,0.011619565
0.018573787,0.74301493,0.23841129
0.004812324,0.98771966,0.007468045
0.039803427,0.9157058,0.044490743
0.11917621,0.58296525,0.29785857
0.0141428085,0.9323262,0.053531002
0.013730976,0.96449775,0.021771286
0.02440642,0.65237063,0.32322297
0.00710054,0.98418266,0.008716771
0.003211704,0.9953852,0.0014030896
0.005563176,0.99203944,0.0023973698
0.0050654043,0.9920541,0.0028805486
0.010477748,0.9258378,0.0636845
0.091253005,0.11890019,0.78984684
0.010265844,0.9741416,0.0155925155
0.019595964,0.8385475,0.14185648
0.00730584,0.97861177,0.014082376
0.0073751076,0.98692584,0.0056990418
0.0064824335,0.972469,0.021048523
0.0189944,0.9619369,0.019068742
0.009648693,0.95764637,0.03270492
0.0109950295,0.95368546,0.03531951
0.017049525,0.9520174,0.03093306
0.007224126,0.9867517,0.006024205
0.011011692,0.95980585,0.029182436
0.011473545,0.9730871,0.01543934
0.008747668,0.95634925,0.034903124
0.011711606,0.97501737,0.013270989
0.053655863,0.90133756,0.045006618
0.021190107,0.8818748,0.09693515
0.010235863,0.9846673,0.0050968966
0.005548787,0.9836928,0.0107584195
0.018718068,0.7498843,0.23139766
0.036763817,0.19652382,0.76671237
0.04360692,0.7549536,0.20143954
0.009702556,0.9877565,0.0025409693
0.008678436,0.9865754,0.0047461116
0.012737966,0.98460764,0.002654424
0.0149187315,0.9495022,0.035579093
0.0054810187,0.98987633,0.004642604
0.009572724,0.9879544,0.0024729262
0.00537195,0.9922161,0.0024118877
0.0058618216,0.9858068,0.008331329
0.008831109,0.9797182,0.011450647
0.008302473,0.9872012,0.0044963784
0.01179256,0.94138443,0.046823025
0.025313549,0.6631259,0.31156057
0.014223963,0.91864234,0.06713368
0.0122268535,0.96374047,0.024032708
0.009576738,0.98740387,0.0030193455
0.7836664,0.06426446,0.15206909
0.08337809,0.10560583,0.8110161
0.34305027,0.5201602,0.13678953
0.014258344,0.98121107,0.004530616
0.006295704,0.9820794,0.011624893
0.033815183,0.29440975,0.6717751
0.0046287244,0.9763722,0.018999083
0.02118149,0.969102,0.009716552
0.017281592,0.96969897,0.013019377
0.006707069,0.9116639,0.081629075
0.04338686,0.7411703,0.21544285
0.016394643,0.8650393,0.11856605
0.014391369,0.98074085,0.00486781
0.0072399154,0.9898746,0.0028854695
0.005248013,0.9923114,0.0024405525
0.008408482,0.9690452,0.022546258
0.0064348974,0.9863019,0.0072632665
0.006307727,0.9897372,0.003954992
0.033550102,0.62727475,0.3391751
0.051887758,0.9188348,0.02927744
0.008364309,0.98488843,0.0067472155
0.061543256,0.8968957,0.041561
0.0102872215,0.97807854,0.011634205
0.026060844,0.90134764,0.07259151
0.35354367,0.49979523,0.14666106
0.023637405,0.45071188,0.5256507
0.008097319,0.98660266,0.00529999
0.009593323,0.98237544,0.008031191
0.03462893,0.60311705,0.36225402
0.012126075,0.9861373,0.0017367208
0.007153249,0.9780252,0.014821552
0.010093845,0.9805344,0.009371819
0.008018422,0.98465216,0.0073294304
0.007268411,0.9898963,0.0028352537
0.095021375,0.8137758,0.091202855
0.006676723,0.9899463,0.0033769961
0.00347089,0.99099344,0.0055356445
0.008136371,0.9665064,0.025357205
0.4681077,0.40373117,0.12816113
0.008053009,0.97642446,0.0155225815
0.029723017,0.8962072,0.07406978
0.009474214,0.9873832,0.0031426244
0.0329638,0.83880836,0.12822782
0.01113212,0.97600466,0.01286314
0.0062807165,0.98646194,0.0072573544
0.02989151,0.9566091,0.013499499
0.057023134,0.785069,0.15790787
0.05745415,0.5260218,0.41652405
0.0077593843,0.9907996,0.0014409595
0.0077548265,0.9863571,0.005888049
0.0059498902,0.98799473,0.006055402
0.011512554,0.97069126,0.017796202
0.012100797,0.96882474,0.019074444
0.010524237,0.97648007,0.0129956985
0.01282703,0.93780947,0.04936348
0.010042949,0.96894383,0.021013224
0.05729964,0.52065176,0.42204863
0.007699233,0.987931,0.0043697874
0.010145504,0.95616364,0.03369084
0.008588967,0.98214227,0.009268765
0.0071005905,0.97462523,0.018274205
0.007502807,0.99038094,0.0021162638
0.02561612,0.79146516,0.18291877
0.0075818026,0.99108255,0.0013356565
0.011322431,0.9840036,0.004674023
0.0062498325,0.9758764,0.0178738
0.051353224,0.15664187,0.79200494
0.009351652,0.9803374,0.0103109805
0.009144073,0.98611206,0.004743883
0.007500903,0.99012965,0.0023695019
0.0067338846,0.96770334,0.025562758
0.008398113,0.96313584,0.02846599
0.015535285,0.97056615,0.013898567
0.0071864505,0.9902711,0.0025424673
0.0076748524,0.98865706,0.003668078
0.0041553588,0.99322903,0.0026156383
0.0052589425,0.98856866,0.00617239
0.035802875,0.7453059,0.21889125
0.017588714,0.9307656,0.051645648
0.007763376,0.989375,0.0028615699
0.010740287,0.9820349,0.007224785
0.009555831,0.98044926,0.009994884
0.034021426,0.45642576,0.50955284
0.013134609,0.9649976,0.021867821
0.050822176,0.763278,0.18589981
0.046646353,0.82481027,0.1285434
0.015123896,0.87257785,0.11229831
0.014108547,0.983307,0.0025844565
0.007228233,0.99020946,0.0025622486
0.00998451,0.98518735,0.0048281937
0.010694799,0.987472,0.0018332413
0.012153932,0.9845493,0.0032968423
0.02168067,0.9670716,0.011247782
0.016275676,0.9807371,0.0029872674
0.010718358,0.98771626,0.0015653819
0.008665584,0.98993623,0.001398137
0.015059449,0.9802296,0.0047109816
0.012266236,0.9859141,0.0018196558
0.021592328,0.97353303,0.0048746914
0.018247014,0.97889394,0.0028590395
0.0108458605,0.9839706,0.005183613
0.009051979,0.98576003,0.0051879715
0.009759326,0.9886966,0.0015441498
0.00680556,0.9924353,0.00075910176
0.008814946,0.9894526,0.001732379
0.008102825,0.9911376,0.00075959123
0.008956452,0.9878187,0.003224861
0.03787142,0.9578253,0.004303342
0.025195152,0.97259897,0.002205832
0.041981615,0.9462115,0.011806818
0.012115835,0.98530453,0.0025796103
0.011228941,0.987382,0.0013890926
0.014620783,0.981886,0.0034931484
0.011530149,0.9865203,0.0019495944
0.010944679,0.98713475,0.0019205642
0.015889958,0.98211735,0.0019927497
0.011230057,0.9874801,0.0012898571
0.009919751,0.9884029,0.001677298
0.012414132,0.98617667,0.0014092452
0.0071939887,0.99130976,0.0014962071
0.0096344175,0.9885124,0.0018531822
0.009751012,0.9888193,0.0014296778
0.008954288,0.98951083,0.0015348932
0.010535097,0.9880447,0.001420212
0.008943208,0.99021846,0.0008383722
0.008145592,0.99054784,0.0013065614
0.011561795,0.9872979,0.0011403097
0.00693674,0.99199945,0.0010637834
0.011943253,0.98656476,0.0014919565
0.012391009,0.98626417,0.0013448305
0.010356548,0.9885238,0.0011196426
0.0072270567,0.99198395,0.00078898197
0.008366834,0.990008,0.0016251557
0.013177074,0.9852856,0.0015373203
0.0107833315,0.9878983,0.0013184267
0.010314948,0.9884065,0.0012785203
0.008599301,0.990069,0.001331687
0.009081265,0.9899157,0.0010030933
0.007840301,0.9914029,0.0007568325
0.009345854,0.9893441,0.0013100811
0.012202031,0.98651695,0.0012810705
0.010844942,0.987738,0.0014170008
0.01272815,0.9857723,0.0014995188
0.021837614,0.96743613,0.010726275
0.009565183,0.9881406,0.0022942254
0.010127707,0.97046465,0.019407617
0.012106751,0.9816855,0.006207725
0.011325216,0.9852072,0.003467514
0.008785348,0.98902357,0.0021911215
0.06397413,0.21099576,0.72503006
0.011854842,0.9811761,0.0069691017
0.009502698,0.974046,0.01645129
0.009961537,0.97241825,0.017620163
0.0064396034,0.98413575,0.00942463
0.0072148102,0.98067904,0.012106155
0.005337005,0.9896199,0.0050431155
0.4495915,0.4647699,0.085638605
0.010759315,0.9770726,0.012168112
0.009654555,0.9867166,0.0036288442
0.016557764,0.96987534,0.013566945
0.008332922,0.9898544,0.001812711
0.008385251,0.9902512,0.001363518
0.0073211924,0.9912595,0.001419278
0.008167005,0.97299194,0.018841086
0.02153761,0.7331781,0.2452843
0.0391151,0.5774295,0.3834555
0.056618374,0.62557876,0.31780285
0.00895907,0.9785049,0.012535993
0.0062346053,0.9907623,0.0030031044
0.12548436,0.06775988,0.8067558
0.0052457983,0.9938319,0.00092232856
0.005491543,0.98887575,0.005632762
0.014724874,0.9830993,0.0021758704
0.010740652,0.98783946,0.001419917
0.009731825,0.9811081,0.009160076
0.026401613,0.8687692,0.1048291
0.011822546,0.94285697,0.04532045
0.03527794,0.95722556,0.0074964515
0.016425291,0.8322353,0.15133946
0.0058452236,0.9839759,0.010178853
0.015866527,0.96829796,0.015835568
0.075786725,0.87243015,0.0517831
0.072140366,0.70866895,0.21919064
0.012432467,0.9780352,0.009532303
0.014218971,0.97563905,0.0101420125
0.009750541,0.9887716,0.0014778732
0.008368267,0.9901776,0.0014541867
0.039019983,0.9248219,0.036158133
0.010776071,0.96436375,0.024860134
0.010804666,0.9650361,0.024159206
0.01124173,0.9731811,0.015577141
0.011769487,0.97601604,0.01221445
0.011628873,0.9795416,0.008829517
0.0042356,0.98895615,0.0068082446
0.3288084,0.66648537,0.0047062584
0.008307496,0.99069643,0.0009960721
0.01600252,0.9346099,0.049387604
0.04224531,0.90988445,0.047870215
0.020938557,0.94775146,0.031309955
0.013848202,0.98131895,0.004832776
0.010166728,0.9780166,0.011816668
0.010329934,0.97354525,0.016124798
0.0075908955,0.9787973,0.013611758
0.0106976135,0.9838811,0.005421287
0.011858197,0.9512576,0.03688426
0.009869052,0.9292015,0.06092942
0.014067445,0.9237427,0.062189825
0.006745402,0.9865486,0.0067059933
0.006215881,0.9868226,0.006961457
0.015802702,0.9379316,0.046265647
0.006707031,0.9895962,0.003696747
0.010412725,0.98422724,0.0053600115
0.019165615,0.94904995,0.03178445
0.012356276,0.97870904,0.008934724
0.009392781,0.9703305,0.020276705
0.011450787,0.97115695,0.017392293
0.014280419,0.86937624,0.11634332
0.008890876,0.9844242,0.0066850213
0.02077324,0.9366028,0.04262392
0.007375807,0.9908825,0.0017416726
0.010712562,0.98718214,0.0021053127
0.004958218,0.9940899,0.00095185346
0.008335432,0.99015254,0.0015120767
0.01059753,0.979447,0.009955457
0.005151462,0.99132866,0.0035198596
0.007185937,0.96537495,0.027439117
0.0069755195,0.98785084,0.005173651
0.007889418,0.98985016,0.002260356
0.0109974425,0.9880265,0.0009760784
0.011886877,0.9723656,0.015747553
0.0055634375,0.9940256,0.00041096276
0.015199267,0.98355067,0.001250071
0.011974499,0.9776219,0.010403625
0.013307162,0.97196317,0.014729684
0.011319753,0.9876211,0.0010590884
0.006848583,0.98322564,0.009925782
0.013711887,0.983113,0.003175206
0.015931591,0.9133618,0.07070656
0.0087862,0.99008584,0.001128002
0.0085793445,0.9743586,0.017062064
0.3754849,0.59477264,0.029742405
0.03364069,0.93718874,0.029170506
0.015374581,0.9823446,0.0022807685
0.0127613675,0.98641646,0.00082220533
0.011495405,0.98547053,0.003034104
0.019695073,0.9781294,0.0021754676
0.0120979,0.98480725,0.0030948846
0.005845276,0.97157174,0.022582976
0.039885666,0.08410876,0.87600565
0.0123874955,0.98598444,0.0016280625
0.043123506,0.6708289,0.28604758
0.015152402,0.9786048,0.006242872
0.031635825,0.06612818,0.90223604
0.029188445,0.07160993,0.8992015
0.30378178,0.5776036,0.11861464
0.032950222,0.0721106,0.8949392
0.024280924,0.022720892,0.95299816
0.35249797,0.19928429,0.44821778
0.048390713,0.0959549,0.85565436
0.33239928,0.26192436,0.40567634
0.038436826,0.06337161,0.89819145
0.022747524,0.93840617,0.038846288
0.033733845,0.038337607,0.92792857
0.28170666,0.64451814,0.073775195
0.050768714,0.052842688,0.8963886
0.058914617,0.106472425,0.83461297
0.03299432,0.14787029,0.8191354
0.036059774,0.02756711,0.9363731
0.031302817,0.044014912,0.9246823
0.058522094,0.14204203,0.7994358
0.07858346,0.04932055,0.87209594
0.02736902,0.11032767,0.8623033
0.056438632,0.8081721,0.13538924
0.25970638,0.07268348,0.66761017
0.030304346,0.31763422,0.65206146
0.048481595,0.43169,0.5198284
0.06688008,0.017947871,0.91517204
0.06851582,0.1377316,0.79375255
0.8931491,0.06045398,0.046396967
0.068897314,0.25005472,0.68104804
0.48727748,0.023675904,0.48904657
0.03888561,0.2797143,0.6814
0.092394255,0.45812362,0.4494821
0.11167795,0.62662655,0.26169553
0.57626563,0.030563338,0.39317095
0.09130288,0.58814603,0.3205511
0.036729153,0.044260565,0.9190103
0.9494355,0.012247008,0.038317498
0.027326271,0.048099812,0.9245739
0.040143132,0.38677078,0.5730861
0.057567563,0.03397468,0.90845776
0.09993739,0.5353982,0.36466444
0.014681285,0.90564185,0.079676904
0.050191395,0.09213597,0.85767263
0.04096822,0.13173147,0.82730037
0.05143043,0.5452214,0.4033482
0.12175975,0.10850708,0.7697332
0.14712384,0.033886373,0.81898975
0.21470712,0.028537197,0.7567557
0.14403099,0.19821739,0.65775156
0.049912117,0.046161167,0.90392673
0.1064007,0.03139062,0.8622086
0.8102238,0.01468121,0.1750949
0.07321306,0.5897376,0.33704937
0.02284209,0.12252223,0.85463566
0.07548683,0.041850943,0.8826622
0.5654491,0.09158869,0.3429622
0.122781165,0.05358676,0.823632
0.652128,0.027635688,0.32023633
0.062115934,0.025097106,0.91278696
0.038253885,0.026757726,0.93498844
0.025511688,0.034768336,0.93972003
0.038118526,0.14726931,0.81461215
0.030847806,0.05166035,0.91749185
0.03332324,0.10641939,0.8602574
0.028202964,0.43762854,0.5341684
0.040126674,0.28250644,0.6773669
0.043041267,0.050963245,0.90599555
0.018995224,0.43705183,0.543953
0.06151238,0.15449117,0.78399646
0.014874359,0.32343057,0.66169506
0.04459876,0.25980023,0.69560105
0.08772954,0.07910239,0.833168
0.13278878,0.06365056,0.8035607
0.019226434,0.02030716,0.9604663
0.33919445,0.5104359,0.1503697
0.035180464,0.104110405,0.86070913
0.073467225,0.08656555,0.8399672
0.45461184,0.07168461,0.4737035
0.014085049,0.97212934,0.013785668
0.063775316,0.018076707,0.9181479
0.064780034,0.013472962,0.9217471
0.057452824,0.10567192,0.8368753
0.08066517,0.41125485,0.50808
0.115362,0.03013809,0.85449994
0.027030544,0.049426325,0.92354316
0.05577874,0.06054725,0.88367397
0.025975104,0.018168995,0.95585597
0.038057387,0.025376456,0.9365662
0.014179246,0.9466706,0.039150152
0.08589333,0.021696037,0.8924107
0.03627408,0.038200982,0.925525
0.06456541,0.25786716,0.67756736
0.05380355,0.041495033,0.9047015
0.036156334,0.033178918,0.9306647
0.03014903,0.0981814,0.87166965
0.081038825,0.07657631,0.8423848
0.023336442,0.039929904,0.93673366
0.027188191,0.095035225,0.87777656
0.04098104,0.07334253,0.88567644
0.040158994,0.057356816,0.9024841
0.06349269,0.09606138,0.84044594
0.06552134,0.07895668,0.855522
0.89976066,0.03226567,0.0679737
0.07843748,0.22908182,0.6924807
0.14948918,0.44672832,0.40378252
0.116742186,0.028608905,0.8546489
0.2045727,0.050230708,0.7451966
0.02246901,0.06320079,0.9143302
0.04242031,0.2404448,0.7171349
0.021417866,0.26966608,0.70891607
0.019628555,0.6508024,0.3295691
0.039353102,0.06933716,0.89130974
0.03763299,0.08124038,0.8811267
0.060008287,0.04516412,0.8948276
0.025688916,0.40248045,0.57183063
0.05909155,0.060611125,0.88029736
0.2523659,0.079565704,0.66806847
0.033707894,0.6907318,0.27556026
0.12223109,0.11629253,0.7614764
0.02937217,0.11182797,0.8587999
0.059667982,0.17537396,0.764958
0.016032271,0.058529187,0.9254385
0.022749616,0.11013389,0.8671165
0.013942219,0.8856208,0.10043704
0.037729427,0.04727711,0.91499346
0.043078348,0.27252957,0.68439215
0.048033014,0.37231493,0.5796521
0.04003828,0.0793152,0.8806465
0.039748266,0.076542,0.8837098
0.034505844,0.69222295,0.2732712
0.084333315,0.031729218,0.8839375
0.067739084,0.052089736,0.8801712
0.059083298,0.0969374,0.8439793
0.077379905,0.031849824,0.89077026
0.05540356,0.046928644,0.8976678
0.056294344,0.087702766,0.8560029
0.079988696,0.04137619,0.8786351
0.06449527,0.06324782,0.872257
0.035176553,0.09534005,0.8694834
0.034386717,0.0963458,0.8692674
0.03287839,0.033103917,0.93401766
0.23705262,0.05489331,0.70805407
0.030541545,0.055737346,0.91372114
0.049675226,0.036521066,0.91380364
0.32120192,0.07871391,0.6000842
0.086735696,0.035980698,0.87728363
0.07537414,0.50401735,0.42060852
0.15769522,0.14974089,0.6925639
0.02502258,0.049666237,0.92531115
0.07206343,0.04010934,0.8878272
0.039755132,0.07031966,0.8899251
0.07809206,0.088058874,0.83384913
0.032574553,0.09555512,0.87187034
0.027870538,0.15882525,0.81330425
0.022310534,0.07599328,0.9016962
0.44819814,0.019845689,0.53195614
0.07311558,0.06902193,0.8578625
0.015929777,0.31754574,0.66652447
0.062056325,0.15908659,0.7788571
0.031605817,0.11415084,0.85424334
0.8732468,0.085247435,0.04150573
0.39039397,0.527775,0.08183102
0.038496897,0.02971906,0.931784
0.3376484,0.037213918,0.6251377
0.02323283,0.18684569,0.78992146
0.05709611,0.058450107,0.8844539
0.1552059,0.03829574,0.80649835
0.023031043,0.89515716,0.08181177
0.049359906,0.039972868,0.9106672
0.04718666,0.035100408,0.91771287
0.04157553,0.02774942,0.930675
0.049359906,0.039972868,0.9106672
0.060992766,0.031273983,0.90773326
0.046758976,0.030426648,0.92281437
0.04157553,0.02774942,0.930675
0.037784386,0.0458893,0.9163263
0.04236304,0.035812873,0.92182404
0.41761327,0.040253635,0.54213315
0.17294158,0.05576341,0.7712951
0.048333447,0.12210504,0.8295615
0.17834543,0.06987518,0.75177944
0.06713095,0.40882444,0.52404463
0.070874915,0.064848214,0.8642768
0.05701971,0.016416384,0.92656386
0.087767586,0.5183088,0.39392367
0.024557356,0.047613714,0.9278289
0.05051726,0.03280807,0.9166747
0.024019742,0.03782528,0.93815494
0.035673812,0.05055438,0.9137718
0.048792515,0.21899343,0.7322141
0.024154719,0.02501901,0.95082617
0.04582227,0.01840571,0.93577194
0.018768486,0.0062927976,0.97493863
0.022606153,0.01615589,0.961238
0.057742644,0.024786344,0.917471
0.0527908,0.23429272,0.71291643
0.033536505,0.01374992,0.9527135
0.02969542,0.029206496,0.94109815
0.028687878,0.035114817,0.93619734
0.010471653,0.004552443,0.984976
0.022259854,0.03491722,0.942823
0.025051842,0.042200487,0.9327477
0.029166127,0.025513787,0.9453201
0.04714493,0.009615561,0.9432395
0.00746942,0.008480509,0.98405
0.016951751,0.014989115,0.968059
0.02344265,0.017000929,0.9595564
0.025078919,0.0077539273,0.96716714
0.0151207885,0.0073620905,0.9775171
0.037792947,0.009162604,0.9530445
0.014011091,0.015179219,0.97080964
0.013082897,0.006760856,0.9801563
0.02693812,0.020674352,0.9523876
0.015388101,0.034441378,0.9501705
0.026855748,0.012476891,0.9606674
0.062338334,0.011713026,0.92594856
0.032950312,0.050885145,0.9161646
0.030788675,0.018857535,0.95035386
0.03722652,0.020338777,0.9424347
0.029184353,0.020274723,0.9505409
0.025512142,0.049320225,0.92516756
0.03315905,0.05472345,0.91211754
0.0080434615,0.054967083,0.9369895
0.0248088,0.017506383,0.95768476
0.019037945,0.013046298,0.9679157
0.021640964,0.62028486,0.35807422
0.022101007,0.0111456895,0.96675336
0.047341403,0.056771014,0.8958876
0.24294874,0.030677041,0.7263742
0.01184879,0.010344795,0.9778064
0.016232023,0.01232458,0.9714434
0.037124775,0.025765851,0.9371094
0.019898523,0.031581122,0.94852036
0.050675403,0.020756563,0.92856807
0.06963868,0.04991454,0.88044685
0.04085148,0.022080805,0.93706775
0.042355545,0.030567199,0.9270772
0.040908676,0.0124278,0.94666356
0.06186216,0.021950193,0.9161876
0.026048908,0.46353507,0.510416
0.056711767,0.054432746,0.8888556
0.045521356,0.038370278,0.9161084
0.0717228,0.03204511,0.896232
0.030793551,0.015913203,0.95329326
0.058870602,0.025618393,0.9155111
0.012361592,0.96395,0.023688382
0.05815907,0.05228641,0.88955456
0.043010086,0.03829134,0.91869855
0.06470658,0.37638217,0.5589113
0.03192202,0.040630016,0.92744803
0.055937786,0.025262428,0.91879976
0.04381255,0.028537225,0.9276502
0.03554495,0.025082372,0.93937266
0.032008648,0.011313165,0.9566782
0.016212527,0.856266,0.1275214
0.08114105,0.0687963,0.85006267
0.020293042,0.012380683,0.9673263
0.05983177,0.03215098,0.9080172
0.036640048,0.02575433,0.93760556
0.029302055,0.024674805,0.94602317
0.052485656,0.033394508,0.9141199
0.034793112,0.013732042,0.9514748
0.030086553,0.027528204,0.9423853
0.039350536,0.026625903,0.9340236
0.023768941,0.040590577,0.93564045
0.019861594,0.04896627,0.9311722
0.123318724,0.02858432,0.848097
0.063171275,0.026488459,0.91034025
0.023834048,0.04435427,0.93181175
0.045254834,0.30091885,0.6538263
0.05156445,0.029960018,0.91847557
0.037999455,0.058282748,0.90371776
0.03260105,0.020222697,0.9471763
0.1322499,0.10689026,0.7608599
0.028754912,0.025500331,0.9457447
0.024327558,0.025495058,0.95017743
0.020515637,0.03256055,0.94692385
0.9590389,0.009247286,0.031713802
0.029917354,0.63143766,0.338645
0.09332647,0.4364109,0.4702626
0.04006417,0.030094719,0.9298411
0.042570177,0.02383311,0.9335967
0.028278371,0.012126796,0.9595949
0.032210626,0.020000033,0.9477894
0.04208613,0.017647209,0.94026667
0.03696308,0.38624698,0.5767899
0.033130836,0.02383995,0.9430291
0.037758604,0.031211408,0.93103
0.026472026,0.032119006,0.94140893
0.04997868,0.023424536,0.9265967
0.031184254,0.029467048,0.93934864
0.03686031,0.028151596,0.934988
0.037324406,0.026031202,0.93664443
0.038168807,0.12189396,0.83993727
0.049517695,0.101010114,0.8494722
0.03409222,0.03177744,0.93413043
0.9682869,0.0139610395,0.01775212
0.036139335,0.027252777,0.9366079
0.16763064,0.08503408,0.7473353
0.037624754,0.074098594,0.8882767
0.028950483,0.059809998,0.91123945
0.02078566,0.04113587,0.93807846
0.040402062,0.035550393,0.92404765
0.055793688,0.042862136,0.90134424
0.034157947,0.021648595,0.94419354
0.023483152,0.022782888,0.953734
0.023730207,0.023730207,0.95253956
0.02194507,0.02652256,0.9515324
0.028340708,0.031309094,0.9403502
0.036488924,0.05051165,0.91299945
0.016701592,0.025792258,0.9575062
0.07550625,0.017129757,0.90736395
0.044128004,0.019716002,0.936156
0.049996145,0.0176362,0.93236756
0.067873746,0.02487201,0.9072543
0.036677368,0.022008259,0.9413143
0.029155688,0.030465515,0.94037884
0.029155543,0.020314137,0.95053035
0.020622943,0.014397134,0.9649799
0.03016237,0.02230559,0.947532
0.030154884,0.029920217,0.9399249
0.032414287,0.023994345,0.9435913
0.031335745,0.026594296,0.94207
0.047777444,0.030250791,0.92197174
0.024185803,0.023764376,0.9520498
0.020883635,0.036616143,0.9425002
0.026334615,0.016804816,0.95686054
0.04587873,0.04068602,0.9134353
0.07351739,0.045603435,0.88087916
0.041094918,0.3644909,0.5944142
0.05041758,0.040949196,0.9086332
0.043338794,0.040832482,0.91582876
0.051556315,0.050509777,0.897934
0.059977107,0.021764737,0.9182582
0.04357771,0.029228134,0.9271941
0.030114986,0.032119907,0.9377651
0.038315266,0.030667154,0.9310176
0.031706978,0.03258593,0.93570703
0.032686945,0.034188785,0.93312424
0.03936119,0.028185168,0.9324536
0.03178584,0.027427875,0.94078636
0.03339966,0.02699509,0.9396052
0.040093806,0.02573527,0.9341709
0.03348211,0.023672916,0.942845
0.035352115,0.020281196,0.9443667
0.034068625,0.034268834,0.9316625
0.038472444,0.03938479,0.92214274
0.042391554,0.03426274,0.92334574
0.034827854,0.023843486,0.94132864
0.039603867,0.04303159,0.9173644
0.032776423,0.03428237,0.9329412
0.03603688,0.048968803,0.9149943
0.034775533,0.05333796,0.9118865
0.025496444,0.04900191,0.92550164
0.030791894,0.025229974,0.94397813
0.033541907,0.022851264,0.9436068
0.04994417,0.03399251,0.9160633
0.045940816,0.027701722,0.9263575
0.05304125,0.032139745,0.91481894
0.035257235,0.028413102,0.9363296
0.03459618,0.02575996,0.9396439
0.023914367,0.017090827,0.95899487
0.022084156,0.016605003,0.96131086
0.03639628,0.029503403,0.9341003
0.042197295,0.022388939,0.9354137
0.03043949,0.021690484,0.94787
0.036756657,0.027235322,0.93600804
0.02270385,0.020351598,0.9569445
0.03861591,0.023977164,0.9374069
0.035259712,0.014527193,0.95021313
0.039040446,0.024288157,0.9366714
0.020760428,0.016326904,0.9629126
0.63743883,0.06771251,0.2948487
0.2878097,0.059829496,0.6523608
0.11435607,0.025255984,0.860388
0.05757268,0.51451963,0.4279077
0.08201571,0.02757934,0.89040494
0.02956487,0.01871931,0.9517158
0.040829945,0.06679333,0.8923767
0.041670516,0.024616739,0.9337128
0.03990742,0.06150874,0.8985838
0.024646165,0.027656358,0.9476975
0.041919023,0.06530699,0.892774
0.034494784,0.046736207,0.918769
0.018535178,0.07077558,0.91068923
0.056823652,0.07616647,0.8670098
0.03743928,0.0138135515,0.94874716
0.034307998,0.033875197,0.9318168
0.11786758,0.06715892,0.8149734
0.12498537,0.028368702,0.84664595
0.17644793,0.25299695,0.57055515
0.02573466,0.0151582025,0.9591071
0.032129705,0.33284324,0.6350271
0.029342674,0.040738266,0.929919
0.03344542,0.030244943,0.93630964
0.037770864,0.077010386,0.8852188
0.0131724,0.9086958,0.078131795
0.030077247,0.026908461,0.94301426
0.8196584,0.022680042,0.15766148
0.043000408,0.038507693,0.91849184
0.05692488,0.07112143,0.8719537
0.03540055,0.029956164,0.9346432
0.057698805,0.029992267,0.9123089
0.018442992,0.036535274,0.9450217
0.021261632,0.02478465,0.9539537
0.2589658,0.4370875,0.30394664
0.047244098,0.1710488,0.78170705
0.03901415,0.030413937,0.9305719
0.035865884,0.021817584,0.94231653
0.0449331,0.029352957,0.92571396
0.031185964,0.031246934,0.9375671
0.034027092,0.017093197,0.9488797
0.037138667,0.020812567,0.9420488
0.04185303,0.026733618,0.9314133
0.0355454,0.027818285,0.9366364
0.037366614,0.018497813,0.9441356
0.030498184,0.016087117,0.95341474
0.04051625,0.022816507,0.9366672
0.034017477,0.028422665,0.9375599
0.03047732,0.057722945,0.9117998
0.035615206,0.014846627,0.94953823
0.027610658,0.048175104,0.9242143
0.041055106,0.02726859,0.9316763
0.030219559,0.022304274,0.94747615
0.03758684,0.02652324,0.93588996
0.035669122,0.021676715,0.9426542
0.0442946,0.02967996,0.92602557
0.03497498,0.035283733,0.9297413
0.054082815,0.041832794,0.90408444
0.03557707,0.034247562,0.93017536
0.033467516,0.027772656,0.93875986
0.042342573,0.03537854,0.9222789
0.032604944,0.021954147,0.94544095
0.042706594,0.03342273,0.9238707
0.041723203,0.025207741,0.93306905
0.03679693,0.02616949,0.93703365
0.032830983,0.18063003,0.78653896
0.018356934,0.19803137,0.7836117
0.028161993,0.057279006,0.914559
0.12344858,0.03210928,0.84444225
0.42903575,0.038688187,0.53227603
0.05013866,0.043603785,0.9062576
0.03010986,0.0221583,0.9477318
0.041289523,0.032630824,0.92607975
0.036849253,0.040234543,0.92291623
0.09602918,0.035018027,0.8689528
0.12814066,0.09148861,0.7803708
0.21512622,0.029228115,0.75564563
0.03733064,0.01944268,0.94322664
0.021755908,0.058563974,0.9196802
0.045250714,0.04940784,0.90534145
0.04746309,0.031248884,0.92128795
0.04116312,0.021968573,0.93686825
0.031228421,0.017932974,0.95083857
0.037442744,0.014648478,0.9479088
0.029630912,0.012793976,0.957575
0.03865246,0.027623668,0.93372387
0.034570176,0.030152643,0.9352771
0.0330134,0.021777947,0.9452086
0.015147802,0.9176898,0.06716239
0.026934931,0.06705635,0.9060087
0.032413688,0.033182353,0.93440396
0.053336486,0.041014485,0.90564907
0.033011127,0.03740651,0.92958236
0.04526283,0.025865648,0.9288715
0.038788468,0.024202194,0.93700933
0.06562987,0.038057916,0.8963122
0.053636413,0.031163871,0.9151997
0.05110749,0.02872475,0.92016774
0.04145492,0.0314757,0.9270693
0.029865058,0.01623735,0.9538976
0.032896847,0.026150925,0.94095224
0.037531912,0.02794588,0.9345222
0.05004477,0.0672112,0.882744
0.03845692,0.049621362,0.9119218
0.024582976,0.022735536,0.9526816
0.032477,0.031293884,0.9362291
0.029007163,0.019742569,0.95125026
0.02753259,0.037266873,0.9352006
0.07095117,0.12710324,0.80194557
0.8183409,0.05858978,0.12306932
0.0068143876,0.9802289,0.012956717
0.040399812,0.05964877,0.8999514
0.044563513,0.13726528,0.8181712
0.025560407,0.09599409,0.8784455
0.06219315,0.4353045,0.5025024
0.048302464,0.021413168,0.9302844
0.08222111,0.019021023,0.8987578
0.05513972,0.018596182,0.9262641
0.064593725,0.019893298,0.9155129
0.028212558,0.16442631,0.8073611
0.045216363,0.06676022,0.8880234
0.034037285,0.018650891,0.9473118
0.026860481,0.023496866,0.9496427
0.05904658,0.023602068,0.9173514
0.03260377,0.018289058,0.94910717
0.024729261,0.027159778,0.94811094
0.026415056,0.022200305,0.95138466
0.03170293,0.024450323,0.94384664
0.021648517,0.012714083,0.9656374
0.020289125,0.0087861,0.97092485
0.014001613,0.010144248,0.97585416
0.039130896,0.017432192,0.9434369
0.02889127,0.019021517,0.9520872
0.03740325,0.03762305,0.9249737
0.03251681,0.015344862,0.9521383
0.016949244,0.01418931,0.96886146
0.04757999,0.027057359,0.9253626
0.04687174,0.032594178,0.9205341
0.03628788,0.02049528,0.9432169
0.028402705,0.029190056,0.94240725
0.03438023,0.01713619,0.9484836
0.027438838,0.016577613,0.9559835
0.052110337,0.016967384,0.9309223
0.036585074,0.023551995,0.9398629
0.030858198,0.012913958,0.95622784
0.058183715,0.030780667,0.9110357
0.042583615,0.013438842,0.94397753
0.038093366,0.027197529,0.93470913
0.040543035,0.033090256,0.9263667
0.0408784,0.028733475,0.9303881
0.0351619,0.04191922,0.92291886
0.018035827,0.022866316,0.9590978
0.041450433,0.029768284,0.92878133
0.033402227,0.02139827,0.94519955
0.041035376,0.016758855,0.94220567
0.038852002,0.026262918,0.9348851
0.059369534,0.042264074,0.89836645
0.0690825,0.029337196,0.90158033
0.021444237,0.012643403,0.9659124
0.038642127,0.025144912,0.936213
0.03450368,0.026532508,0.93896383
0.029284729,0.021551073,0.9491642
0.030096045,0.022607032,0.9472969
0.041908503,0.025443627,0.9326479
0.036244087,0.023515483,0.94024044
0.027237423,0.022869112,0.94989336
0.043296725,0.03368661,0.92301667
0.045395844,0.02663477,0.92796934
0.03306672,0.02664781,0.94028544
0.032106414,0.029606715,0.93828696
0.022810122,0.016704546,0.96048534
0.050214272,0.033254493,0.9165312
0.018837541,0.010251799,0.97091067
0.030431228,0.022881141,0.9466877
0.013491976,0.012526875,0.9739812
0.043463547,0.023607654,0.93292874
0.029722307,0.024640659,0.94563705
0.027805377,0.01379157,0.9584031
0.13457963,0.033336345,0.832084
0.03779471,0.025723463,0.93648183
0.01563326,0.033095613,0.9512712
0.024494892,0.022521721,0.9529833
0.030663632,0.013553855,0.95578253
0.029859979,0.021050192,0.9490898
0.053711385,0.03338274,0.9129059
0.05215946,0.016950242,0.93089026
0.02920317,0.030724445,0.9400725
0.025437297,0.023756523,0.95080614
0.037373576,0.028404564,0.93422174
0.04043157,0.028502781,0.9310656
0.044598617,0.036578495,0.91882294
0.037150707,0.03510495,0.9277444
0.03564622,0.025977656,0.9383761
0.048005816,0.017437566,0.9345566
0.054655727,0.018200418,0.9271438
0.018857142,0.013011036,0.96813184
0.04454938,0.018625433,0.93682516
0.022812761,0.010945683,0.9662416
0.037728563,0.019176003,0.9430954
0.1319801,0.024871087,0.8431488
0.031175045,0.027917853,0.9409072
0.026157519,0.0417996,0.9320429
0.044292927,0.03422692,0.9214802
0.038248785,0.025059681,0.93669146
0.036089715,0.03132468,0.93258566
0.025543392,0.013135777,0.9613209
0.023256348,0.01359183,0.96315175
0.045997307,0.024692822,0.9293099
0.03007455,0.04070755,0.92921793
0.058958773,0.0357254,0.90531576
0.0320465,0.023149949,0.94480354
0.036654044,0.027212383,0.9361335
0.020427492,0.011526122,0.9680464
0.03502528,0.026593834,0.9383809
0.071518295,0.020731866,0.90774983
0.028629595,0.018647835,0.9527226
0.02511091,0.02429084,0.9505982
0.018153293,0.014615098,0.9672316
0.04759819,0.015773047,0.93662876
0.029988442,0.023332225,0.94667935
0.038788088,0.021462692,0.9397493
0.030028097,0.014605971,0.95536596
0.023919856,0.028965782,0.94711435
0.02987015,0.0225692,0.9475606
0.018656878,0.019744113,0.961599
0.02946874,0.011664758,0.9588665
0.02890009,0.029817479,0.9412824
0.040224962,0.023463013,0.93631196
0.025515772,0.02260572,0.9518785
0.01919596,0.019046575,0.96175754
0.074117206,0.029539427,0.8963433
0.038218793,0.033107925,0.9286734
0.04052797,0.029825144,0.92964697
0.04145638,0.025993459,0.9325502
0.026373388,0.021885669,0.951741
0.03477388,0.028105797,0.9371204
0.04556349,0.018481366,0.9359552
0.043617617,0.025616445,0.93076605
0.028365271,0.02770819,0.9439265
0.027829159,0.017620325,0.9545505
0.030519193,0.017270846,0.95220995
0.043166798,0.034787264,0.92204595
0.04762952,0.021510279,0.9308601
0.02769698,0.013899742,0.9584033
0.015183293,0.8229303,0.16188641
0.02715875,0.060195513,0.91264576
0.026917115,0.023294821,0.9497881
0.06137523,0.045923058,0.8927017
0.07094511,0.033840965,0.8952139
0.045148272,0.03554126,0.9193105
0.018113116,0.031758476,0.95012844
0.047518775,0.04263717,0.9098441
0.041613024,0.030504258,0.92788273
0.035349067,0.035005543,0.9296454
0.077378504,0.07514444,0.847477
0.039938606,0.042142406,0.917919
0.059022512,0.03733425,0.90364313
0.053133093,0.03936965,0.9074973
0.040980246,0.013474317,0.9455455
0.03460807,0.048095495,0.9172964
0.05611704,0.043491114,0.9003919
0.08583488,0.035329923,0.87883526
0.05556496,0.029081197,0.91535383
0.035232555,0.30900493,0.6557625
0.02819948,0.022329422,0.9494712
0.05297005,0.20365073,0.7433792
0.038439468,0.027525157,0.9340355
0.028373336,0.029274004,0.9423526
0.071667425,0.036283836,0.8920488
0.53484225,0.28211746,0.18304028
0.05278721,0.6106422,0.33657065
0.08068274,0.64288384,0.27643338
0.041619234,0.3179091,0.6404717
0.062130228,0.043842334,0.8940275
0.2834152,0.60263246,0.113952324
0.09423263,0.04259859,0.8631688
0.025311893,0.02114888,0.95353925
0.026840996,0.018628562,0.9545304
0.03626347,0.026660785,0.93707573
0.08792912,0.053020135,0.85905075
0.045446366,0.03637482,0.91817886
0.034032144,0.023412777,0.9425551
0.06830452,0.029320085,0.9023754
0.031211976,0.02952206,0.93926597
0.028996123,0.043955494,0.9270484
0.03700761,0.038821537,0.9241709
0.055069715,0.8312706,0.11365973
0.029305099,0.810249,0.1604459
0.13598195,0.26754287,0.5964752
0.04958057,0.048102085,0.9023172
0.074241966,0.13456617,0.7911919
0.09333377,0.42591873,0.48074755
0.034823157,0.022134947,0.9430419
0.035763867,0.049945,0.9142911
0.083963454,0.028206747,0.8878298
0.1439633,0.21780953,0.6382271
0.7956192,0.012241163,0.19213961
0.03840295,0.04111996,0.92047703
0.03697802,0.032347433,0.93067455
0.023717519,0.016785424,0.95949715
0.035028707,0.019137999,0.9458333
0.01532296,0.022690142,0.96198684
0.036127433,0.029400093,0.9344725
0.025483001,0.016404929,0.958112
0.02600239,0.019936724,0.9540609
0.042199053,0.028721105,0.92907983
0.04206131,0.033698343,0.9242403
0.034241747,0.038461454,0.9272968
0.044409666,0.034384225,0.921206
0.030206509,0.017160801,0.95263267
0.07152425,0.03385171,0.89462405
0.020149967,0.024022331,0.95582765
0.03648712,0.050558504,0.91295433
0.03541036,0.06374527,0.9008444
0.05529549,0.024850719,0.91985387
0.043702822,0.017316008,0.9389812
0.03305687,0.03060248,0.9363407
0.037137445,0.049827702,0.9130349
0.040559042,0.036321405,0.92311954
0.016857034,0.020492941,0.96265
0.035536587,0.026228638,0.9382348
0.031917438,0.028002482,0.94008005
0.03712789,0.03206881,0.9308033
0.03454696,0.020709673,0.9447434
0.031952195,0.02510407,0.9429437
0.03291623,0.029247724,0.9378361
0.03874249,0.028096583,0.9331609
0.035105478,0.031684197,0.9332103
0.043552298,0.02798251,0.9284651
0.28632358,0.04379673,0.6698797
0.041559048,0.050572317,0.9078686
0.031543244,0.02107398,0.94738275
0.071718045,0.049872067,0.87841
0.035935193,0.38239852,0.5816663
0.053093366,0.02850221,0.91840446
0.041955553,0.04240868,0.91563576
0.056156836,0.07690737,0.86693585
0.0500463,0.68281895,0.26713476
0.047037717,0.019191463,0.93377084
0.043873865,0.02080566,0.9353204
0.785309,0.03916511,0.17552586
0.027479261,0.020722186,0.95179856
0.055693,0.17595795,0.76834905
0.06198794,0.12743966,0.8105724
0.023915723,0.03650275,0.9395815
0.037203938,0.050802115,0.911994
0.021185411,0.078867234,0.89994735
0.023890411,0.03843864,0.93767095
0.018775776,0.9601964,0.021027872
0.020928036,0.06808637,0.91098565
0.035614636,0.029583292,0.93480206
0.88799274,0.00723835,0.10476885
0.103162505,0.60007083,0.29676664
0.03569735,0.04724514,0.91705745
0.026506241,0.030868122,0.9426257
0.039898694,0.04845713,0.9116442
0.03747509,0.04746557,0.9150593
0.08006633,0.087251335,0.8326824
0.03480119,0.027342455,0.93785644
0.028794931,0.06042545,0.9107796
0.018224811,0.03322723,0.94854796
0.020916028,0.02306167,0.9560224
0.060142387,0.053911287,0.8859463
0.017553376,0.09695342,0.88549316
0.048040323,0.04017841,0.91178125
0.078930765,0.11055191,0.81051725
0.015642013,0.07169503,0.91266304
0.058623657,0.0534296,0.8879468
0.52227217,0.037312705,0.44041508
0.04159219,0.017304374,0.9411034
0.044710513,0.02784284,0.9274466
0.05092004,0.023290137,0.9257898
0.050930016,0.027609164,0.9214608
0.04633155,0.02216509,0.9315033
0.12309594,0.19196247,0.6849416
0.06446247,0.07640172,0.8591358
0.025978137,0.01712027,0.9569016
0.029235857,0.019475278,0.9512889
0.04704233,0.026362598,0.926595
0.041500077,0.028606242,0.9298937
0.03230508,0.04906732,0.9186275
0.042621102,0.026309434,0.93106943
0.048220832,0.059081398,0.8926978
0.026901813,0.03123714,0.94186103
0.053852383,0.032631237,0.9135164
0.043510675,0.02981694,0.92667234
0.055246085,0.028410489,0.9163434
0.05344105,0.028437817,0.9181211
0.041778836,0.02936639,0.92885476
0.03390073,0.020743348,0.9453559
0.049877074,0.019975815,0.930147
0.040628333,0.018276893,0.94109476
0.04677948,0.020941518,0.932279
0.055144977,0.03464391,0.91021115
0.042201858,0.03498657,0.9228116
0.04173166,0.022272002,0.93599635
0.038539845,0.025899706,0.9355604
0.044618636,0.032548193,0.92283314
0.03608425,0.020480026,0.9434357
0.047915947,0.021097107,0.930987
0.027564246,0.022344017,0.9500917
0.039817605,0.027905963,0.9322765
0.06349178,0.026006127,0.91050214
0.03542327,0.041131865,0.9234449
0.0377188,0.024022402,0.9382588
0.027863815,0.01546318,0.9566731
0.030269127,0.041779008,0.9279519
0.020554023,0.033525772,0.9459202
0.12967077,0.055174805,0.8151544
0.06340861,0.024613883,0.9119775
0.031680055,0.015898649,0.9524213
0.017090965,0.012602087,0.97030693
0.061384253,0.0895756,0.8490401
0.091352046,0.5935127,0.31513527
0.032594427,0.02870836,0.9386973
0.03434174,0.028359313,0.93729895
0.025074156,0.025718957,0.9492068
0.03013149,0.02330656,0.94656193
0.036293298,0.024943994,0.9387627
0.039272174,0.028564272,0.9321636
0.032528345,0.029762363,0.9377092
0.034348376,0.028171552,0.93748003
0.06818625,0.023935627,0.90787816
0.03476114,0.030289613,0.9349493
0.022349646,0.83417183,0.14347854
0.02726527,0.027425494,0.9453092
0.9941105,0.005329902,0.0005595774
0.9928042,0.005996395,0.0011993545
0.9962514,0.0022092906,0.0015393241
0.98388624,0.013339494,0.00277435
0.99206984,0.0073846453,0.0005454926
0.9936923,0.005862728,0.00044507615
0.9931384,0.0061167213,0.0007449468
0.99444455,0.0048167827,0.00073867757
0.9945747,0.004641918,0.0007833551
0.99608266,0.0031889435,0.00072842336
0.9901895,0.0074867196,0.0023238116
0.9928242,0.0061028553,0.0010730183
0.9960193,0.0032579899,0.00072270876
0.99040365,0.008081026,0.001515417
0.99744415,0.0018018067,0.00075404457
0.9872507,0.0059396056,0.0068097916
0.9962353,0.002493654,0.0012711486
0.9952112,0.004027675,0.00076122495
0.99437886,0.0049499823,0.0006712169
0.99566746,0.0033275671,0.0010049882
0.99579775,0.0033475598,0.00085470174
0.89888173,0.014178653,0.08693963
0.1857971,0.7708835,0.043319397
0.99096245,0.006638043,0.002399449
0.9935549,0.0054002516,0.0010448438
0.99118537,0.005060969,0.0037536537
0.99120075,0.005293582,0.0035056847
0.9963678,0.002749828,0.00088233774
0.99453187,0.0027234012,0.002744761
0.8308714,0.034613796,0.13451481
0.99351305,0.0032434508,0.0032434508
0.9953857,0.0038892191,0.00072507584
0.9957979,0.003683763,0.00051840284
0.99016947,0.009030526,0.0007999408
0.9932916,0.005987633,0.0007207296
0.9956567,0.0024583645,0.0018848935
0.9948828,0.0046706437,0.00044648055
0.9936526,0.003399585,0.0029478471
0.9954464,0.0034391435,0.001114348
0.99106836,0.004448352,0.00448324
0.99506193,0.004371344,0.0005667154
0.9864347,0.0057185,0.007846855
0.99526536,0.0038584864,0.0008762123
0.99466443,0.0041776514,0.0011578283
0.9915109,0.0073660845,0.001123026
0.9943703,0.004325854,0.0013039407
0.99602914,0.0032580218,0.00071290217
0.9933349,0.005294629,0.0013704379
0.99318224,0.006237639,0.00058019074
0.99564916,0.0037121011,0.00063879765
0.99351877,0.005358032,0.0011231045
0.9875822,0.006602492,0.00581531
0.9928812,0.004904064,0.0022147559
0.99208164,0.0051856707,0.0027326564
0.99488187,0.0043112063,0.00080689363
0.99232846,0.00601698,0.0016546173
0.99652195,0.0027023314,0.00077574456
0.9944067,0.005037904,0.0005553881
0.9941315,0.0045235245,0.0013450091
0.9543892,0.011486239,0.034124542
0.9967355,0.0029397178,0.0003247137
0.99690634,0.0013753652,0.001718369
0.99544674,0.003425737,0.0011274839
0.0870502,0.8891051,0.023844728
0.994222,0.0051262914,0.00065173476
0.9905155,0.007244603,0.0022398941
0.9908443,0.007835884,0.0013197783
0.9073764,0.07086331,0.021760331
0.9965463,0.002154539,0.0012991595
0.9976895,0.0017230809,0.0005873949
0.9952443,0.003519986,0.0012356313
0.99563736,0.003521376,0.0008413153
0.9947712,0.0043700673,0.0008588382
0.99244714,0.0070905825,0.00046222605
0.9959649,0.0034544028,0.0005806811
0.99698883,0.0022633565,0.000747835
0.99195975,0.0074708643,0.0005693795
0.9929791,0.0061276974,0.0008931844
0.99637127,0.0023844386,0.0012442999
0.99553525,0.0026838838,0.0017808819
0.994858,0.0041378574,0.0010041711
0.98925215,0.007930987,0.0028168554
0.99458164,0.004798665,0.00061968924
0.9930213,0.0054079033,0.0015707188
0.99233365,0.0058205076,0.0018458688
0.99392384,0.005297768,0.00077826896
0.9911075,0.0070810113,0.0018114643
0.99196285,0.0064403075,0.0015968693
0.99341244,0.006011799,0.0005758091
0.9888992,0.0072895084,0.0038114078
0.9958674,0.002191253,0.0019413425
0.99518317,0.00415541,0.00066134514
0.9953093,0.0042628096,0.0004278855
0.98740524,0.008559431,0.0040352996
0.9943832,0.0048259026,0.0007908903
0.9961267,0.0032266763,0.0006466376
0.9917378,0.0060842815,0.0021779083
0.9783845,0.0076322835,0.01398319
0.9955751,0.0037409372,0.00068394176
0.99097955,0.007233854,0.001786636
0.9932856,0.0026311593,0.004083187
0.9902125,0.00738523,0.0024023207
0.99598867,0.0030426239,0.00096868974
0.9923442,0.0071037076,0.00055207545
0.9947885,0.004932715,0.0002788288
0.9892737,0.007407106,0.0033191394
0.995559,0.003997728,0.0004433071
0.99504375,0.0040506627,0.00090559205
0.9925869,0.0067404527,0.0006726296
0.99754494,0.0017671352,0.0006879772
0.9901309,0.0046121613,0.005256976
0.97965235,0.003801668,0.016545977
0.99364626,0.0054857978,0.00086797925
0.9971745,0.0022417787,0.0005836618
0.9937476,0.005422439,0.0008299355
0.99547887,0.003851784,0.0006693397
0.9962023,0.0030791496,0.0007186185
0.9971316,0.0019062102,0.00096225424
0.9945527,0.0041043963,0.0013429534
0.995538,0.0033861361,0.0010759511
0.9951546,0.0041149096,0.000730593
0.99181175,0.0068279034,0.0013603424
0.9945803,0.0041205753,0.0012991314
0.99615115,0.0034214722,0.00042741187
0.9966788,0.0019053447,0.0014159321
0.9948442,0.004781219,0.000374494
0.99285007,0.004535375,0.0026146402
0.99521506,0.003828266,0.0009566604
0.9955538,0.003829569,0.00061667105
0.9936271,0.0045745233,0.0017984206
0.9634189,0.010881781,0.02569933
0.9952885,0.0030583525,0.001653083
0.9914038,0.0070280074,0.0015681604
0.9957361,0.0038153375,0.0004486125
0.9977204,0.0019794456,0.00030002126
0.9952408,0.0032745742,0.00148464
0.9883767,0.0062929075,0.0053303004
0.9930114,0.0031237165,0.0038648157
0.9945592,0.004970257,0.00047050422
0.9941578,0.0039378935,0.0019042409
0.99499905,0.0038199672,0.0011810615
0.9959181,0.003367639,0.0007142164
0.9957573,0.0035424966,0.0007002891
0.99358153,0.0058278274,0.000590717
0.9923195,0.0056413496,0.0020391745
0.9920738,0.007087915,0.0008383041
0.99444604,0.003946736,0.0016071325
0.99302024,0.005021063,0.0019586107
0.99323213,0.0048391814,0.0019286566
0.99485284,0.0045356564,0.0006114412
0.9925418,0.005511902,0.0019462301
0.99536884,0.004131904,0.00049930264
0.99467975,0.004310331,0.0010098914
0.99598795,0.0037792155,0.00023279595
0.9921829,0.0044620605,0.0033550088
0.9921144,0.0032642875,0.0046214005
0.99102485,0.0042861127,0.0046890215
0.99731535,0.0018991287,0.0007855137
0.9960305,0.0027328376,0.0012366074
0.9951739,0.0018331622,0.0029930018
0.9916644,0.005561073,0.0027745222
0.9898822,0.007282517,0.0028352132
0.99509925,0.004371508,0.00052928936
0.9944458,0.004087956,0.0014661712
0.9908274,0.0037449764,0.0054276655
0.99340844,0.005410012,0.0011814787
0.99225414,0.0059001585,0.0018457209
0.9906233,0.005566095,0.003810603
0.9937118,0.00536955,0.0009186217
0.9966989,0.0027400178,0.00056103437
0.9944771,0.0009086187,0.004614346
0.9940011,0.0045673163,0.001431567
0.9918401,0.0069356263,0.0012242107
0.9934861,0.005549568,0.0009643702
0.9939061,0.005225737,0.00086820626
0.9939414,0.0053289947,0.0007297023
0.9668042,0.011222731,0.021973042
0.9904847,0.008875998,0.00063921866
0.99767214,0.00066429534,0.0016635273
0.98923105,0.009603833,0.0011650772
0.9962937,0.0031647973,0.000541433
0.9882212,0.007984859,0.003793946
0.9952245,0.0036744587,0.0011011198
0.99479914,0.0032539987,0.0019468502
0.9962173,0.002990294,0.00079234905
0.9939466,0.0054341285,0.00061929354
0.98810685,0.009171523,0.002721708
0.99268556,0.0066495854,0.0006648593
0.9940951,0.004461937,0.0014429312
0.9958864,0.0035777243,0.00053595204
0.9961902,0.0027763187,0.0010333898
0.99453026,0.004218079,0.001251742
0.013080034,0.98473835,0.0021816278
0.0062970677,0.9861368,0.007566101
0.008891085,0.9883003,0.002808654
0.009331532,0.987828,0.0028404037
0.011701056,0.9846599,0.0036390054
0.011844643,0.9860931,0.0020623144
0.011484315,0.98644453,0.0020711243
0.0077862306,0.98841906,0.0037947055
0.009761973,0.98799944,0.0022385726
0.008102452,0.9901246,0.0017729334
0.008989878,0.98860466,0.0024054567
0.014135561,0.98422813,0.00163631
0.008561284,0.986655,0.004783722
0.0079847295,0.9901371,0.0018781088
0.012454278,0.9855086,0.0020370798
0.007794462,0.98946404,0.0027414626
0.013394378,0.98216265,0.004442954
0.0034717168,0.995109,0.001419235
0.011753786,0.9862037,0.002042502
0.00735487,0.98614174,0.006503339
0.007690497,0.9848846,0.007424826
0.0054359618,0.9923419,0.0022222167
0.009329138,0.9837245,0.0069463816
0.011682221,0.9849968,0.0033209655
0.009472541,0.98913866,0.0013888488
0.006274326,0.9912493,0.0024763325
0.007915546,0.98925656,0.002827893
0.1014259,0.8869473,0.011626801
0.007863001,0.9894302,0.0027067864
0.009587819,0.98854625,0.0018659579
0.012151165,0.98528683,0.0025619902
0.008812013,0.9891234,0.0020646155
0.0076981457,0.9887567,0.0035451802
0.0057897936,0.992898,0.0013122217
0.0051608603,0.99313724,0.0017018709
0.015202584,0.97135496,0.013442462
0.009526102,0.9841033,0.0063705887
0.011946546,0.9858736,0.0021798809
0.009965784,0.985262,0.0047723055
0.009940738,0.98856133,0.0014978986
0.014807329,0.9818693,0.0033233778
0.009381651,0.98733145,0.0032868434
0.005809569,0.9904687,0.0037217496
0.012750941,0.9836874,0.0035616162
0.008464744,0.98799276,0.0035424412
0.008375951,0.99011934,0.0015046612
0.008937994,0.9886751,0.0023869076
0.010251637,0.98618466,0.0035636907
0.009166862,0.9895355,0.0012976007
0.009001368,0.988902,0.0020966593
0.015568053,0.9735637,0.010868255
0.009560983,0.9857794,0.00465965
0.0073452704,0.98967534,0.002979373
0.008704006,0.98948216,0.0018137997
0.005215549,0.99390775,0.0008767278
0.01383062,0.98487025,0.0012990725
0.009246881,0.9865443,0.0042087976
0.008530608,0.9898634,0.0016059875
0.00897664,0.99004525,0.0009780728
0.0078581935,0.9897915,0.002350259
0.0053784815,0.9914842,0.0031372407
0.006918874,0.9913789,0.0017021791
0.009154085,0.9843038,0.0065421294
0.00916391,0.98825127,0.0025847994
0.009942255,0.9887122,0.0013455378
0.008167863,0.9903504,0.0014816792
0.0071809744,0.99048316,0.0023358788
0.0075651286,0.988903,0.003531881
0.0050446084,0.9937873,0.0011681595
0.007323492,0.99157083,0.001105682
0.007995193,0.9904669,0.0015378773
0.017677305,0.9708199,0.0115028415
0.008814141,0.98743176,0.0037540742
0.0054301317,0.99321556,0.001354309
0.012786469,0.98258257,0.004630952
0.01108606,0.98727256,0.0016413714
0.008552775,0.97991574,0.011531517
0.011276349,0.98768497,0.0010386709
0.0049340245,0.993111,0.0019549679
0.0104407035,0.98590857,0.0036507433
0.013029835,0.97713476,0.009835436
0.010556972,0.9871997,0.002243323
0.010254981,0.9874702,0.0022748273
0.007184773,0.9900399,0.0027753925
0.011453398,0.98571235,0.0028343203
0.007215834,0.987546,0.0052381335
0.008801874,0.9879853,0.00321283
0.012881715,0.98508006,0.0020381834
0.011193361,0.98521495,0.0035916155
0.11929692,0.32175907,0.5589439
0.016494025,0.9765763,0.0069296598
0.015950048,0.9800719,0.003978043
0.016174655,0.9822942,0.0015311572
0.0076014474,0.98977673,0.0026218642
0.011649263,0.9870257,0.001325003
0.009447732,0.9884769,0.0020753911
0.011898747,0.98480994,0.0032912807
0.007061393,0.98836154,0.0045770225
0.005836737,0.9931589,0.0010044159
0.015989315,0.95691794,0.027092706
0.009984453,0.9813409,0.008674643
0.008433747,0.9901596,0.0014066704
0.00670267,0.98895276,0.0043445067
0.009176818,0.98867726,0.0021458922
0.0030679351,0.9945146,0.0024174748
0.00777813,0.9893211,0.0029008035
0.008112587,0.9903955,0.0014919103
0.015145481,0.98007005,0.00478439
0.007912514,0.9908109,0.0012766338
0.0067755296,0.99095494,0.002269518
0.0060737897,0.9909949,0.002931362
0.0079504615,0.98878026,0.0032692417
0.011849058,0.98646057,0.0016904296
0.0063424706,0.9903413,0.0033162376
0.011687312,0.98542607,0.0028865624
0.0074649644,0.99020886,0.0023261278
0.009697358,0.9853011,0.0050015314
0.008347666,0.98773986,0.0039124717
0.0047656423,0.9935417,0.0016926175
0.0073024137,0.9906499,0.0020477069
0.015332901,0.9607327,0.023934321
0.011240548,0.9874378,0.0013216785
0.008658194,0.989092,0.0022498192
0.009161722,0.98898065,0.0018576849
0.0110963555,0.987225,0.0016785745
0.028858451,0.964097,0.007044496
0.010801014,0.98662347,0.0025755065
0.0038394597,0.99423367,0.0019268345
0.011267673,0.986925,0.0018073465
0.0045744753,0.9936166,0.0018089701
0.025217349,0.8342688,0.1405138
0.018644484,0.9799136,0.0014419265
0.013487347,0.9803256,0.006187029
0.008080362,0.9903223,0.001597345
0.01258474,0.9861545,0.0012607462
0.009111188,0.9893055,0.0015832873
0.008846809,0.98722744,0.0039257472
0.008661142,0.9894288,0.001910047
0.00845531,0.988821,0.0027236752
0.008826255,0.9887889,0.002384852
0.008079638,0.9902334,0.0016869814
0.007809087,0.95427525,0.037915736
0.0067337635,0.988701,0.0045652
0.0066942247,0.9896376,0.003668132
0.0035759965,0.99540544,0.0010185544
0.007504143,0.9905573,0.0019385489
0.008275623,0.988825,0.002899349
0.0062950915,0.99258935,0.0011154986
0.0139434645,0.98325676,0.0027997838
0.004414469,0.99317133,0.0024142095
0.0064384267,0.9916732,0.0018883846
0.0050850166,0.993952,0.0009629399
0.036365118,0.505325,0.4583099
0.007929849,0.99104416,0.0010260456
0.011947987,0.98695576,0.0010962451
0.015533824,0.9666913,0.017774867
0.008972227,0.9866636,0.004364182
0.006953475,0.9885832,0.0044632726
0.008716485,0.98993367,0.001349834
0.013243142,0.9834796,0.0032772194
0.008317599,0.9899659,0.0017164338
0.008381089,0.98975974,0.0018591484
0.013190052,0.9843316,0.0024783374
0.009254415,0.9892784,0.0014671239
0.007437767,0.99143046,0.0011317421
0.037042018,0.96000236,0.0029556917
0.0109577365,0.9883124,0.0007298337
0.0069958298,0.988794,0.0042101643
0.012043314,0.98516244,0.0027942737
0.0066727297,0.992257,0.0010703127
0.0059393,0.99203205,0.002028654
0.020914443,0.9691093,0.009976232
0.011062839,0.98616725,0.002769941
0.004693862,0.9939873,0.0013188029
0.062164303,0.93242496,0.005410679
0.009668635,0.98912114,0.0012101715
0.013338064,0.9809029,0.0057590823
0.007963708,0.9894609,0.0025753577
0.025531748,0.9641726,0.01029563
0.0080454,0.9898964,0.0020581738
0.014134592,0.9841607,0.0017047027
0.012127543,0.98625666,0.0016158386
0.008964086,0.9886607,0.0023752465
0.004807865,0.994544,0.00064813707
0.009700954,0.9895242,0.0007748239
0.011210065,0.98764926,0.0011407156
0.016639737,0.97467697,0.008683311
0.00844368,0.98842573,0.003130619
0.013348712,0.9769042,0.00974707
0.016999932,0.97842455,0.004575469
0.01577709,0.98278946,0.0014335036
0.015025394,0.98376036,0.001214238
0.0073474124,0.99093115,0.0017214663
0.009377418,0.98881537,0.0018072749
0.008254815,0.98923254,0.002512664
0.009128263,0.98922557,0.0016462251
0.0070152967,0.9915455,0.0014392305
0.005702003,0.9884035,0.005894506
0.00473143,0.9912374,0.0040312284
0.00960171,0.98901236,0.0013859618
0.012091497,0.9862103,0.0016982729
0.00810802,0.9898379,0.0020540364
0.009711392,0.98865616,0.001632474
0.0073036454,0.99081695,0.0018793984
0.009301416,0.9884936,0.0022049688
0.016992703,0.97705394,0.005953361
0.00662546,0.99295515,0.00041943538
0.012227365,0.9847111,0.0030615176
0.010611559,0.9874709,0.0019174695
0.006920842,0.9897259,0.0033532435
0.008053318,0.9889374,0.003009305
0.011574255,0.98067033,0.007755425
0.010003516,0.9889924,0.0010041171
0.010700092,0.98796064,0.0013392734
0.012269277,0.98615855,0.0015720979
0.014288611,0.9842546,0.0014568252
0.013566474,0.98319227,0.003241256
0.0116014555,0.98682225,0.0015762314
0.006896261,0.99200624,0.0010975591
0.016357092,0.98180056,0.0018423978
0.006829043,0.9919773,0.0011936835
0.012128233,0.9834274,0.004444333
0.010877887,0.98591286,0.003209223
0.007074551,0.99020326,0.0027221604
0.00580672,0.9841993,0.009993997
0.01274606,0.98523325,0.0020206622
0.010039629,0.986764,0.0031963484
0.008838542,0.98534226,0.0058191437
0.0069303485,0.9891516,0.003918064
0.009965301,0.98714036,0.0028944092
0.013108442,0.9859138,0.0009778033
0.017801141,0.9795322,0.0026666555
0.008566547,0.9882261,0.003207343
0.00890354,0.98871875,0.0023777066
0.0062873727,0.99137235,0.0023402602
0.02107826,0.8914694,0.08745233
0.0288683,0.9270268,0.04410496
0.006544089,0.99232095,0.0011349733
0.010335187,0.9884135,0.0012513539
0.012263417,0.9847254,0.0030111552
0.006616799,0.99165714,0.0017260953
0.012103149,0.97470754,0.013189263
0.007098497,0.9916163,0.0012851799
0.008486826,0.9905702,0.00094294193
0.0069311475,0.9911997,0.0018691402
0.007988627,0.9906205,0.0013909295
0.008414449,0.9888592,0.0027264412
0.00488946,0.99185985,0.003250727
0.0044206665,0.9945656,0.0010137276
0.012476299,0.984363,0.0031606697
0.010634182,0.9837947,0.005571081
0.0070462828,0.99010676,0.0028469558
0.010870916,0.98817176,0.00095734006
0.006738692,0.99232763,0.0009336099
0.0062033534,0.9915891,0.0022075581
0.0072464542,0.9907686,0.0019849434
0.015241614,0.9834056,0.0013527701
0.006099689,0.9923091,0.001591199
0.006649639,0.99075645,0.0025938838
0.0073282123,0.990274,0.0023977822
0.0130469045,0.9841644,0.002788718
0.042628843,0.70770884,0.24966231
0.011405993,0.9874012,0.0011928275
0.01151762,0.9873749,0.0011074733
0.011872307,0.97879076,0.009336898
0.008850405,0.98955965,0.0015898923
0.004693789,0.9939719,0.0013343277
0.008370089,0.9903931,0.0012368342
0.007878112,0.990364,0.0017578442
0.0066167316,0.991647,0.001736221
0.00949083,0.9891149,0.0013942509
0.008373478,0.99079424,0.00083233166
0.0090536885,0.98594636,0.004999922
0.013175566,0.98133206,0.005492393
0.010056264,0.98550737,0.004436369
0.008030675,0.99001664,0.0019526866
0.011444786,0.9868968,0.0016584669
0.01600771,0.982655,0.0013372946
0.019797342,0.9727031,0.007499561
0.0069963895,0.9908064,0.0021972158
0.008151255,0.98640823,0.005440522
0.06831179,0.8592542,0.07243402
0.01675628,0.9805455,0.002698244
0.012207912,0.98410505,0.0036870204
0.010532636,0.98781383,0.0016535362
0.011697735,0.9863049,0.0019973416
0.014605964,0.9685168,0.01687716
0.017374247,0.9710971,0.011528622
0.010906949,0.98758197,0.0015110995
0.00975645,0.9893708,0.0008727258
0.0107541755,0.9852272,0.0040185424
0.009401895,0.98946196,0.0011361326
0.012944163,0.9821524,0.004903464
0.0077113565,0.9904535,0.0018351886
0.008418962,0.99035627,0.0012247692
0.0070891315,0.990308,0.0026028573
0.012058043,0.98540455,0.0025373956
0.006954099,0.9906048,0.0024411185
0.0066513605,0.9890793,0.0042693517
0.011405643,0.98737085,0.0012234643
0.022603543,0.97340673,0.003989762
0.0125838155,0.9860821,0.0013341185
0.008181738,0.98913074,0.0026875322
0.008971957,0.9895287,0.0014993645
0.0077428757,0.9906246,0.0016325326
0.0149774775,0.9815812,0.0034412835
0.0065968,0.99252933,0.0008738036
0.0076051448,0.9902581,0.0021367667
0.011082375,0.9879088,0.0010089111
0.01391584,0.9803508,0.005733401
0.0056631677,0.99227375,0.0020631168
0.008591471,0.99013394,0.0012745163
0.0065075224,0.9916061,0.0018864138
0.024459016,0.9732029,0.0023381093
0.028815202,0.96830934,0.0028754687
0.025021346,0.9715658,0.00341283
0.0031381238,0.9956449,0.0012169642
0.010257943,0.9887205,0.0010216425
0.0040780543,0.9939767,0.0019452407
0.009021025,0.98816246,0.0028165015
0.008395341,0.9904751,0.001129548
0.012866397,0.98294836,0.004185274
0.00907272,0.9889843,0.0019430455
0.0112635745,0.984641,0.0040953625
0.005247425,0.9902642,0.00448836
0.0081753805,0.99029446,0.0015301199
0.010664793,0.9799051,0.009430046
0.0069403667,0.99251807,0.0005414922
0.013532476,0.98456687,0.0019006612
0.008490315,0.9890437,0.0024660013
0.008515058,0.9899907,0.0014942163
0.011489027,0.9868493,0.0016616293
0.007980607,0.98866,0.0033594598
0.0066114794,0.9927971,0.0005914045
0.00561706,0.99385333,0.00052966014
0.011577829,0.9867379,0.0016843127
0.009202198,0.9894772,0.0013205339
0.008428013,0.98948634,0.002085642
0.016227352,0.9816523,0.002120267
0.00900825,0.98965806,0.0013337367
0.009076808,0.9894299,0.0014933697
0.011817975,0.9867595,0.001422526
0.01300712,0.985966,0.0010267869
0.0033592542,0.99538064,0.0012601744
0.007613248,0.99034566,0.0020410896
0.009114926,0.9887453,0.002139762
0.050054226,0.043445423,0.90650034
0.069170624,0.095940165,0.8348892
0.03284825,0.033990398,0.9331613
0.05429454,0.024688506,0.9210169
0.03867412,0.037963152,0.9233628
0.067187585,0.01880365,0.9140087
0.80386746,0.04256183,0.15357068
0.06977234,0.017418664,0.912809
0.025364665,0.085723795,0.8889115
0.03031274,0.038581736,0.9311056
0.024686312,0.042612486,0.9327012
0.03986647,0.16833654,0.79179704
0.025122475,0.032163527,0.9427139
0.008614345,0.97451955,0.016866073
0.041769143,0.03230823,0.92592263
0.031229822,0.028048962,0.9407213
0.047899555,0.026869213,0.9252312
0.119254075,0.015347664,0.8653982
0.2574038,0.018538183,0.724058
0.9277447,0.008998109,0.06325725
0.057998654,0.03386337,0.90813804
0.03582239,0.026672987,0.9375046
0.029603332,0.023010112,0.94738656
0.016086565,0.008875175,0.97503823
0.05142066,0.027282652,0.9212968
0.07261392,0.10964698,0.81773907
0.03350806,0.021071445,0.94542044
0.04098033,0.019913793,0.93910587
0.04525247,0.026995108,0.9277525
0.037598886,0.06383306,0.89856815
0.038356572,0.006587719,0.9550558
0.035296667,0.019974424,0.9447288
0.023515917,0.027925843,0.9485582
0.020668358,0.007492897,0.9718388
0.02163224,0.010625399,0.9677424
0.025273342,0.008590428,0.9661362
0.02767635,0.022087067,0.9502366
0.9119263,0.017719068,0.07035455
0.055019435,0.02523898,0.9197416
0.08042845,0.064123146,0.85544837
0.009117861,0.9861703,0.0047118426
0.025078202,0.008726243,0.9661955
0.03599295,0.06517481,0.8988323
0.029412096,0.050227482,0.92036045
0.015628971,0.009857069,0.9745139
0.017760059,0.0078272885,0.97441274
0.04736123,0.059870206,0.89276856
0.057655342,0.38262716,0.5597175
0.019114632,0.25675195,0.72413343
0.042675667,0.043094464,0.9142298
0.04281254,0.022848865,0.9343386
0.04995447,0.032002036,0.9180435
0.020252042,0.020016097,0.95973194
0.03142968,0.027359962,0.9412104
0.037474975,0.02302012,0.93950486
0.032170758,0.017508026,0.9503212
0.039730817,0.01997791,0.9402912
0.038503923,0.02314945,0.9383467
0.043257006,0.023702882,0.9330401
0.03499948,0.027310908,0.9376896
0.034436867,0.023830438,0.94173265
0.043498132,0.023742087,0.93275976
0.0349215,0.03130343,0.933775
0.07058903,0.022894533,0.9065164
0.03655538,0.017902872,0.94554174
0.03069953,0.020772342,0.9485281
0.036460634,0.029613348,0.933926
0.051201887,0.09454327,0.85425484
