p0,p1,p2
0.058686126,0.06277684,0.878537
0.98251617,0.01298695,0.0044969437
0.9895176,0.008249133,0.0022332717
0.98733974,0.009632389,0.0030280072
0.9885132,0.00817663,0.0033101158
0.9697836,0.00846434,0.02175209
0.9850242,0.008555484,0.0064202887
0.98266417,0.012950907,0.0043848613
0.9884416,0.008216058,0.0033423577
0.98823816,0.006230879,0.0055310456
0.98918366,0.0054292553,0.005387004
0.98502886,0.00963804,0.005333037
0.9824979,0.012729306,0.004772879
0.9825622,0.012905377,0.004532426
0.9051033,0.018913671,0.07598303
0.9812733,0.013861087,0.004865699
0.9897608,0.007842617,0.0023965396
0.98056567,0.009650752,0.009783602
0.9890554,0.008473848,0.0024708516
0.972689,0.012995911,0.014315093
0.9882058,0.0068363785,0.0049578347
0.9887657,0.0068135844,0.0044207135
0.98758715,0.008687336,0.0037254465
0.97201985,0.0134779615,0.014502168
0.077045575,0.24226375,0.68069077
0.98842365,0.008728724,0.0028476727
0.29272762,0.032286614,0.6749858
0.98818564,0.0084663965,0.0033480248
0.9881081,0.009325067,0.0025668181
0.9838531,0.012941277,0.0032056475
0.98685986,0.009035567,0.0041045914
0.9909451,0.0056445496,0.0034102448
0.9872821,0.008190407,0.0045275916
0.98479134,0.010865512,0.0043431576
0.98395765,0.011981691,0.004060672
0.9900281,0.0064908243,0.0034810803
0.988995,0.008665803,0.0023392122
0.9860669,0.011007833,0.0029253426
0.98885465,0.0069757914,0.004169505
0.9878,0.009693513,0.0025065762
0.9883307,0.0075019123,0.004167296
0.98931956,0.008199299,0.0024811847
0.98439515,0.010578506,0.005026298
0.9852836,0.0108815655,0.0038347389
0.9875086,0.0074591613,0.0050323564
0.992029,0.0061578094,0.0018131485
0.9895976,0.008098139,0.0023043493
0.9843376,0.008872748,0.006789698
0.98665977,0.00774207,0.005598229
0.9859227,0.009599797,0.0044774185
0.98888236,0.008131896,0.00298572
0.98964614,0.005725923,0.0046279454
0.98661906,0.01005778,0.003323188
0.9886369,0.005748082,0.005614928
0.98807925,0.007898409,0.0040223114
0.98820055,0.009262405,0.0025371513
0.99144274,0.004690999,0.0038662544
0.9774065,0.011169904,0.01142363
0.9893177,0.006010452,0.0046718107
0.9779604,0.014907664,0.007131851
0.9852604,0.008811954,0.0059276316
0.98803097,0.008101126,0.0038680302
0.95681953,0.012573402,0.030607099
0.99028754,0.0075461855,0.0021662454
0.98316216,0.012315902,0.0045219264
0.9867359,0.008035391,0.0052287285
0.9887406,0.008808603,0.002450843
0.98963904,0.008114311,0.002246671
0.99012333,0.007769248,0.002107465
0.9897138,0.0068468107,0.0034394325
0.98258704,0.009642357,0.0077705826
0.9891071,0.008607741,0.0022852833
0.98831487,0.007179262,0.004505849
0.98934025,0.0076726596,0.0029871026
0.98745024,0.008337072,0.0042126626
0.9880806,0.008889109,0.0030302797
0.98414814,0.012497961,0.0033539403
0.98843575,0.008485096,0.0030791059
0.9886007,0.008713253,0.002686092
0.9897114,0.008250749,0.0020377915
0.9899273,0.008006459,0.0020662935
0.98919684,0.008384506,0.002418679
0.98697984,0.008341243,0.0046790126
0.98317516,0.0135067515,0.0033180628
0.98471814,0.011486628,0.0037952934
0.98814315,0.0069571706,0.0048997635
0.98544043,0.008676922,0.005882577
0.22136429,0.04362648,0.7350092
0.9887771,0.00850462,0.0027182398
0.98944235,0.008081071,0.0024766508
0.9895806,0.0074894256,0.0029300384
0.9799448,0.012978285,0.007076873
0.9894293,0.008435761,0.002134978
0.9903932,0.007591341,0.002015438
0.05504315,0.043056443,0.9019004
0.98817587,0.008709508,0.0031145823
0.98737913,0.009209628,0.003411272
0.9897495,0.008059931,0.0021905892
0.98099786,0.011841118,0.007160991
0.9903775,0.0077032386,0.0019193611
0.98866373,0.008437469,0.0028988759
0.9857554,0.010562136,0.0036823992
0.9884533,0.008394584,0.003152181
0.98685247,0.009496903,0.0036506713
0.9883633,0.008215407,0.003421348
0.98464024,0.01231035,0.0030493625
0.9904357,0.007452105,0.0021122512
0.989179,0.00760428,0.0032167118
0.9870788,0.006976877,0.005944374
0.9878451,0.007865751,0.0042890823
0.98308563,0.010380354,0.006534033
0.98837763,0.0067118686,0.0049105077
0.9788072,0.011791623,0.009401102
0.99117404,0.0065493044,0.00227668
0.9862592,0.007807244,0.0059336405
0.98560417,0.010943728,0.0034520142
0.9879012,0.009116042,0.0029827578
0.9893852,0.006165435,0.0044494784
0.9894582,0.0076064263,0.0029354037
0.989359,0.008159687,0.0024812836
0.98795635,0.008905367,0.0031383128
0.98846954,0.009228806,0.0023017225
0.9824608,0.01028298,0.0072562075
0.98654675,0.00964347,0.0038097748
0.9836834,0.012775817,0.003540794
0.9891027,0.008342872,0.002554391
0.015100111,0.97427565,0.010624255
0.013396659,0.9823299,0.0042734747
0.014601157,0.98152614,0.003872702
0.015009497,0.9817603,0.0032302202
0.01879204,0.97807056,0.0031373997
0.017146654,0.97966754,0.0031857814
0.017191764,0.9793713,0.0034368902
0.013129697,0.9827024,0.004167914
0.014169758,0.9827628,0.0030674192
0.012317264,0.97943753,0.008245229
0.022273682,0.9610767,0.016649667
0.018080655,0.9785321,0.0033873161
0.014113927,0.98176265,0.004123463
0.01778182,0.9784691,0.0037491757
0.018263398,0.97738385,0.00435279
0.01869892,0.97798765,0.0033134737
0.019329952,0.97702026,0.003649768
0.015650332,0.9801436,0.0042060637
0.017892895,0.97835106,0.0037560528
0.023074672,0.9603052,0.016620064
0.023334434,0.9551269,0.021538716
0.021010697,0.97404486,0.0049443934
0.06894557,0.8188712,0.11218326
0.022156034,0.9616184,0.016225537
0.021322124,0.96322984,0.015448001
0.0149201285,0.98117054,0.00390929
0.015005565,0.973865,0.0111294305
0.012797465,0.9839078,0.0032946942
0.021809107,0.9595912,0.018599747
0.017573254,0.977436,0.004990765
0.015763322,0.9804944,0.0037422893
0.016673736,0.98001236,0.0033138548
0.025528185,0.944008,0.030463856
0.019062214,0.97579724,0.0051405556
0.016711118,0.9712406,0.012048327
0.01647589,0.973599,0.009925052
0.016063701,0.980331,0.0036053597
0.016579373,0.98067147,0.00274913
0.013712482,0.9783668,0.007920691
0.011927015,0.9852234,0.002849562
0.014678958,0.98242915,0.0028918697
0.022303395,0.97132844,0.0063682254
0.022202544,0.96457845,0.013218961
0.014944869,0.97753304,0.007522094
0.017073948,0.9802884,0.0026376226
0.014922323,0.977012,0.008065727
0.014566516,0.9830299,0.0024036001
0.012903255,0.98384064,0.003256088
0.03614187,0.23792928,0.72592884
0.031837765,0.93681806,0.031344164
0.015127384,0.9812918,0.0035808084
0.010789898,0.98657113,0.002639019
0.01899658,0.9781521,0.0028512985
0.013897599,0.9833778,0.0027245996
0.013478669,0.9840097,0.0025116317
0.0118904235,0.9850826,0.0030269916
0.016695632,0.9808203,0.0024840087
0.016514722,0.973039,0.010446264
0.015238363,0.9812774,0.0034841713
0.016314711,0.98117113,0.0025141882
0.01345031,0.97763354,0.008916195
0.0139273675,0.98308116,0.0029914847
0.012964509,0.9836962,0.00333933
0.06050508,0.048640948,0.890854
0.013966234,0.9819812,0.0040525156
0.016624058,0.979481,0.003894943
0.013842068,0.982802,0.0033559008
0.01526934,0.97657347,0.008157141
0.011888028,0.98488414,0.0032278649
0.01591187,0.9810735,0.003014672
0.0103712,0.9707755,0.01885332
0.016731974,0.9734029,0.009865079
0.012121126,0.98525363,0.0026252202
0.014119939,0.97835165,0.007528393
0.01470781,0.9824395,0.0028526315
0.014637461,0.97726315,0.008099377
0.016071578,0.97603434,0.007894094
0.011263678,0.98513097,0.0036053648
0.012979242,0.98193306,0.00508771
0.016220361,0.98027176,0.003507899
0.020183196,0.9592757,0.020541117
0.016167121,0.9799209,0.0039119436
0.018709913,0.97094744,0.010342691
0.011351654,0.9860617,0.0025866395
0.013851642,0.98156273,0.0045856643
0.01626019,0.9807613,0.0029786022
0.011224494,0.9860275,0.0027479958
0.01598961,0.9815439,0.0024664963
0.016000746,0.9745837,0.009415545
0.014313973,0.9821576,0.0035284036
0.88681334,0.020512471,0.09267415
0.015006031,0.98057556,0.004418481
0.017771324,0.97884685,0.0033817943
0.015243586,0.98161376,0.0031426214
0.012248493,0.98496866,0.0027828324
0.017193398,0.9751696,0.007636979
0.019967502,0.97676176,0.0032707653
0.01573775,0.9817758,0.0024864285
0.013090178,0.9721201,0.014789722
0.0147926565,0.9818547,0.003352666
0.016731933,0.95830935,0.024958674
0.011812998,0.9853812,0.0028058328
0.018898536,0.9683639,0.012737537
0.014806952,0.98040706,0.004786035
0.014239451,0.9808683,0.0048922724
0.014397373,0.9821087,0.0034939405
0.015744902,0.9812633,0.0029917907
0.0164616,0.98086286,0.0026754984
0.01929489,0.97049767,0.010207487
0.013521721,0.9837843,0.0026939705
0.015429733,0.98106635,0.0035038923
0.017399605,0.97775215,0.0048482395
0.016942866,0.96944314,0.013613976
0.018967828,0.9778646,0.0031675214
0.016093886,0.9807355,0.0031706218
0.0143467365,0.9776993,0.00795403
0.013652056,0.97882324,0.00752467
0.015844718,0.96508014,0.019075084
0.018029423,0.97886115,0.0031094213
0.013359074,0.9838882,0.0027527655
0.012892278,0.9820442,0.0050635017
0.014747526,0.98221064,0.003041838
0.01587979,0.9672163,0.016903948
0.015264302,0.98198825,0.0027474498
0.010749371,0.98671234,0.0025382831
0.016264852,0.9724578,0.011277341
0.01210133,0.98556757,0.0023311055
0.015410104,0.9817338,0.0028561554
0.013773646,0.9836909,0.002535458
0.010863989,0.98657817,0.0025578432
0.015522194,0.9811794,0.0032984177
0.015987491,0.98045564,0.0035568553
0.014527065,0.9670552,0.018417807
0.012869894,0.9641983,0.022931866
0.02193022,0.96775115,0.010318715
0.018872073,0.97792906,0.0031988164
0.01719358,0.9770865,0.005719893
0.011183717,0.9853279,0.0034883185
0.01714179,0.97129345,0.011564784
0.01510331,0.9811664,0.0037302542
0.01243734,0.9689103,0.018652434
0.01677915,0.9794897,0.00373116
0.014516829,0.96920913,0.01627396
0.012927661,0.9842588,0.002813606
0.013798535,0.9777995,0.008401991
0.01858552,0.977769,0.0036454382
0.014915898,0.9823303,0.0027537802
0.014602048,0.982545,0.002852938
0.0127793,0.98395157,0.0032692004
0.014495193,0.9772618,0.008242996
0.013736343,0.9781569,0.008106785
0.014684844,0.9823433,0.0029717756
0.017252104,0.97706705,0.005680813
0.013430609,0.9833778,0.0031916073
0.011466069,0.9858396,0.002694331
0.014752888,0.9816087,0.0036383723
0.0111392895,0.9862175,0.0026432306
0.02609147,0.9592009,0.014707627
0.01810058,0.9786542,0.0032452552
0.01772176,0.9789807,0.0032974605
0.056984957,0.050313607,0.8927014
0.01758053,0.971179,0.0112405345
0.0584643,0.073978014,0.8675577
0.014084009,0.9835159,0.0024000963
0.0176113,0.9728789,0.009509867
0.011447769,0.98426616,0.004286081
0.010747212,0.98651415,0.002738633
0.015681924,0.97590774,0.008410339
0.016514769,0.9739923,0.009492899
0.04664407,0.35317367,0.60018224
0.018093834,0.97257406,0.009332117
0.026359046,0.95401436,0.019626675
0.015703458,0.9801152,0.0041813697
0.013430839,0.9838749,0.0026942184
0.014947913,0.97964364,0.005408491
0.014526618,0.9812951,0.004178235
0.011698418,0.9849187,0.003382892
0.014884203,0.97976446,0.0053513627
0.011553782,0.9856506,0.0027956583
0.018694932,0.9692229,0.012082149
0.020409707,0.9356168,0.04397357
0.013410963,0.9833787,0.003210366
0.016424531,0.9800888,0.0034867541
0.015954405,0.9808185,0.0032271214
0.014209025,0.9830831,0.0027078702
0.015499674,0.9807131,0.003787247
0.016193055,0.9810136,0.0027933964
0.019942092,0.91239667,0.067661166
0.049444314,0.074989714,0.875566
0.013092639,0.98376405,0.0031433601
0.014926368,0.9772768,0.007796814
0.016753219,0.9798877,0.0033590451
0.0190148,0.96957535,0.011409832
0.013685186,0.98263687,0.003677926
0.013539055,0.98312354,0.003337386
0.015518677,0.9742741,0.010207257
0.01863089,0.97824335,0.0031257202
0.015590205,0.98163635,0.0027734174
0.013831342,0.9763031,0.009865526
0.011058498,0.9862618,0.002679737
0.01368194,0.9771413,0.009176653
0.019015953,0.9777165,0.0032675741
0.016944023,0.98045874,0.0025971816
0.0149349645,0.9816668,0.0033981674
0.011832484,0.9850808,0.003086688
0.014797111,0.96503687,0.020166084
0.01864474,0.97825384,0.0031014287
0.017840866,0.97407824,0.00808087
0.016065123,0.9813756,0.0025593068
0.01930524,0.9776788,0.0030159992
0.018715806,0.97839296,0.0028912607
0.017427031,0.97881514,0.0037578342
0.015802164,0.9805135,0.0036843424
0.016252615,0.98126227,0.002485128
0.015093483,0.9757519,0.00915466
0.014916059,0.98234093,0.0027430737
0.019520292,0.96284455,0.017635114
0.020182818,0.9743638,0.005453393
0.015310653,0.98113006,0.0035593018
0.013838955,0.9701857,0.015975274
0.015531211,0.96464276,0.019825961
0.0149855,0.9773232,0.0076913075
0.017410135,0.9702563,0.012333585
0.015560964,0.9769289,0.0075101075
0.015935501,0.9744085,0.009655937
0.016847786,0.9801404,0.003011805
0.011993415,0.98540145,0.002605181
0.013914384,0.98216474,0.0039209016
0.014893429,0.97226757,0.012838938
0.012144538,0.97422767,0.013627826
0.013300771,0.9839085,0.002790717
0.013014078,0.9836075,0.0033783885
0.053498533,0.039873376,0.9066281
0.025128078,0.9559042,0.018967668
0.061681174,0.040728975,0.89758986
0.97660065,0.0088288365,0.014570512
0.058551673,0.036658593,0.90478975
0.059560817,0.038738042,0.9017011
0.05699805,0.04353155,0.89947045
0.08096243,0.12417844,0.7948592
0.06329511,0.04134812,0.8953567
0.061472416,0.0492019,0.8893257
0.05765472,0.06394272,0.87840253
0.058114156,0.036813565,0.9050723
0.98010784,0.011091924,0.008800179
0.06328772,0.06475692,0.87195534
0.055838812,0.03944128,0.90472
0.015137744,0.974798,0.010064237
0.052513406,0.03689371,0.91059285
0.05326753,0.035605315,0.91112715
0.06099673,0.038715124,0.9002881
0.055110745,0.092023134,0.85286605
0.06982077,0.049582914,0.8805964
0.07478104,0.03660588,0.8886131
0.05290966,0.052191213,0.89489913
0.055795044,0.073126644,0.8710783
0.015389908,0.9794902,0.0051198546
0.092877865,0.042543355,0.8645787
0.05073365,0.03627541,0.912991
0.051678527,0.037204474,0.91111696
0.053182308,0.04246279,0.90435493
0.058239482,0.049234502,0.892526
0.085084945,0.09172963,0.8231854
0.06038038,0.029963518,0.90965605
0.05823717,0.042711377,0.8990515
0.10055957,0.05086168,0.84857875
0.053994164,0.044284455,0.9017214
0.061785225,0.048283126,0.8899317
0.056878813,0.027829016,0.9152921
0.97732395,0.015781552,0.0068944492
0.9886784,0.009158922,0.0021627252
0.987205,0.008607985,0.004187011
0.95655024,0.011647951,0.031801857
0.9859601,0.0096660135,0.004373865
0.6705802,0.029810542,0.2996093
0.97719383,0.005577103,0.017229086
0.20738265,0.028093612,0.7645238
0.2223412,0.08167502,0.69598377
0.9823016,0.009667837,0.008030588
0.9831993,0.011809884,0.004990862
0.9884793,0.0061058886,0.005414803
0.06301256,0.034680102,0.90230733
0.97326374,0.011622243,0.015113918
0.9801286,0.012618258,0.0072531346
0.10298104,0.27868703,0.6183319
0.9129169,0.012720405,0.074362695
0.8738006,0.01315186,0.11304752
0.737437,0.023269095,0.23929387
0.19478628,0.03769369,0.76752007
0.41441488,0.038981922,0.54660314
0.06940324,0.034508407,0.8960883
0.06368113,0.04643114,0.88988775
0.07217004,0.036950957,0.89087903
0.6815934,0.02020396,0.29820263
0.9846401,0.010737277,0.0046225577
0.14244446,0.046008456,0.8115471
0.05615492,0.84475935,0.099085726
0.019403432,0.9655294,0.015067202
0.0584201,0.5602607,0.38131914
0.027805867,0.9038762,0.06831797
0.014939612,0.9800562,0.005004144
0.061207306,0.045485407,0.89330727
0.043896884,0.49846372,0.45763943
0.07280073,0.062117927,0.8650814
0.015023073,0.98120993,0.0037670285
0.012607513,0.9802509,0.0071415766
0.013327247,0.9801074,0.0065653296
0.97934604,0.013539821,0.0071141114
0.08344735,0.032886546,0.88366604
0.07561769,0.04449678,0.87988555
0.21328592,0.035151076,0.7515631
0.06826951,0.049849585,0.8818809
0.040958114,0.47565767,0.48338416
0.057894513,0.0609104,0.881195
0.07101995,0.07302435,0.8559557
0.06499839,0.043404102,0.89159757
0.059784293,0.041736163,0.8984795
0.060658056,0.04142584,0.89791614
0.05275726,0.045724533,0.9015182
0.1005287,0.5233998,0.37607148
0.06950232,0.03967865,0.8908191
0.045648698,0.07860476,0.87574655
0.066569485,0.04143497,0.89199555
0.058001302,0.11831566,0.823683
0.053217787,0.052803643,0.89397854
0.054712053,0.08189225,0.86339575
0.064672105,0.106418215,0.82890964
0.08878767,0.074148655,0.8370636
0.09000817,0.053094234,0.85689753
0.43387017,0.039964024,0.52616584
0.02960092,0.9491614,0.021237623
0.05611228,0.04225249,0.9016353
0.056304704,0.04073337,0.90296197
0.06561003,0.05008437,0.8843056
0.05141413,0.05093935,0.8976465
0.06124383,0.048400566,0.8903556
0.06333215,0.05854407,0.8781238
0.06730497,0.042221323,0.8904737
0.056095272,0.06428215,0.8796226
0.061626785,0.036745172,0.9016281
0.064515136,0.07564714,0.8598378
0.068213835,0.04067272,0.8911134
0.05842697,0.033847973,0.9077251
0.0649451,0.042446706,0.8926082
0.07264048,0.042849343,0.8845102
0.059613183,0.07669449,0.8636923
0.06292763,0.04386626,0.8932061
0.06277568,0.046175014,0.89104927
0.04905155,0.033960428,0.916988
0.06688039,0.033011336,0.90010834
0.07827688,0.03719267,0.8845304
0.057727534,0.0401432,0.9021292
0.052533716,0.0405157,0.9069506
0.048008826,0.03991749,0.9120737
0.05757118,0.03922181,0.903207
0.05112404,0.044007167,0.9048688
0.068527356,0.04496329,0.88650936
0.05747552,0.04783537,0.894689
0.07118023,0.044132113,0.8846876
0.05443121,0.036992203,0.9085765
0.07919755,0.03629471,0.8845078
0.069407366,0.03576276,0.8948299
0.060793385,0.042357814,0.8968488
0.07955625,0.053359404,0.8670843
0.056025643,0.042851605,0.9011228
0.060012907,0.040271092,0.8997161
0.055644978,0.040571824,0.90378314
0.057129305,0.036031,0.90683967
0.05378136,0.038794048,0.9074246
0.056592204,0.026928777,0.91647905
0.057610497,0.0367987,0.9055908
0.055912916,0.038166553,0.90592057
0.05097693,0.03968149,0.9093416
0.051957287,0.042240974,0.9058017
0.057350002,0.042473484,0.9001765
0.05264451,0.038048245,0.9093073
0.07277254,0.035466507,0.89176095
0.06683992,0.094674535,0.8384856
0.0514723,0.043259446,0.9052682
0.10729512,0.060629547,0.8320753
0.060682736,0.0627008,0.8766164
0.033506013,0.9189653,0.047528725
0.05572085,0.0397054,0.90457374
0.056981254,0.03276955,0.9102492
0.056914777,0.04930376,0.8937814
0.065985024,0.04291631,0.8910986
0.09375481,0.098302186,0.8079431
0.06330921,0.04983776,0.88685304
0.12305399,0.037255477,0.8396905
0.062916346,0.050554704,0.8865289
0.07407881,0.04822755,0.87769353
0.058005933,0.031521883,0.91047215
0.55634767,0.027780188,0.41587216
0.118152305,0.346084,0.5357637
0.028100884,0.9433836,0.028515548
0.059179462,0.045330178,0.89549035
0.17759192,0.03480808,0.7875999
0.070514195,0.036226775,0.89325905
0.06449111,0.050005496,0.8855035
0.83585274,0.01977289,0.14437442
0.064095534,0.041973352,0.8939311
0.05983965,0.0390908,0.9010696
0.06398497,0.3676691,0.5683459
0.059515692,0.03593981,0.9045445
0.05478652,0.041801672,0.9034118
0.07514098,0.09015182,0.8347072
0.05405291,0.037496246,0.90845084
0.0758956,0.04313856,0.8809658
0.0699471,0.047863096,0.8821898
0.060012147,0.042038675,0.89794916
0.049442533,0.0835316,0.86702585
0.064120114,0.035032142,0.9008478
0.0586399,0.038739685,0.9026204
0.059188265,0.039044723,0.90176696
0.070859514,0.036315415,0.8928251
0.10648487,0.041093685,0.8524214
0.052607235,0.45070046,0.4966924
0.060940772,0.0409137,0.8981455
0.06533159,0.039374884,0.8952935
0.06522941,0.03430641,0.9004642
0.32310638,0.031804956,0.6450887
0.050598335,0.039734483,0.9096672
0.05681204,0.039179996,0.904008
0.054562397,0.037335716,0.9081019
0.055123076,0.04078437,0.90409255
0.06757455,0.043608118,0.8888173
0.073839046,0.04788404,0.8782769
0.04609297,0.07394464,0.87996244
0.0570164,0.04410191,0.89888173
0.059755586,0.035594683,0.90464973
0.061291777,0.041981447,0.8967267
0.054405663,0.04539109,0.9002033
0.05469356,0.039897602,0.9054088
0.058607105,0.0666054,0.87478745
0.064827725,0.04112661,0.89404565
0.07621893,0.03906211,0.88471895
0.052120447,0.033000614,0.9148789
0.054106414,0.04317954,0.9027141
0.06413813,0.06376342,0.8720984
0.051142376,0.09392753,0.85493004
0.3345466,0.027488086,0.6379653
0.052126836,0.04882538,0.89904773
0.014531436,0.9806625,0.004806019
0.043493737,0.11883593,0.8376704
0.7543704,0.018073346,0.22755618
0.057575315,0.041795198,0.90062946
0.06185452,0.03803311,0.9001124
0.058784403,0.040778454,0.9004372
0.04261097,0.21886702,0.73852193
0.053951602,0.053793777,0.8922546
0.059018563,0.03519,0.90579134
0.06271225,0.07494687,0.86234087
0.054817457,0.033280954,0.91190165
0.115090944,0.03801788,0.84689116
0.033441417,0.06358472,0.90297383
0.057548545,0.037392735,0.9050588
0.060720693,0.050907742,0.8883715
0.05881451,0.03808492,0.9031006
0.33811155,0.08441985,0.57746863
0.0488043,0.03570599,0.9154897
0.05680321,0.045486927,0.8977098
0.06669723,0.04568388,0.88761884
0.06481677,0.03866608,0.89651716
0.11006446,0.032938603,0.856997
0.07597935,0.08123581,0.8427848
0.061638087,0.038328066,0.90003383
0.069852285,0.04007364,0.8900741
0.053641323,0.04350375,0.902855
0.05973402,0.039908182,0.90035784
0.056170642,0.040815357,0.903014
0.05858107,0.040144358,0.9012746
0.054922298,0.038099334,0.9069784
0.048014324,0.055264145,0.8967216
0.05786202,0.040552303,0.90158564
0.07048483,0.09072554,0.83878964
0.07269124,0.048210476,0.8790983
0.052488647,0.04751225,0.8999991
0.16818868,0.028742095,0.80306923
0.046710867,0.0744981,0.87879103
0.056360282,0.04462821,0.8990115
0.05295469,0.04038428,0.9066611
0.100337915,0.054606076,0.84505606
0.30340528,0.032276742,0.66431797
0.063804984,0.0371445,0.8990504
0.07755192,0.040529173,0.8819189
0.058788206,0.0398364,0.90137535
0.056307722,0.2986549,0.6450374
0.057138525,0.049064457,0.893797
0.059446603,0.042775985,0.89777744
0.090857245,0.044584017,0.86455876
0.057376504,0.05252325,0.89010024
0.12028588,0.050857693,0.8288565
0.05289467,0.04368026,0.90342504
0.54812866,0.031811584,0.4200597
0.057801925,0.04506017,0.8971379
0.0664521,0.04702965,0.88651824
0.06406122,0.040739674,0.89519906
0.043675747,0.045018177,0.9113061
0.08099407,0.04140814,0.8775978
0.025435911,0.90898985,0.06557427
0.059729405,0.02981466,0.91045594
0.059483528,0.03910561,0.9014109
0.058579445,0.05197459,0.8894459
0.04598631,0.06313266,0.89088106
0.057351355,0.058568247,0.88408047
0.052423745,0.044731066,0.90284514
0.8650795,0.02418356,0.11073693
0.06297416,0.038345255,0.89868057
0.052504048,0.03082036,0.91667557
0.20028983,0.05581571,0.74389446
0.058776528,0.0382653,0.9029582
0.030715734,0.8007247,0.16855964
0.05023385,0.037789118,0.9119771
0.0641913,0.054852135,0.88095653
0.051434558,0.05885494,0.8897105
0.055867385,0.044237923,0.8998946
0.059752572,0.039609913,0.9006375
0.055956997,0.08145672,0.86258626
0.06315584,0.067130625,0.86971354
0.055735722,0.039890915,0.9043734
0.04784609,0.05726427,0.8948896
0.06195475,0.04436363,0.89368165
0.9802942,0.009415383,0.010290408
0.048083086,0.030818226,0.9210987
0.10392495,0.053105593,0.8429694
0.057116535,0.051173933,0.89170957
0.05871633,0.037486747,0.9037969
0.014744018,0.9748111,0.010444869
0.06366439,0.03970422,0.8966315
0.09193181,0.8660711,0.041997068
0.054204896,0.03745508,0.9083401
0.067135766,0.03940931,0.8934549
0.06606393,0.03257652,0.90135956
0.07764919,0.041909058,0.8804418
0.06114533,0.05382899,0.8850258
0.05885334,0.047105618,0.894041
0.05575699,0.0386406,0.90560246
0.07639314,0.04462505,0.87898177
0.06522027,0.040575355,0.8942044
0.058965106,0.037829835,0.90320516
0.059422724,0.037004665,0.9035726
0.9429471,0.01646371,0.040589213
0.05547951,0.03945629,0.9050643
0.058717683,0.04537351,0.8959088
0.06427121,0.038471904,0.897257
0.28828192,0.049494117,0.662224
0.070117995,0.05924743,0.8706346
0.070705436,0.06328716,0.86600745
0.059644368,0.043979,0.8963766
0.061398663,0.041625634,0.8969757
0.0545745,0.04550973,0.89991575
0.050517857,0.037707027,0.9117751
0.05773599,0.044397596,0.8978664
0.055597786,0.05059765,0.89380455
0.070111856,0.07741751,0.85247064
0.056118894,0.040817592,0.9030635
0.065094516,0.03761867,0.8972867
0.061825074,0.03629189,0.901883
0.0575975,0.03878258,0.9036199
0.052541323,0.03815954,0.9092992
0.059566665,0.04040334,0.90003
0.053940296,0.043917432,0.9021423
0.08124581,0.03928791,0.8794663
0.06414614,0.038154077,0.89769983
0.057275634,0.04327616,0.8994483
0.06617007,0.037610635,0.8962194
0.06493355,0.04348803,0.8915785
0.068098925,0.03749778,0.8944032
0.052577663,0.045015994,0.9024063
0.048445787,0.050301913,0.9012523
0.05113856,0.06857965,0.88028175
0.06634294,0.0438286,0.8898285
0.06327691,0.052484017,0.8842391
0.06206113,0.038780015,0.89915884
0.06015556,0.03269004,0.9071545
0.058966164,0.06517405,0.87585974
0.087382555,0.043767404,0.8688501
0.075189196,0.040030297,0.8847806
0.1396029,0.024793372,0.8356037
0.054477036,0.040168848,0.9053541
0.3733374,0.030362407,0.59630024
0.059874102,0.04860605,0.89151984
0.13449684,0.03479344,0.8307098
0.058209777,0.046227947,0.89556223
0.056947384,0.04174505,0.9013075
0.068747826,0.04622277,0.88502944
0.827527,0.013375727,0.1590973
0.06671781,0.041043486,0.89223874
0.057303134,0.04588725,0.8968096
0.07457325,0.036682844,0.88874394
0.060765162,0.0419267,0.89730823
0.0822015,0.026247533,0.891551
0.106695116,0.026914256,0.8663905
0.056124322,0.04292708,0.9009486
0.059176344,0.07293045,0.8678932
0.079022974,0.13409483,0.7868821
0.08030431,0.07097219,0.8487235
0.05554177,0.04718374,0.89727455
0.062170208,0.038848173,0.89898163
0.074391074,0.037736394,0.8878725
0.055896968,0.03533995,0.90876305
0.0623048,0.03808616,0.8996091
0.067861155,0.036058392,0.8960805
0.06131756,0.05721009,0.8814723
0.08010765,0.03952085,0.88037145
0.059277836,0.043305106,0.897417
0.057382308,0.045883395,0.89673424
0.06168208,0.03279111,0.90552676
0.04590009,0.06228016,0.8918197
0.056026626,0.036653563,0.9073198
0.1027477,0.049673416,0.8475789
0.056922827,0.047421668,0.89565545
0.060982067,0.03718669,0.90183127
0.05609101,0.045690823,0.8982182
0.066565946,0.03624433,0.8971897
0.5812149,0.021462183,0.39732295
0.0639125,0.03859491,0.8974925
0.053798888,0.03803752,0.90816367
0.06128672,0.040746097,0.89796716
0.96658564,0.008313747,0.025100581
0.062226813,0.048890103,0.88888305
0.05931252,0.06568504,0.87500244
0.06326485,0.04005681,0.89667827
0.059707705,0.042525575,0.89776677
0.06378957,0.043500707,0.8927098
0.0751624,0.032564588,0.89227307
0.102681756,0.029772867,0.8675453
0.98708147,0.008548271,0.004370296
0.9820061,0.009159512,0.00883446
0.9893384,0.0054089343,0.005252768
0.05674999,0.7949697,0.14828034
0.986384,0.00929971,0.004316328
0.9831229,0.011682792,0.0051943427
0.51647943,0.018739417,0.4647812
0.98951644,0.0054310816,0.0050524473
0.98977447,0.007781694,0.0024438407
0.9786739,0.013191304,0.008134867
0.07428472,0.0334664,0.89224887
0.9888459,0.007601719,0.0035524312
0.14172213,0.03973132,0.8185466
0.09763057,0.034743328,0.8676262
0.98776126,0.0061074146,0.0061313184
0.094942324,0.033687837,0.87136984
0.97923994,0.00827583,0.012484301
0.7961875,0.029371655,0.17444077
0.9718248,0.014039445,0.014135746
0.9367643,0.009881594,0.05335423
0.9848567,0.011310137,0.0038330776
0.12610811,0.030828763,0.8430631
0.12380725,0.03218685,0.84400594
0.9900248,0.0065481025,0.0034270997
0.9054939,0.016649611,0.07785649
0.9802801,0.012681981,0.007037936
0.98298776,0.0101587055,0.006853616
0.98564917,0.009892115,0.004458726
0.98212415,0.011114743,0.0067612114
0.98829085,0.008327887,0.0033812409
0.9858473,0.00985553,0.004297161
0.9826398,0.010873584,0.0064865756
0.9866367,0.010785349,0.0025780576
0.98203343,0.012507696,0.0054588737
0.98877454,0.008554576,0.002670869
0.9906148,0.006967765,0.0024174196
0.10265543,0.053622246,0.84372234
0.9748889,0.006724523,0.018386567
0.8761155,0.018889079,0.10499534
0.98395026,0.008930094,0.007119691
0.9886641,0.008453968,0.002881941
0.9835081,0.010075142,0.00641667
0.97752964,0.009724777,0.012745584
0.95541024,0.014996908,0.02959281
0.0541461,0.036281046,0.9095728
0.9782593,0.009414208,0.012326499
0.9855574,0.010335557,0.004107188
0.9883618,0.0060576517,0.0055805705
0.9866089,0.008527508,0.0048635746
0.29955205,0.020766536,0.67968136
0.985021,0.009116134,0.0058628717
0.9843566,0.008583148,0.0070603043
0.9872476,0.008925089,0.0038274026
0.9693796,0.007076181,0.023544278
0.98293096,0.006720667,0.010348359
0.986749,0.00865457,0.004596408
0.14648996,0.043802094,0.809708
0.98826784,0.0057515497,0.0059806653
0.98228675,0.009753035,0.007960196
0.37102935,0.039819133,0.58915156
0.09806099,0.041481107,0.86045784
0.9879105,0.008656301,0.0034331658
0.08573454,0.034741517,0.87952393
0.98199433,0.011783898,0.006221818
0.9833787,0.009956452,0.0066648917
0.98322266,0.006139011,0.010638381
0.9885245,0.006318482,0.0051569953
0.98816526,0.008157804,0.0036770103
0.06679689,0.04425797,0.8889451
0.9868868,0.008480077,0.0046331054
0.98132,0.007086804,0.011593238
0.9858385,0.008886277,0.005275238
0.9830309,0.007064581,0.009904453
0.28631383,0.037173074,0.6765131
0.070700765,0.03673284,0.89256644
0.95012003,0.008398664,0.041481216
0.9898491,0.007282274,0.0028685383
0.9888573,0.008348952,0.0027938187
0.9764181,0.01310959,0.01047231
0.98383266,0.011725528,0.0044418247
0.98718864,0.00674319,0.006068214
0.988424,0.008988235,0.002587777
0.98844075,0.008510034,0.0030491983
0.07619277,0.037662942,0.8861443
0.9888736,0.007935698,0.0031906937
0.22106253,0.038269814,0.7406677
0.9812092,0.013368314,0.0054224273
0.9636519,0.011164313,0.025183747
0.07906271,0.04223664,0.87870073
0.97331333,0.009626263,0.017060414
0.06458045,0.039112683,0.8963068
0.80723757,0.019934386,0.17282806
0.05867586,0.03682615,0.904498
0.06622356,0.039892983,0.89388347
0.30605948,0.032910734,0.6610298
0.9890599,0.008022915,0.0029170797
0.22058094,0.03311222,0.74630684
0.9830499,0.011366826,0.005583197
0.9850013,0.008348945,0.006649862
0.98633295,0.009491904,0.00417515
0.9878976,0.0073823696,0.0047200955
0.36943117,0.030922856,0.599646
0.9890428,0.0074999896,0.003457299
0.015858531,0.97730744,0.0068340036
0.97968894,0.010947319,0.009363738
0.15485463,0.039784525,0.80536085
0.9834638,0.012961446,0.003574743
0.9793091,0.015215225,0.005475721
0.8533121,0.01525201,0.13143598
0.9711223,0.013811793,0.015065943
0.98675424,0.0088166995,0.004428988
0.9830042,0.010563559,0.006432199
0.98453134,0.011185595,0.004283052
0.061879665,0.037642036,0.9004783
0.97491133,0.009299891,0.01578878
0.9873777,0.0071444917,0.005477872
0.98692894,0.0066759023,0.006395122
0.0780903,0.048063077,0.87384665
0.98888856,0.007889454,0.0032220543
0.8817462,0.01835375,0.09990002
0.8764715,0.021686403,0.10184205
0.97036695,0.012838893,0.016794203
0.98118937,0.013032894,0.0057776663
0.9775039,0.014915263,0.0075808647
0.9846591,0.0074158795,0.00792506
0.9868292,0.004855169,0.008315572
0.9816824,0.013440228,0.0048772446
0.05870296,0.03946908,0.901828
0.988089,0.00673617,0.0051748985
0.98120904,0.0109857395,0.0078052855
0.9826637,0.0117115965,0.005624776
0.08981848,0.05006479,0.8601167
0.9903922,0.0076733204,0.0019344437
0.9849716,0.009798813,0.005229583
0.9832718,0.012245314,0.004482857
0.98427016,0.0054980884,0.010231735
0.98103255,0.012954681,0.0060127308
0.97512823,0.01123127,0.013640424
0.9887143,0.005664938,0.005620854
0.9531647,0.012319149,0.034516186
0.98604244,0.009269293,0.004688284
0.9887255,0.0072456487,0.0040288744
0.9683036,0.010324607,0.021371735
0.9638319,0.012156574,0.02401153
0.97119784,0.012478885,0.016323287
0.8469755,0.01502094,0.13800359
0.6742422,0.033209875,0.2925479
0.24639511,0.033640325,0.7199646
0.9883011,0.009146491,0.0025523207
0.97651345,0.011513945,0.011972608
0.15293266,0.0357179,0.81134945
0.78961736,0.022465441,0.18791722
0.6723709,0.032382138,0.29524696
0.96956146,0.013443874,0.01699465
0.28621754,0.41421327,0.2995692
0.9853276,0.008343559,0.006328875
0.98462784,0.010255464,0.005116641
0.984885,0.010994638,0.00412045
0.058997225,0.044338167,0.89666456
0.020874504,0.97294295,0.006182555
0.0120957345,0.9817504,0.0061538103
0.050765723,0.326539,0.62269527
0.012910304,0.9776719,0.009417748
0.053494543,0.048754927,0.89775044
0.054615956,0.03949236,0.9058917
0.019802472,0.9729551,0.0072423615
0.02887537,0.92589647,0.04522814
0.012482934,0.97817683,0.00934016
0.058447912,0.05193391,0.88961816
0.015710495,0.98055434,0.0037352156
0.02504801,0.89425385,0.0806982
0.038799625,0.9182531,0.042947274
0.01399095,0.9813203,0.00468867
0.012960017,0.9785655,0.008474522
0.01402122,0.9824835,0.0034952736
0.020466825,0.94190735,0.03762588
0.019658979,0.9136078,0.06673317
0.058344692,0.11066473,0.83099055
0.17390056,0.33263418,0.49346524
0.054819006,0.055682283,0.8894987
0.07736372,0.06784124,0.85479504
0.04375367,0.041082703,0.9151636
0.013858586,0.9734613,0.01268015
0.038310844,0.060300857,0.9013883
0.056823455,0.24957179,0.69360477
0.010785427,0.98423797,0.0049766568
0.0153466165,0.9800791,0.004574264
0.0131183,0.9837689,0.003112828
0.016344655,0.9611397,0.022515716
0.013712944,0.98174953,0.004537531
0.012473848,0.9846503,0.0028758522
0.011435902,0.98420656,0.004357567
0.011678781,0.9847068,0.0036143863
0.05889316,0.050818678,0.89028823
0.01050014,0.985247,0.0042528096
0.051437058,0.083653815,0.8649092
0.016955044,0.97966033,0.0033846046
0.018975575,0.9666308,0.014393625
0.01809139,0.96581787,0.016090816
0.054358717,0.04884595,0.8967953
0.016121289,0.96764684,0.01623187
0.05457532,0.24865371,0.69677097
0.014268308,0.9809383,0.004793307
0.0148311155,0.98104846,0.0041204635
0.047777437,0.0621009,0.89012164
0.013675404,0.97667456,0.009650078
0.07148343,0.16523296,0.76328367
0.053749226,0.036707517,0.9095432
0.012885789,0.9834689,0.003645267
0.039838728,0.9264165,0.03374472
0.049638253,0.45269156,0.49767017
0.048283316,0.10004316,0.85167354
0.048067868,0.10901239,0.8429197
0.032468744,0.6881376,0.27939364
0.062220328,0.042018235,0.8957614
0.0122578805,0.98284,0.0049021067
0.019533455,0.97199947,0.008467126
0.013673761,0.98229605,0.0040301313
0.021428706,0.9737335,0.0048377523
0.0403502,0.9291918,0.03045793
0.06048827,0.49256057,0.44695124
0.055566654,0.053307623,0.8911258
0.015241233,0.96530294,0.0194558
0.015402616,0.97838634,0.006211077
0.011892925,0.98432803,0.0037789994
0.0412852,0.1620253,0.79668945
0.014254665,0.9819163,0.0038291046
0.013419821,0.96688205,0.019698095
0.046247,0.05299657,0.9007565
0.014559433,0.9811137,0.004326938
0.0140608875,0.97998536,0.0059537548
0.01371099,0.9811304,0.005158565
0.013656231,0.98247486,0.0038688814
0.058296937,0.05568168,0.8860213
0.013588964,0.98290056,0.003510443
0.04153225,0.6795237,0.27894408
0.015813502,0.97691464,0.007271835
0.028174393,0.89989734,0.07192827
0.01530936,0.9810472,0.0036434007
0.015590977,0.9812058,0.0032032724
0.024970027,0.9233678,0.051662225
0.02345264,0.93956095,0.03698637
0.015859667,0.92807746,0.05606292
0.06012639,0.07679026,0.8630834
0.018602557,0.94209266,0.03930477
0.014701592,0.98154485,0.0037536225
0.04761297,0.04429357,0.9080935
0.021013845,0.9456023,0.033383846
0.015415451,0.9782456,0.0063388557
0.019696008,0.97626716,0.004036811
0.03342765,0.7615531,0.20501928
0.013085337,0.9774712,0.009443441
0.017252214,0.97659636,0.0061514666
0.011325002,0.984227,0.0044479463
0.04601116,0.08327478,0.8707141
0.041529145,0.6741852,0.28428563
0.016091432,0.95273966,0.031168869
0.016194852,0.97920805,0.0045970557
0.012336935,0.9843604,0.0033026545
0.03315055,0.92805463,0.03879479
0.047049426,0.1548351,0.7981155
0.022255791,0.8916128,0.08613137
0.016110057,0.97837114,0.0055187684
0.012384995,0.97906965,0.008545389
0.05472139,0.13405506,0.81122357
0.0600538,0.037856966,0.90208924
0.04015948,0.9113516,0.048488908
0.053206004,0.053885777,0.89290816
0.055502452,0.05004445,0.89445305
0.011369912,0.98235714,0.0062729325
0.046791643,0.05202174,0.9011867
0.012496814,0.9716439,0.015859284
0.014372635,0.98233795,0.0032894374
0.0338784,0.8720307,0.094090976
0.01855774,0.965876,0.0155662615
0.014283999,0.9791443,0.0065717017
0.057313904,0.05659088,0.8860953
0.11250605,0.108831815,0.77866215
0.074684374,0.052036364,0.87327915
0.05041796,0.086774796,0.86280715
0.021528436,0.9687584,0.009713107
0.0152893765,0.9788103,0.0059003388
0.063587755,0.046092194,0.89032006
0.009624126,0.97119856,0.01917728
0.016991777,0.9784328,0.0045755077
0.03960577,0.13320182,0.8271924
0.015906077,0.97546285,0.008631108
0.014356363,0.97549325,0.010150405
0.059799973,0.31432554,0.62587446
0.017995102,0.9739018,0.008103111
0.009140586,0.986699,0.004160416
0.019065225,0.95334363,0.027591147
0.057362955,0.041377556,0.9012595
0.045779396,0.2893347,0.6648859
0.05754223,0.037498333,0.9049595
0.013931098,0.98238474,0.003684171
0.06413667,0.03566259,0.9002007
0.03794162,0.9300771,0.031981263
0.014292226,0.9768422,0.008865583
0.029366953,0.83752906,0.13310403
0.015046551,0.9822636,0.002689806
0.013844765,0.9825135,0.003641726
0.11420131,0.038449273,0.84734946
0.058353823,0.049548436,0.8920977
0.041814912,0.17073512,0.78745
0.016552873,0.9795821,0.0038650315
0.017031401,0.97880095,0.004167615
0.015844505,0.97787446,0.006281003
0.01442908,0.9813922,0.0041786483
0.036125135,0.6062554,0.35761943
0.06612317,0.569546,0.3643308
0.013522711,0.98002064,0.0064566634
0.040251717,0.59817487,0.36157343
0.055418007,0.090304375,0.8542776
0.034226373,0.86226183,0.10351183
0.021564214,0.9441944,0.03424147
0.05079602,0.13973965,0.8094644
0.070086926,0.058388505,0.8715246
0.061881024,0.055038124,0.8830808
0.058626227,0.038523182,0.9028506
0.059487008,0.040369023,0.90014404
0.058857635,0.04397484,0.89716756
0.047078032,0.062888116,0.8900339
0.06154519,0.089678995,0.84877586
0.050480194,0.12601186,0.82350796
0.056879718,0.052502498,0.8906178
0.057313357,0.03956434,0.9031223
0.057621893,0.041019965,0.90135807
0.057299573,0.043315392,0.899385
0.0677353,0.05257231,0.87969244
0.058138695,0.04608141,0.8957799
0.06279606,0.040189404,0.8970145
0.062834576,0.04222636,0.894939
0.05368779,0.04046635,0.9058458
0.058914278,0.043931272,0.8971544
0.14617744,0.032566868,0.8212557
0.09547206,0.055254996,0.8492729
0.056132697,0.045858935,0.8980084
0.057479866,0.04469984,0.8978203
0.059756577,0.043932837,0.8963106
0.055859182,0.04305938,0.90108144
0.051418804,0.044695247,0.9038859
0.04448991,0.5401487,0.41536146
0.017209167,0.9694145,0.013376363
0.06335723,0.09552935,0.8411134
0.05982223,0.04332039,0.89685744
0.98339003,0.0063473475,0.010262596
0.107624345,0.2958935,0.59648216
0.06367691,0.048230425,0.8880926
0.056561578,0.039893318,0.903545
0.043728046,0.106654145,0.84961784
0.05541758,0.041851815,0.90273064
0.054161012,0.11905184,0.8267872
0.057171393,0.04589366,0.8969349
0.053343654,0.040443238,0.9062131
0.052532673,0.050225027,0.8972423
0.06641588,0.03491337,0.89867073
0.05569717,0.038788076,0.9055147
0.051630985,0.101137936,0.8472311
0.055138834,0.044915196,0.899946
0.05637641,0.044793826,0.8988298
0.06134751,0.04852987,0.8901226
0.04727542,0.06070284,0.8920217
0.055424046,0.03909101,0.9054849
0.018106418,0.96473396,0.017159563
0.97799224,0.014577031,0.007430691
0.053130712,0.03763854,0.9092307
0.060569376,0.04719452,0.8922362
0.060441606,0.03826924,0.9012891
0.042453125,0.7636037,0.19394323
0.05033357,0.043432645,0.9062337
0.016336521,0.98008704,0.0035764123
0.05728742,0.048335157,0.89437747
0.059990015,0.04458079,0.8954292
0.05806718,0.04856435,0.8933684
0.054265458,0.05004053,0.895694
0.029287577,0.8320089,0.13870358
0.051447812,0.044156313,0.9043959
0.055280864,0.042014416,0.9027048
0.05728477,0.039602578,0.90311265
0.055928793,0.40270346,0.54136777
0.059368353,0.04140534,0.8992263
0.053360067,0.057246998,0.889393
0.059724692,0.04662734,0.893648
0.058149822,0.041073643,0.90077657
0.05398251,0.04931992,0.89669764
0.06332791,0.038223222,0.8984489
0.052535735,0.042690404,0.90477383
0.057151236,0.04272078,0.900128
0.062488843,0.03876233,0.8987488
0.05837102,0.04226949,0.89935946
0.052080106,0.038645998,0.90927386
0.05232614,0.042540845,0.905133
0.053755876,0.04057707,0.90566707
0.04731363,0.04455569,0.90813065
0.28467408,0.036915086,0.6784109
0.053539384,0.06231942,0.8841412
0.0141909,0.9789569,0.0068522254
0.055469252,0.04492037,0.89961034
0.0593241,0.03860293,0.9020729
0.0664533,0.039622992,0.89392376
0.060390912,0.039954957,0.8996542
0.050883997,0.0449708,0.9041451
0.03586479,0.6191755,0.34495974
0.057348352,0.03986005,0.9027916
0.02498111,0.90502596,0.06999287
0.057468407,0.24378915,0.69874245
0.06273573,0.047216874,0.89004743
0.049960557,0.0376938,0.9123457
0.060709994,0.04016606,0.89912385
0.015130674,0.97720146,0.007667853
0.066946246,0.069953814,0.8631
0.05934716,0.04218631,0.8984665
0.06137867,0.050218266,0.8884031
0.057036392,0.043327484,0.8996361
0.014990094,0.97905594,0.0059539196
0.05790149,0.040778592,0.9013199
0.06390548,0.037385102,0.89870936
0.053243995,0.054082464,0.89267355
0.060323097,0.043661773,0.8960151
0.053708375,0.037439603,0.9088519
0.05598136,0.044047676,0.899971
0.056596387,0.043267008,0.9001367
0.051570296,0.041437894,0.9069918
0.057647575,0.046298515,0.89605385
0.07621976,0.044220444,0.8795598
0.05020113,0.04550822,0.9042907
0.06149125,0.04193339,0.89657545
0.046821352,0.057563134,0.8956155
0.043404527,0.44483897,0.51175654
0.057903215,0.039428756,0.90266806
0.061563917,0.035526227,0.9029099
0.055754483,0.05663249,0.88761306
0.102263376,0.028011909,0.86972463
0.012952978,0.9828212,0.0042257993
0.050877783,0.04066246,0.90845984
0.053002227,0.03952277,0.907475
0.0708922,0.041089404,0.88801837
0.06380304,0.045910746,0.8902862
0.06640966,0.03544254,0.8981478
0.063829795,0.039401278,0.8967689
0.05709996,0.0497063,0.89319366
0.0550319,0.036623366,0.90834475
0.054883134,0.038785174,0.90633166
0.050055753,0.03942373,0.9105205
0.048983093,0.040213775,0.91080314
0.060521618,0.036996122,0.9024823
0.0766746,0.033317223,0.8900082
0.0522395,0.039259538,0.908501
0.046118744,0.061306596,0.8925746
0.06490911,0.04818927,0.8869016
0.054411534,0.04879801,0.8967905
0.041343007,0.45524195,0.50341505
0.05746779,0.042706437,0.8998258
0.0754974,0.25291464,0.671588
0.059200246,0.058883127,0.8819167
0.051128786,0.059252538,0.8896187
0.055746444,0.044990808,0.89926285
0.016180448,0.95988303,0.023936516
0.06603126,0.0405023,0.8934664
0.0590712,0.05878348,0.8821454
0.058795255,0.058451757,0.8827531
0.055436347,0.050303143,0.8942606
0.05685802,0.048942927,0.894199
0.06230043,0.049067587,0.88863194
0.054200243,0.055539776,0.89026
0.07054851,0.04141262,0.8880388
0.060534686,0.046869032,0.89259636
0.039579228,0.05253647,0.90788436
0.06373591,0.049083237,0.88718086
0.060281895,0.028881228,0.9108369
0.05686065,0.061902743,0.8812367
0.063052654,0.050664227,0.88628316
0.06320419,0.042288505,0.8945073
0.070106395,0.05727508,0.8726185
0.054665018,0.051378112,0.8939569
0.057711933,0.052214816,0.8900733
0.064302094,0.058376446,0.8773214
0.063388646,0.039493665,0.89711773
0.054098804,0.05730737,0.8885938
0.041234735,0.08313393,0.8756313
0.051545437,0.48881072,0.45964387
0.06942592,0.112414606,0.8181594
0.04681408,0.046268675,0.9069172
0.9813949,0.009325242,0.009279818
0.06221228,0.04737485,0.89041287
0.050979644,0.047587913,0.9014324
0.056474008,0.040498346,0.9030277
0.05208106,0.21692663,0.7309923
0.056608565,0.05874875,0.88464266
0.049451392,0.07741901,0.87312955
0.057696402,0.04985899,0.8924446
0.045777876,0.042794865,0.91142726
0.05181434,0.06407597,0.8841096
0.066628076,0.055290584,0.8780814
0.050548315,0.042899795,0.90655196
0.1923101,0.026099518,0.78159046
0.045488067,0.08184706,0.87266487
0.04080155,0.05737108,0.9018274
0.061775822,0.040572964,0.8976512
0.11948921,0.042542826,0.83796805
0.11830541,0.032146093,0.84954846
0.06687269,0.034439925,0.8986874
0.14463884,0.028894296,0.82646686
0.055260103,0.03884239,0.90589756
0.042245932,0.081431165,0.8763229
0.039846905,0.5218135,0.43833956
0.04873552,0.04947883,0.9017857
0.025657605,0.90623003,0.06811234
0.06638007,0.041988216,0.89163166
0.057041287,0.039724134,0.9032346
0.04795474,0.037879795,0.91416544
0.05260483,0.041431375,0.90596384
0.98958546,0.0063624345,0.004052116
0.08395869,0.035170507,0.88087076
0.049425136,0.065031596,0.8855433
0.05113887,0.037966087,0.910895
0.060240734,0.040148582,0.8996107
0.058964197,0.047494877,0.893541
0.08385274,0.05340425,0.862743
0.22644335,0.039369173,0.7341874
0.060364015,0.042575207,0.89706075
0.05259306,0.03454193,0.91286504
0.054938488,0.06958453,0.875477
0.056883942,0.04281264,0.9003034
0.057200756,0.038365286,0.90443397
0.039567146,0.044813562,0.9156194
0.05457597,0.043724734,0.9016993
0.057736576,0.03999296,0.9022705
0.051394053,0.061330684,0.8872752
0.6267962,0.030752555,0.34245124
0.98706555,0.008623595,0.004310882
0.9433361,0.012359954,0.044303913
0.05765884,0.044359934,0.89798117
0.062157173,0.04560858,0.89223427
0.05717544,0.037023544,0.90580106
0.057322618,0.041611753,0.9010656
0.027023377,0.9143256,0.058651008
0.059728634,0.040434156,0.8998372
0.04211788,0.044965792,0.9129163
0.06399778,0.038627546,0.89737463
0.018990241,0.97069,0.010319774
0.18293898,0.033248626,0.7838124
0.05558612,0.04554563,0.8988684
0.06103718,0.045960937,0.8930019
0.054374233,0.048574436,0.8970513
0.063347735,0.039237592,0.8974147
0.050158907,0.059015125,0.89082605
0.016700579,0.96495736,0.018341996
0.046574384,0.051151954,0.90227365
0.046003513,0.05315696,0.90083957
0.056620527,0.044615902,0.8987636
0.062327996,0.04123654,0.89643544
0.059179075,0.03963407,0.90118676
0.054617792,0.041227672,0.9041545
0.0579898,0.037550874,0.90445936
0.057637308,0.044278458,0.8980842
0.060048092,0.050196566,0.88975537
0.051312037,0.04359051,0.9050975
0.29590344,0.039705444,0.66439116
0.71794623,0.024494901,0.25755885
0.12362451,0.039561033,0.83681446
0.06484418,0.048708543,0.88644725
0.046943557,0.1932029,0.7598535
0.120087594,0.027716696,0.8521957
0.06417674,0.03681763,0.89900565
0.059065755,0.051518064,0.8894162
0.06687958,0.044377714,0.8887426
0.9747049,0.007355262,0.017939728
0.052911375,0.034955207,0.9121334
0.05461699,0.43721417,0.5081689
0.04160879,0.08425752,0.87413365
0.05145558,0.042243622,0.90630084
0.059948403,0.049602,0.8904495
0.048152883,0.037483197,0.9143639
0.062459785,0.040962126,0.89657813
0.05707966,0.046111807,0.8968085
0.06201376,0.040828794,0.8971574
0.05174734,0.035031106,0.9132216
0.013388125,0.9807459,0.005865999
0.017407777,0.9384427,0.04414948
0.05774908,0.06669636,0.8755545
0.048741125,0.03918372,0.9120751
0.050041363,0.24964958,0.70030904
0.016829163,0.9776238,0.0055469596
0.06105487,0.042188346,0.89675677
0.0534842,0.039687905,0.9068279
0.03324797,0.44615814,0.52059394
0.058309898,0.036668006,0.9050221
0.06021552,0.042304896,0.8974795
0.0562452,0.18084285,0.7629119
0.055581134,0.02969239,0.9147265
0.040225256,0.08532334,0.87445134
0.0446854,0.043650266,0.9116643
0.052222844,0.04266469,0.9051124
0.03986186,0.066951916,0.89318615
0.06399124,0.03212972,0.903879
0.061396938,0.04732819,0.89127487
0.055297174,0.076324,0.8683788
0.04604005,0.056796376,0.8971636
0.06490619,0.057279512,0.87781435
0.050604213,0.039622847,0.9097729
0.056290284,0.03833045,0.9053793
0.055573374,0.039158076,0.9052685
0.054628663,0.04500219,0.90036917
0.060239334,0.037531517,0.90222913
0.05966591,0.048437037,0.891897
0.07162023,0.030803481,0.8975762
0.12748657,0.0418052,0.8307082
0.06554199,0.04544397,0.889014
0.07693798,0.034780417,0.8882816
0.05025817,0.036877543,0.91286427
0.970909,0.006567538,0.022523537
0.05269739,0.09181188,0.85549074
0.059078086,0.029778942,0.91114306
0.05265526,0.043165244,0.90417945
0.06645729,0.04261573,0.890927
0.056428418,0.043033414,0.9005381
0.06070418,0.055923313,0.88337255
0.049621362,0.03845692,0.9119218
0.05317749,0.04210796,0.90471464
0.0568344,0.054125946,0.88903964
0.054202124,0.05289486,0.89290303
0.04806968,0.038700584,0.91322976
0.059269745,0.043873817,0.8968565
0.056003544,0.038378034,0.9056185
0.09035617,0.036739666,0.8729041
0.05727508,0.070106395,0.8726185
0.049654286,0.14346913,0.80687654
0.06697327,0.03605887,0.8969679
0.046206348,0.12511219,0.8286815
0.051897265,0.04157863,0.9065241
0.052384906,0.04190788,0.90570724
0.05401695,0.046520073,0.899463
0.058708135,0.04377756,0.89751434
0.052103125,0.04925804,0.8986388
0.054876562,0.04639156,0.8987319
0.04370089,0.04624757,0.91005147
0.828431,0.016877457,0.15469153
0.10786658,0.07220635,0.8199271
0.058988992,0.043157272,0.89785373
0.061590843,0.038186643,0.9002226
0.05351863,0.040397983,0.9060834
0.055336986,0.049386244,0.8952767
0.062733665,0.050284997,0.8869814
0.03953544,0.29177323,0.6686913
0.058388207,0.042426705,0.89918506
0.07261172,0.049251642,0.8781366
0.049293593,0.03681119,0.91389525
0.059612706,0.05232622,0.88806117
0.05470599,0.04012159,0.90517247
0.0552826,0.05162979,0.8930876
0.05552362,0.046618793,0.89785767
0.050993923,0.041579403,0.9074267
0.054076895,0.042820137,0.90310305
0.05339285,0.04353544,0.90307164
0.046458542,0.05175238,0.90178907
0.49778238,0.039816607,0.46240103
0.015813492,0.979302,0.0048844605
0.9852996,0.006923614,0.007776831
0.049846992,0.038991846,0.9111612
0.06031795,0.043743394,0.89593863
0.054695025,0.036328156,0.9089768
0.05594339,0.04337771,0.9006789
0.048132293,0.053381752,0.898486
0.062606595,0.054367002,0.88302636
0.054986905,0.041831832,0.9031812
0.060903694,0.03930318,0.89979315
0.064161405,0.09889109,0.83694744
0.056098465,0.042928256,0.90097326
0.058775228,0.033423774,0.90780103
0.051883526,0.12775628,0.8203602
0.051180642,0.052190084,0.8966294
0.30418685,0.02259084,0.67322236
0.05395985,0.08447726,0.8615629
0.012845609,0.98279876,0.004355585
0.12355893,0.032378186,0.8440629
0.057949986,0.0685825,0.8734675
0.054557357,0.06664953,0.87879306
0.04348776,0.08729184,0.86922044
0.06468593,0.04147985,0.8938342
0.16164352,0.02996773,0.80838877
0.059061863,0.034924716,0.9060134
0.05710619,0.03818981,0.904704
0.07090219,0.044848654,0.88424915
0.06609264,0.048733655,0.8851737
0.051232617,0.038427707,0.91033965
0.9020167,0.012134338,0.085848995
0.057900984,0.039465763,0.9026333
0.056635167,0.0604647,0.8829001
0.08627486,0.032539044,0.8811861
0.09444875,0.032339197,0.8732121
0.26199967,0.028414734,0.70958567
0.08554918,0.042807296,0.8716435
0.059944954,0.04091885,0.8991362
0.058427326,0.046605077,0.8949677
0.013306014,0.9795019,0.007192089
0.060635045,0.05181328,0.8875517
0.061084114,0.036457185,0.90245867
0.06514443,0.058110647,0.8767449
0.055998627,0.0406705,0.9033309
0.06432237,0.042952675,0.892725
0.07859859,0.055925574,0.8654759
0.058631424,0.030911677,0.91045684
0.052810937,0.103146665,0.84404236
0.05623681,0.044967443,0.89879584
0.05977246,0.042364333,0.89786315
0.3102165,0.02822753,0.661556
0.0981614,0.04385764,0.8579809
0.053728245,0.03663948,0.90963227
0.064745344,0.038850445,0.8964042
0.055611696,0.039821588,0.9045667
0.050600294,0.039697237,0.9097024
0.11445448,0.031744085,0.8538015
0.054725196,0.03978447,0.9054903
0.069662064,0.04095222,0.88938564
0.05384262,0.03325256,0.91290486
0.043890335,0.1471439,0.8089658
0.050025515,0.038225017,0.9117494
0.058823686,0.04365007,0.89752614
0.062276796,0.041586693,0.8961366
0.05688613,0.04233615,0.90077776
0.04667906,0.03835967,0.9149612
0.06579187,0.049613833,0.8845943
0.05994742,0.04263381,0.89741874
0.055962227,0.042615417,0.9014223
0.05949947,0.03928836,0.9012123
0.052564688,0.03773174,0.9097036
0.06137566,0.05026486,0.88835955
0.09789708,0.026568267,0.87553465
0.05477509,0.052088417,0.8931365
0.061744895,0.03754172,0.90071344
0.04285219,0.06477001,0.8923778
0.0268373,0.93593925,0.037223533
0.06198769,0.03947881,0.89853346
0.1331466,0.030869877,0.8359836
0.3197963,0.028494624,0.6517091
0.049787603,0.049860585,0.90035176
0.056617312,0.04203334,0.90134925
0.09714637,0.03636304,0.8664906
0.045055423,0.04644026,0.9085043
0.057772342,0.03895734,0.9032703
0.057962935,0.04459388,0.8974432
0.018150417,0.93003017,0.051819466
0.039170668,0.057918772,0.9029106
0.053685043,0.045807283,0.9005077
0.050222747,0.04421334,0.9055639
0.059530918,0.04317263,0.8972965
0.05608163,0.043655097,0.90026325
0.7703195,0.026436223,0.20324415
0.056711767,0.054432746,0.8888556
0.15480746,0.060453504,0.784739
0.038233746,0.16088659,0.80087966
0.0859091,0.04474349,0.8693474
0.050682724,0.043013867,0.90630335
0.06305809,0.047113165,0.88982874
0.057669915,0.040220797,0.9021093
0.04992217,0.04685176,0.90322614
0.054038286,0.040413566,0.90554816
0.056023296,0.04289168,0.901085
0.058486592,0.04694942,0.89456403
0.053651895,0.056446765,0.8899013
0.060292754,0.051545955,0.8881613
0.07921882,0.03948516,0.881296
0.08547444,0.04151478,0.8730108
0.070960835,0.03406401,0.8949752
0.07095028,0.059194397,0.8698553
0.0636768,0.038640793,0.8976824
0.051752336,0.04115995,0.9070877
0.06486563,0.05012427,0.8850101
0.054754242,0.037503596,0.9077421
0.039551094,0.039822392,0.9206264
0.052042224,0.11782424,0.8301335
0.065839365,0.056674004,0.87748665
0.04960311,0.035242636,0.91515416
0.050738987,0.07414993,0.87511104
0.06245758,0.04753843,0.890004
0.054749817,0.05208981,0.8931604
0.061267056,0.03533766,0.9033953
0.063904196,0.048308127,0.88778764
0.066280805,0.04168049,0.8920388
0.98632413,0.009889227,0.0037866628
0.06907425,0.040825345,0.8901004
0.06576251,0.039615247,0.89462227
0.08211856,0.039324038,0.87855744
0.061548147,0.037094623,0.9013573
0.054216,0.037701305,0.90808266
0.08679682,0.033799794,0.8794034
0.043854587,0.04911481,0.9070306
0.057306297,0.04495827,0.89773536
0.06748883,0.041782174,0.89072895
0.06357957,0.03835639,0.8980641
0.057149783,0.04142557,0.90142465
0.070167,0.049610298,0.88022274
0.07922419,0.03424068,0.8865351
0.064837046,0.044474855,0.89068806
0.055290435,0.04228928,0.90242034
0.05671124,0.04528042,0.8980084
0.2110728,0.030261654,0.7586655
0.066811204,0.053553406,0.8796354
0.047529344,0.093376555,0.8590942
0.057135817,0.03769078,0.90517336
0.06060571,0.051838808,0.88755554
0.06429788,0.05414424,0.8815579
0.057573665,0.042701636,0.89972466
0.1398473,0.04828276,0.8118699
0.05478437,0.0360867,0.9091289
0.055508103,0.046446744,0.89804524
0.047528103,0.09507637,0.85739547
0.061325863,0.038376745,0.90029734
0.07369793,0.0354644,0.8908377
0.05622632,0.04952273,0.894251
0.061041135,0.036254074,0.9027048
0.8049199,0.017992618,0.17708746
0.053266123,0.048879743,0.89785415
0.052281164,0.038493287,0.9092256
0.06830347,0.10364306,0.82805353
0.052697893,0.049432628,0.8978695
0.04929668,0.09630637,0.8543969
0.05210704,0.04478767,0.90310526
0.054684825,0.047534205,0.897781
0.0820879,0.041824162,0.8760879
0.038440727,0.084085345,0.8774739
0.06668473,0.051908772,0.88140655
0.053299963,0.038128987,0.9085711
0.06417451,0.04035595,0.89546955
0.1178419,0.033869594,0.84828854
0.05716916,0.049427494,0.89340335
0.05519589,0.03286255,0.9119416
0.08408489,0.053735457,0.86217964
0.07795353,0.029043892,0.89300257
0.056511827,0.038972955,0.9045152
0.060888574,0.051323418,0.88778806
0.012737347,0.97785234,0.009410292
0.051510744,0.05353655,0.89495265
0.065906025,0.04666596,0.88742805
0.048689734,0.037077386,0.9142329
0.046756566,0.04211746,0.911126
0.04742829,0.06289367,0.88967794
0.054106116,0.04230281,0.9035911
0.052230787,0.046048515,0.90172076
0.048854765,0.03560356,0.9155417
0.046356976,0.03563001,0.9180131
0.059816584,0.04384831,0.89633507
0.07817411,0.03239743,0.88942844
0.055710938,0.05084938,0.8934397
0.98745,0.0070824916,0.005467584
0.07356813,0.039764624,0.88666725
0.074957035,0.054121494,0.87092143
0.042598076,0.03991961,0.9174823
0.06302703,0.039731245,0.89724183
0.0621636,0.047685765,0.89015067
0.035538632,0.15402454,0.81043684
0.06601129,0.044709112,0.88927954
0.05417605,0.03396879,0.91185516
0.052280173,0.035843983,0.9118759
0.052748326,0.043241538,0.9040102
0.056267224,0.03695504,0.90677774
0.2149933,0.031439357,0.7535673
0.06576521,0.03167799,0.9025568
0.06475533,0.053032715,0.882212
0.0670895,0.049179688,0.8837308
0.058905512,0.0480069,0.89308757
0.09205162,0.030526334,0.8774221
0.04912377,0.039684635,0.9111915
0.064214915,0.038438205,0.8973469
0.07900377,0.057828624,0.8631676
0.05573135,0.046565287,0.89770335
0.070317596,0.2955607,0.63412166
0.06624315,0.054330718,0.87942606
0.040136747,0.20475392,0.75510937
0.05338334,0.039729282,0.90688735
0.19752748,0.2911249,0.5113476
0.060619492,0.03808318,0.9012974
0.062374074,0.04924568,0.88838017
0.060123518,0.051175874,0.88870066
0.05361626,0.037760608,0.90862316
0.052581713,0.030730603,0.91668767
0.061973277,0.047562987,0.8904637
0.06285032,0.03628628,0.90086347
0.056073185,0.031408165,0.9125187
0.9886796,0.008185997,0.0031344823
0.05484839,0.05474137,0.8904102
0.058677368,0.03724301,0.90407956
0.056702334,0.05285239,0.8904453
0.05471504,0.053998433,0.89128655
0.06188292,0.04110232,0.8970148
0.088484325,0.041960623,0.86955506
0.055600047,0.035152227,0.90924776
0.05001382,0.045984995,0.90400124
0.04641192,0.0692655,0.8843226
0.05106203,0.05351255,0.89542544
0.97691274,0.009328089,0.013759122
0.057473954,0.03687317,0.9056529
0.05605627,0.047158036,0.89678574
0.052288257,0.06245874,0.8852529
0.06604803,0.060108062,0.8738439
0.044074696,0.047009,0.90891635
0.033232816,0.7288212,0.23794597
0.98876417,0.006107648,0.0051281094
0.08162583,0.04466179,0.8737123
0.053020492,0.044495385,0.9024841
0.05486226,0.036492646,0.9086451
0.061754037,0.052231144,0.88601476
0.46391565,0.04200746,0.49407682
0.05483536,0.031627983,0.91353667
0.05426284,0.053578306,0.8921589
0.039049365,0.060836256,0.9001144
0.05147669,0.036077175,0.91244614
0.048177883,0.21060137,0.7412208
0.0377355,0.45613497,0.50612956
0.052449007,0.04029267,0.9072584
0.987058,0.009800408,0.0031415892
0.060318373,0.054174747,0.8855068
0.05338601,0.12686828,0.81974566
0.04877048,0.13035735,0.8208722
0.049767785,0.03874027,0.91149193
0.05565562,0.04566943,0.8986749
0.05708936,0.047699943,0.89521074
0.0567136,0.044363126,0.8989233
0.055185266,0.03837533,0.90643936
0.06069201,0.037373006,0.901935
0.058943022,0.034213692,0.9068433
0.056825757,0.0477354,0.89543885
0.0565692,0.037997313,0.90543354
0.061805453,0.05619213,0.88200235
0.06857726,0.05674161,0.8746812
0.064763375,0.043821093,0.8914154
0.04391827,0.0825323,0.87354946
0.066159666,0.034693874,0.8991465
0.18514119,0.16754724,0.64731157
0.10434172,0.03577019,0.8598881
0.05878622,0.038988348,0.90222543
0.06054845,0.034804024,0.9046476
0.053267565,0.04489961,0.9018328
0.0611718,0.04341968,0.8954085
0.05741427,0.053203333,0.8893824
0.0618229,0.035885327,0.9022917
0.056248076,0.050028075,0.89372385
0.06136555,0.04170488,0.8969296
0.0581683,0.04384347,0.8979883
0.05896402,0.04356235,0.89747363
0.06823687,0.050734106,0.88102907
0.059583772,0.03924809,0.9011681
0.057691064,0.040749606,0.9015593
0.049022242,0.055766888,0.8952108
0.04792958,0.037491992,0.9145785
0.06155224,0.04054473,0.897903
0.9441659,0.013573432,0.042260658
0.053923983,0.045966245,0.90010977
0.041812632,0.11094433,0.847243
0.057450563,0.045625012,0.89692444
0.047361813,0.03196846,0.9206698
0.047604956,0.048876863,0.9035182
0.04603426,0.035642065,0.9183237
0.05620522,0.03713125,0.90666354
0.060598027,0.05195894,0.88744307
0.022702342,0.9193252,0.05797246
0.09417094,0.06526216,0.8405669
0.05240787,0.0585795,0.8890126
0.059689432,0.05974776,0.88056284
0.19990757,0.029170923,0.77092147
0.05652435,0.04973664,0.893739
0.06305161,0.0432924,0.89365596
0.9884289,0.008394376,0.0031768251
0.06311941,0.034806825,0.9020738
0.05902637,0.054750632,0.886223
0.06379344,0.051686734,0.8845198
0.04991623,0.058357984,0.8917258
0.20607588,0.028352749,0.76557136
0.050611172,0.07306576,0.8763231
0.04914046,0.034896884,0.9159627
0.05425914,0.046206795,0.899534
0.05594536,0.043783557,0.900271
0.9880443,0.009297187,0.0026584913
0.053841066,0.036395133,0.9097638
0.054445166,0.04469798,0.90085685
0.058069758,0.06408933,0.8778409
0.04715486,0.073464066,0.879381
0.0651858,0.05019981,0.8846144
0.05779156,0.31295258,0.6292559
0.040280193,0.0840742,0.87564564
0.058464322,0.04600134,0.89553434
0.05545796,0.055593517,0.8889485
0.05548365,0.03894243,0.9055739
0.050667524,0.053856354,0.8954761
0.0691979,0.039543457,0.8912586
0.9893434,0.006850935,0.0038056797
0.055811875,0.03725141,0.90693665
0.06090377,0.044995416,0.8941008
0.058527745,0.038816925,0.90265536
0.06461889,0.37715906,0.55822206
0.0477173,0.05192325,0.9003594
0.4583264,0.033608824,0.5080648
0.05954239,0.030189356,0.91026825
0.0698593,0.040411726,0.8897289
0.058274083,0.03814251,0.9035834
0.06216897,0.04586292,0.8919681
0.054927744,0.043303166,0.9017691
0.054439384,0.041273985,0.9042867
0.06364173,0.03697717,0.89938116
0.054542206,0.04123097,0.90422684
0.06371768,0.039776277,0.8965061
0.049110956,0.0597329,0.89115614
0.060752403,0.038616575,0.900631
0.05531978,0.039573893,0.90510637
0.051475093,0.034323305,0.9142016
0.06509021,0.05029781,0.88461196
0.014634175,0.9789539,0.006411955
0.05809888,0.03927329,0.9026278
0.06562307,0.03903255,0.89534444
0.058878243,0.048883334,0.89223844
0.05969917,0.04397644,0.89632446
0.05245049,0.053458877,0.89409065
0.045323577,0.04699119,0.9076852
0.050892267,0.04260521,0.9065025
0.05050373,0.038421214,0.91107506
0.054751955,0.04592602,0.89932203
0.05652738,0.03649682,0.90697575
0.09156857,0.03241152,0.8760199
0.05707063,0.03657867,0.9063507
0.057385784,0.4154195,0.52719474
0.8815219,0.009773715,0.108704396
0.07751794,0.03663477,0.8858473
0.06178138,0.03653283,0.9016858
0.077785835,0.041513957,0.8807001
0.061346404,0.049849924,0.88880366
0.069364876,0.08889248,0.8417427
0.05876065,0.04817027,0.893069
0.072126485,0.043597657,0.8842758
0.053598005,0.04647589,0.89992607
0.05036749,0.042788096,0.9068444
0.055508837,0.03850621,0.90598494
0.06291056,0.053235307,0.8838542
0.28527552,0.043620437,0.6711041
0.0523028,0.050446693,0.89725053
0.055011448,0.038310535,0.9066781
0.066687986,0.05143193,0.88188004
0.04735664,0.039684042,0.91295934
0.014771523,0.91477466,0.07045379
0.044262253,0.094900355,0.8608374
0.055799276,0.029910982,0.9142898
0.070408426,0.03854298,0.89104855
0.05517655,0.036755506,0.908068
0.06395402,0.03884694,0.89719903
0.043834798,0.0375122,0.91865295
0.06914797,0.03631409,0.8945379
0.08429519,0.052212447,0.86349237
0.04803881,0.06653265,0.8854285
0.06361242,0.041799597,0.894588
0.05895827,0.041462075,0.89957964
0.08110591,0.04094223,0.87795186
0.017889604,0.939321,0.04278939
0.050365448,0.043269582,0.906365
0.052293617,0.03381279,0.9138936
0.05753515,0.036732636,0.9057323
0.06893096,0.03584833,0.89522076
0.06382473,0.0425372,0.893638
0.015348685,0.9330433,0.051607978
0.04234024,0.06902768,0.8886321
0.055209246,0.039726913,0.90506387
0.04525877,0.086475186,0.86826605
0.05977956,0.04356515,0.8966553
0.055993956,0.046465974,0.8975401
0.058508348,0.03781274,0.90367895
0.054322567,0.03935701,0.9063204
0.058958773,0.0357254,0.90531576
0.062336378,0.041545264,0.8961184
0.11017901,0.032350924,0.85747015
0.050784983,0.045947663,0.9032674
0.31094992,0.040499993,0.6485501
0.93375456,0.010619066,0.055626344
0.05762998,0.03159405,0.91077596
0.060719434,0.0347323,0.9045483
0.04496986,0.029463168,0.925567
0.066597804,0.042768445,0.89063376
0.06143771,0.037943203,0.90061915
0.062346026,0.039206114,0.8984478
0.061294433,0.043252554,0.895453
0.05667363,0.04415902,0.8991673
0.06927341,0.035003357,0.89572316
0.7286125,0.028640272,0.24274728
0.05378098,0.044542484,0.90167654
0.05781811,0.04128041,0.9009015
0.98240936,0.006730232,0.010860424
0.04246072,0.046135712,0.9114035
0.058128327,0.05365502,0.8882166
0.05167424,0.043049138,0.9052767
0.056436908,0.04640107,0.8971621
0.06081908,0.04019896,0.8989819
0.06802737,0.05407748,0.8778952
0.06517776,0.03857885,0.8962434
0.059723057,0.044469178,0.89580786
0.08081476,0.04609185,0.8730933
0.09496373,0.03048591,0.87455034
0.05843361,0.036835622,0.90473074
0.06929914,0.042486005,0.8882149
0.09965134,0.045357164,0.8549915
0.044002946,0.056500904,0.8994961
0.054915044,0.039553817,0.90553117
0.061071776,0.04977237,0.8891558
0.05457831,0.06112481,0.88429683
0.05366329,0.04970319,0.8966335
0.05212203,0.044953942,0.90292406
0.048665006,0.042904798,0.9084302
0.04979835,0.05447956,0.89572215
0.0577741,0.036277894,0.90594804
0.061063956,0.050328046,0.88860804
0.046582382,0.036777794,0.9166398
0.054171354,0.044234965,0.9015937
0.06137689,0.040212657,0.8984105
0.06381502,0.039623644,0.8965613
0.05679832,0.035874765,0.9073269
0.06850697,0.045680065,0.88581294
0.052374184,0.048272923,0.8993529
0.057157855,0.045681607,0.89716053
0.059038654,0.08350213,0.85745925
0.060856305,0.048353326,0.8907904
0.0574468,0.038211804,0.90434146
0.05765165,0.062275447,0.88007295
0.0528081,0.03193603,0.91525584
0.05363065,0.04589513,0.9004742
0.05414958,0.04681681,0.89903367
0.06679785,0.055458542,0.8777436
0.060445618,0.040403325,0.899151
0.053330816,0.04552726,0.90114194
0.053508684,0.038805224,0.9076861
0.059705194,0.04300404,0.89729077
0.072793484,0.055001095,0.8722054
0.06536215,0.053242937,0.88139486
0.05619903,0.05346861,0.89033234
0.058459893,0.05260821,0.88893193
0.04838877,0.0562417,0.8953695
0.053856205,0.06067054,0.88547325
0.06273351,0.04420324,0.8930633
0.05560049,0.041338954,0.90306056
0.05587182,0.04723293,0.89689523
0.06206201,0.05097609,0.8869619
0.06736711,0.056867458,0.8757654
0.061038975,0.036288213,0.9026728
0.060177185,0.03632152,0.90350133
0.057983175,0.03942541,0.9025914
0.054206837,0.038307246,0.90748596
0.052519903,0.04957938,0.89790064
0.9582044,0.008911359,0.03288415
0.04473282,0.043526225,0.9117409
0.04704951,0.04679748,0.9061531
0.0723213,0.04274447,0.8849342
0.12768078,0.056038942,0.8162803
0.05386763,0.15300569,0.79312664
0.05131143,0.03561188,0.9130767
0.059011325,0.04542264,0.895566
0.054201454,0.03928844,0.9065101
0.052808695,0.07469069,0.8725006
0.054996815,0.036350675,0.9086525
0.06976967,0.03598456,0.89424574
0.059297,0.04167993,0.89902306
0.9818649,0.005787293,0.012347791
0.059378486,0.03992327,0.90069824
0.0502261,0.033474136,0.91629964
0.051482376,0.049679633,0.89883804
0.06356427,0.047747124,0.88868856
0.05450313,0.03483088,0.910666
0.050996598,0.036641903,0.91236144
0.046526466,0.043282818,0.9101907
0.061085142,0.04346416,0.8954508
0.049767915,0.06115583,0.8890763
0.060695685,0.04126978,0.8980345
0.06301049,0.03866829,0.8983212
0.048204098,0.040473174,0.91132283
0.05851217,0.09746455,0.8440233
0.98897904,0.00619307,0.0048278803
0.07524549,0.04233274,0.88242173
0.060418047,0.047399517,0.89218247
0.052315306,0.043180734,0.9045039
0.06156573,0.042086806,0.8963474
0.057987254,0.041119117,0.9008936
0.21404831,0.025229607,0.7607221
0.060670298,0.041232377,0.89809734
0.062407635,0.04438348,0.8932089
0.060051993,0.041841246,0.89810675
0.05909628,0.03391957,0.9069841
0.051722415,0.045689467,0.902588
0.50805235,0.030037886,0.46190977
0.058440425,0.038929716,0.9026299
0.084662326,0.0370043,0.8783334
0.05734544,0.056071762,0.8865828
0.076738015,0.057389986,0.8658719
0.0695688,0.04049994,0.88993126
0.97942996,0.013781111,0.006788914
0.04247315,0.4886973,0.46882957
0.01700753,0.9769519,0.006040579
0.014327008,0.9811338,0.0045391163
0.05979463,0.042009197,0.89819616
0.09252296,0.03135662,0.87612045
0.051892,0.03990371,0.90820426
0.058269072,0.10367316,0.83805776
0.05511559,0.1629457,0.78193873
0.03363984,0.7769372,0.18942298
0.10517554,0.038372077,0.8564524
0.07601216,0.13501099,0.78897685
0.05017764,0.05866361,0.8911588
0.10430477,0.03527197,0.8604233
0.06429796,0.03719464,0.8985074
0.05308398,0.03937169,0.9075443
0.049785163,0.041515894,0.908699
0.050016306,0.03572759,0.9142561
0.9510629,0.013645907,0.035291247
0.045005433,0.058070973,0.8969236
0.015493146,0.98030007,0.0042067347
0.06641308,0.03714538,0.8964416
0.9891131,0.008070497,0.0028164594
0.057406556,0.037118793,0.90547466
0.05226731,0.049776506,0.8979561
0.05158958,0.046380285,0.90203005
0.052180983,0.03900549,0.90881354
0.042782553,0.05490707,0.9023104
0.042701963,0.07755013,0.879748
0.053893447,0.039007995,0.90709853
0.052446313,0.036346246,0.9112074
0.06895835,0.052358378,0.87868327
0.05991033,0.071668275,0.86842144
0.9741469,0.013494272,0.012358879
0.0542378,0.049650036,0.89611214
0.0567217,0.15257536,0.79070294
0.05786765,0.03957809,0.9025542
0.06911454,0.06640193,0.8644836
0.05846589,0.052076865,0.8894572
0.061570708,0.05072093,0.88770837
0.113917716,0.06664256,0.81943977
0.011177593,0.979035,0.009787427
0.07100494,0.034774426,0.89422065
0.0807797,0.041805767,0.8774146
0.053710476,0.040503222,0.9057863
0.06298404,0.038633186,0.8983827
0.05277273,0.043240424,0.90398693
0.062602535,0.05010644,0.887291
0.06917345,0.04552038,0.8853062
0.05499022,0.05316839,0.89184135
0.020127358,0.9688438,0.011028883
0.052207854,0.056532897,0.8912592
0.06012698,0.054586083,0.8852869
0.05088921,0.040890627,0.9082201
0.05561536,0.05204211,0.89234257
0.069333896,0.054500572,0.87616545
0.059886485,0.06437443,0.87573904
0.04079509,0.88424444,0.07496041
0.057572737,0.04841014,0.8940171
0.07950555,0.04074649,0.87974787
0.04954594,0.04302524,0.90742886
0.46598527,0.0427966,0.49121815
0.97180766,0.0079836855,0.020208657
0.072242394,0.040762458,0.8869952
0.061590962,0.039941255,0.89846784
0.056365255,0.048923187,0.89471155
0.98796403,0.008228144,0.0038078036
0.051232655,0.037537556,0.9112297
0.058388487,0.03625424,0.9053573
0.054872498,0.05606416,0.88906336
0.056538478,0.041607514,0.9018539
0.054664236,0.039085846,0.9062499
0.06156029,0.04740779,0.891032
0.36579305,0.030232083,0.6039749
0.0545512,0.03575809,0.9096907
0.0473028,0.11095323,0.84174395
0.045957822,0.04969226,0.90434986
0.056675326,0.037077952,0.9062468
0.048530716,0.04554589,0.9059234
0.050156042,0.041499685,0.9083442
0.07070126,0.04063998,0.88865876
0.04850488,0.06961587,0.8818792
0.05374495,0.03722804,0.909027
0.10652329,0.057240967,0.8362357
0.050572425,0.051695928,0.8977317
0.012183354,0.9811668,0.0066499
0.058873113,0.051576197,0.8895507
0.057339307,0.05052769,0.892133
0.06765534,0.037235342,0.8951093
0.06605028,0.04718096,0.88676876
0.055830207,0.039147425,0.90502226
0.0499232,0.1902107,0.75986606
0.057432175,0.29611307,0.6464547
0.062890746,0.043990653,0.89311856
0.047557145,0.055981316,0.8964616
0.057878982,0.047726326,0.89439476
0.07490558,0.050510716,0.8745837
0.055211995,0.037909575,0.9068784
0.06045969,0.042372864,0.89716744
0.062909745,0.036694933,0.90039533
0.058195174,0.04076588,0.901039
0.063433446,0.045801084,0.8907654
0.05361058,0.05890846,0.8874809
0.059409805,0.037214033,0.9033761
0.058947623,0.04031673,0.9007357
0.053305533,0.04333709,0.9033573
0.06098257,0.038498804,0.90051866
0.1138673,0.03629657,0.8498361
0.047017235,0.0889186,0.86406416
0.061404422,0.0445966,0.8939989
0.060713902,0.06350347,0.87578267
0.044434234,0.12772997,0.82783586
0.051972214,0.039307386,0.9087203
0.060291924,0.035809103,0.9038991
0.05319524,0.051457994,0.8953468
0.057459485,0.040645525,0.901895
0.056133352,0.043652706,0.90021396
0.05017998,0.054257493,0.8955625
0.057444423,0.040456694,0.90209895
0.31149888,0.042601682,0.6458994
0.05851285,0.043018457,0.8984686
0.053742938,0.041691862,0.9045653
0.06393421,0.06885986,0.8672059
0.07655044,0.070590466,0.85285914
0.054517925,0.05000404,0.895478
0.050662868,0.04603906,0.90329814
0.059739195,0.067528315,0.8727324
0.05713305,0.049155664,0.89371127
0.98643863,0.009919393,0.0036420205
0.9887078,0.008421381,0.002870832
0.056930136,0.06419607,0.8788738
0.040545467,0.6711983,0.28825623
0.2598535,0.033101253,0.7070452
0.9895313,0.007076658,0.0033921031
0.9157539,0.018385172,0.06586094
0.9421439,0.012392648,0.045463417
0.97203934,0.011022119,0.016938541
0.07019658,0.03227988,0.8975236
0.055596128,0.06190095,0.88250285
0.060664285,0.03869259,0.9006431
0.08598528,0.028682176,0.8853325
0.057717115,0.059056986,0.8832259
0.13480245,0.040238567,0.824959
0.98333424,0.011708148,0.004957542
0.07079328,0.0842746,0.84493214
0.98319536,0.010901002,0.005903666
0.57668626,0.025412166,0.39790156
0.9840566,0.009799275,0.0061442177
0.05893326,0.7349799,0.20608686
0.05420256,0.040595844,0.9052017
0.20682131,0.121791944,0.6713868
0.9860567,0.0066961073,0.007247292
0.98647773,0.0064675473,0.00705482
0.9893524,0.0055861636,0.0050614853
0.062033985,0.58942485,0.34854123
0.42930984,0.16640508,0.4042851
0.03671574,0.9331417,0.03014261
0.054008536,0.57528454,0.3707069
0.015699083,0.97221684,0.012084017
0.05583823,0.07368524,0.8704765
0.081581526,0.59346473,0.32495376
0.061736133,0.044250276,0.8940136
0.055756774,0.041293535,0.90294975
0.055132978,0.039286498,0.9055805
0.063967966,0.04213598,0.893896
0.06255164,0.04130375,0.8961446
0.06581521,0.04451106,0.8896738
0.05492336,0.037637807,0.9074389
0.05615732,0.030846892,0.91299576
0.05745023,0.043876894,0.8986729
0.05928733,0.041836236,0.8988764
0.05247055,0.14654781,0.80098164
0.21880168,0.10435612,0.67684215
0.057895247,0.045709547,0.8963952
0.049159367,0.045642924,0.9051977
0.07219237,0.04918287,0.87862474
0.062848695,0.041136757,0.8960145
0.061032813,0.04515686,0.8938104
0.059915088,0.04969561,0.8903893
0.05362274,0.044716056,0.9016612
0.057861622,0.0510627,0.8910756
0.05296533,0.04416784,0.90286684
0.045644302,0.06663945,0.8877163
0.06317627,0.03569919,0.90112454
0.06649831,0.05068815,0.8828135
0.064512394,0.04579083,0.88969684
0.09417568,0.07945892,0.8263654
0.13796051,0.03084333,0.8311962
0.05377003,0.03811005,0.9081199
0.15807061,0.03438921,0.8075402
0.053974345,0.038895253,0.9071304
0.060342915,0.03896032,0.9006967
0.09614833,0.03466993,0.86918175
0.057559885,0.039851107,0.902589
0.04636165,0.04711474,0.90652364
0.057496645,0.04266533,0.89983803
0.06361429,0.044823855,0.8915618
0.05903125,0.04027548,0.90069324
0.081794955,0.038826324,0.8793787
0.32819557,0.15269965,0.5191047
0.055170596,0.03685937,0.90797
0.046536017,0.35115322,0.6023107
0.14426985,0.032578364,0.82315177
0.079235874,0.034531176,0.886233
0.049742136,0.034776513,0.9154814
0.06321383,0.04475971,0.8920265
0.06064491,0.04513353,0.8942216
0.015200966,0.9807829,0.004016072
0.056873113,0.03947187,0.90365505
0.43440008,0.028401073,0.53719884
0.4512686,0.04185173,0.5068797
0.980437,0.012378091,0.0071849083
0.059285622,0.037464075,0.9032503
0.062084697,0.051495157,0.8864201
0.06291726,0.04967454,0.88740814
0.059670266,0.04312603,0.8972038
0.06601425,0.046401493,0.88758427
0.98204744,0.009322335,0.008630173
0.044125408,0.13218518,0.8236894
0.18576334,0.04229273,0.771944
0.05448509,0.055370137,0.8901448
0.10418203,0.04828383,0.8475341
0.10053696,0.03771496,0.86174804
0.055861454,0.042580236,0.9015582
0.07524539,0.06066837,0.8640863
0.98258924,0.009147068,0.008263687
0.074987926,0.038713727,0.8862984
0.059862893,0.04442121,0.8957159
0.05425132,0.03884747,0.90690124
0.0584595,0.04651704,0.8950234
0.06571989,0.046761937,0.8875181
0.072443314,0.05401963,0.87353706
0.045839813,0.36143944,0.59272075
0.053600665,0.040697675,0.9057017
0.9829853,0.011310715,0.005704071
0.06748113,0.06633769,0.8661812
0.056687865,0.039075267,0.90423685
0.051825922,0.028191024,0.9199831
0.05401802,0.041215315,0.9047666
0.06751537,0.049202725,0.8832818
0.05473928,0.040421385,0.90483934
0.111306325,0.051046908,0.8376468
0.049115375,0.040737964,0.91014665
0.06629907,0.037923925,0.89577705
0.061976917,0.049678426,0.8883446
0.046843912,0.053602014,0.8995541
0.057238247,0.035522692,0.907239
0.052744154,0.047720224,0.89953566
0.065233424,0.043433618,0.8913329
0.055420786,0.051006187,0.8935731
0.061651032,0.035925627,0.9024233
0.11575593,0.0596734,0.82457066
0.07345292,0.038237344,0.8883097
0.104540996,0.03938011,0.85607886
0.057775985,0.036688797,0.9055353
0.05853525,0.03781166,0.9036532
0.058763314,0.04594404,0.89529264
0.05557853,0.042158227,0.9022633
0.07067525,0.05604538,0.87327933
0.054514434,0.04260125,0.9028843
0.061560348,0.046536308,0.89190334
0.017418763,0.9660088,0.016572475
0.10471507,0.028307805,0.86697716
0.07515729,0.043455247,0.8813874
0.44324452,0.19114974,0.36560577
0.9833574,0.0118233245,0.0048192255
0.08923493,0.05037501,0.86039007
0.06378174,0.026901595,0.90931666
0.06313162,0.02709959,0.9097688
0.059957568,0.045971066,0.89407134
0.057203498,0.039643057,0.9031534
0.04897347,0.044395324,0.90663123
0.98334587,0.012871601,0.0037826092
0.06258104,0.043475807,0.8939431
0.10650577,0.037359666,0.8561346
0.05977246,0.042364333,0.89786315
0.053570427,0.069088735,0.8773409
0.060496073,0.05268838,0.8868156
0.3551937,0.04089641,0.60390997
0.9878685,0.0073605566,0.0047709327
0.9843758,0.009678795,0.0059454883
0.97910917,0.0074464465,0.013444328
0.98483723,0.010802537,0.0043603596
0.9851643,0.010291156,0.0045444295
0.9852182,0.010453791,0.0043281005
0.13654059,0.8182348,0.04522462
0.9879352,0.007866468,0.0041982997
0.09375078,0.036947116,0.8693021
0.99140537,0.0046135904,0.0039810487
0.9190188,0.01623507,0.06474617
0.014438891,0.9715665,0.013994654
0.015982369,0.9796632,0.0043544276
0.013412632,0.9806239,0.005963455
0.014403583,0.9815732,0.004023235
0.013146905,0.9839903,0.0028627203
0.026512476,0.93551016,0.03797737
0.0154243875,0.98120546,0.0033701381
0.014618956,0.9817633,0.0036176862
0.013262233,0.9839361,0.002801718
0.016436946,0.9770057,0.006557348
0.031504873,0.46250886,0.5059862
0.024838395,0.9607018,0.014459838
0.054965198,0.041328155,0.9037067
0.067782395,0.043274865,0.8889428
0.058764637,0.04373419,0.8975012
0.04678659,0.04239218,0.91082126
0.06261154,0.040385593,0.8970028
0.05717994,0.042679667,0.90014046
0.05503515,0.048901502,0.89606345
0.055394888,0.04356495,0.90104014
0.054595448,0.04865313,0.8967514
0.062600695,0.047531173,0.88986814
0.05765919,0.03995886,0.902382
0.060873237,0.044601098,0.8945257
0.05463808,0.048786316,0.8965756
0.06588676,0.042602047,0.89151114
0.054150328,0.0450459,0.90080374
0.062182155,0.044352874,0.893465
0.05251152,0.043131575,0.90435684
0.061212573,0.041906726,0.89688075
0.05402243,0.04290252,0.90307504
0.06377142,0.04638359,0.889845
0.058478583,0.043140467,0.89838094
0.052357372,0.031740848,0.9159018
0.050754603,0.031854603,0.9173908
0.06280725,0.046130612,0.89106214
0.06042946,0.04460142,0.8949691
0.053325947,0.0345477,0.91212636
0.058304634,0.040723074,0.9009723
0.055811305,0.045197375,0.8989913
0.06593581,0.048832145,0.885232
0.06135668,0.038772825,0.8998705
0.06047387,0.043899316,0.8956268
0.058667235,0.048376318,0.8929564
0.054387063,0.0364425,0.9091704
0.05469955,0.046400245,0.89890015
0.057186343,0.037724115,0.90508956
0.06504306,0.04492221,0.8900348
0.16420871,0.40051037,0.43528095
0.06324408,0.044302654,0.8924533
0.04979213,0.040937893,0.9092699
0.0622514,0.044597823,0.8931507
0.052356385,0.04198745,0.9056562
0.06093193,0.041491143,0.89757687
0.051431015,0.04358504,0.9049839
0.05849258,0.040714946,0.9007924
0.058431827,0.03598123,0.90558696
0.05425086,0.042832226,0.9029169
0.059136294,0.043839205,0.8970245
0.05562613,0.04133783,0.90303606
0.05646889,0.03705129,0.90647984
0.07790359,0.04135409,0.8807423
0.057941467,0.037028186,0.90503037
0.050631523,0.041324247,0.9080442
0.063361615,0.039903175,0.8967352
0.057359602,0.039230615,0.9034098
0.057940897,0.04100608,0.901053
0.05801435,0.03758512,0.9044005
0.05461097,0.04838264,0.8970064
0.059490457,0.035907034,0.9046025
0.05844906,0.0325954,0.9089555
0.049170766,0.04054564,0.9102837
0.0510376,0.040314965,0.90864736
0.060090527,0.046912942,0.8929965
0.053908873,0.044474334,0.90161675
0.05917896,0.03743321,0.9033879
0.05425741,0.044478644,0.90126395
0.05862506,0.045568157,0.8958068
0.057152018,0.050584458,0.8922636
0.055193134,0.03513432,0.90967256
0.05825412,0.042432748,0.89931315
0.053337324,0.040557086,0.90610564
0.058391925,0.041487027,0.90012103
0.059553564,0.044560023,0.89588636
0.058487486,0.039478116,0.9020344
0.050454658,0.042904023,0.9066413
0.06332933,0.040392395,0.89627826
0.06187919,0.044657044,0.8934638
0.05063239,0.036863014,0.91250455
0.055900827,0.03527343,0.90882576
0.054248143,0.036243077,0.9095088
0.054113418,0.03641884,0.90946776
0.052726902,0.04671345,0.90055966
0.05788104,0.039355967,0.90276307
0.051585775,0.044687383,0.9037269
0.049804546,0.03892062,0.9112748
0.053504445,0.04418381,0.90231174
0.053232513,0.04155886,0.9052086
0.046897545,0.050757878,0.90234464
0.044996068,0.0494668,0.9055371
0.05106115,0.03765013,0.91128874
0.061483707,0.045981765,0.8925345
0.061117057,0.041212767,0.89767015
0.058051642,0.040054426,0.901894
0.06593248,0.041501958,0.8925656
0.060490776,0.039246947,0.9002623
0.057147507,0.040583055,0.9022694
0.051552266,0.040444087,0.90800375
0.051615268,0.035267368,0.91311735
0.057061747,0.047723453,0.89521474
0.0537232,0.04644817,0.8998286
0.051734153,0.039280467,0.9089854
0.054274783,0.042851113,0.9028741
0.053951163,0.037535466,0.9085134
0.055776373,0.038748518,0.9054751
0.052050106,0.038755976,0.90919393
0.046645563,0.050583858,0.9027705
0.05412214,0.039809853,0.906068
0.06003501,0.035953715,0.90401125
0.060161628,0.041409057,0.89842933
0.07441235,0.049520932,0.87606674
0.056182522,0.040171452,0.90364605
0.05908354,0.051232502,0.889684
0.053703457,0.04283704,0.9034595
0.06439173,0.045839284,0.88976896
0.06746187,0.034743354,0.8977947
0.055696987,0.04408146,0.9002215
0.05932576,0.03813563,0.9025386
0.054938633,0.034262408,0.91079897
0.057517685,0.044948187,0.897534
0.05314707,0.041330393,0.9055226
0.05659425,0.037571263,0.9058345
0.06517049,0.044790983,0.89003843
0.052511156,0.032924887,0.914564
0.07090811,0.03870296,0.89038885
0.057319578,0.03681006,0.9058704
0.055279013,0.043367814,0.90135324
0.06890916,0.040947113,0.8901437
0.05834819,0.037361007,0.90429074
0.06015035,0.04290364,0.896946
0.05986591,0.04130624,0.8988279
0.051852055,0.039312366,0.9088355
0.053504772,0.03976137,0.9067338
0.051060706,0.041654196,0.90728503
0.055454336,0.044298492,0.9002471
0.05867677,0.044726204,0.89659697
0.05693789,0.032616954,0.9104452
0.05447293,0.03758519,0.90794194
0.06294416,0.041868474,0.89518744
0.053597458,0.043404546,0.90299803
0.05630074,0.037267067,0.9064323
0.057370305,0.036842637,0.90578705
0.052162293,0.038462065,0.9093757
0.06024781,0.040035833,0.8997164
0.059152216,0.048823874,0.8920239
0.05421314,0.043497715,0.9022891
0.05464438,0.03588919,0.9094664
0.06341713,0.03993814,0.89664483
0.05524414,0.043531332,0.90122455
0.055762943,0.03676718,0.90746987
0.062459383,0.044463683,0.893077
0.062710315,0.044992443,0.89229727
0.054038286,0.040413566,0.90554816
0.05933576,0.037532397,0.90313184
0.05373168,0.038796082,0.90747225
0.049996868,0.042328324,0.9076748
0.05998089,0.038144797,0.9018744
0.06465378,0.041520007,0.8938262
0.06658867,0.0350384,0.8983729
0.05346339,0.036069315,0.9104673
0.0574385,0.03746731,0.90509427
0.04973607,0.033999957,0.91626406
0.049005568,0.037099876,0.9138945
0.04912766,0.03470091,0.9161714
0.06064491,0.04513353,0.8942216
0.0584551,0.041329615,0.90021527
0.06460426,0.040944833,0.8944509
0.055043623,0.046125606,0.8988308
0.057955112,0.03503161,0.90701324
0.047667798,0.047621273,0.9047109
0.0600538,0.037856966,0.90208924
0.059703946,0.038191795,0.90210426
0.056668352,0.03763883,0.9056929
0.05353532,0.035662215,0.9108024
0.052875686,0.039159797,0.9079645
0.042647827,0.055244308,0.90210783
0.056665786,0.03635468,0.9069795
0.05951457,0.038163714,0.9023217
0.07081677,0.044272747,0.88491046
0.053400774,0.036309637,0.9102896
0.058120392,0.040239166,0.9016404
0.056570265,0.037537005,0.9058928
0.0457033,0.047016133,0.90728056
0.05366899,0.033700187,0.91263086
0.05513946,0.036516212,0.9083443
0.06811507,0.039886676,0.89199823
0.05669816,0.040224653,0.90307724
0.05498506,0.036112946,0.90890205
0.05418531,0.035138745,0.910676
0.050532825,0.038312174,0.9111549
0.06660039,0.041861016,0.8915386
0.064273626,0.038435794,0.89729065
0.057183035,0.04130824,0.9015088
0.04992748,0.036102165,0.91397035
0.049706522,0.039034147,0.91125935
0.06344122,0.042634033,0.89392465
0.052692253,0.042050976,0.9052567
0.05318216,0.039812148,0.90700567
0.05511362,0.038739428,0.906147
0.053901337,0.03753744,0.9085612
0.06232065,0.040473696,0.89720565
0.06592952,0.05666853,0.8774019
0.05128122,0.037960395,0.91075844
0.062376723,0.03961036,0.89801294
0.045868896,0.031479053,0.922652
0.059176955,0.03922834,0.90159464
0.060692385,0.034278873,0.9050287
0.049806595,0.03665342,0.91353995
0.0677907,0.041419398,0.8907899
0.04707495,0.047166985,0.9057581
0.97909445,0.007849551,0.013055967
0.059205346,0.036120888,0.90467376
0.9784106,0.009188573,0.012400854
0.9900746,0.007776455,0.0021489253
0.98619545,0.009734638,0.004069907
0.97279865,0.009574309,0.017627055
0.98371905,0.010316279,0.0059647765
0.97617173,0.010644931,0.013183303
0.9806629,0.009291027,0.010045995
0.99036634,0.007598552,0.002035161
0.9831118,0.012619637,0.0042685308
0.9883387,0.0075019733,0.0041591986
0.026348563,0.94991714,0.02373431
0.012193165,0.97908425,0.008722575
0.016200995,0.9786234,0.0051756212
0.27314436,0.32474828,0.4021074
0.014532977,0.9802877,0.005179363
0.015451382,0.9805258,0.0040228684
0.01262523,0.98402786,0.0033469866
0.014640348,0.96795684,0.017402828
0.01405789,0.9821714,0.0037707195
0.016631646,0.9780161,0.0053522564
0.016837131,0.9624528,0.020710025
0.01566025,0.97455895,0.009780812
0.011155067,0.9847252,0.0041197813
0.022758761,0.9611344,0.016106889
0.08830645,0.7836156,0.12807798
0.014045233,0.9817663,0.0041884137
0.023738941,0.9528901,0.023370903
0.011858545,0.98436236,0.003779131
0.014702288,0.98111206,0.0041856226
0.016149718,0.98030096,0.0035493548
0.06453613,0.043264087,0.8921998
0.059686318,0.04418218,0.8961315
0.05792461,0.041275747,0.9007997
0.060363613,0.033335954,0.9063004
0.05368051,0.044567946,0.9017516
0.056087926,0.03559947,0.90831256
0.05680826,0.045402203,0.89778954
0.06244441,0.037689965,0.8998657
0.053933688,0.042271074,0.9037953
0.05446349,0.049203664,0.89633286
0.06618884,0.046049595,0.88776165
0.058538124,0.045234755,0.8962271
0.06387095,0.036588565,0.89954054
0.053645637,0.048702013,0.8976524
0.056514766,0.044207588,0.89927757
0.052034296,0.03993506,0.90803057
0.05661174,0.039041854,0.90434635
0.05904087,0.04275457,0.89820457
0.060270812,0.04230241,0.8974268
0.05164947,0.04571423,0.9026363
0.05898083,0.040655825,0.9003634
0.061828736,0.041066326,0.897105
0.05142686,0.044986907,0.9035862
0.06540751,0.042189043,0.8924034
0.05596044,0.047912262,0.8961273
0.055669814,0.037047893,0.9072823
0.059213996,0.047394287,0.8933917
0.058695067,0.041357677,0.8999472
0.06220426,0.04880085,0.8889949
0.058551878,0.04325785,0.8981902
0.051944315,0.04380562,0.90425
0.06793395,0.043308135,0.8887579
0.061315946,0.04116558,0.89751846
0.061933316,0.033721924,0.90434474
0.05419998,0.037985772,0.90781426
0.059827145,0.034439817,0.90573305
0.064339,0.03701901,0.89864194
0.054435283,0.040020637,0.90554404
0.05334768,0.04390404,0.9027483
0.05982223,0.04332039,0.89685744
0.05284415,0.04679447,0.9003614
0.052318126,0.046215694,0.9014662
0.059322577,0.04302154,0.8976559
0.060099985,0.043267265,0.89663273
0.060226593,0.041251853,0.89852154
0.05422549,0.041515272,0.90425915
0.065438524,0.043911904,0.89064956
0.058823656,0.041895926,0.89928037
0.054044675,0.040300105,0.9056552
0.06279188,0.04375026,0.8934579
0.066662095,0.04488613,0.88845176
0.061527327,0.040056154,0.8984166
0.055154108,0.041127387,0.90371853
0.054399766,0.04505497,0.90054524
0.060818933,0.03712345,0.9020577
0.055734646,0.043874975,0.90039045
0.061738018,0.04247333,0.8957887
0.05664641,0.037569184,0.9057844
0.053994726,0.047789983,0.8982153
0.05504932,0.047780994,0.89716977
0.06837192,0.044101145,0.8875269
0.055332493,0.04111962,0.9035479
0.05528936,0.033896875,0.9108137
0.054901276,0.048592363,0.8965063
0.059307758,0.042822197,0.89787
0.056003086,0.049810175,0.89418674
0.05147297,0.03881591,0.9097112
0.05586336,0.03724938,0.90688723
0.05669727,0.049452238,0.89385056
0.055594686,0.039673574,0.9047317
0.05746926,0.040041726,0.902489
0.06024002,0.031775273,0.9079847
0.06289709,0.03996031,0.8971426
0.06140863,0.041470084,0.8971213
0.056930777,0.035400942,0.9076683
0.058419473,0.041913915,0.89966655
0.0581701,0.047315054,0.8945149
0.05738601,0.039229516,0.9033845
0.060756527,0.035026092,0.90421736
0.05254202,0.046983518,0.9004745
0.057893954,0.045730848,0.8963752
0.05787514,0.050405707,0.89171916
0.05483915,0.034233786,0.9109272
0.053481206,0.0406268,0.905892
0.06397014,0.04166683,0.894363
0.06615603,0.04391904,0.8899249
0.05484944,0.043347124,0.90180343
0.056971397,0.04573312,0.89729553
0.059977215,0.04215805,0.8978647
0.06114162,0.04257965,0.89627874
0.052785203,0.036367383,0.9108474
0.05745128,0.046050835,0.8964978
0.055477366,0.039493315,0.9050293
0.054286174,0.043090932,0.9026228
0.057679743,0.042696834,0.89962345
0.05084879,0.046072833,0.90307844
0.05932941,0.040716782,0.8999538
0.05516659,0.040027104,0.90480626
0.054231502,0.043173835,0.90259475
0.06352566,0.042669944,0.8938044
0.05796353,0.045897726,0.8961388
0.057194363,0.045510348,0.8972953
0.05656104,0.040343482,0.9030954
0.054106552,0.046257198,0.89963615
0.062216967,0.043817874,0.8939652
0.058389906,0.035346165,0.9062639
0.053282827,0.04506625,0.90165085
0.059901617,0.036332168,0.9037662
0.061545108,0.04197012,0.8964848
0.05597682,0.035737738,0.9082855
0.06441112,0.04424746,0.89134145
0.061761662,0.05384318,0.8843951
0.052440375,0.04398706,0.9035726
0.06442641,0.041841257,0.8937323
0.058382392,0.031479564,0.9101381
0.061578855,0.044505443,0.8939157
0.05044298,0.040909853,0.9086472
0.05407913,0.04630152,0.8996194
0.06613517,0.04335133,0.89051354
0.060318332,0.0419858,0.8976959
0.05990733,0.04239777,0.8976948
0.05428981,0.045228135,0.90048206
0.061199427,0.039920572,0.89888
0.05994258,0.037437912,0.9026195
0.046725154,0.030227007,0.92304784
0.049898483,0.028598376,0.9215031
0.011088614,0.9846112,0.0043001636
0.053066097,0.04234932,0.9045846
0.059622467,0.03950437,0.9008731
0.05442162,0.03583026,0.9097481
0.051977422,0.043196127,0.90482634
0.053771507,0.04559074,0.9006377
0.055450823,0.031967357,0.9125819
0.0483936,0.038040247,0.9135661
0.062428813,0.03440919,0.90316194
0.071444824,0.037538644,0.89101654
0.05223083,0.038531408,0.9092377
0.051475503,0.03073743,0.9177871
0.052215338,0.031240163,0.91654456
0.06273175,0.04379382,0.8934744
0.05932665,0.04163973,0.89903355
0.055556107,0.039898504,0.9045454
0.055576243,0.04219768,0.90222615
0.056993924,0.036103927,0.90690213
0.057887614,0.041008398,0.9011039
0.04598755,0.04730855,0.90670395
0.045143098,0.041913953,0.91294295
0.06123254,0.04159417,0.8971733
0.0592062,0.043147307,0.8976464
0.056257915,0.04197096,0.9017711
0.05800886,0.037234522,0.90475667
0.05669421,0.03985042,0.90345544
0.054971922,0.039885856,0.9051422
0.05232803,0.035406917,0.9122651
0.058228698,0.041532975,0.90023834
0.05191073,0.04177259,0.9063167
0.055468798,0.03964176,0.9048895
0.059488084,0.04953456,0.8909774
0.062318616,0.041818317,0.89586306
0.06481589,0.044351924,0.89083225
0.06452476,0.04037856,0.89509666
0.051285885,0.032967463,0.9157467
0.056005985,0.033903066,0.91009086
0.054525796,0.04107792,0.90439624
0.05933383,0.046776768,0.89388937
0.06021396,0.034849163,0.90493685
0.05147204,0.035272695,0.9132552
0.07616483,0.03454878,0.88928634
0.06867157,0.049005527,0.8823229
0.061827436,0.055856433,0.8823161
0.047521424,0.03275679,0.91972184
0.055842083,0.03584372,0.9083141
0.0532185,0.030249046,0.91653246
0.069501884,0.04618534,0.8843128
0.063971095,0.039028443,0.89700043
0.057103425,0.032920085,0.90997654
0.059438765,0.0420251,0.8985362
0.048842873,0.04473329,0.9064238
0.05080526,0.03758971,0.91160506
0.06519053,0.041885152,0.89292425
0.054954525,0.038420677,0.90662473
0.054672576,0.03982392,0.9055035
0.057840638,0.035167877,0.9069915
0.057939798,0.050216224,0.891844
0.048356768,0.036093965,0.9155492
0.061645478,0.03865217,0.89970225
0.05637862,0.043438572,0.9001828
0.060130194,0.042348213,0.89752156
0.04788499,0.048591588,0.90352345
0.049617507,0.03406829,0.9163142
0.062291384,0.03741447,0.9002942
0.06932459,0.040397204,0.8902782
0.060801223,0.039602764,0.89959604
0.06367229,0.03211037,0.90421736
0.05136942,0.03853032,0.9101003
0.061926164,0.039555334,0.89851856
0.06216722,0.045018513,0.8928143
0.05350552,0.049436215,0.89705825
0.06375955,0.04612654,0.8901139
0.052984253,0.050855037,0.89616066
0.0674051,0.042970993,0.8896239
0.06710452,0.042033967,0.89086145
0.06776582,0.043074578,0.88915956
0.05403689,0.03955354,0.9064095
0.06355614,0.047000855,0.8894431
0.052790225,0.039383907,0.9078259
0.06265259,0.04674168,0.8906058
0.05531585,0.040966988,0.9037172
0.053667862,0.03949499,0.9068371
0.054686613,0.040461443,0.9048519
0.06424941,0.04142182,0.89432865
0.063271955,0.046927974,0.8898001
0.054633137,0.040958304,0.9044085
0.060138457,0.03385012,0.9060114
0.062555544,0.039491832,0.8979526
0.054451887,0.040169913,0.9053781
0.061681766,0.047269966,0.89104825
0.05783671,0.03212817,0.9100351
0.052267734,0.039627515,0.9081047
0.0613263,0.039248753,0.8994249
0.06371336,0.031927776,0.9043589
0.060096633,0.031422254,0.9084812
0.054930948,0.04148431,0.9035848
0.0691207,0.04451886,0.8863605
0.05185659,0.041444737,0.90669864
0.059678763,0.038157053,0.9021642
0.06943384,0.04236124,0.88820493
0.06304933,0.0463763,0.8905744
0.059757184,0.03380015,0.90644264
0.06584573,0.042763036,0.8913912
0.053338148,0.031203153,0.9154587
0.067126475,0.041720502,0.8911529
0.0619476,0.039222773,0.89882964
0.058667246,0.033871207,0.9074615
0.064045094,0.033080462,0.9028744
0.05805835,0.032424975,0.9095167
0.06604567,0.04072931,0.8932251
0.06602714,0.04012578,0.89384705
0.06885056,0.043064546,0.8880848
0.052365165,0.040941644,0.90669316
0.060148098,0.034137737,0.9057142
0.06338773,0.046488818,0.8901234
0.054135986,0.035572655,0.9102914
0.06188563,0.04673654,0.89137787
0.06633892,0.042147,0.89151406
0.052597266,0.039355077,0.9080477
0.05411749,0.040334698,0.90554786
0.06006734,0.034108557,0.9058241
0.06295147,0.046987597,0.89006096
0.054368194,0.035000052,0.9106318
0.05562696,0.041764505,0.90260863
0.06088971,0.04696011,0.89215016
0.05446698,0.03946164,0.90607136
0.065290846,0.04823657,0.88647264
0.055211686,0.042332266,0.902456
0.0603121,0.031504128,0.90818375
0.06689376,0.042437293,0.890669
0.05397344,0.04156513,0.9044615
0.06233824,0.045010302,0.89265144
0.051757026,0.051204022,0.897039
0.05253782,0.05013194,0.8973302
0.054416046,0.036373015,0.9092109
0.05808063,0.033385485,0.90853393
0.066504166,0.040633336,0.89286244
0.058143526,0.033226386,0.9086301
0.062107112,0.04681229,0.8910805
0.054059222,0.03204467,0.913896
0.054799937,0.040684108,0.904516
0.05476888,0.040344622,0.90488654
0.062733375,0.03456018,0.9027065
0.052558377,0.038735196,0.9087064
0.061117373,0.03813439,0.90074825
0.054586366,0.036469046,0.9089446
0.055527292,0.04216051,0.9023122
0.05346776,0.039540324,0.90699196
0.06280186,0.03878568,0.8984124
0.06954003,0.04219876,0.8882612
0.06544615,0.048139296,0.8864145
0.05769652,0.042418294,0.8998852
0.054491866,0.041233163,0.90427494
0.054207265,0.035636894,0.9101558
0.054687463,0.042653073,0.90265954
0.06639396,0.04222318,0.8913829
0.057247348,0.034926318,0.90782636
0.056103695,0.03221764,0.9116787
0.046545513,0.04821098,0.90524346
0.053749878,0.045974705,0.9002754
0.05446123,0.04088928,0.90464956
0.05092507,0.04816782,0.9009071
0.0600329,0.03598758,0.9039795
0.053412024,0.051971324,0.8946166
0.047165807,0.030586654,0.9222476
0.049379177,0.034691736,0.9159291
0.060854327,0.042711962,0.8964337
0.056801792,0.03448569,0.9087125
0.060089897,0.042113695,0.8977964
0.05370767,0.042320628,0.90397173
0.06469791,0.03648769,0.8988143
0.050964948,0.03901898,0.9100161
0.057914183,0.039687358,0.9023984
0.06781953,0.04231622,0.88986427
0.060352735,0.041439302,0.8982079
0.06144671,0.041313853,0.8972394
0.05364031,0.040430564,0.9059291
0.063376755,0.05228525,0.88433796
0.05315793,0.042901717,0.9039403
0.049577232,0.032166142,0.91825664
0.06684821,0.14536968,0.787782
0.068758525,0.03169588,0.8995456
0.052057058,0.03328393,0.91465896
0.0689957,0.04148181,0.8895225
0.06170751,0.036364645,0.9019278
0.05529614,0.0399842,0.9047196
0.053661264,0.036952913,0.90938586
0.057129696,0.043081664,0.89978874
0.056597333,0.035747815,0.9076549
0.0450201,0.043634973,0.911345
0.052070532,0.039266534,0.9086629
0.05777017,0.039434325,0.9027955
0.06735552,0.03888733,0.89375716
0.067959964,0.042507496,0.8895325
0.052205484,0.034103714,0.9136908
0.042387113,0.04601077,0.9116022
0.044923417,0.04657631,0.90850025
0.05279184,0.040240437,0.90696764
0.050593477,0.033587523,0.915819
0.053441968,0.042214192,0.9043438
0.054108802,0.03738868,0.9085025
0.07157168,0.044072505,0.88435584
0.067494124,0.03734667,0.8951591
0.043208227,0.04283013,0.91396165
0.059552014,0.044147383,0.89630055
0.05237958,0.030882709,0.91673774
0.06436096,0.04846374,0.8871752
0.055097472,0.041671067,0.9032315
0.043907333,0.029607816,0.9264849
0.056157064,0.033077575,0.91076535
0.044993468,0.031211752,0.92379475
0.054712117,0.041339222,0.9039487
0.06536247,0.03760789,0.8970296
0.04768141,0.032199904,0.9201186
0.0441042,0.031596895,0.92429894
0.069094606,0.040977202,0.88992816
0.04859973,0.030801497,0.92059875
0.06483154,0.043250427,0.89191806
0.07227343,0.04294623,0.88478035
0.059250664,0.038031615,0.9027177
0.057793856,0.041242942,0.9009632
0.05084489,0.037729405,0.9114257
0.06311628,0.03573502,0.9011486
0.051332228,0.033435155,0.91523254
0.05818375,0.0338886,0.9079276
0.055261407,0.0414698,0.90326875
0.058722056,0.041356493,0.8999215
0.057105552,0.034216035,0.90867835
0.04929588,0.03139563,0.9193085
0.063215986,0.033771053,0.90301293
0.050166015,0.034630414,0.9152035
0.05530797,0.040662237,0.9040298
0.030506497,0.8342502,0.1352433
0.056708854,0.038277566,0.90501356
0.068014465,0.037818804,0.8941668
0.04906268,0.05367473,0.89726263
0.055879325,0.038744293,0.9053764
0.05762094,0.036181718,0.9061973
0.046223354,0.031230504,0.92254615
0.068794094,0.04254869,0.8886572
0.058047466,0.043200452,0.89875203
0.038812723,0.061270047,0.8999172
0.051713955,0.029842185,0.91844386
0.05555092,0.042633984,0.90181506
0.06444117,0.036807224,0.89875156
0.05948466,0.040406864,0.9001085
0.05225148,0.039039128,0.9087094
0.06072012,0.03912736,0.90015244
0.059663225,0.04104596,0.8992908
0.055557676,0.034111302,0.9103311
0.06565688,0.04637619,0.887967
0.0483751,0.04684099,0.9047839
0.064979665,0.045853045,0.8891673
0.05465371,0.039713103,0.90563315
0.05604336,0.041668225,0.90228844
0.054468956,0.03898427,0.9065468
0.058386546,0.034073204,0.9075402
0.052908167,0.04343615,0.90365565
0.058213342,0.034726847,0.9070598
0.06265284,0.04412485,0.89322233
0.06232577,0.036443163,0.90123105
0.053834695,0.040497907,0.90566736
0.04726225,0.034900084,0.9178376
0.053060967,0.037570786,0.90936834
0.058889072,0.0381891,0.90292186
0.06226188,0.043127544,0.8946105
0.050002296,0.03599772,0.91400003
0.059799902,0.04542678,0.8947734
0.05196939,0.04157547,0.90645516
0.058322176,0.0421929,0.89948493
0.060396325,0.03590616,0.90369755
0.04828249,0.037128083,0.91458935
0.07595907,0.04190764,0.88213325
0.053748183,0.037614,0.9086378
0.06356659,0.045540035,0.89089334
0.06392398,0.03314713,0.9029288
0.05480724,0.04671916,0.8984736
0.058210205,0.04227671,0.89951307
0.058528263,0.034390196,0.9070816
0.054650564,0.041535378,0.903814
0.059590273,0.04353336,0.8968764
0.05469971,0.037576173,0.9077241
0.048697848,0.047569767,0.9037324
0.055135023,0.039692886,0.90517205
0.056292918,0.03872732,0.9049797
0.059212968,0.038643662,0.90214336
0.05911964,0.03353765,0.9073427
0.059147038,0.045416087,0.8954368
0.054772384,0.052571308,0.8926564
0.059854932,0.03664222,0.9035028
0.055059277,0.04321652,0.9017242
0.061672375,0.041303914,0.8970236
0.06371028,0.06321449,0.87307525
0.078461476,0.07593615,0.8456023
0.063635826,0.03618785,0.9001763
0.056810305,0.05104891,0.8921408
0.06147883,0.042564355,0.8959568
0.05260841,0.03559663,0.9117949
0.05693855,0.03305019,0.9100113
0.06181343,0.03515151,0.903035
0.06126211,0.03497434,0.9037636
0.06502055,0.04220651,0.892773
0.045171905,0.044864163,0.9099639
0.06415023,0.031051334,0.9047983
0.052216098,0.035245024,0.9125388
0.06736907,0.042613808,0.8900172
0.055737827,0.044699214,0.89956295
0.057205554,0.038726117,0.90406835
0.0604873,0.043249432,0.89626324
0.0685076,0.046535984,0.8849564
0.054813504,0.04000463,0.9051818
0.04776398,0.042151567,0.9100845
0.05430616,0.045819774,0.89987403
0.053836033,0.040916316,0.9052477
0.05044703,0.035046164,0.9145068
0.05475937,0.04095284,0.9042878
0.062264472,0.04002469,0.89771086
0.052946076,0.043192234,0.90386164
0.071054965,0.040624514,0.8883205
0.9821875,0.013806421,0.004006144
0.9888525,0.008826823,0.002320674
0.9870117,0.009063471,0.003924889
0.9848962,0.01181872,0.0032851463
0.9841045,0.011546929,0.004348614
0.98638016,0.009803248,0.0038165785
0.06536031,0.06098203,0.87365764
0.980775,0.01377311,0.0054518785
0.9874894,0.009085586,0.0034250063
0.98497206,0.01075139,0.0042766077
0.9893532,0.0066662095,0.003980575
0.015573796,0.9777345,0.006691668
0.9897674,0.0066559874,0.0035766372
0.98181677,0.013041227,0.005142049
0.9881881,0.0068831486,0.0049287817
0.9899463,0.007492194,0.0025615676
0.9887748,0.008706281,0.00251887
0.9588589,0.012453403,0.028687647
0.9822208,0.014044875,0.0037342631
0.09022776,0.6392816,0.27049065
0.9892575,0.007931029,0.0028113744
0.9895573,0.00631891,0.0041238572
0.98724246,0.008667359,0.004090174
0.98897445,0.007859379,0.0031661866
0.98169553,0.0119308205,0.006373647
0.9813079,0.008228769,0.010463267
0.8078152,0.019812746,0.1723721
0.9887832,0.008340177,0.002876664
0.9826502,0.014154307,0.003195481
0.9827139,0.013174806,0.004111367
0.9831823,0.01153611,0.005281616
0.06665532,0.04324656,0.89009815
0.98854417,0.0084943175,0.0029614721
0.9889787,0.008845209,0.0021760955
0.98902637,0.0063031963,0.004670435
0.9867469,0.00914103,0.004112145
0.09466016,0.050028753,0.855311
0.9827389,0.012528909,0.0047322745
0.98657703,0.010047535,0.0033753773
0.9886099,0.008387718,0.0030024387
0.9867713,0.009203958,0.0040248404
0.14505282,0.032062862,0.8228843
0.63780135,0.0566634,0.3055352
0.26801753,0.03739167,0.6945908
0.9858095,0.009951865,0.0042386483
0.9865216,0.0102952765,0.0031831046
0.9892335,0.0077622654,0.0030043325
0.98717016,0.008038927,0.0047908965
0.9889893,0.008390937,0.0026197783
0.98612505,0.008301527,0.005573381
0.98601496,0.010279946,0.0037050145
0.98316437,0.012101331,0.0047343234
0.98633367,0.009603798,0.0040625352
0.9887657,0.0080127,0.003221654
0.98119926,0.015185158,0.0036156077
0.980408,0.01484316,0.0047487943
0.9599062,0.01707369,0.02302008
0.07515219,0.05506311,0.8697847
0.98794633,0.009223921,0.0028296688
0.9881719,0.009074125,0.002753972
0.97671354,0.012080775,0.011205671
0.98139346,0.013634541,0.0049719755
0.98476946,0.011651045,0.003579489
0.9801383,0.014354464,0.0055071823
0.97650427,0.01786784,0.0056278594
0.9810812,0.0116017405,0.0073171267
0.052702304,0.91968775,0.027609913
0.9807734,0.013854026,0.005372591
0.98928565,0.008685296,0.0020289735
0.98328584,0.011030516,0.0056835697
0.98216325,0.012937987,0.004898731
0.9816196,0.012405131,0.0059753424
0.98961765,0.008388073,0.0019942885
0.98425967,0.011909531,0.0038307537
0.98908746,0.00581281,0.005099817
0.984065,0.012171703,0.0037632603
0.98926044,0.0075163054,0.003223266
0.98081857,0.014004296,0.0051771095
0.9892602,0.0057573253,0.00498255
0.9859963,0.010269717,0.0037340026
0.98813105,0.008367298,0.0035016602
0.98472506,0.011509166,0.0037657844
0.9838626,0.009230755,0.0069067683
0.9867323,0.010058935,0.0032087555
0.94265354,0.029513026,0.027833432
0.9879688,0.00814822,0.0038829246
0.98784596,0.008605165,0.0035488391
0.9711293,0.011848599,0.017022131
0.9292266,0.012561564,0.058211852
0.98806643,0.009545803,0.0023877688
0.98735607,0.010471361,0.0021725253
0.98791283,0.009387176,0.0026999973
0.98688996,0.0096468255,0.0034632753
0.983132,0.01270646,0.0041616005
0.98055637,0.00966009,0.009783509
0.9864696,0.009794566,0.003735795
0.9820556,0.009186848,0.008757595
0.099156134,0.032262094,0.8685818
0.98342943,0.0126979,0.0038726404
0.066239424,0.028239924,0.9055207
0.989944,0.007397662,0.0026584053
0.9781229,0.012691199,0.00918587
0.26089266,0.028887976,0.7102193
0.9548601,0.011822012,0.033317942
0.98294514,0.012803685,0.0042511686
0.9843435,0.010860572,0.004795875
0.9817015,0.011849612,0.0064488165
0.9847051,0.010296411,0.004998506
0.9809874,0.014851933,0.0041606403
0.98641765,0.009996979,0.0035854797
0.98755884,0.009166436,0.0032747833
0.015107057,0.98093075,0.0039621354
0.02264506,0.96997076,0.0073841526
0.016623294,0.97943604,0.0039406745
0.04263367,0.919595,0.037771337
0.01311093,0.9832162,0.0036729136
0.9299003,0.022519335,0.04758041
0.0480979,0.5550395,0.3968626
0.016097365,0.98046863,0.0034340273
0.06409226,0.832786,0.103121676
0.016388176,0.9803099,0.0033019374
0.062458515,0.052723903,0.88481754
0.01407171,0.9702608,0.015667498
0.02768263,0.93937916,0.032938205
0.019850574,0.97674835,0.0034010115
0.01694569,0.9772094,0.005844847
0.06285879,0.050557807,0.8865834
0.02038453,0.9473261,0.032289345
0.042576503,0.91746557,0.039957885
0.021874944,0.96625507,0.011869995
0.017109971,0.9790046,0.0038854526
0.016973387,0.9692946,0.013732052
0.016494395,0.97946346,0.0040421253
0.01615209,0.9799662,0.00388168
0.01391119,0.9828987,0.0031900525
0.013114077,0.9839325,0.0029534192
0.16955525,0.16278125,0.66766346
0.015463386,0.98032975,0.0042068623
0.01697577,0.9794222,0.0036020172
0.014344361,0.982802,0.002853684
0.017453024,0.9788401,0.003706902
0.017028222,0.9781405,0.004831256
0.018071251,0.9789787,0.0029500506
0.015313301,0.980342,0.0043446976
0.12476539,0.047436602,0.82779795
0.044103492,0.15950279,0.7963937
0.021321535,0.9707578,0.007920729
0.058490627,0.07610014,0.8654092
0.025882004,0.9450181,0.029099917
0.062277928,0.052009754,0.8857123
0.017123614,0.9788289,0.004047404
0.013303142,0.9754726,0.01122427
0.42007515,0.06448355,0.5154413
0.9760719,0.0146625135,0.009265611
0.08827437,0.101553574,0.81017214
0.015574372,0.98159766,0.0028280069
0.05429123,0.8969948,0.04871389
0.024493914,0.9436845,0.031821538
0.020342702,0.9711149,0.008542437
0.012212581,0.98256046,0.0052269804
0.015641019,0.98123586,0.0031230587
0.018122686,0.9722242,0.009653125
0.9748853,0.01443173,0.01068294
0.018095434,0.9783759,0.0035285747
0.016134715,0.9798686,0.0039966856
0.015112907,0.98083144,0.004055684
0.016539395,0.9783068,0.0051537757
0.023923747,0.95749897,0.018577328
0.019612731,0.94499433,0.03539289
0.017666867,0.9754719,0.006861253
0.04055328,0.9229883,0.036458377
0.015707798,0.98038596,0.0039061636
0.020919338,0.9702832,0.008797459
0.048804343,0.034810834,0.9163849
0.01671592,0.9791393,0.0041446993
0.97832745,0.011728437,0.0099440785
0.090512946,0.72669053,0.18279655
0.09586694,0.44610703,0.45802605
0.027832976,0.9546814,0.0174856
0.9859083,0.010030924,0.0040607834
0.038809467,0.33971184,0.62147874
0.02103919,0.95603365,0.022927208
0.23063499,0.09045589,0.6789091
0.045970317,0.9269523,0.027077388
0.039660048,0.93040293,0.029936977
0.07133934,0.18091927,0.7477414
0.06861975,0.5474333,0.38394693
0.052507777,0.05721973,0.8902725
0.01649439,0.9642781,0.019227482
0.055424154,0.045257967,0.8993179
0.06994448,0.12251688,0.8075386
0.06308906,0.045775387,0.8911355
0.06405837,0.042092633,0.89384896
0.047297705,0.9136058,0.039096463
0.071356595,0.03437127,0.89427215
0.24244687,0.024134776,0.73341835
0.6050148,0.033537857,0.3614473
0.0664132,0.038455784,0.895131
0.014560202,0.97590965,0.009530181
0.06111757,0.03725113,0.9016313
0.055749033,0.051509093,0.89274186
0.93016106,0.015005317,0.054833595
0.0653626,0.036291055,0.8983463
0.062481437,0.03843735,0.8990813
0.070255555,0.04798036,0.8817641
0.06640054,0.03601332,0.89758617
0.6269398,0.02069139,0.35236886
0.080773115,0.03457087,0.884656
0.8393338,0.02418502,0.13648121
0.052110333,0.03764379,0.91024595
0.053108923,0.0547413,0.8921498
0.9853377,0.008676017,0.0059862714
0.05968525,0.042447355,0.8978674
0.06732728,0.042338565,0.8903341
0.93765014,0.014489945,0.047859956
0.075216025,0.036657363,0.8881266
0.106383204,0.07383356,0.8197832
0.059471734,0.08350083,0.85702735
0.04242614,0.053999547,0.90357435
0.058648903,0.036827203,0.9045239
0.056363,0.058952667,0.8846843
0.05800448,0.035095707,0.90689975
0.061283424,0.043861493,0.8948551
0.058922358,0.04336185,0.89771575
0.06581095,0.04933829,0.88485086
0.074265674,0.03892562,0.8868087
0.063919716,0.060135037,0.87594527
0.067707844,0.032982063,0.8993101
0.060829114,0.03960159,0.89956933
0.05575317,0.048819106,0.89542764
0.06378485,0.048786294,0.8874288
0.054671194,0.037191603,0.9081372
0.05874057,0.043249182,0.8980102
0.059990674,0.03401516,0.9059942
0.05490295,0.04549392,0.8996032
0.05493826,0.03648971,0.90857196
0.06618241,0.042232748,0.8915849
0.052794244,0.039754014,0.9074518
0.059631534,0.044184756,0.8961838
0.052229296,0.0390035,0.90876716
0.050128162,0.04291878,0.9069531
0.052793507,0.031309675,0.9158969
0.04900422,0.06394477,0.887051
0.060563847,0.04684584,0.89259034
0.064125784,0.045008108,0.8908661
0.06570292,0.038738083,0.895559
0.05991693,0.046617802,0.8934653
0.05726432,0.054375835,0.88835984
0.0527245,0.046756957,0.9005186
0.05484608,0.044285774,0.9008681
0.07570976,0.035122454,0.8891678
0.01147424,0.9665164,0.022009445
0.56372094,0.024455719,0.41182333
0.13576767,0.101041876,0.76319045
0.044627063,0.9194089,0.035964057
0.066462934,0.039920054,0.893617
0.064109765,0.04785216,0.88803816
0.0615421,0.03542704,0.9030308
0.055196542,0.039063837,0.9057396
0.18761674,0.030068213,0.78231514
0.05880999,0.03373877,0.9074512
0.05407983,0.0414442,0.904476
0.05358791,0.04401569,0.90239644
0.055973984,0.039769094,0.90425694
0.051124454,0.056286484,0.89258903
0.05868271,0.0389197,0.90239763
0.05758469,0.041639034,0.9007762
0.061911147,0.04677865,0.8913102
0.05284531,0.036604878,0.9105498
0.11212759,0.046718914,0.84115344
0.27679116,0.03739108,0.6858178
0.03153391,0.8914599,0.07700619
0.20448378,0.05522113,0.74029505
0.052831803,0.038183607,0.9089846
0.055262353,0.039687537,0.9050501
0.05494455,0.039037693,0.9060177
0.052236807,0.03753302,0.9102302
0.052220657,0.054994654,0.89278466
0.052597374,0.05517543,0.89222723
0.052293982,0.037813365,0.9098927
0.059737604,0.042484585,0.89777786
0.054239012,0.039508108,0.9062529
0.054677486,0.0366371,0.9086854
0.054063514,0.03863745,0.907299
0.0554793,0.03990175,0.904619
0.056784738,0.05711844,0.8860968
0.07580658,0.086194225,0.8379992
0.12474945,0.6453947,0.22985587
0.065713204,0.06359819,0.87068856
0.056483306,0.03857473,0.90494204
0.0575666,0.039739158,0.9026943
0.060428333,0.038920324,0.90065134
0.062550925,0.04828843,0.88916063
0.091902465,0.04420307,0.8638944
0.05164846,0.044851054,0.90350056
0.057594754,0.04191151,0.90049374
0.089491986,0.045319125,0.86518896
0.022258474,0.95574236,0.021999156
0.059684325,0.04158507,0.89873064
0.066579506,0.046502687,0.8869177
0.058789145,0.5309356,0.41027525
0.056811962,0.053631134,0.88955694
0.19012909,0.042970795,0.7669001
0.017901964,0.9745548,0.007543246
0.05732123,0.042514402,0.9001643
0.054287877,0.043942202,0.90177
0.059795782,0.038475323,0.901729
0.07114651,0.0965361,0.8323175
0.05994256,0.04095719,0.89910024
0.058347996,0.03824687,0.90340513
0.06601336,0.039016247,0.8949704
0.05254989,0.20699066,0.74045944
0.055732828,0.056998804,0.8872683
0.06379528,0.03816838,0.89803636
0.0933244,0.03560402,0.87107164
0.05885211,0.04843407,0.8927138
0.055505022,0.03901454,0.90548044
0.06262063,0.04766253,0.8897169
0.8423228,0.030861909,0.12681517
0.9871001,0.009658307,0.0032414522
0.9891044,0.0060859304,0.004809668
0.98881286,0.006572099,0.0046150265
0.9856983,0.010038586,0.004263076
0.9840561,0.011006863,0.004937016
0.053423047,0.037240703,0.90933615
0.98589337,0.009933293,0.0041732895
0.98864335,0.008773399,0.002583301
0.9853618,0.009547603,0.0050905403
0.96092784,0.010643716,0.028428482
0.98847663,0.008910056,0.0026133112
0.98881847,0.0059723216,0.005209152
0.98753333,0.009643692,0.0028229668
0.9842546,0.010171797,0.005573685
0.9884582,0.008892505,0.0026492362
0.9816265,0.0137380315,0.004635491
0.9829989,0.0123862205,0.004614853
0.9837949,0.01153203,0.0046730316
0.98860896,0.008603407,0.002787667
0.98325145,0.010722134,0.006026331
0.9883676,0.0085594095,0.003072886
0.98347074,0.011652736,0.004876595
0.98762465,0.008764358,0.0036109635
0.988886,0.005643833,0.00547019
0.9838291,0.0108443005,0.0053265416
0.98880917,0.0072817304,0.003909065
0.99091107,0.0068083922,0.0022805256
0.98135424,0.010392474,0.0082533
0.98789036,0.006031157,0.0060784607
0.9888721,0.007943438,0.0031844631
0.9880406,0.008802366,0.0031570247
0.98047423,0.010765188,0.008760587
0.98838997,0.00847642,0.003133564
0.9894537,0.007372367,0.0031739138
0.98642063,0.0108410595,0.0027383736
0.985778,0.008612347,0.0056096357
0.08318419,0.038084496,0.8787313
0.98900247,0.008382859,0.0026147014
0.9900011,0.007875225,0.0021237317
0.9895348,0.008073937,0.0023913172
0.98783714,0.009151129,0.0030118336
0.9901889,0.007399492,0.0024116654
0.98751664,0.01028053,0.0022027895
0.98806876,0.009011366,0.002919854
0.9875464,0.008081354,0.004372354
0.9870723,0.009152977,0.0037747605
0.9814788,0.009482159,0.009039107
0.9837177,0.012060936,0.0042214007
0.9840424,0.010219382,0.0057381545
0.98744863,0.008926906,0.0036244502
0.89552754,0.07343762,0.031034771
0.98672175,0.009941638,0.003336542
0.9804466,0.010629085,0.008924404
0.9877166,0.0066681933,0.005615182
0.9878798,0.008766623,0.003353532
0.94322497,0.0162926,0.040482398
0.98903686,0.0070455465,0.0039176093
0.9705231,0.0122649,0.017212033
0.98367465,0.010325893,0.005999558
0.9821846,0.012065683,0.005749738
0.9836129,0.010498091,0.0058888947
0.98961604,0.008193751,0.002190294
0.9886057,0.0064247823,0.0049695377
0.9874588,0.008909579,0.0036315736
0.9885737,0.008453194,0.0029731516
0.9850572,0.011018059,0.0039247754
0.20584679,0.03139086,0.76276237
0.20232275,0.09382503,0.7038522
0.9864007,0.008830771,0.004768498
0.056797054,0.053879503,0.88932353
0.06850433,0.04701338,0.8844823
0.9895173,0.0068789585,0.003603778
0.9797752,0.011023381,0.009201388
0.9880052,0.008164451,0.00383034
0.98566335,0.010530253,0.0038063633
0.9858608,0.010470831,0.0036684354
0.98439354,0.012271264,0.003335177
0.96076596,0.026937304,0.012296719
0.27992618,0.66579443,0.054279413
0.047615454,0.62905085,0.32333365
0.9874051,0.009102572,0.0034922604
0.98029745,0.013793317,0.005909303
0.98911893,0.008457857,0.0024232166
0.04902291,0.03586593,0.9151112
0.98955566,0.007972253,0.0024721015
0.98709863,0.009306448,0.0035949696
0.9876138,0.008858918,0.0035272767
0.98389095,0.011795133,0.004313836
0.98769057,0.008705231,0.003604158
0.99080783,0.006721804,0.0024703997
0.98598856,0.0068210396,0.0071903965
0.98836845,0.008618129,0.0030134537
0.9884929,0.0075915884,0.0039154547
0.9829334,0.012697693,0.004368963
0.98452765,0.011087674,0.0043846047
0.98681647,0.0069004972,0.006282974
0.98869157,0.00825836,0.0030499722
0.987341,0.008222954,0.004435951
0.98235106,0.009955766,0.00769322
0.98763496,0.008653886,0.0037111018
0.9898052,0.0070993844,0.0030954399
0.9885867,0.007840968,0.0035723709
0.9908393,0.0068078996,0.0023527471
0.9893992,0.007524705,0.003076093
0.98532355,0.008684369,0.0059920345
0.9863733,0.00757531,0.006051371
0.98929906,0.007954633,0.002746364
0.014078264,0.9697651,0.016156578
0.016772866,0.97912276,0.004104351
0.021881197,0.8973938,0.08072495
0.013954075,0.9792119,0.0068339603
0.01649911,0.9673839,0.016116908
0.012221176,0.9846934,0.0030854743
0.018434417,0.97885877,0.002706787
0.018041717,0.9773787,0.0045795143
0.025930174,0.9523408,0.021729039
0.012735097,0.98390526,0.003359668
0.012877958,0.9828712,0.0042508487
0.020190254,0.9484314,0.031378347
0.012332699,0.9845031,0.0031642076
0.015388428,0.9623306,0.022280972
0.018503742,0.97870934,0.0027868352
0.0127387345,0.98274565,0.004515599
0.04087328,0.8807635,0.07836329
0.043857787,0.87319875,0.08294347
0.038653478,0.9219691,0.039377376
0.016608208,0.9804602,0.0029315231
0.011915519,0.98475456,0.0033298903
0.012179727,0.9837525,0.0040677628
0.012500174,0.98336154,0.004138253
0.017263308,0.9705667,0.01217
0.018313214,0.97765994,0.0040268097
0.016660541,0.9797152,0.0036242688
0.014368247,0.9696497,0.015982049
0.012997642,0.9842859,0.0027164835
0.018807365,0.97839034,0.0028022984
0.015930846,0.9788921,0.0051770424
0.02050786,0.9401163,0.039375823
0.014321953,0.9827052,0.0029728701
0.012228814,0.9838665,0.0039047482
0.013933857,0.97113186,0.014934255
0.018455574,0.9742569,0.0072875484
0.013258542,0.97030526,0.016436191
0.017236413,0.9662199,0.016543752
0.026039239,0.9516882,0.022272542
0.035565756,0.9217427,0.04269153
0.015542188,0.95781225,0.026645508
0.023329798,0.9502857,0.026384542
0.05631105,0.5437388,0.39995018
0.017222721,0.9782647,0.0045126025
0.018074969,0.97918004,0.002744949
0.015319486,0.9812169,0.0034636024
0.023233188,0.9575058,0.01926099
0.01585374,0.98083615,0.0033101689
0.011449537,0.9858613,0.0026891327
0.018102152,0.97635263,0.00554516
0.012023954,0.9840591,0.0039169714
0.016166503,0.9798834,0.003950182
0.047550216,0.75700086,0.195449
0.019889574,0.9762809,0.003829502
0.011787392,0.98516756,0.0030450425
0.013438075,0.9834441,0.0031178838
0.014052729,0.9827701,0.0031771995
0.0111809205,0.98604405,0.0027750095
0.014968167,0.98240906,0.0026227583
0.017126685,0.97948265,0.0033906067
0.020667454,0.97512347,0.0042091114
0.015712189,0.98066,0.0036277638
0.0142677585,0.98233837,0.003393857
0.010736831,0.97122955,0.018033566
0.019449286,0.9668665,0.013684283
0.016018456,0.979481,0.004500598
0.029702991,0.8242633,0.1460338
0.018301355,0.96942365,0.012274956
0.029143,0.88301975,0.0878373
0.018708844,0.97802895,0.0032622404
0.0135652125,0.9706989,0.015735919
0.017861102,0.9694858,0.012653056
0.017354194,0.9790171,0.0036287664
0.012847279,0.9834066,0.003746081
0.012872021,0.97382134,0.013306586
0.01505442,0.97703564,0.0079099145
0.016122408,0.97959936,0.0042782747
0.018747771,0.9733872,0.007865
0.029375957,0.92643934,0.044184756
0.01543438,0.9813618,0.0032037816
0.013707801,0.9833,0.0029921506
0.012944225,0.9821571,0.004898701
0.01892898,0.9670864,0.013984641
0.025344148,0.72704846,0.24760745
0.012514354,0.9825562,0.004929491
0.015195767,0.9809263,0.0038779015
0.014591619,0.95442724,0.030981092
0.013248537,0.98340005,0.0033513908
0.013728381,0.9690355,0.017236073
0.01320897,0.97711766,0.009673331
0.014139344,0.9830505,0.0028101522
0.01255482,0.9742492,0.013195942
0.015632883,0.979529,0.004838114
0.015711335,0.9810858,0.0032028805
0.01651102,0.9794938,0.003995157
0.015277387,0.9809123,0.0038102765
0.012874994,0.9836052,0.0035198277
0.015617413,0.9410716,0.04331097
0.022468211,0.9286958,0.048836045
0.0109466445,0.9849045,0.0041487957
0.016080884,0.9813797,0.002539401
0.01557225,0.9805058,0.003921931
0.0131938625,0.9807773,0.0060288035
0.013083143,0.9734972,0.013419585
0.017075447,0.97989583,0.0030287483
0.017374864,0.9787483,0.0038768558
0.015081183,0.9782948,0.006623964
0.015988737,0.9786189,0.0053922916
0.06716143,0.04686335,0.8859753
0.013707934,0.9828295,0.003462525
0.017085236,0.9799789,0.0029358126
0.013666538,0.98321635,0.0031171618
0.016837927,0.9805238,0.0026382562
0.016086949,0.98079145,0.0031216443
0.013439992,0.9835844,0.0029755302
0.01158652,0.98555183,0.0028616684
0.010827903,0.98522353,0.003948506
0.01785912,0.9637149,0.018426027
0.013536094,0.98338854,0.003075373
0.01484167,0.96134865,0.023809748
0.05668807,0.105391406,0.8379205
0.016272185,0.9805267,0.0032010553
0.011980075,0.9847861,0.0032338533
0.014328923,0.9817442,0.003926885
0.01694821,0.9802223,0.0028295654
0.013719371,0.9836495,0.0026312037
0.01596621,0.9808255,0.0032082906
0.013441389,0.97032934,0.016229251
0.016986035,0.979536,0.003477988
0.08919121,0.4349605,0.47584826
0.05131266,0.83545506,0.1132323
0.01994443,0.94515437,0.03490116
0.018534364,0.9781773,0.0032883256
0.013511467,0.98255837,0.003930141
0.013953494,0.9825236,0.0035228315
0.01604325,0.9790829,0.004873839
0.010799179,0.9797355,0.009465317
0.01615759,0.98029995,0.0035424256
0.016121441,0.9804977,0.003380888
0.013388376,0.98364174,0.0029698971
0.012301543,0.9839357,0.0037627658
0.018777262,0.9621498,0.019072963
0.014179105,0.9814922,0.004328608
0.01868201,0.96855307,0.012764932
0.014234488,0.98244345,0.0033220754
0.015003052,0.95767033,0.027326666
0.014343017,0.9822302,0.003426785
0.0118416045,0.9743547,0.013803738
0.013716679,0.9824966,0.003786731
0.0140649285,0.95569074,0.030244347
0.015896123,0.9644364,0.019667465
0.10464424,0.23720527,0.6581505
0.017273702,0.9330352,0.049691096
0.020507647,0.9502596,0.029232757
0.012099676,0.97537994,0.012520388
0.01250547,0.9847394,0.0027551472
0.020728078,0.9502114,0.0290605
0.01824095,0.978091,0.0036680684
0.017502654,0.9763654,0.006132021
0.013735575,0.9833697,0.0028946383
0.02266327,0.9735989,0.0037378084
0.013088858,0.98348,0.0034311453
0.012378169,0.98428047,0.0033413135
0.013499546,0.98361075,0.0028896984
0.026040474,0.9573262,0.016633352
0.015071467,0.98149097,0.0034376082
0.013129802,0.9798354,0.0070347427
0.012877625,0.9842866,0.0028357538
0.015209193,0.980356,0.004434781
0.016841354,0.9802449,0.002913756
0.013539097,0.97642887,0.01003197
0.013539097,0.97642887,0.01003197
0.011838147,0.9721696,0.015992317
0.01774282,0.9772769,0.004980216
0.012845166,0.9832449,0.0039099106
0.014829432,0.9818955,0.0032751374
0.015788361,0.9796571,0.0045544687
0.01168889,0.9855591,0.00275206
0.020484934,0.974568,0.004947049
0.017645624,0.9681341,0.014220256
0.1042113,0.5661185,0.32967025
0.013794367,0.9832485,0.0029571361
0.018685324,0.9782314,0.0030832388
0.018393964,0.94990164,0.031704422
0.015639758,0.9723336,0.012026601
0.03673187,0.93812114,0.025146998
0.014116072,0.9695249,0.016358946
0.015952563,0.9807052,0.0033422068
0.030376686,0.94406855,0.025554765
0.07557204,0.08534214,0.83908576
0.027002776,0.9481697,0.024827585
0.01676814,0.97884697,0.0043849237
0.014088751,0.9833667,0.0025445425
0.034925055,0.87643343,0.08864157
0.021893496,0.9746593,0.0034471808
0.012094976,0.98456925,0.0033357725
0.026409244,0.93004924,0.043541484
0.016882021,0.9802156,0.0029023099
0.01664455,0.97973114,0.0036243275
0.06092452,0.04160782,0.8974677
0.16498251,0.041369285,0.79364824
0.055171605,0.11161308,0.83321536
0.051272843,0.039006323,0.9097209
0.14288852,0.04402768,0.81308377
0.9842056,0.011008535,0.004785847
0.060105145,0.032171965,0.90772295
0.16659527,0.3679983,0.46540642
0.052188236,0.26704723,0.68076456
0.06436091,0.11071806,0.824921
0.052853912,0.10076543,0.84638065
0.069422334,0.04208622,0.8884915
0.052201126,0.03774622,0.91005266
0.0982456,0.038202096,0.8635523
0.07474605,0.11019815,0.8150558
0.065326765,0.05160208,0.8830711
0.06896799,0.04921705,0.88181496
0.06498451,0.046216115,0.8887994
0.053941637,0.02430153,0.92175686
0.07421242,0.035711978,0.8900757
0.781926,0.03718337,0.18089068
0.064325064,0.050292484,0.8853824
0.090871364,0.14380084,0.7653278
0.061625168,0.04988122,0.88849354
0.076432504,0.036369562,0.88719803
0.049162105,0.034471832,0.91636616
0.105813354,0.03820162,0.85598505
0.030269342,0.9453372,0.02439346
0.07681952,0.044027664,0.87915283
0.10892364,0.03453473,0.85654163
0.07215016,0.062930495,0.86491936
0.0550219,0.027438046,0.91754
0.032447968,0.70538193,0.26217008
0.057502355,0.04432603,0.89817154
0.078911126,0.035033707,0.8860552
0.06328284,0.040659454,0.89605767
0.016750708,0.98021954,0.0030297488
0.052643687,0.029588167,0.9177681
0.07695607,0.06650244,0.85654145
0.023079013,0.9300262,0.046894856
0.06600746,0.09455132,0.8394413
0.078142144,0.035393827,0.886464
0.10164643,0.42857477,0.46977887
0.07958044,0.03682808,0.8835915
0.06304753,0.07758766,0.8593648
0.9633425,0.013305566,0.023351993
0.06892348,0.052408617,0.8786679
0.05525358,0.031405773,0.91334075
0.07245794,0.043097936,0.8844442
0.04710698,0.03493863,0.9179544
0.055709306,0.15854615,0.7857445
0.056495275,0.05674409,0.8867606
0.05767678,0.10464335,0.83767986
0.08935736,0.14993797,0.76070464
0.04936189,0.039489474,0.9111486
0.059921734,0.06125294,0.8788253
0.041255023,0.8221808,0.13656414
0.13747454,0.10468729,0.7578382
0.06609856,0.043880895,0.8900206
0.055112697,0.031648558,0.9132387
0.06938762,0.040394466,0.8902179
0.055844195,0.03091548,0.9132404
0.058489915,0.04163789,0.89987224
0.05554306,0.035253637,0.9092033
0.53944474,0.036105268,0.42445004
0.05565839,0.034139782,0.91020185
0.0798267,0.036440413,0.883733
0.017315218,0.9082745,0.07441024
0.06502517,0.050815042,0.88415974
0.9404049,0.014546716,0.045048345
0.05961469,0.063926004,0.8764593
0.04914839,0.045856096,0.9049955
0.07952587,0.031865746,0.8886084
0.06533316,0.043712944,0.8909539
0.04317308,0.044500064,0.91232693
0.07091804,0.055366028,0.87371594
0.06448529,0.041838624,0.89367604
0.96709853,0.010023822,0.022877634
0.98978454,0.0055505307,0.004664895
0.982735,0.013233114,0.004031932
0.98566806,0.010811651,0.0035203274
0.9819857,0.009468544,0.0085457675
0.9856412,0.008644854,0.0057139
0.9831335,0.013257886,0.0036086114
0.9834909,0.012673915,0.003835245
0.9628924,0.015855182,0.021252302
0.9822295,0.012596006,0.005174441
0.98520976,0.010453702,0.0043365257
0.9842324,0.012419944,0.0033476825
0.9830603,0.012242681,0.0046969834
0.0152285835,0.97969043,0.0050810496
0.9808359,0.0082893185,0.010874842
0.9849615,0.011060109,0.0039784163
0.81675833,0.020427188,0.16281447
0.9882135,0.006910266,0.0048762443
0.98417675,0.00863201,0.0071912156
0.981631,0.013954437,0.0044146064
0.98528326,0.010413724,0.0043030987
0.9849326,0.008947743,0.006119733
0.9894707,0.0073365835,0.0031926204
0.9833191,0.00817348,0.0085073775
0.98481435,0.011783166,0.003402411
0.9879902,0.0085561415,0.0034536195
0.98861665,0.0087645985,0.0026187913
0.98814327,0.008449514,0.0034072509
0.99054074,0.006960443,0.0024988463
0.98135126,0.0106181335,0.008030658
0.042752836,0.5300724,0.4271748
0.7227166,0.033245374,0.24403797
0.013989472,0.98265505,0.003355399
0.01789852,0.96207565,0.020025827
0.014858352,0.97949654,0.0056451047
0.013585613,0.9812199,0.0051944237
0.07607676,0.84016496,0.08375821
0.01696127,0.97239345,0.010645231
0.013906926,0.9825974,0.003495679
0.012679713,0.9839408,0.0033795333
0.016863417,0.9536558,0.029480834
0.06482983,0.22996797,0.70520216
0.014689875,0.9817207,0.0035893775
0.93647146,0.010282057,0.053246472
0.027748363,0.95270914,0.01954249
0.013170692,0.9838472,0.002982144
0.012120729,0.98329896,0.004580337
0.025346337,0.95857394,0.016079675
0.019367551,0.9646856,0.01594688
0.03526449,0.94110626,0.02362926
0.030621842,0.9461278,0.023250414
0.016472036,0.9805267,0.0030012454
0.011558658,0.98558515,0.0028561815
0.11309601,0.2949016,0.5920024
0.05821767,0.043031953,0.8987505
0.07815063,0.04347614,0.87837327
0.0641528,0.034540314,0.9013069
0.05598851,0.035536367,0.90847516
0.050005287,0.0354937,0.91450113
0.056062754,0.031142738,0.91279453
0.06857263,0.04216394,0.88926345
0.119826466,0.44760704,0.43256646
0.06168888,0.0532311,0.8850799
0.053703107,0.03709023,0.9092067
0.06827865,0.040631928,0.89108944
0.062185567,0.31464997,0.6231645
0.14211915,0.026566438,0.8313144
0.98724294,0.008658902,0.0040981723
0.9856032,0.010067068,0.0043297918
0.07383792,0.036677573,0.88948447
0.060353957,0.04273472,0.8969113
0.9881025,0.008582221,0.0033152096
0.98244584,0.012343038,0.0052110814
0.9830016,0.011900118,0.0050982223
0.98167866,0.0096522765,0.008669159
0.7288105,0.02760443,0.24358512
0.9846075,0.008627359,0.006765082
0.07185537,0.035937607,0.8922071
0.981904,0.008747696,0.00934832
0.97971034,0.013478882,0.0068107825
0.9824592,0.012211322,0.0053295237
0.98396295,0.009000249,0.007036836
0.983853,0.009158832,0.006988115
0.9869942,0.0073396927,0.005666139
0.9887701,0.008740314,0.0024895126
0.988123,0.008375404,0.0035016318
0.987462,0.008136092,0.0044019693
0.20133379,0.0451215,0.75354475
0.9011278,0.013993711,0.08487846
0.98357636,0.008891899,0.0075317314
0.9760922,0.010146723,0.013760998
0.98385185,0.010337844,0.0058103413
0.98793113,0.006072778,0.005996169
0.06016279,0.04314362,0.8966936
0.9836547,0.01142949,0.004915762
0.059912942,0.039234355,0.9008527
0.10752122,0.043241452,0.84923726
0.9796373,0.014014775,0.0063478737
0.9770189,0.015216748,0.007764368
0.9872075,0.009190059,0.0036023953
0.98433685,0.009917609,0.00574548
0.11135009,0.028284613,0.8603652
0.97638124,0.012350988,0.011267686
0.9216902,0.025441086,0.05286866
0.97775525,0.009155557,0.013089139
0.98930466,0.006105022,0.0045903465
0.9686811,0.015399483,0.015919376
0.07058367,0.03963254,0.88978386
0.941665,0.019543633,0.03879132
0.16319498,0.05060485,0.78620017
0.9786587,0.010957186,0.01038419
0.46985522,0.036054865,0.49408996
0.975276,0.0103989495,0.014325159
0.12289997,0.04030117,0.83679885
0.08437442,0.047515,0.8681105
0.7068465,0.03267449,0.26047906
0.8840282,0.02706282,0.08890905
0.95977116,0.014601846,0.025627036
0.98115116,0.007766809,0.011082066
0.98372364,0.008824023,0.0074523734
0.12220849,0.026799804,0.85099167
0.06760732,0.036169928,0.8962227
0.06441764,0.03803596,0.8975464
0.9863123,0.00675697,0.0069307303
0.06870182,0.03512374,0.8961744
0.98657656,0.007055527,0.0063679153
0.9806856,0.011218327,0.008096055
0.2296064,0.037850045,0.7325435
0.9876818,0.009701822,0.0026163151
0.9792723,0.01455341,0.0061743488
0.9810511,0.01069814,0.008250751
0.95404625,0.013100184,0.032853547
0.9892273,0.005934087,0.0048385337
0.989307,0.005853981,0.004838923
0.57610625,0.028907603,0.39498612
0.9890246,0.0078521045,0.0031233518
0.98429245,0.009171876,0.0065356684
0.9802225,0.012855803,0.006921653
0.9785226,0.012305759,0.009171694
0.069183394,0.064203255,0.8666133
0.08617116,0.05282992,0.860999
0.05975538,0.036922235,0.90332246
0.9859443,0.0069146263,0.00714109
0.9914243,0.0047694384,0.0038062432
0.9877295,0.008537193,0.0037332678
0.93887085,0.013031039,0.048098084
0.98833174,0.006152859,0.0055153873
0.98516995,0.009916315,0.004913728
0.05113926,0.10969854,0.83916223
0.06311909,0.041394506,0.89548635
0.9498865,0.013443961,0.036669597
0.98902625,0.008317823,0.0026559408
0.6244421,0.04375717,0.33180067
0.98413265,0.011717654,0.004149595
0.9821437,0.011693972,0.006162291
0.9825394,0.010872474,0.0065880516
0.96913403,0.0069919694,0.02387399
0.98724604,0.008425371,0.004328546
0.9837691,0.012468771,0.0037621288
0.98240775,0.013384643,0.004207554
0.98541117,0.009557411,0.0050314856
0.106940195,0.037411448,0.85564846
0.9802058,0.01453886,0.005255352
0.9901489,0.005756873,0.0040942114
0.9856852,0.010387495,0.0039272774
0.9881711,0.009316559,0.00251242
0.15709727,0.048595227,0.7943075
0.95713305,0.024673736,0.018193271
0.07999922,0.0317594,0.88824135
0.97764194,0.013371846,0.008986203
0.25864646,0.045536928,0.6958166
0.9878321,0.009646609,0.002521388
0.98617715,0.009839591,0.0039833263
0.14170611,0.032614633,0.82567924
0.9828463,0.009087129,0.008066489
0.97373307,0.008310048,0.017956877
0.987433,0.00880555,0.0037614186
0.9879951,0.009108011,0.0028969154
0.9818331,0.013079707,0.0050871917
0.010547037,0.98627067,0.0031822952
0.0148779,0.9788714,0.0062506744
0.02920106,0.83036155,0.14043736
0.019185692,0.96312237,0.017691957
0.035778213,0.81113374,0.1530881
0.039978147,0.5242997,0.43572217
0.0151669355,0.98050034,0.0043326877
0.04482993,0.069129504,0.8860406
0.016900612,0.97842455,0.004674834
0.017005332,0.9682778,0.014716887
0.018233307,0.97529703,0.006469618
0.010996502,0.9840904,0.0049131396
0.025346316,0.9492578,0.025395872
0.015849875,0.97391665,0.01023345
0.02970214,0.92130333,0.048994463
0.05554177,0.04718374,0.89727455
0.056085397,0.27059034,0.6733243
0.012293847,0.9804436,0.007262555
0.060660694,0.07788988,0.86144936
0.065070435,0.053603943,0.8813257
0.057813227,0.04443529,0.8977515
0.034375478,0.81116885,0.15445563
0.032615192,0.8370597,0.1303251
0.01357662,0.9810493,0.005374102
0.059579838,0.056740545,0.8836796
0.05789113,0.05101396,0.8910949
0.047576446,0.05996633,0.8924571
0.044990156,0.9027694,0.052240483
0.04337968,0.24130353,0.7153168
0.015221392,0.9754101,0.009368474
0.33881733,0.554302,0.10688072
0.027672498,0.95475495,0.017572543
0.018606858,0.9478482,0.03354493
0.8875105,0.01747351,0.095016
0.4626211,0.041301247,0.4960777
0.088830695,0.15936622,0.75180304
0.046817347,0.082649864,0.8705328
0.017575761,0.975668,0.006756237
0.014209021,0.98164386,0.004147193
0.016719623,0.97840047,0.004879964
0.015422916,0.97919744,0.005379695
0.014852596,0.9791171,0.0060303644
0.040662326,0.22148843,0.73784924
0.018979415,0.9706106,0.010410023
0.064751275,0.0781431,0.8571057
0.016786713,0.97278005,0.01043329
0.050041184,0.059920702,0.8900381
0.022172414,0.8056282,0.17219949
0.0167581,0.9796948,0.00354716
0.060441986,0.08121453,0.8583435
0.050921764,0.04954824,0.89953005
0.02613428,0.9052125,0.068653226
0.058755282,0.70606637,0.2351783
0.07145558,0.5067716,0.42177278
0.020402467,0.9630912,0.016506296
0.027127106,0.91693926,0.05593365
0.013979874,0.9815014,0.004518699
0.017118994,0.9605754,0.022305587
0.014567842,0.97546864,0.0099635525
0.017830068,0.97348875,0.0086811995
0.016946115,0.97628015,0.0067736926
0.019155191,0.96441245,0.016432375
0.016814379,0.96869075,0.014494902
0.01537561,0.9766709,0.007953428
0.016245872,0.94512326,0.038630795
0.018106665,0.92960215,0.052291144
0.047267437,0.76959217,0.18314035
0.020816797,0.9664706,0.012712632
0.014627699,0.9775655,0.007806738
0.06443416,0.053863056,0.8817027
0.11597699,0.029778084,0.8542449
0.07722107,0.042045917,0.88073295
0.06997394,0.04663546,0.88339055
0.05954306,0.04078367,0.89967334
0.061732214,0.03993524,0.8983326
0.06469759,0.044357534,0.8909449
0.016277548,0.97511965,0.0086028315
0.05075544,0.034968942,0.91427565
0.060490448,0.060964882,0.8785447
0.061891273,0.046649598,0.8914591
0.05517722,0.04293012,0.90189266
0.07383333,0.03847293,0.8876937
0.059489638,0.044273753,0.8962366
0.07321999,0.041719496,0.8850605
0.061067726,0.042424485,0.8965078
0.070302114,0.0421642,0.88753366
0.054851733,0.035345834,0.90980244
0.084560394,0.033439294,0.8820004
0.062612765,0.04299108,0.8943962
0.3731845,0.041859925,0.5849556
0.0750412,0.18966956,0.7352892
0.055713687,0.03628901,0.90799737
0.074459106,0.02725855,0.89828235
0.057742137,0.042100906,0.900157
0.06953611,0.054313667,0.8761503
0.06336734,0.036745902,0.8998867
0.06424078,0.04111402,0.8946452
0.059406053,0.058200173,0.8823937
0.057780348,0.046291992,0.8959276
0.071903676,0.038770184,0.88932616
0.060036544,0.038573693,0.9013898
0.059920605,0.03646812,0.9036113
0.054974068,0.03763579,0.9073902
0.058697935,0.03734713,0.903955
0.06436427,0.059179448,0.8764562
0.06636617,0.043058958,0.8905749
0.061421838,0.047812026,0.8907661
0.049147174,0.048527174,0.9023257
0.118313625,0.057212733,0.8244737
0.0576242,0.043179613,0.89919615
0.0604229,0.03812686,0.9014503
0.065668255,0.04186375,0.892468
0.06365036,0.16996334,0.7663863
0.9841255,0.007426351,0.008448094
0.07022301,0.043242026,0.886535
0.06536031,0.06098203,0.87365764
0.06825367,0.03662286,0.89512354
0.06170845,0.034145266,0.9041463
0.06816551,0.046986885,0.8848476
0.056878828,0.036723733,0.90639746
0.067526594,0.049475934,0.88299745
0.06730844,0.049533293,0.88315827
0.05703471,0.072310165,0.8706551
0.057301566,0.036227986,0.9064704
0.05383276,0.046702255,0.899465
0.052536435,0.046205048,0.9012585
0.06740767,0.2753173,0.657275
0.06336163,0.046446986,0.89019144
0.052983817,0.047355447,0.89966077
0.05399883,0.044201866,0.9017994
0.05838715,0.046823844,0.894789
0.06636696,0.036938775,0.89669424
0.052605256,0.0445149,0.90287983
0.11194292,0.06433051,0.82372665
0.060312115,0.038131353,0.90155655
0.0748966,0.049770232,0.87533313
0.059709832,0.055114813,0.8851753
0.054478835,0.033481594,0.9120396
0.04743899,0.041579552,0.9109815
0.053091086,0.035245616,0.9116633
0.055675708,0.03871638,0.9056079
0.076848336,0.037636213,0.8855154
0.061511833,0.040736325,0.8977518
0.052253257,0.09531397,0.8524328
0.06606705,0.04303265,0.8909003
0.06698504,0.039823204,0.89319175
0.047169365,0.18258198,0.77024865
0.07167323,0.07163824,0.8566885
0.044983014,0.038176585,0.9168404
0.05966057,0.032707255,0.9076322
0.049412057,0.042512737,0.9080752
0.018730907,0.93206406,0.049205
0.088706784,0.04167766,0.86961555
0.0643531,0.05203845,0.8836085
0.07306107,0.04466134,0.8822775
0.057656664,0.037353396,0.90498996
0.06386981,0.042733848,0.8933964
0.071373746,0.040233016,0.8883933
0.06346346,0.044914518,0.89162207
0.06326744,0.45487702,0.4818555
0.062346473,0.04138999,0.89626354
0.038940642,0.6109213,0.35013807
0.054796394,0.038535256,0.90666837
0.058534395,0.03870777,0.90275794
0.05764236,0.046384837,0.8959728
0.077618584,0.037114732,0.88526666
0.06466619,0.047426444,0.8879074
0.05760825,0.03550875,0.906883
0.059735123,0.042524334,0.89774054
0.05808843,0.045594133,0.8963174
0.059860133,0.051001467,0.8891384
0.059843384,0.038150374,0.90200627
0.05811262,0.040807556,0.90107983
0.06272099,0.043957688,0.8933212
0.09538464,0.04569906,0.85891634
0.055630744,0.03639457,0.90797466
0.056851313,0.039398983,0.90374976
0.059475992,0.07163673,0.8688873
0.05594601,0.03980749,0.9042465
0.06573077,0.040515333,0.8937539
0.059183545,0.03868108,0.90213543
0.054970503,0.041676663,0.9033528
0.06256964,0.038397755,0.8990326
0.053260412,0.03617885,0.9105607
0.06738022,0.039843567,0.8927762
0.059924986,0.037720468,0.90235454
0.062316302,0.043165237,0.89451844
0.062126033,0.04128395,0.89659
0.049251765,0.05222383,0.89852434
0.06814082,0.034718063,0.89714116
0.058693912,0.042255,0.89905113
0.06460907,0.03999933,0.8953915
0.06588045,0.03920478,0.8949147
0.065836295,0.036786836,0.89737695
0.057519715,0.055804495,0.8866758
0.05561889,0.036156572,0.9082245
0.13357316,0.06656081,0.79986596
0.051610634,0.07759031,0.8707991
0.061559733,0.036472935,0.9019673
0.06685556,0.057212517,0.8759319
0.048545096,0.055820525,0.89563435
0.06185588,0.04064538,0.8974988
0.054196052,0.036724642,0.90907925
0.052170847,0.04007898,0.9077501
0.064808,0.047507245,0.8876847
0.070605874,0.033662714,0.8957315
0.057601254,0.06137612,0.8810227
0.06058297,0.037342314,0.90207475
0.0631856,0.038193233,0.8986212
0.09238538,0.042566456,0.86504817
0.051182847,0.031333316,0.91748387
0.06855827,0.03320121,0.8982405
0.06267353,0.03636132,0.90096515
0.057515867,0.039704137,0.90278
0.05670863,0.040488273,0.90280306
0.06491973,0.043691587,0.8913887
0.054409426,0.06057966,0.88501084
0.038483713,0.6834737,0.27804255
0.06201376,0.040828794,0.8971574
0.057896856,0.036443844,0.90565926
0.055696968,0.04011702,0.90418595
0.049863864,0.053235542,0.8969006
0.061391763,0.038662624,0.8999456
0.0564538,0.03331737,0.91022885
0.06755866,0.034674484,0.89776677
0.06693064,0.05658184,0.87648755
0.060078993,0.04053256,0.8993884
0.05862798,0.04464539,0.89672667
0.059085183,0.04903119,0.89188355
0.06837576,0.033585045,0.89803916
0.044735212,0.29078585,0.6644789
0.063631006,0.035381418,0.90098757
0.069705494,0.03948496,0.8908096
0.06012249,0.043346915,0.89653057
0.06772273,0.04107591,0.8912013
0.05489391,0.04609008,0.899016
0.058227014,0.038037334,0.90373564
0.05494962,0.041599847,0.90345055
0.8239741,0.011582445,0.16444346
0.055688553,0.08250353,0.8618079
0.062233463,0.045309193,0.8924573
0.059776414,0.04054561,0.89967793
0.06066168,0.04312072,0.89621764
0.06639965,0.19563647,0.73796386
0.06115005,0.056775905,0.88207406
0.054390773,0.036820613,0.9087886
0.05377749,0.039306052,0.90691644
0.05739668,0.038609646,0.9039937
0.08862088,0.02978591,0.8815932
0.06242375,0.05669888,0.88087744
0.07379299,0.06081913,0.86538786
0.129655,0.03809738,0.8322476
0.057463016,0.041026883,0.90151006
0.05697817,0.049118254,0.89390355
0.06818727,0.046250593,0.8855622
0.07404976,0.036088977,0.8898612
0.047088962,0.04599815,0.9069129
0.023771973,0.89378065,0.08244732
0.06602058,0.04196523,0.8920142
0.93899053,0.012255052,0.048754506
0.052491155,0.050975636,0.8965332
0.059349827,0.043020293,0.89762986
0.071886346,0.060445767,0.8676679
0.13362627,0.42187327,0.44450045
0.05889438,0.036336962,0.90476865
0.058109943,0.039530907,0.90235907
0.062189527,0.04249249,0.8953179
0.05330252,0.052169565,0.8945279
0.0826138,0.04935505,0.8680311
0.050712187,0.047315136,0.90197265
0.072871126,0.04024326,0.8868856
0.0709597,0.050960835,0.8780794
0.061121646,0.046385515,0.89249283
0.06863324,0.05810624,0.87326056
0.059485726,0.039510116,0.90100414
0.059392277,0.04452622,0.8960815
0.059027713,0.0359247,0.90504754
0.10555991,0.032335743,0.86210436
0.08086542,0.04164628,0.87748826
0.08022207,0.040298816,0.87947917
0.060305487,0.04481524,0.8948793
0.05343996,0.03738004,0.90918005
0.07129299,0.069879934,0.85882705
0.051822342,0.042962234,0.90521544
0.044453785,0.06614908,0.88939714
0.07018776,0.051475983,0.8783362
0.9627619,0.0092379665,0.02800011
0.05418097,0.037879862,0.9079392
0.04859642,0.042036165,0.9093673
0.07717894,0.04299852,0.8798226
0.07320292,0.05651162,0.8702854
0.06394186,0.03902966,0.89702845
0.057765458,0.0386307,0.90360385
0.066769056,0.054150492,0.8790805
0.05417788,0.03749129,0.90833086
0.055730347,0.04350893,0.9007607
0.0582031,0.042832542,0.8989644
0.07002163,0.04641726,0.883561
0.04919954,0.053667005,0.89713347
0.066882275,0.041731425,0.8913863
0.06665411,0.05019048,0.88315535
0.059604205,0.2795716,0.6608242
0.067443445,0.05665459,0.875902
0.046165645,0.26273018,0.6911042
0.086262636,0.030953754,0.8827837
0.06666759,0.048703652,0.8846288
0.055124447,0.059545558,0.88533
0.07015845,0.046281423,0.8835602
0.08657046,0.036961783,0.8764678
0.064127736,0.042365152,0.8935072
0.060508966,0.038518224,0.9009729
0.06648907,0.036043726,0.8974672
0.06752232,0.043045722,0.889432
0.06315942,0.037274834,0.89956576
0.091628455,0.03987345,0.868498
0.057510097,0.06372007,0.8787699
0.014753324,0.95936644,0.02588025
0.070760384,0.029353641,0.899886
0.06383096,0.06186708,0.87430197
0.058979034,0.0371613,0.9038597
0.06809,0.039369002,0.89254105
0.059564825,0.043941796,0.8964934
0.05856595,0.039511774,0.9019223
0.05188553,0.042679872,0.9054345
0.057161726,0.036369704,0.9064686
0.07406163,0.0467329,0.8792055
0.06157592,0.034896962,0.903527
0.061426688,0.031496473,0.9070769
0.051506277,0.031949762,0.91654396
0.059727203,0.03737633,0.90289646
0.052670408,0.03713071,0.9101989
0.18672557,0.04018002,0.77309436
0.047276985,0.035495378,0.9172276
0.06269837,0.03817732,0.8991243
0.059125222,0.044456065,0.8964187
0.060992394,0.047967076,0.8910405
0.05827275,0.039487116,0.9022401
0.057073694,0.03741157,0.90551466
0.077444226,0.031697806,0.89085793
0.054723203,0.03937717,0.9058995
0.058193196,0.04474918,0.8970576
0.06423218,0.038617875,0.89715
0.05595469,0.03965845,0.90438676
0.04274244,0.19666435,0.7605932
0.058107775,0.039126173,0.90276605
0.064345025,0.03736755,0.8982875
0.06295733,0.07006272,0.8669799
0.09643861,0.03175553,0.8718059
0.057879157,0.03496862,0.9071523
0.050619926,0.03173907,0.91764104
0.05459159,0.03548875,0.9099197
0.06525939,0.046095427,0.8886452
0.058904808,0.041892316,0.8992029
0.057374187,0.05038591,0.8922399
0.06663792,0.03826694,0.89509517
0.05328153,0.04552963,0.90118885
0.057026982,0.033770874,0.90920216
0.025646323,0.8542805,0.12007317
0.06404434,0.04361052,0.8923452
0.064408585,0.05165277,0.88393855
0.0735963,0.0376628,0.88874084
0.118757896,0.02573341,0.85550874
0.98159516,0.009651455,0.008753489
0.05862343,0.04033062,0.9010459
0.05194218,0.03941917,0.9086387
0.055512384,0.04153627,0.9029513
0.053487998,0.032953,0.91355896
0.065377265,0.045241307,0.8893814
0.057943564,0.03699338,0.9050631
0.058392067,0.040605307,0.9010026
0.04759579,0.037965205,0.914439
0.06661501,0.045560777,0.88782424
0.060384303,0.04093794,0.8986777
0.07104671,0.03289491,0.8960584
0.05202799,0.038720597,0.9092514
0.057188217,0.039458685,0.90335315
0.048626907,0.04630958,0.90506345
0.058694743,0.0378407,0.90346456
0.05537046,0.044426292,0.90020317
0.06391625,0.052885044,0.8831987
0.06893967,0.03485173,0.8962086
0.056985877,0.041977733,0.9010364
0.051213812,0.044538803,0.9042474
0.06529978,0.05285555,0.88184464
0.06058687,0.04123604,0.898177
0.06758156,0.109910145,0.8225083
0.058443937,0.041951954,0.899604
0.051508363,0.052268434,0.8962232
0.07986062,0.038186796,0.8819526
0.07292235,0.041732896,0.88534474
0.066231154,0.041527424,0.8922415
0.05474933,0.03670316,0.90854746
0.057832856,0.037067212,0.9050999
0.119685106,0.03273607,0.84757876
0.06422018,0.043602325,0.8921775
0.062326927,0.040815167,0.8968579
0.011923757,0.9811143,0.0069618607
0.04838017,0.03919859,0.9124212
0.066314526,0.038137052,0.8955484
0.06358057,0.03350461,0.9029148
0.051866777,0.035927065,0.9122061
0.05199229,0.039380208,0.9086275
0.058405355,0.04302337,0.8985712
0.04843634,0.034955595,0.91660815
0.057484638,0.03846167,0.90405375
0.060406357,0.041903596,0.89769
0.054480765,0.047149174,0.8983701
0.049894657,0.03851797,0.91158736
0.018010812,0.9596399,0.022349244
0.04301625,0.082794614,0.8741891
0.055272758,0.1411784,0.8035489
0.053750593,0.28177053,0.6644789
0.064456634,0.0378921,0.8976513
0.055664834,0.047265206,0.8970699
0.06456309,0.046344366,0.88909256
0.064383075,0.045967594,0.8896493
0.056710057,0.04222573,0.9010642
0.044921376,0.0466197,0.90845895
0.06681742,0.036990277,0.8961924
0.06697211,0.03782564,0.8952022
0.073531136,0.04628502,0.8801839
0.10194348,0.034221902,0.8638347
0.06549455,0.050462212,0.8840433
0.057344887,0.045630123,0.897025
0.04456836,0.07585037,0.8795814
0.052383926,0.038381077,0.90923506
0.98171574,0.012237882,0.0060463697
0.06688759,0.05204126,0.88107115
0.06096774,0.04748173,0.89155054
0.056284387,0.038873002,0.90484256
0.057308815,0.038758155,0.90393305
0.07519766,0.027522203,0.8972801
0.05161647,0.047644284,0.90073925
0.05207517,0.040954176,0.9069707
0.05136873,0.058322195,0.8903091
0.044740297,0.038007695,0.9172521
0.029437553,0.060137086,0.9104253
0.32328334,0.03284856,0.6438681
0.061629586,0.040655185,0.8977153
0.057286646,0.040012058,0.9027014
0.055986997,0.039545946,0.90446717
0.052987233,0.032232676,0.91478014
0.05128597,0.034752693,0.91396135
0.050338928,0.03622238,0.9134387
0.06093465,0.04057141,0.89849395
0.058581542,0.039696362,0.9017221
0.06364687,0.035580836,0.90077233
0.061102744,0.049724724,0.8891725
0.061554458,0.3849734,0.5534721
0.062352773,0.048702862,0.8889444
0.053714987,0.038651694,0.90763336
0.07921383,0.04083556,0.87995064
0.06939629,0.04287925,0.8877245
0.12215617,0.05197735,0.82586646
0.06348917,0.03313131,0.90337956
0.052682567,0.03512844,0.91218895
0.06211334,0.052355777,0.8855308
0.054572713,0.036710016,0.9087173
0.071178205,0.04932778,0.879494
0.04252553,0.844197,0.11327754
0.988679,0.0065647946,0.0047562313
0.30625585,0.030997096,0.6627471
0.0592986,0.037253357,0.90344805
0.052376755,0.042498916,0.9051243
0.01442436,0.97820115,0.007374441
0.062067103,0.053924836,0.88400805
0.45269707,0.02701455,0.52028847
0.058763046,0.051179014,0.890058
0.0778675,0.037489153,0.8846433
0.07904685,0.0547809,0.86617225
0.085069366,0.05197648,0.86295414
0.05914964,0.038791284,0.9020591
0.060533833,0.03105382,0.9084124
0.057670414,0.039771963,0.9025576
0.065818444,0.04749993,0.8866817
0.055401076,0.7921536,0.15244533
0.13936716,0.044208564,0.81642425
0.062690735,0.034334917,0.9029743
0.055017147,0.061376058,0.88360673
0.3094032,0.034309648,0.65628713
0.06160755,0.045805205,0.89258724
0.05780053,0.06286454,0.8793349
0.06067712,0.045935877,0.89338696
0.07702975,0.059727777,0.8632425
0.059309877,0.03574564,0.9049445
0.59569925,0.031157417,0.37314332
0.064119615,0.05633724,0.8795432
0.054451693,0.04940966,0.89613867
0.05436976,0.049965635,0.8956646
0.07730523,0.034086928,0.8886079
0.044718802,0.6412888,0.31399235
0.072233304,0.07610755,0.8516592
0.06196443,0.051170044,0.8868655
0.17382647,0.038963884,0.78720963
0.054830648,0.039262302,0.9059071
0.064007975,0.047196526,0.88879544
0.0618541,0.05112884,0.88701713
0.04975238,0.037702054,0.91254556
0.9851415,0.008285151,0.0065733236
0.05284433,0.047230776,0.89992493
0.7858604,0.014421675,0.19971795
0.053057466,0.059132103,0.88781047
0.07126816,0.038615618,0.8901163
0.055867884,0.046862066,0.89727
0.0713719,0.0458791,0.88274896
0.062250063,0.031439155,0.90631074
0.3204391,0.046787683,0.6327733
0.97699684,0.0073725567,0.015630584
0.058811504,0.049961444,0.89122707
0.057372212,0.04122289,0.901405
0.068328,0.06779627,0.8638758
0.07095183,0.0424501,0.88659805
0.11465706,0.030447923,0.85489506
0.971171,0.012249139,0.016579883
0.018162983,0.9611549,0.020682096
0.057865504,0.03917288,0.9029616
0.0663842,0.040185485,0.89343035
0.052094646,0.03926554,0.9086399
0.98762554,0.008330412,0.004044091
0.067047276,0.04545515,0.8874976
0.06325252,0.041119028,0.8956284
0.054491963,0.061747488,0.8837605
0.0508285,0.046894055,0.90227747
0.054005686,0.039223075,0.9067712
0.053037476,0.03799683,0.9089657
0.056772515,0.061206143,0.88202137
0.09593785,0.03826406,0.86579806
0.06277258,0.053587474,0.88364
0.05013453,0.037021074,0.91284436
0.07340363,0.050081372,0.87651503
0.06479019,0.043860648,0.89134914
0.069691025,0.03663504,0.893674
0.6277364,0.029967938,0.3422957
0.13901705,0.03115551,0.82982737
0.07780064,0.03442283,0.8877765
0.0542312,0.042297214,0.9034716
0.050037608,0.040660433,0.909302
0.091812044,0.050604496,0.85758346
0.06311412,0.03620801,0.90067786
0.07002474,0.039879423,0.8900959
0.052040853,0.048200473,0.8997587
0.050222307,0.05608177,0.89369595
0.05091579,0.039057553,0.9100266
0.052468017,0.05183143,0.8957005
0.055429775,0.04997892,0.8945912
0.06884118,0.040154703,0.891004
0.063316755,0.032672342,0.9040109
0.06192499,0.032968502,0.90510654
0.05885714,0.04135056,0.8997923
0.05219908,0.04000289,0.90779805
0.057670545,0.059385106,0.88294435
0.05458714,0.043969218,0.9014437
0.056585703,0.039483897,0.9039304
0.064455226,0.053123083,0.88242173
0.0613816,0.035300158,0.9033182
0.05511419,0.056256127,0.88862973
0.057851397,0.040288303,0.90186024
0.064782284,0.036109623,0.89910805
0.065341406,0.06210613,0.8725525
0.06444231,0.043349102,0.89220864
0.05443181,0.06192073,0.8836474
0.065359145,0.044202622,0.89043826
0.062072475,0.047778886,0.8901487
0.06016005,0.035713334,0.90412664
0.042524528,0.031233372,0.9262421
0.05920569,0.041839864,0.89895445
0.057993256,0.036167424,0.90583926
0.056822386,0.036794927,0.90638256
0.06276386,0.055443034,0.8817932
0.06956363,0.047927205,0.8825092
0.05991692,0.043558784,0.89652437
0.050352015,0.045734238,0.90391374
0.05506093,0.037002277,0.9079368
0.047531843,0.037472483,0.9149957
0.07501371,0.035347566,0.8896387
0.89458925,0.015153623,0.09025721
0.08956562,0.03325646,0.87717795
0.97955644,0.011527289,0.008916302
0.05995802,0.05638038,0.8836616
0.05524959,0.049140003,0.89561033
0.05270555,0.03203003,0.9152644
0.060327955,0.047514077,0.892158
0.05883609,0.03596578,0.90519816
0.062768534,0.050190266,0.8870413
0.05640067,0.04130393,0.9022954
0.06277025,0.046692465,0.89053726
0.053550407,0.033609312,0.9128403
0.044570994,0.35410485,0.6013241
0.36556116,0.03114155,0.6032973
0.052373566,0.036349036,0.91127735
0.055819985,0.037111573,0.90706843
0.0632166,0.04471797,0.89206547
0.05003601,0.035794064,0.91416985
0.047291454,0.04898362,0.90372485
0.06277507,0.049224623,0.88800025
0.948934,0.010655557,0.040410485
0.06355353,0.03743423,0.89901215
0.06514199,0.03779345,0.89706457
0.05569041,0.040229987,0.90407956
0.06176097,0.04211732,0.89612174
0.064127706,0.04280178,0.8930705
0.06740119,0.038235646,0.89436316
0.06527802,0.034466352,0.90025574
0.9880763,0.009037874,0.0028858585
0.8843098,0.020715894,0.0949743
0.05465125,0.037542883,0.9078059
0.061973684,0.044944156,0.89308214
0.17182833,0.04796612,0.78020555
0.060971018,0.05047277,0.88855624
0.057619743,0.032654878,0.9097253
0.050833505,0.043268412,0.9058981
0.05861294,0.05360273,0.88778436
0.04827356,0.039981127,0.91174525
0.053810082,0.04137867,0.9048113
0.058778517,0.0487529,0.8924685
0.06285601,0.03795693,0.8991871
0.054123893,0.03756382,0.90831226
0.46494362,0.031103684,0.50395274
0.06097546,0.04168329,0.89734125
0.059076898,0.03997343,0.90094966
0.05796755,0.04100492,0.90102744
0.09569371,0.03436308,0.86994326
0.062559195,0.0411879,0.8962529
0.052911054,0.038073204,0.9090157
0.06667525,0.04426374,0.88906103
0.059395712,0.04052414,0.9000801
0.05069995,0.040028702,0.9092714
0.05725141,0.047185794,0.8955627
0.061101392,0.038385924,0.9005127
0.063752264,0.035744324,0.9005034
0.051335167,0.047570087,0.90109473
0.057407662,0.055913772,0.8866786
0.063268684,0.0461079,0.8906235
0.092246905,0.04526593,0.8624872
0.060357343,0.04835661,0.8912861
0.053217072,0.039624885,0.9071581
0.057172175,0.041930303,0.9008976
0.057952076,0.057388887,0.88465905
0.061775826,0.034856744,0.90336746
0.06596897,0.04965032,0.8843807
0.057708353,0.04353929,0.89875233
0.06345619,0.041534387,0.8950094
0.052610196,0.04750615,0.8998836
0.06229126,0.03873422,0.8989745
0.05120576,0.03937601,0.9094183
0.06654546,0.04221633,0.8912383
0.060431883,0.037983865,0.90158427
0.05049873,0.037180927,0.9123204
0.96230996,0.013291305,0.024398752
0.05638584,0.04901279,0.89460135
0.05913177,0.044787824,0.8960804
0.0611567,0.04321862,0.8956247
0.05889438,0.039424147,0.9016815
0.07114187,0.042918585,0.88593954
0.9734353,0.015264929,0.011299706
0.056250695,0.049110662,0.89463866
0.058216836,0.04392292,0.8978603
0.26850787,0.035375684,0.69611645
0.062047992,0.04423557,0.8937165
0.05386736,0.060476046,0.8856567
0.058112357,0.036401317,0.9054863
0.06030052,0.036112733,0.9035867
0.106403545,0.038283616,0.85531294
0.057548832,0.04179637,0.9006548
0.046422016,0.050736263,0.9028417
0.08970675,0.04493153,0.86536175
0.05637965,0.03901492,0.90460545
0.055136837,0.0401033,0.9047599
0.062300283,0.044720102,0.89297956
0.08073731,0.03586197,0.88340074
0.05750027,0.038641572,0.9038581
0.04857986,0.044579387,0.90684074
0.06718223,0.054752275,0.8780655
0.087899595,0.037255395,0.874845
0.07037566,0.0437613,0.885863
0.06374553,0.036285657,0.89996874
0.0745657,0.042403355,0.883031
0.06469693,0.05216343,0.88313955
0.05777592,0.04898592,0.8932382
0.0716349,0.038026437,0.89033866
0.05487073,0.03944479,0.9056845
0.0716225,0.044689097,0.88368845
0.047863495,0.031206258,0.9209302
0.088344075,0.030883241,0.8807727
0.07429616,0.0428526,0.88285136
0.05800869,0.04471634,0.89727503
0.066121764,0.04311037,0.8907679
0.056374468,0.03821945,0.90540606
0.055200182,0.03634285,0.908457
0.06059023,0.039426815,0.899983
0.05145233,0.03742341,0.9111242
0.050953314,0.039682478,0.90936416
0.072781205,0.034480274,0.89273846
0.055079896,0.039769538,0.9051505
0.9686031,0.010897683,0.020499207
0.05531478,0.03833414,0.90635115
0.0867837,0.048633724,0.86458266
0.09328026,0.048511453,0.85820824
0.067721054,0.05062176,0.88165724
0.058397427,0.030340597,0.9112619
0.061914485,0.039297633,0.8987879
0.04811303,0.04272997,0.909157
0.06687109,0.043196313,0.88993263
0.053764585,0.036432266,0.90980315
0.054901186,0.040679745,0.90441906
0.054729443,0.039709922,0.9055606
0.057190552,0.03765328,0.90515614
0.0875827,0.03603173,0.8763856
0.046722542,0.038357925,0.9149195
0.06992076,0.0439051,0.8861741
0.06227346,0.0628232,0.8749034
0.868282,0.025712708,0.10600531
0.101726055,0.028672144,0.8696017
0.060187425,0.043627433,0.8961852
0.07956219,0.065063715,0.85537416
0.0733211,0.04729345,0.87938553
0.064844966,0.04174458,0.8934105
0.061359692,0.062143635,0.8764966
0.23775142,0.035089277,0.7271593
0.07184482,0.051194973,0.8769603
0.06329058,0.06514041,0.87156904
0.057116386,0.026009712,0.91687393
0.06827021,0.039880034,0.8918497
0.061353978,0.038375594,0.9002704
0.06463303,0.053530354,0.8818366
0.070057884,0.03593966,0.8940025
0.06732277,0.05492042,0.87775683
0.053971235,0.03673337,0.9092954
0.06997721,0.041399434,0.88862336
0.055121884,0.048716202,0.89616185
0.062331013,0.038120788,0.8995482
0.012002318,0.9851704,0.0028272346
0.073457696,0.041206036,0.8853363
0.059700117,0.0470196,0.8932803
0.06159889,0.034536976,0.9038641
0.06296556,0.027440544,0.9095938
0.0653249,0.031129701,0.90354544
0.053022593,0.03915372,0.90782374
0.06601555,0.04073062,0.8932538
0.053021133,0.040951554,0.9060273
0.06319043,0.04467765,0.89213187
0.054823775,0.043794777,0.90138155
0.061208047,0.045909915,0.89288205
0.069386676,0.049058586,0.88155466
0.05810833,0.03469807,0.9071936
0.06419876,0.040430386,0.8953708
0.057768736,0.050411403,0.8918199
0.049160335,0.056170285,0.89466935
0.05872436,0.040439527,0.90083605
0.053241894,0.03784644,0.90891165
0.08727124,0.04116367,0.87156504
0.1439413,0.029803852,0.8262548
0.054838553,0.05404111,0.89112025
0.05933354,0.05070113,0.88996536
0.05424764,0.029566027,0.9161863
0.052819334,0.042837106,0.9043436
0.06089901,0.039376996,0.899724
0.056679785,0.0365595,0.9067607
0.06432223,0.038146894,0.89753085
0.117696695,0.059923105,0.8223801
0.06196134,0.04163952,0.896399
0.059601985,0.039394505,0.90100354
0.057762615,0.05442216,0.8878152
0.06731652,0.036385536,0.8962979
0.060618497,0.043364417,0.8960171
0.057738207,0.040406298,0.90185547
0.07520788,0.048392173,0.8763999
0.5791123,0.06671058,0.35417715
0.013444514,0.9800795,0.0064759958
0.06414318,0.04169802,0.8941588
0.05671886,0.07065673,0.8726244
0.059995938,0.050152965,0.88985115
0.05518753,0.06019872,0.88461375
0.058584195,0.04535886,0.8960569
0.6320467,0.04005182,0.3279015
0.06897185,0.040944356,0.8900838
0.061777566,0.03922988,0.89899254
0.056605928,0.042665854,0.9007282
0.07725124,0.038655158,0.8840937
0.060871113,0.038938418,0.9001904
0.05640978,0.044667408,0.89892286
0.05455339,0.036607537,0.90883917
0.05403249,0.04536681,0.9006008
0.0671205,0.08427022,0.84860927
0.05602951,0.8436962,0.10027432
0.1628114,0.04533267,0.791856
0.060091164,0.033282857,0.90662605
0.056572508,0.038824763,0.9046027
0.98079073,0.012119364,0.0070899026
0.06497442,0.12943809,0.8055875
0.056353338,0.046061676,0.89758503
0.064621195,0.04374624,0.8916325
0.05241748,0.055798113,0.8917845
0.05943106,0.048269954,0.89229906
0.05525886,0.048980545,0.8957606
0.057393946,0.038213946,0.9043921
0.16031894,0.02392255,0.8157585
0.054239415,0.04435547,0.90140504
0.07029069,0.04405128,0.88565797
0.053026102,0.03375485,0.91321903
0.059537753,0.041747104,0.898715
0.014183097,0.9731775,0.012639369
0.05496366,0.052754894,0.8922814
0.063486926,0.054091536,0.88242155
0.015444289,0.9733989,0.011156743
0.04381074,0.6307258,0.32546344
0.07459789,0.047579657,0.8778224
0.06398058,0.038447827,0.89757156
0.056773588,0.046860576,0.8963658
0.0647496,0.044894554,0.8903559
0.05387806,0.04060977,0.9055122
0.05012934,0.062174104,0.88769656
0.054776166,0.051633622,0.8935903
0.05466913,0.035452496,0.9098784
0.054187242,0.04175016,0.9040626
0.053750537,0.048158154,0.89809126
0.04542425,0.3462122,0.6083635
0.058274277,0.056481365,0.8852444
0.05400498,0.037462994,0.908532
0.057518203,0.059286106,0.8831957
0.051067736,0.068151094,0.8807811
0.04810079,0.084172554,0.86772656
0.06719838,0.037639696,0.8951618
0.057740483,0.040368445,0.90189105
0.062343862,0.048838776,0.8888173
0.06491966,0.04543201,0.8896483
0.06845916,0.037659347,0.89388156
0.058572665,0.046858087,0.8945693
0.07320422,0.048812166,0.8779837
0.7745089,0.019965904,0.20552526
0.052364025,0.061100297,0.8865357
0.056768652,0.06299077,0.88024056
0.061678603,0.03901434,0.8993071
0.07543221,0.03301832,0.8915495
0.050441317,0.033815127,0.9157436
0.05428877,0.041280556,0.9044307
0.05995267,0.049099475,0.8909478
0.055429883,0.042520326,0.9020497
0.057177532,0.04666694,0.8961556
0.060169406,0.055647604,0.88418293
0.046986572,0.04630331,0.9067101
0.05257602,0.058167942,0.889256
0.058998648,0.04212328,0.8988781
0.011281762,0.98142713,0.0072911703
0.04682789,0.24458309,0.7085891
0.057742424,0.05734904,0.8849085
0.01842021,0.9700189,0.011560893
0.056182925,0.039723113,0.90409386
0.054249518,0.042414926,0.9033356
0.060902663,0.038000423,0.90109694
0.059677437,0.054763097,0.88555956
0.06298291,0.04477074,0.8922463
0.05118325,0.03846573,0.91035104
0.051507805,0.038165376,0.91032684
0.054718893,0.039010473,0.9062707
0.05164509,0.03292393,0.915431
0.0660839,0.033164237,0.9007519
0.05819286,0.037719186,0.90408796
0.083816044,0.03766833,0.87851566
0.0582944,0.034269508,0.90743613
0.058081515,0.036470927,0.9054476
0.06308182,0.038018964,0.89889926
0.05596703,0.035906386,0.9081266
0.063729964,0.04787158,0.8883985
0.054431085,0.03876741,0.9068015
0.049986966,0.050898258,0.8991148
0.061962042,0.036801033,0.90123683
0.053781305,0.040123295,0.90609545
0.05753444,0.061605003,0.88086057
0.05028439,0.03904696,0.9106687
0.062405035,0.03829674,0.89929825
0.13342856,0.109354146,0.7572172
0.15980479,0.08944561,0.7507496
0.06968959,0.044907186,0.88540316
0.053489562,0.043127228,0.90338314
0.11804594,0.037573483,0.8443805
0.10190915,0.029048149,0.86904275
0.057628177,0.033401523,0.9089703
0.056292854,0.03029367,0.9134135
0.054890826,0.038207874,0.90690136
0.05379804,0.03893894,0.907263
0.06222288,0.043290354,0.8944868
0.06440741,0.043431535,0.8921611
0.056563202,0.054742686,0.88869417
0.04794383,0.052707445,0.8993487
0.112970375,0.05146967,0.8355599
0.058766145,0.05977908,0.8814548
0.04990132,0.03794439,0.9121543
0.05973938,0.043770332,0.89649034
0.048615493,0.058384344,0.8930002
0.05433681,0.046160106,0.89950305
0.06328744,0.041464403,0.8952481
0.060335927,0.039511345,0.90015274
0.08209876,0.0586447,0.85925657
0.0672925,0.036729492,0.89597803
0.07311519,0.036159318,0.89072543
0.057116672,0.040660307,0.902223
0.06749945,0.04032545,0.89217514
0.061242983,0.028634017,0.910123
0.05795916,0.04158366,0.9004572
0.055898737,0.03885249,0.90524876
0.09531344,0.029483503,0.8752031
0.016746102,0.96853316,0.014720768
0.06674598,0.035831373,0.8974227
0.07516034,0.031064905,0.8937747
0.063788705,0.046125103,0.8900862
0.06150208,0.038694292,0.8998036
0.06522296,0.041844655,0.8929324
0.06151427,0.03454009,0.9039456
0.11185266,0.042475216,0.8456721
0.059568387,0.037734773,0.9026968
0.05395188,0.041064475,0.9049836
0.11695186,0.035598706,0.8474494
0.052823227,0.040998407,0.9061784
0.05500651,0.03662435,0.9083691
0.08012688,0.04912429,0.8707488
0.058400493,0.042664174,0.8989353
0.06712064,0.05304497,0.8798344
0.013154651,0.983609,0.0032363026
0.053820547,0.04735752,0.89882195
0.019276368,0.94895774,0.03176584
0.07056491,0.034660317,0.89477473
0.18065137,0.022860955,0.7964876
0.06148748,0.045051143,0.8934614
0.057226494,0.04057966,0.9021939
0.058937162,0.039607197,0.90145564
0.073140904,0.04963481,0.8772244
0.054640546,0.035956837,0.9094026
0.061817683,0.039045077,0.89913714
0.05209251,0.037083697,0.9108237
0.061760377,0.038179744,0.90005994
0.08509285,0.045369353,0.86953783
0.13343127,0.039669152,0.8268995
0.06734826,0.046378233,0.88627344
0.067255884,0.039000817,0.8937433
0.058053907,0.04001689,0.9019292
0.06337672,0.039236378,0.89738697
0.06927629,0.06209887,0.86862487
0.043186605,0.14432581,0.8124876
0.053367954,0.038233586,0.90839845
0.012260563,0.9711278,0.016611557
0.12489296,0.036080685,0.83902633
0.12036012,0.030914811,0.8487251
0.05133564,0.03604866,0.9126158
0.0596248,0.04560444,0.8947708
0.06777801,0.045504007,0.8867179
0.06417334,0.044299897,0.89152676
0.06129296,0.047201917,0.89150506
0.06254375,0.03923454,0.8982218
0.05649022,0.039340366,0.9041694
0.061677348,0.041226644,0.897096
0.07282083,0.037871297,0.88930786
0.06044903,0.04821771,0.89133334
0.05330286,0.05478047,0.89191675
0.11587721,0.099941194,0.78418154
0.06491999,0.037135076,0.8979449
0.057753555,0.061478347,0.8807681
0.023511864,0.947469,0.029019104
0.05733967,0.09095987,0.8517004
0.061831217,0.04102789,0.897141
0.058637112,0.04186515,0.89949775
0.046563018,0.27848965,0.6749474
0.052883442,0.18651791,0.7605987
0.065886356,0.041737016,0.8923767
0.054188184,0.04261595,0.9031959
0.05965914,0.051153902,0.8891869
0.072121695,0.04020061,0.8876777
0.0493981,0.039230052,0.9113718
0.07698855,0.036313582,0.8866979
0.037461795,0.65629005,0.3062482
0.059756614,0.048297957,0.89194536
0.07146147,0.037749596,0.890789
0.13494746,0.061874017,0.8031785
0.05404111,0.054838553,0.89112025
0.052455474,0.03973104,0.9078135
0.056941975,0.041396037,0.901662
0.05619224,0.049662177,0.89414555
0.055543933,0.057167348,0.8872887
0.060951892,0.03722278,0.90182537
0.060243,0.051027812,0.8887293
0.05363549,0.04228439,0.90408015
0.054087453,0.040867236,0.90504533
0.061323896,0.047156613,0.89151955
0.11798273,0.031262312,0.85075504
0.06936123,0.048115548,0.8825232
0.06791202,0.03708574,0.8950023
0.068833545,0.053216424,0.87795
0.051956587,0.044462536,0.90358084
0.0478603,0.03977457,0.91236514
0.06730098,0.04531631,0.8873827
0.059787013,0.039056417,0.9011566
0.05533237,0.043324973,0.9013426
0.11266731,0.038408063,0.8489247
0.06629108,0.05793315,0.8757758
0.06016725,0.041758116,0.8980746
0.07203167,0.08899069,0.8389777
0.07429056,0.054060984,0.8716485
0.06918948,0.045731455,0.8850791
0.06863104,0.055146586,0.8762223
0.07172171,0.03816558,0.89011276
0.06417693,0.052048247,0.8837749
0.20783234,0.038416967,0.75375074
0.05705422,0.038623672,0.90432215
0.046382137,0.039134033,0.9144838
0.05777764,0.0406318,0.90159047
0.07126015,0.043923546,0.8848164
0.45747995,0.04931331,0.49320674
0.045547772,0.56915474,0.38529748
0.08249998,0.035292733,0.8822073
0.07648499,0.03743998,0.886075
0.05555341,0.04038657,0.90406
0.056941457,0.06272144,0.8803371
0.051526923,0.059772275,0.88870084
0.07125599,0.05471395,0.87403
0.048724692,0.04306242,0.90821296
0.058645036,0.043052528,0.89830244
0.068553574,0.039386235,0.89206016
0.060126238,0.06661871,0.873255
0.050354194,0.08371203,0.8659338
0.057385888,0.039672483,0.9029416
0.06191079,0.051125746,0.8869635
0.05532637,0.048256516,0.89641714
0.058054797,0.047894683,0.89405054
0.060512498,0.04328858,0.89619887
0.05988987,0.03872449,0.9013856
0.05805122,0.07461207,0.86733675
0.042209297,0.037965715,0.919825
0.057732504,0.05274602,0.8895214
0.0479636,0.05757334,0.89446306
0.06754166,0.037980046,0.8944783
0.04313588,0.031420503,0.92544353
0.07364826,0.02825563,0.8980961
0.09754479,0.03939242,0.8630628
0.05461428,0.19878554,0.74660015
0.056996018,0.034739047,0.90826494
0.055582643,0.040764533,0.9036528
0.06215331,0.05347495,0.8843717
0.27698594,0.030401563,0.69261247
0.05752891,0.03860423,0.9038669
0.05738014,0.037119836,0.90550005
0.053609163,0.03833145,0.90805936
0.060723517,0.040391374,0.89888513
0.03224143,0.7981022,0.16965632
0.0638097,0.04407039,0.8921199
0.07194842,0.048968818,0.8790828
0.05361377,0.038692046,0.90769416
0.043128114,0.12624326,0.8306287
0.7185539,0.014119448,0.26732662
0.06970763,0.040759493,0.889533
0.08938132,0.039934784,0.87068385
0.05266552,0.05220467,0.8951298
0.060269922,0.0326245,0.9071056
0.058689088,0.043211274,0.8980997
0.038470674,0.060789425,0.9007399
0.056695044,0.047742017,0.89556295
0.061629836,0.043277398,0.8950928
0.06736823,0.039142344,0.8934895
0.056709956,0.040906526,0.90238357
0.08888769,0.044391047,0.8667213
0.086198725,0.0410969,0.8727044
0.06338559,0.09141846,0.84519595
0.05711271,0.051672667,0.89121455
0.056823332,0.04733878,0.89583796
0.06573205,0.03699858,0.89726937
0.07050965,0.046263937,0.8832264
0.060168914,0.041292924,0.89853823
0.056566972,0.045519475,0.8979135
0.060975414,0.037291724,0.90173286
0.054980155,0.041949417,0.9030704
0.055691782,0.07823181,0.86607647
0.05722305,0.042837165,0.8999398
0.058715858,0.04013861,0.9011455
0.055364583,0.06494937,0.87968606
0.058963034,0.036539543,0.9044974
0.0648586,0.046329726,0.88881165
0.063207865,0.039170075,0.897622
0.053943366,0.03278227,0.9132743
0.050021965,0.051989224,0.8979888
0.061112266,0.048273023,0.8906147
0.075722545,0.036261182,0.8880162
0.06807526,0.052553136,0.8793716
0.057139605,0.041156117,0.90170425
0.055392724,0.057571195,0.8870361
0.11197989,0.07936687,0.8086532
0.040206026,0.24223669,0.7175573
0.0639658,0.040858153,0.89517605
0.13773097,0.022725405,0.8395436
0.041491702,0.040530547,0.9179777
0.0568087,0.04055972,0.9026315
0.06717755,0.0440346,0.8887878
0.05050358,0.045072604,0.90442383
0.062284186,0.03884345,0.8988724
0.061158653,0.04885526,0.88998604
0.08513633,0.039341558,0.8755221
0.058503114,0.04273914,0.8987578
0.058942005,0.04084787,0.90021014
0.06101233,0.047655866,0.89133173
0.56032,0.0319369,0.40774298
0.071878165,0.18568826,0.7424336
0.0561943,0.040852487,0.9029532
0.073838025,0.05132122,0.87484074
0.058904696,0.032182682,0.9089126
0.060321286,0.044565085,0.8951137
0.06658532,0.047285277,0.88612944
0.044231344,0.032869942,0.92289877
0.13778879,0.036698066,0.8255132
0.060139686,0.046133216,0.89372706
0.054607645,0.03609345,0.9092989
0.057879902,0.038051352,0.90406877
0.062283453,0.041046422,0.8966701
0.066172816,0.045413293,0.88841385
0.076824084,0.11794626,0.80522966
0.06088228,0.045332324,0.89378536
0.044308357,0.13981824,0.8158734
0.056046274,0.042058785,0.90189487
0.06995759,0.03601109,0.8940314
0.0562197,0.03909466,0.9046856
0.049233925,0.033509105,0.9172569
0.06960493,0.03782507,0.89257
0.057392903,0.029356398,0.91325074
0.05392872,0.041917786,0.9041535
0.043297857,0.05680291,0.89989924
0.0607355,0.0480692,0.89119524
0.08235855,0.03737654,0.88026494
0.0793197,0.040413752,0.8802665
0.061399125,0.043368757,0.89523214
0.13879625,0.04444325,0.8167605
0.08471828,0.03400439,0.8812774
0.74591005,0.017422615,0.2366674
0.05606317,0.04265061,0.90128624
0.0677111,0.046446312,0.8858425
0.054013275,0.04262383,0.9033629
0.055746708,0.04234778,0.90190554
0.07467407,0.053445384,0.8718806
0.071098454,0.06105175,0.8678498
0.06840528,0.03798043,0.89361423
0.07102558,0.035366837,0.89360756
0.09055891,0.047721192,0.8617199
0.10525839,0.04469997,0.8500416
0.041651204,0.24277806,0.7155707
0.06283465,0.040037762,0.8971275
0.05897331,0.061202884,0.8798238
0.070198275,0.037064213,0.8927375
0.06285781,0.04187233,0.8952699
0.056777883,0.028661454,0.9145606
0.06606047,0.050060228,0.88387936
0.057183947,0.035995092,0.90682095
0.013477313,0.9748248,0.011697864
0.056531105,0.0386451,0.90482384
0.06490353,0.041315664,0.89378077
0.05233036,0.05823638,0.88943326
0.33759496,0.050203513,0.6122016
0.06342079,0.05335353,0.8832257
0.056753844,0.057198968,0.88604724
0.052799035,0.042321768,0.9048793
0.058733355,0.042928293,0.8983383
0.060702845,0.040279165,0.89901793
0.06939752,0.04589136,0.88471115
0.053897932,0.03359697,0.9125051
0.12672015,0.03905532,0.8342245
0.073836096,0.036267072,0.8898968
0.06896138,0.05274559,0.878293
0.06844447,0.030416572,0.90113896
0.05480182,0.037997197,0.907201
0.052684058,0.04308354,0.9042324
0.057640042,0.047297787,0.8950622
0.080752425,0.040843487,0.8784041
0.058388628,0.041101597,0.9005098
0.0660414,0.04470767,0.88925093
0.05412208,0.038925607,0.9069523
0.07097862,0.037311897,0.8917095
0.061559536,0.037796326,0.9006442
0.06498086,0.04409725,0.8909219
0.05142857,0.042303987,0.9062674
0.048303787,0.042049102,0.90964717
0.058012236,0.04421966,0.897768
0.062275708,0.04422483,0.89349943
0.06263794,0.056478243,0.8808838
0.079100415,0.051597435,0.8693021
0.06462768,0.047560476,0.8878119
0.062972136,0.03881495,0.8982129
0.05957573,0.042452298,0.897972
0.054860774,0.043589585,0.9015496
0.07154846,0.043950774,0.8845008
0.05809212,0.038944114,0.90296376
0.04633227,0.04506053,0.90860724
0.04951563,0.038281403,0.912203
0.057057947,0.05691882,0.8860232
0.80034935,0.04279141,0.1568592
0.05339222,0.040897273,0.90571046
0.06322789,0.042803027,0.8939692
0.05810089,0.043198008,0.8987012
0.07655423,0.043470453,0.8799754
0.058693893,0.039617434,0.90168864
0.04767988,0.03849939,0.9138208
0.97814,0.0102477595,0.011612234
0.055920232,0.037598103,0.9064816
0.057575587,0.03914828,0.90327615
0.9791524,0.015749436,0.005098135
0.20096771,0.03678257,0.76224965
0.0555969,0.049739495,0.8946636
0.060013525,0.03982177,0.9001647
0.043995053,0.051385224,0.9046197
0.05773255,0.039178412,0.90308905
0.0591667,0.04247076,0.8983625
0.0584857,0.042146247,0.8993681
0.06453921,0.035781432,0.8996794
0.06335355,0.057796836,0.8788496
0.9848098,0.008528599,0.0066615674
0.049522914,0.0483285,0.9021486
0.065141,0.041305173,0.8935538
0.0573509,0.049463715,0.8931853
0.060454704,0.033648115,0.9058971
0.7170707,0.025118683,0.25781062
0.05668781,0.035980217,0.90733194
0.056715343,0.040374607,0.90291
0.061143607,0.03507755,0.90377885
0.06471074,0.0393642,0.89592505
0.057313707,0.03469469,0.9079915
0.062398903,0.040583923,0.8970172
0.057061616,0.046413425,0.896525
0.0514514,0.039218687,0.90932995
0.069244035,0.049293555,0.8814624
0.06403102,0.045984894,0.8899841
0.05548772,0.043723274,0.9007891
0.058973532,0.036368035,0.90465844
0.06825399,0.035306115,0.89643985
0.09855271,0.04466042,0.8567869
0.057283793,0.041381028,0.9013351
0.050445404,0.052327015,0.8972276
0.0644204,0.043674238,0.89190537
0.11306846,0.0403749,0.8465566
0.058892157,0.041658964,0.8994489
0.06913011,0.038307983,0.89256185
0.058196645,0.035888944,0.9059144
0.056332007,0.0389439,0.90472406
0.05699259,0.03833782,0.9046695
0.060381334,0.033937078,0.9056816
0.28853047,0.032873984,0.67859554
0.06792392,0.03297442,0.8991017
0.05115712,0.04735883,0.901484
0.050428323,0.03896799,0.91060364
0.056423485,0.037825488,0.905751
0.0694513,0.05204203,0.87850666
0.06791977,0.038286023,0.8937942
0.0574602,0.052445993,0.89009386
0.06169935,0.043073088,0.8952277
0.07198469,0.04504687,0.8829684
0.06480252,0.13565488,0.79954267
0.056576796,0.038751945,0.9046713
0.41887376,0.04223021,0.538896
0.06549389,0.04048776,0.89401835
0.06306588,0.039139375,0.89779484
0.1320623,0.036735103,0.8312025
0.05976473,0.04204974,0.8981855
0.06324012,0.046973124,0.8897868
0.9819725,0.009768976,0.008258499
0.9166242,0.016512142,0.066863656
0.06903654,0.036557775,0.8944057
0.06532228,0.041258637,0.89341915
0.07161306,0.042222656,0.88616425
0.055921245,0.040673833,0.90340495
0.05813069,0.044461668,0.89740765
0.06014217,0.0452207,0.8946371
0.06044515,0.045227136,0.8943277
0.055111405,0.04010438,0.90478426
0.055024687,0.042937055,0.9020383
0.0617314,0.041262776,0.8970058
0.059463073,0.03458304,0.9059538
0.09472613,0.03970039,0.8655734
0.10427813,0.03866266,0.85705924
0.055351023,0.03681776,0.9078312
0.054187756,0.065267235,0.8805449
0.099108614,0.11099639,0.789895
0.04590972,0.18663274,0.76745754
0.100880146,0.029136447,0.86998343
0.06377706,0.037565902,0.89865696
0.17881869,0.03655442,0.7846269
0.047181375,0.038339462,0.9144792
0.049060088,0.048892688,0.9020472
0.058350768,0.046544008,0.8951052
0.058783837,0.036821924,0.9043942
0.060457572,0.045903955,0.89363843
0.049642544,0.04071538,0.90964216
0.06417736,0.03592999,0.89989257
0.056161396,0.03964977,0.9041888
0.055285744,0.048080023,0.89663416
0.08219617,0.034974407,0.8828295
0.047343783,0.042170163,0.910486
0.057623226,0.044073526,0.8983032
0.05546211,0.03754587,0.906992
0.054752488,0.045038167,0.9002094
0.20548122,0.05860605,0.7359127
0.97428757,0.01133171,0.014380688
0.051690053,0.040099308,0.9082106
0.04808475,0.0987599,0.8531553
0.09927831,0.037415948,0.86330575
0.062378805,0.03826195,0.8993593
0.092224196,0.038313586,0.8694622
0.059720013,0.040133294,0.9001467
0.055313855,0.04803405,0.8966521
0.05756992,0.040564876,0.9018652
0.05498095,0.04721176,0.8978073
0.053615585,0.06314377,0.88324064
0.06891084,0.06069494,0.87039423
0.051275138,0.043836545,0.90488833
0.0591875,0.033314854,0.9074976
0.09235222,0.25903985,0.64860797
0.04680844,0.048153017,0.9050386
0.057313003,0.048783626,0.89390343
0.055728775,0.09934728,0.8449239
0.056485094,0.04251245,0.9010024
0.08178439,0.03701643,0.8811992
0.12493381,0.039649528,0.8354166
0.07366753,0.046666157,0.8796663
0.07323257,0.03591798,0.8908494
0.05999182,0.043677166,0.896331
0.05444035,0.068651244,0.87690836
0.07534217,0.03330254,0.8913553
0.07637223,0.035829917,0.8877979
0.061151005,0.036283884,0.9025651
0.052969288,0.15252514,0.7945056
0.058565725,0.03863405,0.9028002
0.05386825,0.042550914,0.9035808
0.96722555,0.008524858,0.024249516
0.06335366,0.03695386,0.8996924
0.061077416,0.041834615,0.89708793
0.03937562,0.07228154,0.8883429
0.07512243,0.039586745,0.88529074
0.09630908,0.03708516,0.8666057
0.061348982,0.041087326,0.8975637
0.052894875,0.042793766,0.9043113
0.064825326,0.043777425,0.89139724
0.059779555,0.04005578,0.9001646
0.070010655,0.04785982,0.8821295
0.043368444,0.13029873,0.82633287
0.06491794,0.032770548,0.9023115
0.055588458,0.034465138,0.90994644
0.053023465,0.04400095,0.90297556
0.06310855,0.03717213,0.89971924
0.07012831,0.044099975,0.8857717
0.05667963,0.051055983,0.8922644
0.06961957,0.051034346,0.8793461
0.07005642,0.032898977,0.89704466
0.061598588,0.049423404,0.888978
0.0633008,0.03335718,0.903342
0.053275917,0.04210358,0.9046206
0.06614111,0.041959815,0.8918991
0.0595084,0.034289796,0.9062017
0.07312382,0.04211468,0.8847615
0.07347051,0.04233502,0.8841945
0.05203902,0.03807256,0.90988845
0.061722565,0.040085275,0.89819217
0.056035597,0.050131965,0.8938324
0.05430962,0.036927596,0.9087628
0.0552216,0.041278366,0.90349996
0.05809876,0.045424454,0.8964768
0.07524959,0.043572392,0.8811781
0.909795,0.019481577,0.070723355
0.06056293,0.04205326,0.89738387
0.05505241,0.041131813,0.9038158
0.040892597,0.049956087,0.9091513
0.05489601,0.047369555,0.8977344
0.052776046,0.034308508,0.9129155
0.052499063,0.04159106,0.9059099
0.047976065,0.041906815,0.91011715
0.05259269,0.042094667,0.90531266
0.052571505,0.038051177,0.9093774
0.050737068,0.04552485,0.9037381
0.07232391,0.051738065,0.87593806
0.057579964,0.039516166,0.90290385
0.056631748,0.042229235,0.9011391
0.055048157,0.038996886,0.905955
0.07464062,0.03320254,0.89215684
0.05447768,0.042365152,0.9031571
0.064407915,0.042116173,0.89347583
0.32647976,0.033679307,0.6398409
0.05790377,0.052980047,0.8891161
0.06375183,0.03838527,0.897863
0.052997336,0.07138539,0.87561727
0.06343968,0.054795343,0.88176495
0.9807869,0.015053303,0.00415979
0.06598684,0.037653282,0.89635986
0.057297293,0.040274333,0.9024284
0.10092346,0.050747503,0.84832907
0.05541132,0.0393117,0.905277
0.06349662,0.042671267,0.8938321
0.065055914,0.035997525,0.8989466
0.058035694,0.040318098,0.9016462
0.055430487,0.039421424,0.905148
0.06037199,0.04025571,0.8993724
0.055316243,0.05366673,0.891017
0.06804435,0.04218785,0.8897678
0.06560124,0.050643224,0.8837555
0.97772765,0.008542013,0.0137303155
0.052953195,0.047466934,0.89957994
0.98460674,0.009978626,0.005414699
0.06251483,0.039678674,0.89780647
0.07396002,0.04503459,0.88100535
0.07205995,0.042320512,0.8856196
0.059533488,0.039619144,0.9008474
0.06918187,0.042372707,0.8884454
0.017311107,0.9196605,0.06302835
0.060986493,0.03711682,0.9018967
0.06923056,0.037347082,0.89342237
0.06763966,0.045722604,0.8866378
0.06315602,0.04476247,0.8920815
0.050163217,0.036915865,0.9129209
0.0547689,0.04343167,0.9017994
0.060168903,0.040415224,0.89941585
0.9790854,0.014508067,0.006406557
0.053953752,0.039261963,0.9067843
0.05532943,0.05169876,0.89297175
0.06171814,0.066084705,0.87219715
0.055800438,0.042305887,0.9018936
0.06111792,0.038565416,0.9003167
0.06559316,0.101048484,0.8333583
0.061442148,0.05572561,0.8828322
0.060459502,0.04543711,0.89410335
0.055990905,0.071578495,0.8724305
0.06243304,0.051381104,0.8861859
0.0599202,0.03691576,0.9031641
0.06590039,0.039350923,0.8947487
0.055847395,0.03929355,0.90485907
0.05691279,0.037033856,0.90605336
0.06215819,0.038594894,0.8992469
0.06766382,0.041040186,0.891296
0.5255086,0.019923614,0.4545678
0.051124785,0.03956408,0.9093111
0.062477157,0.043318946,0.8942039
0.058887858,0.040850222,0.9002619
0.07420377,0.039294034,0.8865022
0.056131303,0.04104649,0.90282226
0.16694717,0.045150403,0.78790236
0.05624198,0.04312222,0.9006358
0.06548897,0.036184113,0.898327
0.060627766,0.047147833,0.8922245
0.056838877,0.046640377,0.89652073
0.052217275,0.09093099,0.85685176
0.056142878,0.04436932,0.8994879
0.07659272,0.0408373,0.88256997
0.063141845,0.034904305,0.9019538
0.4539494,0.029897384,0.5161533
0.052995976,0.13483527,0.8121687
0.066733815,0.04081349,0.8924528
0.060130633,0.041025557,0.89884377
0.06732717,0.042774867,0.88989806
0.050456744,0.057792477,0.8917508
0.06202751,0.046729468,0.891243
0.05152636,0.040483017,0.9079907
0.055431813,0.043807376,0.9007607
0.08537623,0.035347644,0.8792761
0.040013734,0.6138137,0.3461726
0.069591925,0.044084385,0.88632363
0.054491654,0.043001335,0.90250707
0.05646617,0.04327298,0.9002609
0.07809362,0.046314143,0.87559223
0.07062665,0.043384522,0.88598883
0.060732383,0.04331879,0.8959489
0.05586113,0.04214561,0.9019933
0.071307085,0.054036077,0.87465686
0.06476184,0.0399181,0.8953201
0.06031371,0.05338283,0.8863035
0.046966624,0.0814289,0.87160444
0.056253232,0.043810062,0.89993674
0.052396767,0.03991979,0.90768343
0.1518319,0.032964464,0.81520367
0.05385822,0.036088146,0.9100537
0.04974329,0.05289977,0.89735687
0.059802838,0.039681964,0.9005152
0.09315018,0.05359623,0.85325354
0.079799525,0.041500643,0.87869984
0.0764296,0.04973369,0.87383664
0.064105235,0.05224458,0.8836501
0.090022236,0.0434788,0.866499
0.07530332,0.0351049,0.88959175
0.056148637,0.049526807,0.8943246
0.050267592,0.052168038,0.8975644
0.05811662,0.04688078,0.8950026
0.058497913,0.0340051,0.907497
0.062500924,0.042518,0.894981
0.055130746,0.0397674,0.90510184
0.05707686,0.044843916,0.89807916
0.06495925,0.069283955,0.86575675
0.054163717,0.039957322,0.905879
0.05520185,0.04514252,0.89965564
0.0637108,0.040754925,0.8955342
0.053999588,0.041100785,0.90489966
0.061826378,0.044163752,0.8940098
0.047936928,0.036450684,0.9156124
0.06892003,0.034689028,0.8963909
0.06389546,0.041476183,0.89462835
0.05746404,0.040569432,0.9019665
0.07428731,0.03951153,0.8862012
0.04936417,0.045210715,0.905425
0.061531447,0.04393162,0.894537
0.06342461,0.04157457,0.8950008
0.0681477,0.051115084,0.8807372
0.056874406,0.042973,0.90015256
0.0501056,0.061751433,0.88814294
0.061107438,0.046171386,0.8927212
0.65003335,0.055755105,0.29421157
0.05216804,0.043227717,0.9046042
0.052742753,0.038474537,0.9087827
0.054938324,0.0483883,0.8966734
0.063675284,0.05171711,0.88460755
0.055926636,0.038814984,0.9052584
0.066890605,0.2326816,0.70042783
0.055770036,0.038857788,0.90537214
0.052950006,0.049717642,0.8973323
0.059419833,0.048449714,0.89213043
0.073388696,0.02949288,0.8971184
0.062570795,0.041885156,0.8955441
0.066062555,0.037862513,0.8960749
0.0519901,0.03897683,0.90903306
0.029388946,0.83897525,0.13163579
0.060409233,0.042296175,0.8972945
0.065014906,0.044466395,0.8905186
0.08264583,0.038321443,0.8790328
0.06547013,0.039962508,0.8945673
0.057138875,0.038081285,0.9047799
0.064166605,0.04134823,0.89448524
0.06290002,0.039477315,0.8976226
0.062254276,0.042807598,0.8949382
0.058298297,0.034204926,0.90749675
0.07157752,0.041832425,0.88659
0.05362516,0.0380445,0.9083304
0.060381524,0.042297423,0.897321
0.060652733,0.059305593,0.8800417
0.055614762,0.03800012,0.9063851
0.062097304,0.048267063,0.8896356
0.08553016,0.044720486,0.86974937
0.09242323,0.09738035,0.81019646
0.05840221,0.038676966,0.90292084
0.06895699,0.040716264,0.89032674
0.058137972,0.040389154,0.90147287
0.060336344,0.047381666,0.892282
0.054451596,0.03840513,0.9071433
0.06208763,0.049283523,0.88862884
0.06092856,0.046352006,0.89271945
0.06175501,0.037823882,0.90042114
0.06850136,0.04662272,0.88487583
0.07381986,0.045125175,0.88105494
0.063365065,0.036780484,0.8998545
0.05974086,0.09352777,0.84673136
0.06374753,0.040639285,0.8956132
0.119044,0.04181899,0.839137
0.31968653,0.033424336,0.6468891
0.06568411,0.037700802,0.896615
0.33605322,0.026541121,0.63740563
0.058330387,0.034559608,0.90711004
0.05531165,0.035729326,0.908959
0.057562944,0.052925993,0.88951105
0.05327034,0.039106853,0.9076229
0.060434073,0.04190236,0.89766353
0.065970704,0.038763244,0.89526606
0.32617807,0.027037073,0.64678484
0.07087842,0.038236033,0.8908855
0.04064341,0.7030462,0.25631043
0.06597459,0.06836864,0.8656568
0.05794329,0.0427247,0.899332
0.045607448,0.05342475,0.9009678
0.09409482,0.04146987,0.8644353
0.05999199,0.041922078,0.8980859
0.014520492,0.9694538,0.016025702
0.064597845,0.04322096,0.8921812
0.053960834,0.04223044,0.9038088
0.07433857,0.053023715,0.87263775
0.07513757,0.040257543,0.8846049
0.06663726,0.037839215,0.89552355
0.087569386,0.03425083,0.8781798
0.065837964,0.038950603,0.8952114
0.04329034,0.09649037,0.8602193
0.066084266,0.05359512,0.88032055
0.05829066,0.039191864,0.90251744
0.054441188,0.040358603,0.9052002
0.04649582,0.047459193,0.906045
0.07034655,0.060435597,0.8692179
0.28755453,0.024991643,0.6874538
0.0594111,0.04378561,0.89680326
0.065448456,0.03940681,0.8951448
0.0554266,0.045215793,0.8993576
0.05636904,0.043601178,0.9000298
0.05196076,0.081546426,0.86649275
0.7458746,0.028416766,0.22570863
0.88059574,0.01896714,0.10043717
0.06273018,0.058528088,0.8787418
0.05629303,0.044012643,0.8996944
0.1502452,0.033212632,0.81654227
0.016902292,0.97852176,0.004575924
0.06057186,0.046283588,0.8931445
0.059735097,0.04602467,0.8942402
0.05042671,0.06528889,0.88428444
0.057728365,0.045400094,0.8968715
0.06447355,0.0481002,0.8874262
0.055662807,0.04905035,0.89528686
0.05877807,0.034706026,0.906516
0.06685503,0.059782326,0.87336254
0.059109136,0.04384047,0.8970504
0.048572674,0.07604332,0.87538403
0.0404064,0.32070488,0.6388888
0.055503972,0.04212223,0.90237373
0.061652873,0.035456166,0.90289104
0.070198275,0.055612817,0.8741889
0.059344478,0.043544736,0.8971108
0.05510913,0.037489522,0.9074014
0.056115057,0.035133056,0.9087519
0.06537856,0.038246863,0.89637464
0.8677004,0.01772935,0.11457026
0.05724285,0.03986451,0.9028926
0.058068134,0.044175908,0.8977559
0.053834695,0.040497907,0.90566736
0.054284833,0.04443598,0.9012793
0.06272763,0.04079772,0.8964746
0.05625525,0.05686282,0.886882
0.054770198,0.044289332,0.9009405
0.060812727,0.03854184,0.9006453
0.06799383,0.049818266,0.88218796
0.055432495,0.038944542,0.90562296
0.06014604,0.040340733,0.89951324
0.053340107,0.04448037,0.90217954
0.072891295,0.037374943,0.88973385
0.065409414,0.05126529,0.8833253
0.07308282,0.038757175,0.88816
0.06624276,0.045706127,0.8880511
0.06564052,0.03877695,0.8955825
0.056110863,0.040513933,0.90337527
0.14719065,0.077242754,0.7755666
0.06115801,0.03749483,0.90134716
0.06667461,0.0550597,0.8782658
0.05365916,0.035657547,0.9106833
0.045788106,0.036327645,0.91788423
0.06324815,0.038119204,0.8986327
0.050883424,0.030294998,0.9188215
0.06591776,0.039534647,0.8945475
0.045682814,0.033162165,0.92115504
0.054563396,0.03909002,0.9063466
0.0556909,0.04110402,0.90320504
0.0716162,0.049077056,0.8793068
0.05843452,0.04473771,0.8968277
0.10140588,0.03236383,0.8662302
0.061699376,0.03472871,0.903572
0.07325167,0.043463808,0.88328445
0.044375576,0.62101865,0.33460572
0.048311703,0.041892037,0.90979624
0.9609762,0.009777257,0.029246563
0.0566651,0.038136143,0.90519875
0.05408723,0.041754574,0.9041582
0.060978733,0.0425077,0.89651364
0.07864172,0.04048129,0.88087696
0.05230084,0.04167751,0.90602165
0.04986642,0.05231062,0.8978229
0.05368432,0.03609478,0.9102209
0.057782188,0.041436452,0.90078133
0.06278745,0.032845214,0.9043674
0.05967963,0.05904197,0.8812784
0.04911614,0.039388917,0.91149503
0.058307722,0.042430334,0.89926195
0.05902195,0.040426742,0.90055126
0.115944944,0.055916943,0.82813805
0.05930637,0.044158917,0.8965347
0.06360186,0.044575036,0.89182305
0.06100097,0.039966363,0.8990327
0.06880774,0.041490186,0.889702
0.0650322,0.051144153,0.88382363
0.057684295,0.044815026,0.89750063
0.05764598,0.042817947,0.899536
0.112083524,0.027679298,0.8602372
0.06730563,0.03259459,0.9000998
0.06399783,0.03731138,0.89869076
0.05805632,0.06259021,0.8793535
0.12224878,0.061485555,0.8162656
0.4392405,0.031709902,0.5290496
0.058706284,0.049050935,0.89224267
0.10135779,0.057204653,0.8414375
0.06364695,0.050842978,0.8855101
0.049721353,0.04230111,0.9079775
0.05024604,0.04421226,0.9055417
0.8864173,0.01626704,0.0973156
0.0669616,0.04797228,0.8850661
0.05673134,0.039662912,0.90360576
0.067360856,0.03355839,0.8990807
0.053018082,0.047618013,0.8993639
0.11596131,0.03011767,0.853921
0.056192853,0.069084644,0.8747225
0.109361894,0.041498967,0.8491392
0.09376618,0.041446272,0.8647876
0.11772044,0.03445151,0.8478281
0.07848442,0.043258645,0.878257
0.054258093,0.037841283,0.90790063
0.051990073,0.035419546,0.91259044
0.056401275,0.035991147,0.90760756
0.0540739,0.040223572,0.90570253
0.0583412,0.044950698,0.8967081
0.04409085,0.081492424,0.8744167
0.04981803,0.043985732,0.90619624
0.07333124,0.047161624,0.8795071
0.06197357,0.03881996,0.89920646
0.06066525,0.035593674,0.9037411
0.06856018,0.037549544,0.8938903
0.03985249,0.08785716,0.8722904
0.058111697,0.04477388,0.89711446
0.08205983,0.030745976,0.88719416
0.055360787,0.04547188,0.8991673
0.053348232,0.055717696,0.8909341
0.013643712,0.97156066,0.014795653
0.06172211,0.04184492,0.89643294
0.049075127,0.050361715,0.9005632
0.07647738,0.03883262,0.8846899
0.06370188,0.04045185,0.8958462
0.06869946,0.039086476,0.8922141
0.057215877,0.03545682,0.90732723
0.07978667,0.03692352,0.8832898
0.06168154,0.034566436,0.903752
0.06293354,0.038526896,0.89853954
0.06970285,0.033411153,0.896886
0.21101716,0.04327824,0.7457046
0.056276053,0.047807526,0.8959164
0.0649069,0.03776754,0.8973256
0.10661057,0.046189696,0.8471997
0.069059536,0.038418654,0.8925218
0.04269604,0.051526405,0.90577745
0.06843539,0.040172204,0.89139235
0.06024353,0.05793563,0.8818208
0.067323886,0.043255847,0.8894203
0.059847374,0.053804234,0.8863483
0.07150154,0.054875698,0.8736228
0.07707073,0.034417707,0.88851166
0.077758215,0.05380897,0.86843276
0.068882935,0.034333427,0.8967837
0.06994386,0.051775225,0.8782809
0.06257713,0.04571539,0.8917075
0.12915337,0.04997574,0.82087094
0.06166218,0.04495908,0.8933787
0.013398147,0.9800434,0.0065584937
0.06500266,0.04811755,0.88687974
0.055607367,0.039896335,0.9044963
0.05711103,0.049522106,0.8933668
0.053309064,0.05554103,0.89114994
0.055084687,0.04321536,0.9017
0.05961277,0.040100366,0.9002869
0.055232182,0.0402119,0.904556
0.17119204,0.03398032,0.79482764
0.0604824,0.053767897,0.88574976
0.062098887,0.04301464,0.89488643
0.98511535,0.010690134,0.004194501
0.9891207,0.0054024654,0.0054768347
0.9786268,0.015588009,0.005785131
0.9855503,0.009661996,0.0047877077
0.988658,0.008876949,0.0024650397
0.98468256,0.011724201,0.0035931817
0.9853639,0.009163944,0.0054720407
0.9857933,0.009403697,0.0048029386
0.91111314,0.017505562,0.071381316
0.9848889,0.009932867,0.0051783267
0.9817731,0.013194365,0.0050325296
0.018354777,0.97892237,0.0027228708
0.5525554,0.052358188,0.3950864
0.989842,0.0071693207,0.0029886176
0.9770612,0.016967958,0.0059708725
0.9874478,0.007665465,0.0048867622
0.98416024,0.011192302,0.004647456
0.99052924,0.0051022666,0.004368463
0.98484427,0.009523969,0.005631754
0.981795,0.013468049,0.0047369725
0.98314214,0.010462369,0.006395518
0.98792857,0.008373756,0.0036977322
0.02143354,0.97300243,0.0055640377
0.05784784,0.08458009,0.857572
0.015590387,0.98116875,0.003240909
0.015070444,0.9814244,0.0035051708
0.025089748,0.9619319,0.012978313
0.012855342,0.9782747,0.008869917
0.0144249,0.981587,0.0039880853
0.020281823,0.94531864,0.034399617
0.027143456,0.94476926,0.02808725
0.01579366,0.98142266,0.0027836661
0.01622515,0.9805611,0.0032136964
0.016112622,0.98043996,0.003447367
0.017276403,0.978921,0.0038025414
0.01934027,0.977303,0.0033567343
0.11630927,0.07614724,0.8075435
0.045507748,0.33177432,0.6227179
0.015290687,0.97985065,0.0048586447
0.015261,0.9803388,0.0044001923
0.03166975,0.90056133,0.067768954
0.016245322,0.980822,0.0029326049
0.98961407,0.005193018,0.005193018
0.24975908,0.03211192,0.718129
0.015207999,0.98027897,0.004513071
0.019961225,0.9764547,0.003584097
0.01801934,0.97903043,0.0029502066
0.016395036,0.9783288,0.0052761124
0.02682612,0.9549335,0.01824031
0.018530836,0.96071553,0.020753551
0.023482032,0.96210754,0.01441046
0.98235303,0.012067751,0.0055792383
0.017863123,0.97815496,0.003981911
0.04195591,0.9040926,0.053951427
0.036532816,0.9500472,0.01342
0.03640832,0.9399004,0.023691347
0.03271597,0.9440395,0.023244452
0.033836935,0.9334951,0.03266802
0.0148128625,0.9812774,0.0039097155
0.020860108,0.9756007,0.0035392425
0.014208014,0.9810952,0.004696759
0.035488576,0.9415535,0.022957943
0.014591357,0.9827849,0.0026237618
0.032844704,0.9422171,0.024938175
0.017736627,0.97932374,0.0029395854
0.015377578,0.97822773,0.006394697
0.020326331,0.94462144,0.03505222
0.016128337,0.9799596,0.0039120982
0.018090248,0.97809553,0.003814205
0.05748213,0.04246753,0.90005034
0.05842953,0.042188086,0.8993823
0.18060382,0.33960238,0.47979385
0.05632986,0.03898047,0.9046896
0.051039368,0.0376157,0.911345
0.059931643,0.034081392,0.905987
0.05715574,0.04220578,0.9006386
0.05787543,0.04472266,0.8974019
0.9884173,0.0076058484,0.00397681
0.05354159,0.04131317,0.9051452
0.05531334,0.10687987,0.8378068
0.26714486,0.044318598,0.6885365
0.047187477,0.037768386,0.9150442
0.24063835,0.029100237,0.73026145
0.058562562,0.08254613,0.85889137
0.058571227,0.042063862,0.89936495
0.07228906,0.06870977,0.8590012
0.030180642,0.73121,0.23860934
0.70649517,0.041811354,0.25169346
0.073748074,0.048200134,0.87805176
0.05728288,0.04315502,0.89956206
0.05586659,0.05299683,0.8911366
0.061948903,0.061737526,0.87631357
0.06964494,0.038143653,0.8922114
0.061338063,0.03200877,0.90665317
0.059802327,0.04012978,0.9000679
0.06443225,0.04000689,0.8955608
0.068818554,0.043509413,0.887672
0.06349482,0.03127911,0.9052261
0.0591155,0.048107516,0.892777
0.07066269,0.042030122,0.88730717
0.054710552,0.036498506,0.908791
0.06452558,0.04949765,0.8859768
0.05407539,0.04063926,0.9052854
0.06538219,0.04037926,0.8942386
0.044491924,0.053094085,0.9024139
0.03861646,0.7408367,0.22054687
0.06065364,0.052388933,0.8869574
0.05760189,0.06907521,0.8733229
0.046703484,0.05116867,0.90212786
0.05792732,0.049985263,0.8920874
0.060415816,0.04394292,0.8956412
0.04931316,0.040882047,0.90980476
0.057444658,0.038247712,0.9043077
0.12706581,0.032339744,0.84059453
0.06754137,0.044511527,0.88794714
0.06568197,0.04297025,0.8913477
0.062191933,0.032343615,0.9054644
0.05730938,0.03565377,0.90703684
0.06383676,0.048446026,0.8877173
0.05683488,0.041439407,0.9017257
0.061287306,0.047289837,0.8914228
0.05215596,0.053549457,0.8942946
0.0148445,0.98001784,0.0051376424
0.016474975,0.9768783,0.0066467477
0.046080805,0.04448892,0.9094303
0.045302637,0.04120826,0.9134891
0.0493666,0.08155088,0.8690825
0.06791409,0.062048197,0.8700376
0.061985232,0.043019854,0.89499485
0.0542673,0.04694151,0.8987912
0.050131336,0.063868985,0.8859997
0.06495552,0.047941994,0.8871025
0.056759305,0.04007189,0.90316874
0.059020746,0.051806618,0.8891726
0.0535971,0.04031917,0.9060837
0.05753779,0.04110033,0.9013619
0.061125416,0.05672532,0.8821493
0.058266405,0.04748604,0.89424753
0.040256985,0.04260298,0.91714
0.061643116,0.039567266,0.89878964
0.06354846,0.04145285,0.89499867
0.042269453,0.08944074,0.8682898
0.051289946,0.036906704,0.9118034
0.054451887,0.040169913,0.9053781
0.049686704,0.049589753,0.90072346
0.06409305,0.040700253,0.89520675
0.21755128,0.040528875,0.7419199
0.041438855,0.16202398,0.7965371
0.053422965,0.04871347,0.89786357
0.057267543,0.041653052,0.9010794
0.067287736,0.041596707,0.89111555
0.06165133,0.04512711,0.89322156
0.07082612,0.042416297,0.8867576
0.04594726,0.07687207,0.8771807
0.06630993,0.04690613,0.886784
0.060763367,0.04806778,0.89116883
0.059636194,0.04585881,0.894505
0.053560205,0.040095158,0.9063446
0.04301427,0.047126736,0.909859
0.061489675,0.056288514,0.8822218
0.047858257,0.034454178,0.9176875
0.053202502,0.037671,0.9091266
0.01579392,0.98095953,0.0032465528
0.9794124,0.01452,0.0060676318
0.985924,0.009581079,0.004494949
0.98896945,0.0077829612,0.0032475907
0.9791566,0.011692612,0.009150788
0.058715474,0.036617834,0.9046667
0.9776624,0.009326134,0.013011433
0.98344123,0.010123769,0.0064350585
0.9063111,0.013991979,0.079696864
0.98409086,0.0072187306,0.0086904615
0.9859169,0.006708247,0.0073747667
0.98411846,0.010752569,0.0051289983
0.98866767,0.008282391,0.0030498984
0.987649,0.00992187,0.0024290856
0.9823278,0.0061574294,0.011514832
0.9898644,0.005727186,0.004408372
0.9863533,0.008943165,0.0047035213
0.056852646,0.03672475,0.9064226
0.06575847,0.042291332,0.8919502
0.98219657,0.012521995,0.005281476
0.9807935,0.012875858,0.006330588
0.97895205,0.012603111,0.008444818
0.98729545,0.008899409,0.0038052266
0.18200193,0.033474367,0.7845237
0.98555815,0.01069494,0.0037469512
0.99015677,0.006341289,0.0035019922
0.9840096,0.012557368,0.0034329933
0.98994386,0.006935899,0.0031201548
0.046108447,0.9301917,0.023699852
0.5027486,0.033192262,0.46405917
0.98122096,0.012339693,0.0064393687
0.98737437,0.008668517,0.003957126
0.8274033,0.022135852,0.15046078
0.9840258,0.007850658,0.00812363
0.068727665,0.04347317,0.88779914
0.1742182,0.030852858,0.79492897
0.58127123,0.020006891,0.39872193
0.062054705,0.041947328,0.89599794
0.98649,0.006087653,0.0074224174
0.9867626,0.008462464,0.0047749085
0.98112226,0.013134213,0.005743519
0.9594578,0.015614566,0.024927653
0.9832765,0.011204113,0.0055194222
0.25774142,0.021695467,0.7205631
0.967119,0.011639443,0.021241615
0.60838526,0.3162432,0.07537152
0.9894414,0.007817152,0.0027413997
0.98430634,0.009145173,0.0065485383
0.97707707,0.0153970355,0.007525931
0.9872471,0.005503957,0.007248959
0.16028273,0.0339154,0.80580187
0.98354244,0.008525946,0.007931548
0.98590463,0.008186971,0.005908383
0.06855907,0.03887351,0.8925674
0.98731333,0.00904855,0.0036381374
0.9749715,0.0051462464,0.019882305
0.97416997,0.007917582,0.01791238
0.33755803,0.037013706,0.6254283
0.0437747,0.789685,0.16654034
0.9865824,0.008018464,0.0053991363
0.9805915,0.010045264,0.009363215
0.13954449,0.027962659,0.8324929
0.9762414,0.009349029,0.014409527
0.98718214,0.009706389,0.0031114505
0.25077423,0.09442514,0.65480065
0.99025565,0.0064670052,0.0032773188
0.9185119,0.010104585,0.07138354
0.9894874,0.0062205046,0.004292019
0.30117884,0.03160482,0.6672163
0.96058387,0.012771661,0.026644435
0.98679197,0.009367374,0.0038406095
0.09907477,0.041280348,0.8596449
0.98394287,0.008091277,0.007965834
0.40432882,0.036504783,0.55916643
0.9829093,0.008920646,0.008170073
0.98263735,0.012900065,0.0044624982
0.9886818,0.007008711,0.004309516
0.10191436,0.034708496,0.86337715
0.98590547,0.0070507275,0.007043845
0.9814176,0.010598132,0.007984281
0.49710265,0.020618306,0.48227912
0.9798187,0.01333634,0.0068448763
0.0625726,0.048826862,0.88860047
0.054553997,0.114284724,0.83116126
0.024629842,0.96010697,0.0152631765
0.035179727,0.7507081,0.2141122
0.044808052,0.9088259,0.04636605
0.03991997,0.7444591,0.21562098
0.03636795,0.9508532,0.012778824
0.029459331,0.96231204,0.0082286345
0.05338721,0.04010249,0.9065103
0.11095495,0.6326055,0.25643954
0.026212297,0.9394834,0.03430433
0.056515522,0.3135297,0.6299548
0.062367946,0.8685633,0.06906874
0.01917545,0.95791936,0.022905227
0.051821847,0.6733498,0.27482837
0.048257004,0.24191864,0.7098243
0.032023437,0.9276727,0.040303905
0.8486962,0.13929199,0.012011792
0.049925897,0.03880646,0.9112677
0.20721865,0.689975,0.102806315
0.02942866,0.96554404,0.005027281
0.018337388,0.977995,0.0036677083
0.237321,0.72957385,0.033105094
0.39358106,0.44202918,0.16438976
0.015093813,0.97959226,0.0053139715
0.01435146,0.9794549,0.0061936197
0.040612113,0.5551846,0.40420327
0.049385827,0.15977007,0.79084414
0.0631344,0.06233796,0.87452763
0.47993988,0.43295485,0.08710531
0.09263312,0.0408456,0.8665212
0.9825859,0.0099776145,0.0074364883
0.17350031,0.22856353,0.5979362
0.19370192,0.14199242,0.6643056
0.05305482,0.043876737,0.9030684
0.09592667,0.041540544,0.86253273
0.07893044,0.091739915,0.82932967
0.05695501,0.03808871,0.9049563
0.057690185,0.04778016,0.89452964
0.061608326,0.08249924,0.85589236
0.06511166,0.043479744,0.8914086
0.07411846,0.04686019,0.8790213
0.07259308,0.042178087,0.8852288
0.06475903,0.05125363,0.8839873
0.067942984,0.050098024,0.88195896
0.05026789,0.10942053,0.8403116
0.723146,0.027550839,0.24930318
0.0636889,0.048051436,0.88825965
0.16848147,0.077174105,0.7543445
0.9231217,0.044415183,0.032463126
0.07063527,0.031069933,0.89829487
0.08093069,0.033984937,0.88508433
0.053586565,0.04843507,0.8979784
0.07054413,0.032758042,0.8966978
0.06385768,0.041169267,0.89497304
0.0673262,0.058294434,0.8743794
0.31401706,0.037558965,0.648424
0.20108351,0.21135204,0.58756447
0.01723993,0.97637755,0.006382602
0.0673215,0.039808843,0.8928697
0.07111352,0.05489863,0.87398785
0.3269202,0.0603709,0.6127089
0.9808723,0.008379154,0.010748546
0.052582145,0.03206444,0.9153534
0.13328803,0.034323253,0.8323887
0.05644009,0.042395696,0.90116423
0.054172862,0.0446485,0.90117866
0.06533983,0.037503198,0.897157
0.06043921,0.056170736,0.8833901
0.06806918,0.037044734,0.89488614
0.15174356,0.021706503,0.82654995
0.969751,0.010259572,0.019989425
0.13045785,0.04017785,0.82936436
0.10187319,0.050136257,0.8479905
0.056068234,0.03682435,0.9071074
0.9845785,0.010264969,0.005156513
0.06289783,0.09718052,0.8399216
0.17061865,0.028415948,0.80096537
0.68036157,0.02630331,0.29333514
0.7955689,0.02445013,0.17998101
0.06305778,0.047552053,0.88939005
0.05301351,0.040646877,0.9063396
0.07755131,0.034920998,0.88752776
0.07661249,0.045747403,0.8776401
0.06434733,0.056427,0.8792256
0.16421063,0.033316646,0.80247265
0.9746133,0.011127111,0.014259615
0.20693451,0.031821717,0.76124376
0.052786667,0.033668127,0.91354525
0.015554167,0.9769792,0.007466616
0.07922155,0.034272995,0.8865055
0.074554205,0.031707272,0.8937385
0.9227459,0.017990682,0.059263438
0.2681246,0.028902058,0.70297337
0.08840339,0.031737413,0.87985915
0.06751719,0.046585463,0.88589734
0.13498227,0.089196056,0.77582175
0.05574116,0.044202674,0.9000562
0.94264275,0.012278712,0.045078445
0.05398388,0.043144904,0.9028712
0.076067865,0.041397784,0.8825343
0.098249845,0.056310054,0.8454402
0.11328894,0.048999332,0.83771163
0.058206182,0.2992989,0.64249486
0.069877714,0.037111778,0.89301056
0.6179631,0.034289088,0.3477478
0.057135288,0.047808297,0.89505637
0.013988551,0.98019433,0.0058170757
0.054507647,0.043161225,0.9023311
0.07151767,0.05338149,0.87510085
0.052503433,0.04460262,0.90289396
0.05213238,0.04520502,0.9026625
0.053156536,0.04952315,0.89732033
0.06217537,0.046635468,0.8911891
0.061914664,0.04148643,0.8965989
0.05773278,0.04313442,0.8991327
0.17019698,0.036938205,0.7928648
0.017090168,0.9712097,0.011700097
0.08281833,0.037603557,0.8795782
0.07576296,0.06392354,0.8603136
0.05071869,0.035667636,0.9136137
0.06576116,0.045729704,0.88850915
0.056410026,0.039380543,0.9042094
0.053092502,0.04407975,0.9028278
0.05422388,0.05946611,0.8863099
0.05776726,0.046508048,0.8957247
0.061270796,0.04055689,0.8981723
0.061901662,0.04387343,0.8942249
0.05282795,0.0567038,0.89046824
0.062130686,0.048624277,0.8892451
0.07731992,0.09707566,0.8256044
0.058472753,0.04630095,0.8952263
0.052632097,0.047549136,0.8998188
0.061596695,0.056800976,0.8816023
0.05112402,0.051049188,0.89782673
0.056963015,0.044558227,0.89847875
0.072644375,0.04581623,0.8815394
0.06175751,0.0612171,0.87702537
0.05263172,0.05630041,0.89106786
0.061251987,0.054772038,0.8839759
0.061642963,0.042636335,0.8957207
0.06410829,0.040472098,0.8954196
0.051246826,0.045247253,0.9035058
0.9650149,0.012880793,0.022104394
0.06188882,0.04144887,0.89666235
0.055838443,0.041212913,0.9029487
0.056465395,0.055076636,0.888458
0.050790254,0.039652176,0.90955764
0.1066243,0.0501939,0.8431818
0.071880415,0.039948914,0.8881707
0.053401906,0.039395325,0.9072027
0.062108744,0.11254682,0.82534444
0.053341947,0.036482774,0.9101752
0.053291116,0.049310297,0.89739853
0.0534908,0.0417809,0.9047283
0.055187985,0.04186199,0.90295005
0.051997878,0.03572014,0.9122819
0.060970623,0.04000504,0.8990243
0.05621904,0.04131188,0.9024691
0.051549774,0.06713517,0.881315
0.064330906,0.035823025,0.8998461
0.05736358,0.04400366,0.8986327
0.056486115,0.06422629,0.87928754
0.057343286,0.040385462,0.9022713
0.06600545,0.04955665,0.8844379
0.020299343,0.96762663,0.012074035
0.07309792,0.062098015,0.86480415
0.054033738,0.08826391,0.8577023
0.05354759,0.043853905,0.9025985
0.06777076,0.03865234,0.89357686
0.111106575,0.028941456,0.859952
0.019595116,0.9562082,0.024196738
0.05758194,0.04519658,0.89722145
0.05751865,0.050611537,0.8918698
0.05946126,0.03770371,0.90283495
0.055950668,0.03396895,0.9100803
0.071310334,0.053565677,0.87512404
0.055608895,0.035886277,0.9085049
0.056716003,0.058259778,0.8850242
0.048602827,0.036118552,0.9152786
0.06149917,0.043122426,0.89537835
0.06518471,0.04458254,0.8902327
0.05040372,0.034981895,0.9146144
0.05915688,0.047441144,0.893402
0.9569207,0.011140594,0.03193869
0.0509222,0.04381203,0.90526587
0.063350774,0.052673727,0.88397545
0.05843936,0.03718261,0.904378
0.051889967,0.039054018,0.909056
0.05293412,0.053063516,0.8940023
0.058739863,0.037101075,0.90415907
0.059721485,0.037027635,0.90325093
0.056420054,0.05409991,0.8894801
0.04862158,0.1750503,0.7763281
0.048316468,0.04534482,0.9063387
0.057072785,0.048413392,0.8945139
0.051691644,0.052840017,0.89546835
0.06412918,0.04843089,0.88743997
0.05435529,0.05718681,0.8884579
0.058158927,0.039602883,0.90223813
0.065657794,0.04070818,0.89363396
0.051688805,0.035231493,0.91307974
0.039863966,0.08588859,0.87424743
0.06783371,0.045585897,0.88658035
0.04169399,0.2807834,0.6775226
0.06301444,0.050806884,0.8861787
0.056502316,0.047048368,0.8964493
0.04941201,0.05571842,0.8948695
0.052879024,0.036879476,0.9102415
0.3587567,0.027990445,0.6132528
0.052157648,0.049141333,0.8987011
0.050157327,0.0374745,0.9123681
0.048845064,0.047783516,0.90337145
0.060112733,0.04262631,0.8972609
0.06695143,0.041611705,0.8914369
0.06988762,0.045654736,0.8844576
0.0556842,0.033691823,0.91062397
0.062391143,0.05331389,0.8842949
0.062453777,0.05753512,0.8800111
0.07194157,0.044756867,0.8833017
0.067052715,0.056574438,0.8763729
0.07150176,0.037642006,0.89085627
0.06075075,0.050437972,0.8888113
0.05091297,0.058887303,0.89019966
0.054887332,0.036939688,0.908173
0.052443404,0.07002113,0.87753546
0.06098537,0.041527532,0.89748716
0.068350144,0.034385394,0.8972645
0.06196134,0.04163952,0.896399
0.058297787,0.04478585,0.89691633
0.06550468,0.043380596,0.8911147
0.04369135,0.24840617,0.7079025
0.05228742,0.04765475,0.9000578
0.06899562,0.043218546,0.88778585
0.057463262,0.04891152,0.8936252
0.060683463,0.057538174,0.88177836
0.08475598,0.3292146,0.5860294
0.058431376,0.043912914,0.8976557
0.04825852,0.05878214,0.8929594
0.06506991,0.044962708,0.88996744
0.064715296,0.039733894,0.8955508
0.057404906,0.049005207,0.89358985
0.05934704,0.052655645,0.8879973
0.06136866,0.049070913,0.8895604
0.06074729,0.03473127,0.90452147
0.061903287,0.053835053,0.8842616
0.06933342,0.056643575,0.874023
0.060613874,0.046930347,0.8924558
0.06256331,0.05286397,0.8845728
0.21980447,0.033331666,0.74686384
0.060008183,0.040346652,0.89964527
0.0599799,0.047796797,0.89222336
0.06284249,0.03947974,0.8976777
0.063091874,0.04573275,0.8911754
0.061678775,0.049054697,0.8892665
0.064461686,0.04000563,0.8955326
0.058407314,0.04079479,0.90079796
0.072388746,0.048315577,0.87929565
0.05189055,0.037266023,0.9108435
0.05777305,0.040708,0.9015189
0.05835962,0.048146162,0.89349425
0.057831682,0.03841151,0.9037568
0.056298338,0.051360436,0.8923412
0.061567925,0.039422642,0.8990094
0.05688619,0.04716031,0.89595354
0.046683162,0.05246167,0.9008551
0.06019971,0.050841972,0.88895833
0.051428508,0.03742435,0.9111471
0.050642956,0.04464863,0.9047084
0.009630159,0.9851849,0.0051849443
0.061053675,0.033849005,0.90509725
0.06398112,0.045859404,0.8901594
0.066576086,0.03390426,0.89951974
0.056080256,0.04893796,0.8949818
0.059960574,0.064927876,0.8751115
0.067055725,0.04922698,0.8837173
0.055833124,0.054433335,0.88973355
0.054510247,0.046194527,0.89929515
0.05997195,0.040047586,0.8999804
0.050717782,0.05116551,0.89811677
0.053131007,0.047348086,0.8995209
0.04435613,0.06472714,0.8909167
0.06516195,0.040996917,0.89384115
0.058782715,0.048685014,0.8925322
0.056649968,0.04411904,0.89923096
0.035690848,0.75568813,0.20862104
0.05274973,0.05112679,0.89612347
0.053569023,0.062232252,0.8841988
0.046186943,0.036931485,0.9168817
0.061381366,0.04320828,0.89541036
0.07061185,0.05986901,0.8695191
0.07895741,0.03490054,0.8861421
0.045206785,0.03384179,0.9209515
0.06333552,0.046405185,0.8902593
0.05494112,0.05227182,0.89278704
0.05847547,0.04494429,0.8965802
0.045948945,0.043673858,0.9103772
0.064513154,0.037925325,0.8975615
0.07200533,0.060162712,0.8678319
0.05542799,0.04123083,0.90334123
0.050473534,0.043873582,0.9056529
0.069820456,0.040945247,0.88923424
0.058741283,0.052398864,0.88885987
0.058406204,0.044324756,0.89726907
0.05521959,0.03866259,0.90611786
0.049837086,0.07536429,0.87479866
0.055590145,0.03754078,0.9068691
0.071835734,0.038375873,0.8897884
0.01494679,0.97099835,0.01405493
0.06202978,0.0410192,0.896951
0.051506955,0.039069794,0.90942323
0.057513174,0.040189896,0.90229696
0.057260174,0.05053193,0.89220786
0.045829933,0.36012855,0.5940415
0.0569591,0.0406671,0.90237373
0.044770498,0.073382825,0.8818466
0.060389858,0.03777256,0.90183765
0.058352403,0.041257,0.9003906
0.04923142,0.052176774,0.8985918
0.05047643,0.0407177,0.90880585
0.08291872,0.036866892,0.8802144
0.050671015,0.035236157,0.91409284
0.06924496,0.04410083,0.8866542
0.05103473,0.03681282,0.9121524
0.06841839,0.048208922,0.8833727
0.05668134,0.044467974,0.8988506
0.053129885,0.040755987,0.90611416
0.05245263,0.041554276,0.9059931
0.06554852,0.04186911,0.8925823
0.053206388,0.040260464,0.90653324
0.06610527,0.03636447,0.8975303
0.064912595,0.042054214,0.89303315
0.053849485,0.05732248,0.88882804
0.056299355,0.047850683,0.89584994
0.060800947,0.043114327,0.8960848
0.05061593,0.053070948,0.89631313
0.06335579,0.04479456,0.8918497
0.06248901,0.046189133,0.8913218
0.070088424,0.04938565,0.8805259
0.048596703,0.03265816,0.91874516
0.05416222,0.04175126,0.9040865
0.05706386,0.06328743,0.8796487
0.04720976,0.06548028,0.88730997
0.057525497,0.042624265,0.8998502
0.06504723,0.041813493,0.8931393
0.058917347,0.04825158,0.892831
0.057183083,0.057015806,0.8858012
0.9867534,0.008756627,0.0044899527
0.05293021,0.040385325,0.9066845
0.05498188,0.052004986,0.8930131
0.042462885,0.09627743,0.86125964
0.06826847,0.055016197,0.87671536
0.058874123,0.039314482,0.9018115
0.053017482,0.04631046,0.900672
0.052929573,0.057933412,0.88913697
0.06144916,0.031585015,0.9069658
0.93496394,0.021753307,0.043282747
0.020059874,0.9608921,0.01904803
0.028469343,0.9613697,0.010160974
0.046489608,0.79325354,0.16025683
0.97844404,0.014371693,0.007184322
0.98609924,0.010351344,0.0035494897
0.9837213,0.012952185,0.0033263965
0.089894,0.032501858,0.8776041
0.86041415,0.016148513,0.12343726
0.9889537,0.008284788,0.0027615393
0.98684293,0.006520686,0.0066363215
0.98615825,0.009897224,0.0039445404
0.98740107,0.00912033,0.003478631
0.98707736,0.009545565,0.003377089
0.988003,0.008623361,0.0033736604
0.9813238,0.01133579,0.0073404093
0.9850944,0.010180477,0.0047251238
0.98824024,0.008508308,0.0032515405
0.11084065,0.17306203,0.71609735
0.98852545,0.008936641,0.0025379856
0.97351515,0.012557618,0.0139271915
0.98177356,0.01327191,0.0049545094
0.9878681,0.009018337,0.0031136123
0.123959094,0.1479256,0.7281153
0.9897597,0.006042569,0.0041978457
0.98898065,0.008657219,0.002362134
0.1529217,0.032891218,0.81418705
0.9886596,0.008290417,0.0030498737
0.9886882,0.0068130502,0.004498756
0.7751876,0.02065805,0.20415439
0.10277569,0.22178622,0.67543805
0.9833053,0.0119037945,0.0047908165
0.985836,0.0075859856,0.006577958
0.38125256,0.036838666,0.58190876
0.97538596,0.013146987,0.011467006
0.98584324,0.009249338,0.004907492
0.98505616,0.0077673197,0.0071765846
0.98285115,0.009284518,0.007864294
0.67907923,0.019434053,0.30148676
0.98810625,0.009306854,0.0025869454
0.9869315,0.008673094,0.0043953103
0.023415426,0.9706873,0.005897266
0.9854167,0.010055338,0.004527872
0.16380534,0.7962041,0.039990608
0.9808444,0.010166296,0.008989263
0.9887854,0.00849639,0.0027182626
0.9885471,0.008954308,0.0024986926
0.9817209,0.009718902,0.008560166
0.9226654,0.023234216,0.054100364
0.9884906,0.008875445,0.0026338452
0.9856974,0.010458875,0.0038438495
0.05670144,0.037076928,0.9062217
0.9833862,0.012104061,0.0045097256
0.9865541,0.0072438703,0.006202064
0.94650126,0.015150093,0.038348585
0.9708713,0.019114736,0.010013911
0.98821986,0.0067832735,0.0049967906
0.9862065,0.009985082,0.0038084607
0.9859481,0.009386823,0.004665001
0.9837166,0.01131913,0.0049643153
0.9669171,0.012195486,0.020887518
0.45842716,0.12792373,0.41364917
0.98372513,0.012316939,0.0039579314
0.9872262,0.0062123532,0.0065615526
0.9876351,0.00988305,0.0024818026
0.98407227,0.012171794,0.0037559452
0.055693056,0.84355825,0.100748666
0.9797804,0.01311625,0.007103379
0.076993085,0.042727746,0.8802792
0.98397267,0.012422729,0.0036046444
0.9816949,0.011586347,0.006718773
0.98339695,0.010292779,0.0063103097
0.98174745,0.0132004665,0.0050520943
0.82866997,0.023738248,0.1475917
0.0714645,0.043345407,0.88519007
0.06470956,0.048088066,0.8872023
0.99055606,0.005092448,0.00435155
0.98781294,0.0061857677,0.00600131
0.98751813,0.009219923,0.0032618819
0.9863105,0.005531049,0.00815841
0.9826334,0.007590936,0.009775552
0.9838755,0.011852681,0.0042718467
0.9769165,0.011429057,0.011654475
0.9870302,0.009037127,0.003932636
0.9380234,0.010803905,0.05117267
0.9509071,0.014354409,0.03473841
0.9866649,0.010458923,0.0028761132
0.9897857,0.008235268,0.001979105
0.98816574,0.007213314,0.0046210224
0.8971245,0.018384343,0.084491074
0.06034694,0.041092798,0.89856035
0.9873998,0.008509377,0.004090826
0.0753841,0.100995585,0.8236204
0.4504478,0.026257642,0.52329457
0.9871629,0.0090914555,0.003745729
0.059939966,0.045377813,0.89468217
0.9892966,0.007808379,0.0028950716
0.9811447,0.011947439,0.0069078975
0.9893309,0.007970441,0.0026985968
0.9848275,0.010929766,0.0042427047
0.90227365,0.012209123,0.08551713
0.9898552,0.0073969983,0.002747908
0.95559275,0.014077228,0.030329976
0.01576632,0.9725742,0.011659465
0.98880553,0.007683505,0.003510901
0.98037946,0.008590312,0.0110301785
0.9759995,0.016468192,0.007532328
0.98310673,0.013096673,0.0037964906
0.98889726,0.008749979,0.0023527264
0.9817615,0.00866989,0.0095686205
0.9865536,0.010155808,0.0032906746
0.98928076,0.008617664,0.0021015627
0.4423636,0.040965803,0.51667064
0.9755071,0.007692024,0.016800927
0.080858156,0.03743765,0.8817042
0.98067343,0.013472383,0.0058541205
0.9862475,0.007178251,0.0065742806
0.9858338,0.0093582785,0.0048078285
0.14848854,0.044269796,0.8072416
0.9840657,0.011158488,0.0047758296
0.98313797,0.011580738,0.0052813776
0.6750547,0.024805933,0.30013937
0.06676849,0.08494075,0.84829074
0.98105603,0.012854175,0.006089697
0.9487568,0.037348367,0.013894871
0.9816691,0.013585198,0.0047456245
0.98763674,0.006172597,0.006190707
0.98019034,0.0099048065,0.0099048065
0.9892258,0.008360224,0.00241403
0.030949572,0.92141813,0.047632325
0.98067135,0.014029568,0.0052990858
0.9915085,0.0047512474,0.0037402387
0.959502,0.015907727,0.024590295
0.9824646,0.013636098,0.0038991845
0.9831928,0.012007504,0.004799634
0.98148525,0.013424412,0.005090358
0.9059082,0.024473965,0.069617786
0.98452663,0.00909378,0.0063795554
0.06248339,0.9273741,0.010142474
0.9756069,0.018319428,0.0060736407
0.97374934,0.010785733,0.015464944
0.9877346,0.008885996,0.0033793377
0.9878368,0.009404804,0.0027584203
0.9825303,0.013524281,0.0039454107
0.9638965,0.013884173,0.02221937
0.018353911,0.97220755,0.009438562
0.98871905,0.008437942,0.0028429658
0.10032386,0.86055154,0.039124668
0.06863461,0.8159742,0.11539119
0.92774326,0.028567974,0.043688763
0.017420469,0.97701436,0.005565198
0.012755036,0.9830429,0.004202059
0.026538096,0.9539512,0.01951072
0.013392128,0.98199767,0.004610152
0.055100832,0.3932702,0.551629
0.049800955,0.19882669,0.75137234
0.017672902,0.97437686,0.007950258
0.06785939,0.65333253,0.2788081
0.042636573,0.9286826,0.028680803
0.017906446,0.9738472,0.008246345
0.022327637,0.9605865,0.01708579
0.017034162,0.97752666,0.005439131
0.016558332,0.9746561,0.00878548
0.018055025,0.97619116,0.005753851
0.016195085,0.9801789,0.0036259838
0.012039619,0.96204585,0.025914544
0.06311218,0.06777563,0.86911225
0.013571284,0.9811426,0.0052861227
0.018902166,0.9507444,0.030353425
0.018698774,0.9789355,0.0023657028
0.013763559,0.9829705,0.0032659406
0.018466137,0.95456064,0.02697323
0.0222482,0.9731919,0.004559897
0.0410239,0.8418814,0.11709469
0.015251358,0.9792411,0.0055075167
0.01761333,0.96730644,0.015080198
0.019912506,0.9745472,0.0055403137
0.017690841,0.97584224,0.006466916
0.019176388,0.97352725,0.0072963275
0.016723229,0.9800459,0.0032308837
0.017819524,0.9448232,0.03735733
0.03617549,0.21415545,0.7496691
0.014128208,0.982756,0.0031157024
0.014384013,0.977372,0.008243926
0.054666925,0.05873503,0.88659805
0.04155562,0.905138,0.05330639
0.26760587,0.047786202,0.6846079
0.0614998,0.037410956,0.9010892
0.014722287,0.97242415,0.012853553
0.014381956,0.98105705,0.004560977
0.019940445,0.9123214,0.06773821
0.016902475,0.9780546,0.0050429306
0.040762905,0.38261536,0.5766218
0.020256309,0.97648025,0.0032634425
0.033190522,0.92104286,0.045766547
0.05589313,0.049494393,0.8946125
0.038730968,0.7932756,0.1679934
0.036289286,0.64010984,0.32360086
0.015889227,0.9811137,0.0029971825
0.027898623,0.9494863,0.022615068
0.019509753,0.92095095,0.059539333
0.012239626,0.9832949,0.0044654845
0.013601536,0.97901785,0.0073805978
0.016042465,0.9809491,0.0030084085
0.017756438,0.9685224,0.013721112
0.025264973,0.9564304,0.018304616
0.8809269,0.016229557,0.102843516
0.022295656,0.97288966,0.0048147156
0.011712542,0.9770016,0.011285863
0.01563394,0.9700754,0.014290578
0.016787378,0.9761494,0.0070632454
0.01806357,0.9780848,0.003851594
0.01565259,0.97408223,0.010265218
0.05581063,0.22395152,0.72023785
0.04464028,0.08036087,0.87499887
0.06702503,0.12279728,0.81017774
0.0141171,0.97815496,0.007727982
0.0116022965,0.98017037,0.008227259
0.09523921,0.03237188,0.87238896
0.014656197,0.98186433,0.0034794528
0.012705751,0.9840375,0.0032567396
0.02142185,0.9753249,0.0032532213
0.06646637,0.056299202,0.87723434
0.018805154,0.96829545,0.0128993625
0.015950006,0.9805479,0.0035020406
0.051379558,0.80371153,0.14490896
0.012522169,0.98413044,0.0033473356
0.015687207,0.98101497,0.003297865
0.016398117,0.9624018,0.021200027
0.021597173,0.9614675,0.016935268
0.07345173,0.64609385,0.2804544
0.011597155,0.9740122,0.014390671
0.07141988,0.3326292,0.59595084
0.016259177,0.9654958,0.018245013
0.06653046,0.24088301,0.69258654
0.01679369,0.9765164,0.006689861
0.041216567,0.56234837,0.39643505
0.015575011,0.98115873,0.0032662943
0.012867762,0.9844936,0.0026386103
0.017640272,0.97924906,0.0031106537
0.013766767,0.9812812,0.004952025
0.016817844,0.974584,0.008598107
0.014789357,0.98211515,0.00309548
0.017105427,0.9758814,0.0070132003
0.06911006,0.06646249,0.86442745
0.028956883,0.88772273,0.08332034
0.06826401,0.05977396,0.8719621
0.04289205,0.09391386,0.86319417
0.024919935,0.92783654,0.04724357
0.0188977,0.97686917,0.0042331503
0.015031517,0.97459704,0.0103714345
0.027679546,0.7963738,0.17594667
0.04494285,0.5193911,0.43566602
0.042856302,0.93255746,0.02458628
0.019001173,0.973623,0.007375854
0.98547506,0.007102924,0.007422025
0.027342863,0.9591743,0.013482928
0.012001193,0.98459715,0.0034016606
0.018987289,0.97386205,0.007150678
0.04837858,0.8475403,0.1040811
0.016291538,0.97500527,0.008703218
0.015035159,0.9810408,0.003924071
0.033338163,0.941546,0.025115866
0.019090379,0.9753322,0.0055773603
0.020594757,0.97502035,0.0043848767
0.032802466,0.11457574,0.85262185
0.012986603,0.9839303,0.003083083
0.019521298,0.9771029,0.003375769
0.05826327,0.18542889,0.75630784
0.018620234,0.97816133,0.0032183786
0.012741818,0.98394406,0.003314178
0.030642718,0.9311846,0.038172737
0.014566544,0.9782436,0.0071898676
0.044509828,0.069309436,0.8861807
0.011301644,0.9783678,0.010330538
0.023599349,0.96644217,0.009958497
0.049120273,0.04728466,0.903595
0.052791722,0.049933415,0.89727485
0.02829829,0.86583966,0.10586209
0.070658185,0.6139806,0.31536126
0.057661727,0.91127765,0.031060643
0.101923496,0.094033964,0.8040425
0.74468344,0.019787088,0.23552951
0.067624375,0.055409424,0.87696624
0.9864144,0.01044606,0.0031395408
0.09365587,0.12140701,0.7849372
0.058842283,0.035864342,0.9052934
0.06505412,0.046062756,0.88888305
0.061282814,0.06203548,0.87668175
0.06814256,0.041675057,0.8901823
0.05758326,0.044736534,0.8976802
0.017868599,0.97845477,0.0036766066
0.06266294,0.050056923,0.8872801
0.055744182,0.0437114,0.9005445
0.05544685,0.15791482,0.7866383
0.058904145,0.04409563,0.89700013
0.06340687,0.04227935,0.8943137
0.06108761,0.044736315,0.8941761
0.05920852,0.046609648,0.89418185
0.069090985,0.0586654,0.87224364
0.063503735,0.035552856,0.90094334
0.95381755,0.026250867,0.019931639
0.35833594,0.04302761,0.59863645
0.070038565,0.042294264,0.8876671
0.061449565,0.06461908,0.8739314
0.08618735,0.051389482,0.8624231
0.058439653,0.24475205,0.6968083
0.049033366,0.09446815,0.8564985
0.07462269,0.121539295,0.80383795
0.050463066,0.043629516,0.9059074
0.0620214,0.052894525,0.88508403
0.016849838,0.9788249,0.004325284
0.017688207,0.97522074,0.007091066
0.0357498,0.08961207,0.8746382
0.21278693,0.039328,0.74788505
0.07688186,0.039807964,0.88331014
0.06277386,0.04358847,0.8936378
0.056654215,0.05322171,0.89012414
0.9847837,0.009720703,0.0054955874
0.31156787,0.0365274,0.65190476
0.05763771,0.04163669,0.9007255
0.066826105,0.041230723,0.8919432
0.04096522,0.04112556,0.9179092
0.54997003,0.03529601,0.41473395
0.06116128,0.037883304,0.9009554
0.06615886,0.043878052,0.88996303
0.08760348,0.038580712,0.8738158
0.103115104,0.03266917,0.8642158
0.0601488,0.045115404,0.8947358
0.058252443,0.03982182,0.9019257
0.013596883,0.98203385,0.00436923
0.063535705,0.03989576,0.89656854
0.053904384,0.037926473,0.9081691
0.057033695,0.042054012,0.9009123
0.07074847,0.029077675,0.9001739
0.050263572,0.053557575,0.8961789
0.04318459,0.1144728,0.8423426
0.05883113,0.070721745,0.87044716
0.053949676,0.042428374,0.9036219
0.0404405,0.13610883,0.8234507
0.05505236,0.03980792,0.90513974
0.5316039,0.030255795,0.43814033
0.15194713,0.07753125,0.7705217
0.060126487,0.058905978,0.8809675
0.062466845,0.06376112,0.873772
0.032013867,0.9410804,0.02690578
0.9889797,0.007610176,0.0034101352
0.062503435,0.10365633,0.83384025
0.042416073,0.86283433,0.09474966
0.06770927,0.036030427,0.8962604
0.059165593,0.038972635,0.9018618
0.01980921,0.9666557,0.013535119
0.17722018,0.28798395,0.5347959
0.06766994,0.099037796,0.83329225
0.059458036,0.03995724,0.9005847
0.047775455,0.13543668,0.8167878
0.1268683,0.04402686,0.8291049
0.05104245,0.06775245,0.8812051
0.10353506,0.06684726,0.8296177
0.056920353,0.041319747,0.9017599
0.067533225,0.036788963,0.89567775
0.052197922,0.062350832,0.8854512
0.046751626,0.07968267,0.87356573
0.054725725,0.08921984,0.8560544
0.9831565,0.011468412,0.005375137
0.05451513,0.13731895,0.80816585
0.056771398,0.06979592,0.87343264
0.054856062,0.058081172,0.8870628
0.06342626,0.040237524,0.8963362
0.05886506,0.039462283,0.90167266
0.060998585,0.043508664,0.89549273
0.055665158,0.03889851,0.9054363
0.06599533,0.04146046,0.8925442
0.065717794,0.038520478,0.8957617
0.027582476,0.7513475,0.22107002
0.06853886,0.061527897,0.86993325
0.094244905,0.028022457,0.8777327
0.2003011,0.07926683,0.720432
0.069050655,0.055375498,0.87557375
0.061372865,0.064506926,0.8741202
0.05215685,0.04695901,0.90088415
0.056569565,0.049413186,0.8940173
0.08153091,0.03246244,0.88600665
0.12602684,0.02794928,0.8460239
0.060539175,0.051580016,0.8878808
0.034066316,0.910908,0.055025753
0.0615885,0.04740636,0.8910051
0.057435494,0.050243106,0.89232147
0.05911059,0.053401966,0.8874875
0.042370755,0.10825036,0.8493788
0.98464626,0.011002713,0.0043510078
0.056427497,0.041729104,0.9018435
0.09068738,0.040026717,0.8692859
0.9508184,0.01245799,0.036723502
0.060886912,0.047003835,0.8921092
0.0567924,0.03641812,0.9067895
0.059439477,0.0459537,0.89460677
0.049864106,0.045313198,0.90482265
0.07157071,0.86217254,0.06625676
0.07260286,0.035976138,0.891421
0.75888014,0.04884636,0.19227354
0.0593478,0.05783164,0.8828206
0.1891323,0.027031753,0.7838359
0.22952765,0.045119498,0.7253529
0.97542053,0.005984176,0.018595282
0.054437622,0.05619309,0.8893693
0.059001565,0.035025615,0.90597284
0.09013103,0.03273907,0.8771299
0.066414565,0.048000403,0.88558495
0.05548665,0.035789903,0.9087235
0.05954272,0.03682678,0.9036305
0.059716385,0.030470379,0.9098132
0.28997377,0.039019175,0.6710071
0.07774873,0.038526017,0.88372535
0.06395418,0.065598816,0.870447
0.07256433,0.032563888,0.89487183
0.056293454,0.8543191,0.08938747
0.093403,0.037554402,0.86904263
0.053911198,0.04355216,0.90253663
0.039852574,0.7432022,0.2169452
0.067995794,0.04935966,0.8826445
0.049574394,0.05436712,0.89605856
0.06305503,0.04629,0.890655
0.05315817,0.077951305,0.8688905
0.06196165,0.046001047,0.8920373
0.06049999,0.046979602,0.8925205
0.05071595,0.037947413,0.9113366
0.066472135,0.3364215,0.59710634
0.12648948,0.03621773,0.83729273
0.09626232,0.03288782,0.8708499
0.042498525,0.9338475,0.023653992
0.088294014,0.065774925,0.8459311
0.059836984,0.037371963,0.902791
0.0858503,0.08112283,0.83302695
0.012698889,0.9820665,0.0052345665
0.08143455,0.23805279,0.6805127
0.09615197,0.6645003,0.23934768
0.07539099,0.04992782,0.8746813
0.049052864,0.052549005,0.89839816
0.06015668,0.03488408,0.9049593
0.05854587,0.045108393,0.8963457
0.061870877,0.058635402,0.8794938
0.061563145,0.04649299,0.8919439
0.062523745,0.036027297,0.90144897
0.055455573,0.042957496,0.9015869
0.057154346,0.034278724,0.90856695
0.9830445,0.011234336,0.0057211514
0.17420432,0.036248744,0.78954697
0.06023364,0.040261637,0.8995048
0.061397295,0.037696708,0.900906
0.060381524,0.042297423,0.897321
0.052723244,0.05072821,0.89654857
0.06662495,0.043247968,0.8901271
0.052262902,0.029909654,0.9178275
0.022246357,0.86634886,0.11140483
0.06882703,0.05587408,0.87529886
0.012100557,0.96975213,0.018147355
0.06662666,0.041047495,0.8923258
0.10085868,0.03611184,0.86302954
0.6970072,0.040689714,0.2623031
0.98125976,0.011457469,0.0072828103
0.07905339,0.03545859,0.88548803
0.98852694,0.0086195115,0.0028535381
0.98674285,0.008705376,0.004551711
0.9877108,0.009376096,0.0029131006
0.9873793,0.009327293,0.003293429
0.9845554,0.011428789,0.004015802
0.98289883,0.011210754,0.0058903694
0.97075033,0.016800838,0.012448798
0.9849258,0.008852078,0.006222136
0.11533906,0.030539433,0.85412145
0.987377,0.00945567,0.0031672523
0.2906098,0.026404751,0.6829855
0.98869276,0.008298793,0.0030085605
0.9862905,0.010025018,0.0036843983
0.9873669,0.0073496383,0.0052834162
0.9885278,0.00869561,0.0027765713
0.975391,0.014999752,0.009609203
0.9912582,0.004973149,0.003768622
0.98719794,0.007992187,0.0048097824
0.9854037,0.01100043,0.0035958134
0.988567,0.008747057,0.0026860004
0.98897725,0.008077272,0.0029454604
0.9814835,0.01334596,0.005170511
0.98938215,0.008112204,0.0025056922
0.98985136,0.007411431,0.0027371843
0.98159456,0.013432465,0.0049729943
0.8152751,0.028670518,0.15605448
0.98988146,0.007835918,0.0022826102
0.9859206,0.009441722,0.004637618
0.23969735,0.04128363,0.71901906
0.98900527,0.0075070327,0.0034876866
0.9836084,0.0103453845,0.006046206
0.012995792,0.9831851,0.003819105
0.9851739,0.011914773,0.0029112992
0.07203156,0.037060566,0.8909078
0.9848128,0.011232584,0.0039545763
0.9825179,0.010476167,0.007005946
0.98490846,0.009589922,0.0055016535
0.9871389,0.009490388,0.0033707097
0.9900427,0.00571704,0.0042402535
0.99057794,0.0072168135,0.002205307
0.57114476,0.03419957,0.39465573
0.9816902,0.012345594,0.0059641125
0.982682,0.009165817,0.008152246
0.9876506,0.009016352,0.0033331665
0.2559973,0.029188657,0.714814
0.9869219,0.00802906,0.005049051
0.99045056,0.0048539876,0.0046954663
0.9743983,0.01623377,0.0093679
0.98660904,0.008249017,0.0051419786
0.9845573,0.011395376,0.0040473063
0.98315626,0.012681982,0.0041617034
0.9842503,0.012401989,0.0033477433
0.99108094,0.006998328,0.0019207244
0.98728126,0.009137052,0.0035816168
0.9794037,0.015815133,0.0047811368
0.98438513,0.011835681,0.0037792185
0.962111,0.013967148,0.023921888
0.9328501,0.014931587,0.05221825
0.98893785,0.008750338,0.0023118262
0.97165823,0.011994796,0.01634698
0.98441863,0.00717194,0.008409449
0.8676286,0.05015799,0.08221341
0.9812599,0.011137543,0.007602565
0.98928505,0.008175028,0.0025399358
0.98535156,0.009271849,0.0053766253
0.97732055,0.01435519,0.008324389
0.98721373,0.009003568,0.0037826826
0.98389834,0.010898149,0.005203519
0.98886347,0.006636934,0.0044995537
0.98815656,0.0092258835,0.0026175724
0.9780799,0.014408495,0.0075116167
0.98755205,0.008989081,0.0034588368
0.982522,0.013878726,0.00359933
0.090087876,0.0329881,0.87692404
0.9885533,0.008097498,0.0033492704
0.98972744,0.008051884,0.0022206951
0.98029995,0.009134673,0.010565407
0.9892686,0.008459137,0.0022723032
0.10304741,0.3708163,0.52613634
0.9752256,0.007563196,0.017211186
0.98662424,0.009374931,0.0040007294
0.98913705,0.008367641,0.0024953051
0.971273,0.013599771,0.015127257
0.9846059,0.012077722,0.0033164073
0.9882653,0.0076643224,0.004070491
0.40225795,0.032954913,0.56478715
0.9849327,0.010740468,0.0043268465
0.96923393,0.008651701,0.02211448
0.98645973,0.008394032,0.0051462236
0.982875,0.012790275,0.0043347063
0.053745046,0.046060447,0.90019447
0.98304594,0.013006647,0.003947481
0.9897399,0.0080993045,0.0021608227
0.99030113,0.0073427404,0.0023560664
0.9831935,0.010679702,0.0061268513
0.9804801,0.011916049,0.0076039457
0.9788862,0.01482012,0.0062936447
0.9826402,0.012862364,0.0044975113
0.9788754,0.013027578,0.00809691
0.9847851,0.010854838,0.0043601287
0.984142,0.009867349,0.005990697
0.98177195,0.008345988,0.009882112
0.98785895,0.009250167,0.0028908644
0.97844124,0.013888733,0.0076700863
0.98384976,0.011725732,0.0044245846
0.98774093,0.008964497,0.003294635
0.99037033,0.00587173,0.0037578996
0.98429734,0.0114705125,0.0042321463
0.98947734,0.007987205,0.0025354724
0.9838786,0.009645607,0.0064757536
0.9901591,0.007868793,0.001972133
0.9889664,0.007836323,0.0031972316
0.98232484,0.013541274,0.0041338904
0.99014926,0.0067238994,0.0031269034
0.9889313,0.007951676,0.0031169634
0.9838091,0.010107796,0.006082978
0.9887761,0.008226869,0.0029970838
0.98970836,0.007973483,0.0023181506
0.9833098,0.0132797025,0.0034105098
0.97790545,0.010519035,0.0115754865
0.9883944,0.0066079223,0.004997673
0.97990245,0.015313911,0.0047835717
0.98528546,0.011968604,0.0027459278
0.9889781,0.008871156,0.0021507419
0.9861799,0.00928871,0.004531379
0.98617756,0.009639862,0.004182653
0.9828333,0.013118629,0.004048118
0.9849005,0.01102707,0.0040725092
0.98226017,0.011424437,0.0063153375
0.9862299,0.0103022875,0.0034677251
0.98888385,0.006037222,0.005078889
0.9899304,0.00739034,0.0026792188
0.98500824,0.008732608,0.006259224
0.9877664,0.007504954,0.004728696
0.96921444,0.012380644,0.018404933
0.98771,0.008339265,0.003950747
0.9875968,0.009901987,0.0025011706
0.9899031,0.008148244,0.001948653
0.9859744,0.01060583,0.0034197515
0.9869518,0.009332364,0.003715785
0.989388,0.008312743,0.002299366
0.079050824,0.032458235,0.88849103
0.98775125,0.008748379,0.0035003144
0.06327674,0.04380912,0.8929142
0.9888855,0.008464122,0.0026503813
0.016821187,0.97716045,0.0060183136
0.01658624,0.975346,0.008067716
0.02179856,0.94425726,0.0339441
0.014675333,0.98170716,0.0036174792
0.013146673,0.9830125,0.003840874
0.06406479,0.18975055,0.74618465
0.016341435,0.97703665,0.006621908
0.015686586,0.98049724,0.0038161105
0.0151475025,0.9811585,0.0036939736
0.05986685,0.10313804,0.8369951
0.01890368,0.96015143,0.020944912
0.015618844,0.97817147,0.006209713
0.07448853,0.042963553,0.8825479
0.025010739,0.95796674,0.017022561
0.017251547,0.97942364,0.0033248262
0.019669268,0.975418,0.004912832
0.015800806,0.98090816,0.0032910719
0.017952835,0.97875684,0.003290274
0.013164271,0.9838478,0.002987976
0.01388455,0.9819749,0.0041404967
0.021300217,0.9745341,0.0041656876
0.013926463,0.9830173,0.0030562517
0.012924647,0.9835488,0.0035265072
0.015734725,0.95931697,0.024948344
0.016217021,0.9810275,0.0027555046
0.01899562,0.97810274,0.0029017157
0.0108481655,0.9832191,0.005932706
0.01402863,0.9820433,0.003928081
0.016925473,0.9803423,0.0027321517
0.0151311895,0.9734248,0.01144395
0.013499496,0.9764292,0.010071238
0.013838609,0.97681606,0.0093454
0.013294147,0.9838988,0.002807089
0.016483076,0.97402376,0.009493206
0.025998434,0.9557807,0.01822087
0.015464886,0.9680568,0.016478369
0.016650751,0.97961766,0.0037316475
0.018946923,0.9765484,0.0045046853
0.013799722,0.98267007,0.0035302446
0.016002303,0.98040617,0.003591579
0.024581863,0.9707163,0.0047018505
0.022583436,0.96308964,0.0143268965
0.012341751,0.9852256,0.0024326092
0.029178422,0.94849336,0.02232822
0.017801601,0.9762151,0.005983205
0.01446837,0.9764065,0.0091250865
0.01599653,0.9800526,0.003950864
0.015891217,0.9802786,0.0038301921
0.013934714,0.97404104,0.012024211
0.018976586,0.97712266,0.0039007731
0.012798975,0.9825836,0.00461741
0.013122578,0.9836093,0.0032680633
0.013304777,0.9827642,0.0039309645
0.015428236,0.98097116,0.0036006747
0.01357241,0.9826623,0.0037652429
0.013443359,0.9838308,0.0027258547
0.016822625,0.9710605,0.012116882
0.017306356,0.9791828,0.003510853
0.02032813,0.9633377,0.01633411
0.018176874,0.97038144,0.011441643
0.05337831,0.24074833,0.7058733
0.017555788,0.9788513,0.0035928937
0.045447532,0.29190308,0.6626494
0.032020826,0.93670005,0.03127907
0.01321426,0.9832534,0.0035323405
0.020194974,0.9754269,0.004378146
0.016800543,0.97978115,0.0034182412
0.017352505,0.97939974,0.0032477276
0.016522547,0.97587955,0.0075978884
0.01841166,0.9676769,0.013911429
0.025565354,0.95466,0.019774675
0.018875733,0.97811866,0.0030055926
0.013738126,0.98211277,0.004149174
0.016206969,0.969944,0.013849026
0.013438878,0.98302275,0.0035384158
0.022030354,0.94687146,0.03109813
0.019286519,0.9429892,0.037724316
0.014782778,0.9821577,0.003059549
0.017629221,0.9786356,0.003735195
0.015030375,0.97738224,0.007587327
0.015071241,0.9809972,0.003931568
0.016937679,0.98009163,0.0029707605
0.0139418105,0.9783513,0.007706922
0.015932059,0.9813595,0.0027084071
0.014213837,0.9781482,0.007637896
0.021404266,0.96788543,0.010710318
0.02615139,0.9557871,0.018061547
0.021377891,0.9752264,0.003395712
0.018368497,0.9729802,0.008651282
0.064848505,0.9017867,0.033364855
0.022234274,0.96879107,0.00897469
0.021056522,0.96999264,0.0089507885
0.01729073,0.9683186,0.014390622
0.08029651,0.10277604,0.81692743
0.013260489,0.98284644,0.0038930888
0.016690312,0.9719278,0.011381804
0.01473246,0.9821659,0.0031016918
0.01442313,0.9824255,0.003151369
0.018249853,0.9771359,0.004614285
0.0200265,0.976305,0.0036685287
0.013967984,0.9830639,0.0029681525
0.018484335,0.95924103,0.022274602
0.015932165,0.9647371,0.019330794
0.014981769,0.9818625,0.0031557207
0.011443282,0.98580396,0.002752744
0.014745526,0.97586334,0.00939115
0.0145676015,0.9821436,0.0032887866
0.014648442,0.98230356,0.0030480735
0.0133586,0.9824132,0.004228172
0.021630712,0.9686196,0.009749726
0.016722595,0.9785744,0.0047030267
0.01618187,0.97937906,0.0044390233
0.017075144,0.97653496,0.006389868
0.030879358,0.94758445,0.021536225
0.012818732,0.9836199,0.003561372
0.0221692,0.9650128,0.0128180245
0.026062286,0.96000123,0.013936521
0.016564783,0.976942,0.006493199
0.01599615,0.97907263,0.004931239
0.01917203,0.9605585,0.020269483
0.016817458,0.9778984,0.0052841017
0.06141977,0.72239745,0.21618274
0.016949631,0.9717263,0.011324015
0.015275869,0.973182,0.011542096
0.014336977,0.96753937,0.018123638
0.01762564,0.97795904,0.0044153063
0.01258509,0.9842577,0.0031572464
0.01698983,0.9797549,0.0032552572
0.016281573,0.9801349,0.0035835793
0.021551387,0.95475596,0.023692695
0.016072698,0.9799226,0.0040047197
0.013285562,0.98278344,0.0039310413
0.011412474,0.9845911,0.003996386
0.0135159,0.9757083,0.010775815
0.067944996,0.051790886,0.8802641
0.053721704,0.105929345,0.8403489
0.014255406,0.98196733,0.0037773063
0.015178804,0.9707831,0.014038099
0.016322182,0.97970515,0.003972673
0.059561193,0.05789806,0.88254076
0.9879894,0.00653464,0.005475915
0.01778761,0.9778321,0.004380377
0.016096298,0.9718246,0.01207914
0.018861458,0.9626961,0.018442536
0.018029591,0.9634591,0.018511305
0.037026152,0.93188596,0.031087935
0.013491017,0.9825094,0.0039996374
0.017850174,0.97840095,0.0037489147
0.015293766,0.98100555,0.0037006189
0.017115146,0.9802576,0.002627257
0.18058681,0.045489818,0.77392334
0.013589887,0.9829674,0.0034427792
0.019859536,0.96344966,0.016690776
0.014055087,0.9814963,0.0044486197
0.017218575,0.9794629,0.0033184718
0.08400221,0.06967428,0.8463235
0.018228712,0.9674634,0.014307879
0.017167188,0.969887,0.012945825
0.016101046,0.9797355,0.0041634548
0.016052712,0.97966033,0.0042869058
0.011868123,0.9851574,0.0029744732
0.017436838,0.97936594,0.0031972658
0.016814768,0.98013204,0.0030532388
0.01606443,0.96611905,0.017816465
0.01649361,0.9794168,0.004089577
0.016440302,0.9743465,0.009213171
0.019215077,0.96553993,0.015244975
0.016063418,0.97935677,0.0045798286
0.012079782,0.98429316,0.0036270083
0.0127904555,0.9819295,0.0052800393
0.012692525,0.9839737,0.0033337546
0.047844283,0.038312785,0.9138429
0.015376546,0.9805531,0.004070402
0.04809759,0.8917216,0.060180794
0.016504731,0.9786426,0.0048526544
0.01499199,0.9806152,0.0043928446
0.015508509,0.9520108,0.03248072
0.015948858,0.9799989,0.0040522413
0.015842075,0.97438836,0.009769555
0.012741288,0.9843836,0.002875073
0.016975643,0.9789368,0.004087573
0.012709079,0.9833346,0.00395636
0.017592274,0.9784938,0.0039138836
0.0132903205,0.9836156,0.0030941598
0.012265901,0.984444,0.0032900579
0.014600152,0.97002417,0.015375719
0.04144418,0.6734632,0.28509265
0.015920809,0.96876824,0.015310892
0.020685164,0.9678914,0.011423432
0.020688243,0.9751516,0.004160194
0.014978644,0.97306764,0.0119536845
0.016995773,0.97914094,0.0038632911
0.01902309,0.97760594,0.003370917
0.019760909,0.9642986,0.015940482
0.013601308,0.9828332,0.0035654802
0.020693274,0.973961,0.0053457036
0.042422265,0.9132496,0.044328097
0.022352522,0.96259665,0.015050803
0.01552669,0.9757295,0.008743772
0.018105391,0.9774814,0.0044131503
0.016923737,0.9797633,0.0033130127
0.018944087,0.9500655,0.030990459
0.013088014,0.9805397,0.0063723624
0.020837631,0.9617859,0.017376522
0.01698947,0.9759144,0.00709611
0.012943258,0.9844844,0.0025724336
0.018114509,0.97797364,0.0039118025
0.016913597,0.9801328,0.0029535284
0.013873589,0.9792852,0.006841149
0.01594271,0.9786647,0.005392544
0.013585903,0.9807617,0.0056523965
0.06397678,0.05629414,0.87972903
0.021697333,0.9635712,0.014731416
0.14535397,0.042341743,0.8123043
0.013778561,0.976384,0.009837482
0.051736318,0.69154865,0.25671503
0.06788599,0.067095086,0.86501896
0.058302566,0.042075865,0.8996216
0.0674119,0.04893579,0.8836523
0.30885333,0.08706824,0.60407835
0.033808872,0.29306406,0.67312706
0.9862591,0.007899272,0.0058416473
0.22534601,0.052899987,0.72175395
0.05928005,0.04195383,0.8987661
0.042833954,0.03460341,0.9225627
0.05760495,0.046128936,0.8962661
0.05179282,0.041738804,0.9064684
0.06936074,0.038155306,0.892484
0.058187556,0.040011212,0.9018012
0.07731388,0.040463995,0.8822221
0.06649913,0.037211668,0.89628917
0.056404553,0.045633208,0.89796215
0.0703872,0.037091445,0.8925213
0.11805636,0.050986584,0.83095706
0.05428265,0.05323273,0.89248466
0.9759232,0.013731768,0.010345058
0.07336474,0.10245542,0.8241798
0.058388628,0.041101597,0.9005098
0.070926,0.06754601,0.8615279
0.052214216,0.058591474,0.88919425
0.06287835,0.038493104,0.8986286
0.97838265,0.015844999,0.0057724025
0.058272768,0.039046153,0.90268105
0.059861943,0.04662053,0.89351755
0.07142794,0.04469846,0.8838736
0.06187392,0.049089905,0.8890361
0.055220157,0.037767358,0.90701246
0.061775524,0.041453876,0.89677066
0.06624365,0.036978323,0.89677805
0.06876376,0.052032482,0.8792038
0.060635533,0.058712613,0.8806519
0.057080034,0.04785544,0.8950645
0.10216704,0.036741395,0.8610916
0.9837937,0.011968002,0.0042382507
0.052378632,0.053883217,0.8937381
0.054185994,0.0430955,0.9027185
0.073052555,0.0369851,0.8899624
0.04174419,0.4019022,0.5563536
0.06316967,0.040626395,0.89620394
0.06155769,0.036064424,0.9023779
0.056204464,0.039796595,0.903999
0.06405037,0.037837576,0.89811206
0.06283322,0.043993354,0.8931734
0.060986917,0.04106481,0.8979483
0.062163886,0.029681278,0.90815485
0.059547275,0.0393968,0.901056
0.056936458,0.039284974,0.9037785
0.07628108,0.0284972,0.8952217
0.051389128,0.03504434,0.9135666
0.06465002,0.07329385,0.86205614
0.01903387,0.961116,0.019850163
0.10815874,0.03704706,0.85479426
0.035798684,0.07370562,0.8904958
0.017208789,0.97890615,0.0038850617
0.049173295,0.11993529,0.8308915
0.061431773,0.038915176,0.8996531
0.057236657,0.036435165,0.90632826
0.060285266,0.036797702,0.9029171
0.056375094,0.036881536,0.9067434
0.062246896,0.037662588,0.9000905
0.05983965,0.0390908,0.9010696
0.061860405,0.037501916,0.9006376
0.87565714,0.01826264,0.10608025
0.060834147,0.2152221,0.72394377
0.98972845,0.008115045,0.0021565815
0.05328476,0.03707183,0.9096434
0.052748278,0.05421051,0.89304113
0.05679189,0.06045465,0.88275343
0.059287775,0.042267743,0.8984445
0.04765306,0.042156473,0.9101904
0.066407755,0.03809754,0.89549476
0.06649288,0.042972974,0.8905341
0.048369538,0.09174444,0.85988605
0.08519098,0.11165385,0.8031552
0.05584629,0.053340964,0.89081275
0.9832359,0.009315404,0.0074486784
0.039524287,0.8303416,0.13013414
0.96815854,0.0132033955,0.018637963
0.9614445,0.00991668,0.028638871
0.15845418,0.032860927,0.8086849
0.065685466,0.038993437,0.8953211
0.040996604,0.7359665,0.22303686
0.10288669,0.040686402,0.8564269
0.058983315,0.037091482,0.90392524
0.047046084,0.035738382,0.91721547
0.45939055,0.037543718,0.50306576
0.071602196,0.046683528,0.8817142
0.055814616,0.042503007,0.9016824
0.26108578,0.035076268,0.703838
0.061344903,0.041589193,0.89706594
0.06561052,0.14517291,0.7892166
0.05373376,0.03698477,0.9092815
0.07049925,0.04294828,0.88655245
0.48435637,0.056840144,0.4588034
0.30532554,0.035551697,0.65912277
0.053072713,0.038245514,0.9086818
0.056292776,0.04883642,0.8948709
0.05448636,0.89234143,0.05317223
0.09003781,0.029880388,0.88008183
0.04142486,0.71726376,0.2413114
0.06157263,0.4534112,0.48501617
0.08590857,0.03493123,0.8791603
0.13018674,0.06646042,0.8033529
0.08995905,0.042245388,0.8677955
0.5945945,0.04485374,0.3605517
0.9817724,0.013434898,0.0047927
0.05299785,0.15206811,0.79493403
0.09045717,0.033099074,0.87644374
0.016291149,0.9598661,0.023842776
0.055195082,0.043940943,0.900864
0.059604157,0.04418604,0.8962098
0.057272263,0.060728315,0.8819994
0.053169187,0.05061068,0.89622015
0.064242475,0.03539155,0.90036595
0.06279034,0.035446476,0.9017632
0.015600096,0.96892124,0.015478696
0.059341237,0.73934555,0.20131323
0.03553766,0.890936,0.07352634
0.060176075,0.035014804,0.9048092
0.045488827,0.8270436,0.1274676
0.027241314,0.9593521,0.013406644
0.052393112,0.6741568,0.27345008
0.20622458,0.065496266,0.7282792
0.041360144,0.25634813,0.7022917
0.06480973,0.4100103,0.52518
0.05126126,0.037890077,0.9108486
0.054921046,0.5122469,0.43283206
0.02971189,0.9225063,0.04778181
0.056981623,0.040287815,0.9027305
0.057326596,0.05204376,0.89062965
0.053663194,0.036918174,0.9094186
0.9882152,0.0077618505,0.004022865
0.075701565,0.04986495,0.87443346
0.065998934,0.034407392,0.8995937
0.06585749,0.03647667,0.8976659
0.058825165,0.03702817,0.9041466
0.056704428,0.05368667,0.8896089
0.064928874,0.042250026,0.89282113
0.049431633,0.051400766,0.8991676
0.06054412,0.037519347,0.90193653
0.06778812,0.04622748,0.8859845
0.056773815,0.038060345,0.90516585
0.054261584,0.038665563,0.90707284
0.061847918,0.051223673,0.88692844
0.056990366,0.060193826,0.88281584
0.054541443,0.043889526,0.90156907
0.094346635,0.058982983,0.8466704
0.08250154,0.048952196,0.86854625
0.068164624,0.037006218,0.89482915
0.06666605,0.03917182,0.89416224
0.05497847,0.041096624,0.90392494
0.04764424,0.037432928,0.9149229
0.054862294,0.052760553,0.8923771
0.061136533,0.04265935,0.8962042
0.07062356,0.05417541,0.87520105
0.08702846,0.039150264,0.87382126
0.051818643,0.05923657,0.88894486
0.061275896,0.0448523,0.89387184
0.06426238,0.041228376,0.8945092
0.07981141,0.035329737,0.88485885
0.43297857,0.032886147,0.5341352
0.047468435,0.03786362,0.9146679
0.06568776,0.040706877,0.8936053
0.05688571,0.046292942,0.8968214
0.061939724,0.06869506,0.86936516
0.06005201,0.050568864,0.889379
0.056535315,0.049552344,0.8939123
0.07643421,0.036781132,0.8867847
0.061131645,0.055335812,0.8835326
0.056339364,0.04629826,0.8973625
0.05363712,0.033828508,0.91253436
0.056767356,0.043017957,0.9002147
0.04586497,0.09041522,0.8637199
0.062183775,0.03467815,0.90313804
0.057349484,0.043799944,0.8988506
0.08783403,0.050685726,0.86148024
0.057377122,0.03893721,0.9036857
0.058914434,0.04173581,0.8993498
0.06557057,0.042418312,0.8920111
0.05577489,0.048885845,0.89533925
0.062424935,0.045426413,0.8921487
0.06995031,0.03567483,0.89437485
0.055547908,0.036500428,0.90795165
0.060873125,0.03978535,0.8993415
0.052312024,0.03614712,0.91154087
0.060108095,0.04445097,0.89544106
0.058061328,0.037689105,0.90424955
0.07161686,0.050783962,0.8775992
0.060966093,0.04532828,0.89370567
0.055615712,0.054646634,0.88973767
0.061725184,0.04267236,0.8956025
0.06431311,0.033890635,0.9017963
0.07831505,0.063112535,0.8585724
0.08141653,0.02644499,0.8921385
0.05626225,0.04409611,0.8996417
0.058696263,0.03913834,0.9021654
0.061901487,0.04562101,0.89247745
0.06557068,0.0389253,0.89550394
0.0428703,0.03783291,0.9192968
0.0845989,0.03256804,0.88283306
0.061095916,0.0459154,0.8929887
0.06560885,0.046206694,0.8881844
0.18042186,0.03886921,0.78070897
0.05032331,0.035182837,0.9144939
0.06286901,0.039074395,0.89805657
0.07000405,0.044064857,0.885931
0.06520392,0.05810695,0.87668914
0.08722786,0.042490706,0.87028146
0.093866296,0.033632882,0.87250084
0.054722123,0.058650963,0.88662696
0.045380257,0.09416586,0.8604539
0.056915697,0.040517233,0.902567
0.05018432,0.04095925,0.9088564
0.055341348,0.03609933,0.9085594
0.16233411,0.036089234,0.8015766
0.0735227,0.056647733,0.8698296
0.05682304,0.046468284,0.89670867
0.052299056,0.036386047,0.9113149
0.09898229,0.045941222,0.8550765
0.05383751,0.039120026,0.90704244
0.06808458,0.036389705,0.89552575
0.0779786,0.03308277,0.8889386
0.06498474,0.03661368,0.8984017
0.059400424,0.041326687,0.89927286
0.055482358,0.03719457,0.9073231
0.05995619,0.038540885,0.901503
0.05596865,0.038092833,0.9059385
0.055439632,0.037935987,0.90662444
0.09037395,0.049666133,0.8599599
0.06334965,0.05956963,0.87708074
0.19049415,0.040479254,0.7690266
0.06793303,0.04592092,0.886146
0.08240438,0.0526101,0.8649855
0.06765273,0.05372718,0.8786201
0.06617614,0.04145243,0.8923714
0.065125234,0.039790824,0.89508396
0.95490855,0.015150914,0.029940536
0.060305826,0.12568814,0.81400603
0.10226387,0.0324549,0.8652812
0.06913243,0.0413212,0.88954633
0.0602225,0.060843185,0.8789342
0.06814311,0.045570765,0.8862861
0.05314872,0.034198307,0.91265297
0.048699595,0.03911212,0.91218835
0.05350306,0.04772623,0.8987707
0.062734745,0.048100404,0.88916487
0.066483594,0.039621707,0.8938948
0.02659954,0.8347924,0.13860814
0.06076883,0.045803577,0.8934276
0.06262296,0.043271884,0.89410514
0.08472338,0.040591218,0.87468535
0.062127553,0.03906873,0.89880365
0.06949607,0.050572056,0.87993187
0.06373023,0.038711004,0.8975588
0.052068975,0.069827385,0.8781036
0.05482305,0.038067643,0.9071093
0.05888775,0.04479944,0.8963128
0.05294577,0.05066944,0.8963848
0.06354238,0.04023253,0.89622504
0.21857719,0.033634663,0.74778813
0.046636324,0.04235932,0.9110044
0.05930158,0.03588052,0.9048179
0.07271436,0.051336106,0.87594944
0.21245871,0.034861207,0.75268006
0.060729377,0.045550875,0.89371985
0.066581324,0.042570375,0.8908483
0.0583567,0.038103446,0.9035399
0.10316556,0.03472528,0.8621092
0.057882752,0.038445424,0.90367186
0.05807744,0.036096334,0.9058263
0.06918664,0.033587415,0.897226
0.012735698,0.9796372,0.0076271445
0.067944996,0.051790886,0.8802641
0.05422673,0.051592134,0.8941811
0.05302177,0.04711251,0.89986575
0.067550234,0.029960603,0.9024892
0.064441465,0.037680253,0.89787835
0.06447833,0.044991154,0.8905305
0.060612284,0.054332506,0.8850552
0.06350247,0.048239414,0.8882581
0.06773213,0.043116275,0.8891516
0.057181593,0.039569873,0.9032485
0.057304394,0.06963042,0.8730651
0.047853317,0.073575795,0.8785709
0.0629583,0.036831,0.9002108
0.059967246,0.03615948,0.90387326
0.053604275,0.036199693,0.91019607
0.04573416,0.10221156,0.85205424
0.065022446,0.051286515,0.8836911
0.061457917,0.034542166,0.90399987
0.061098263,0.04456968,0.8943321
0.055105973,0.035770703,0.9091233
0.055154048,0.039803635,0.9050423
0.061540075,0.05119319,0.8872667
0.06360373,0.039743938,0.8966524
0.49259743,0.029960733,0.4774418
0.056593116,0.046393387,0.89701355
0.056327306,0.04123006,0.9024427
0.053144984,0.06794029,0.8789147
0.045816425,0.04820313,0.90598047
0.058769573,0.05972421,0.8815062
0.07528648,0.049109597,0.8756039
0.058692694,0.04139641,0.89991087
0.05527565,0.04650133,0.898223
0.112940535,0.026149986,0.86090946
0.061060984,0.040339142,0.8985999
0.06291816,0.037005745,0.90007615
0.06666739,0.03301887,0.9003137
0.057756472,0.054522756,0.88772076
0.064604305,0.05006881,0.8853268
0.055818647,0.055546757,0.88863456
0.05442612,0.040624186,0.9049496
0.064071395,0.040587295,0.89534134
0.05218852,0.052958623,0.89485294
0.06598086,0.046017103,0.88800204
0.07043297,0.050311603,0.8792555
0.12028822,0.04637524,0.83333653
0.054296874,0.038483456,0.9072197
0.04941316,0.049558137,0.9010287
0.06136558,0.039950848,0.89868367
0.06047183,0.054365635,0.8851626
0.108827725,0.04988582,0.8412864
0.054002848,0.043690152,0.902307
0.0541729,0.05296969,0.89285743
0.061639786,0.043560013,0.89480025
0.20326139,0.057402533,0.739336
0.072020486,0.0450033,0.88297623
0.06695915,0.03055153,0.90248936
0.07275301,0.03179896,0.8954481
0.054515883,0.04081058,0.9046735
0.053387042,0.047159933,0.899453
0.049647484,0.047258444,0.903094
0.03384152,0.8175065,0.14865197
0.059520677,0.045524806,0.89495456
0.06076051,0.04287579,0.8963638
0.062163856,0.046377055,0.8914591
0.06751403,0.039246216,0.89323974
0.06692991,0.03886868,0.8942014
0.054539103,0.043930527,0.90153044
0.064675786,0.03813248,0.8971917
0.055002037,0.044650886,0.9003471
0.056179583,0.040662702,0.90315765
0.0534822,0.1443188,0.802199
0.044552084,0.044726457,0.9107215
0.0607243,0.05128502,0.88799065
0.06852898,0.060388092,0.87108296
0.08400302,0.042799924,0.8731971
0.057808816,0.040554594,0.9016366
0.053868085,0.040345334,0.90578663
0.0597463,0.044097204,0.8961565
0.065511435,0.036730643,0.89775795
0.07400884,0.051691733,0.8742994
0.065613806,0.033907283,0.90047884
0.07145252,0.080729455,0.847818
0.055529617,0.03814628,0.90632415
0.06433219,0.06348963,0.8721782
0.05835466,0.04779075,0.89385456
0.061335057,0.039989512,0.8986754
0.056805447,0.06109232,0.88210225
0.060370773,0.036314037,0.90331525
0.06391519,0.034161262,0.90192354
0.058241997,0.043070957,0.898687
0.05246636,0.040860843,0.9066728
0.056695443,0.06677094,0.8765336
0.0604487,0.03991515,0.8996361
0.05766512,0.038095716,0.9042392
0.060127575,0.04326599,0.8966064
0.06540705,0.048275266,0.88631773
0.04415542,0.05587221,0.8999723
0.058011614,0.049474806,0.8925135
0.06677258,0.06984053,0.86338687
0.058741234,0.039283253,0.90197545
0.061631165,0.04978874,0.88858
0.06315858,0.04776781,0.8890736
0.06071005,0.032670755,0.90661925
0.076547064,0.053386305,0.8700667
0.09964587,0.08535658,0.8149976
0.06411057,0.04131212,0.8945773
0.043974236,0.047408387,0.90861744
0.060325358,0.04711928,0.8925553
0.06675785,0.03741121,0.89583087
0.07194801,0.048115294,0.87993675
0.349664,0.04321348,0.6071225
0.053374007,0.03590367,0.91072226
0.069681406,0.03502091,0.8952977
0.050113775,0.10227598,0.84761024
0.0637418,0.07503289,0.86122537
0.062176157,0.037877835,0.8999461
0.061249986,0.040444255,0.8983057
0.051966365,0.057859555,0.8901741
0.06636646,0.047825318,0.88580817
0.071840286,0.050398093,0.8777617
0.12042841,0.03460455,0.84496707
0.061872344,0.04432626,0.89380133
0.062996514,0.040633906,0.89636964
0.0657904,0.03658213,0.8976275
0.056914907,0.047554187,0.8955309
0.068252265,0.041437536,0.8903102
0.056476444,0.03736512,0.90615845
0.0603591,0.0391424,0.9004985
0.05370866,0.05152516,0.8947663
0.065306135,0.04367353,0.89102036
0.0526327,0.042250283,0.905117
0.060815994,0.04331493,0.8958691
0.014068676,0.9700515,0.015879748
0.057866443,0.044432778,0.8977008
0.07591446,0.033818685,0.89026684
0.50691485,0.028141059,0.4649441
0.053307626,0.29153964,0.65515274
0.053934775,0.04797058,0.89809465
0.061130777,0.04362425,0.895245
0.18897344,0.0502751,0.7607515
0.077170104,0.03837022,0.88445973
0.064314656,0.034307696,0.9013777
0.06221142,0.059478614,0.87831
0.06702306,0.05141347,0.8815635
0.0817876,0.060957715,0.8572547
0.18760692,0.031692807,0.7807002
0.06087774,0.03619236,0.9029299
0.0697638,0.038246077,0.8919901
0.17555915,0.03195219,0.79248863
0.06342229,0.043355968,0.89322186
0.06090205,0.048507966,0.89059
0.06359095,0.03642817,0.89998096
0.061166484,0.085336916,0.85349655
0.058955975,0.047627583,0.8934164
0.07636367,0.03983031,0.88380593
0.066390805,0.05437212,0.8792371
0.06287605,0.0459562,0.8911677
0.060130194,0.042348213,0.89752156
0.058376275,0.04656435,0.89505935
0.06365241,0.0597959,0.87655175
0.053775337,0.039787207,0.90643746
0.03940865,0.08443215,0.87615925
0.052290607,0.05285535,0.89485395
0.056220584,0.04348634,0.9002931
0.049833953,0.10398974,0.8461763
0.0659809,0.03730222,0.8967169
0.98744196,0.007994162,0.0045638406
0.07616531,0.036277834,0.88755685
0.059027307,0.03857897,0.90239376
0.05403447,0.038711086,0.90725446
0.05785867,0.04104798,0.9010933
0.062366445,0.049795754,0.8878378
0.055616554,0.05071368,0.8936697
0.08154984,0.048104815,0.87034535
0.065053,0.04260035,0.8923466
0.07118308,0.042796917,0.88602
0.053593256,0.04127235,0.9051344
0.05261421,0.058352478,0.8890333
0.051216938,0.05151792,0.89726526
0.06982216,0.038748197,0.89142954
0.14296116,0.039859124,0.8171798
0.05989468,0.042161755,0.8979436
0.04598046,0.067590706,0.8864289
0.05974881,0.06267739,0.8775737
0.062965885,0.06781693,0.86921716
0.054913066,0.0461963,0.8988907
0.077077314,0.035202514,0.8877202
0.06812588,0.0419097,0.88996434
0.05651526,0.036703426,0.9067814
0.06303376,0.040066693,0.8968995
0.055628937,0.03952394,0.90484715
0.066647574,0.042488072,0.8908643
0.053204298,0.04647364,0.900322
0.056655418,0.04358794,0.8997566
0.04981667,0.04842564,0.90175766
0.046270613,0.0511919,0.9025374
0.0548991,0.04424209,0.9008588
0.064915456,0.04244805,0.89263654
0.058047403,0.042323478,0.8996291
0.04957906,0.033026777,0.9173942
0.089019336,0.04762536,0.86335534
0.055031937,0.03795236,0.9070158
0.0568832,0.045020297,0.89809644
0.06723876,0.044031713,0.8887296
0.051834445,0.041854013,0.9063115
0.04712221,0.03954548,0.91333234
0.056071937,0.03808867,0.9058394
0.061828528,0.037118338,0.90105313
0.05792294,0.03866043,0.9034166
0.0649194,0.050633393,0.8844472
0.061548878,0.046278406,0.89217275
0.053417936,0.038663823,0.9079182
0.056020826,0.042493723,0.9014854
0.059064332,0.04149612,0.8994395
0.13422856,0.026382817,0.83938867
0.05448362,0.05583016,0.8896863
0.06336779,0.037617568,0.89901465
0.0624773,0.10076899,0.8367538
0.057365727,0.057900406,0.8847339
0.06049077,0.056659576,0.8828496
0.064236484,0.047272593,0.8884909
0.056691203,0.03813509,0.9051737
0.05557315,0.035618886,0.90880793
0.05659378,0.0402291,0.90317714
0.054905333,0.059832443,0.88526225
0.0523367,0.059858,0.88780534
0.06020403,0.04511275,0.89468324
0.070167385,0.03661628,0.89321643
0.98597497,0.009304935,0.0047201198
0.9861813,0.009724997,0.0040937653
0.9892643,0.0072708675,0.0034648336
0.17171332,0.030113742,0.79817295
0.9902479,0.0069651846,0.0027868403
0.057444423,0.040456694,0.90209895
0.07118604,0.036679238,0.8921347
0.06373985,0.038565904,0.89769423
0.0644041,0.046524636,0.88907117
0.058871385,0.04942965,0.89169896
0.059428826,0.04350029,0.8970708
0.066445574,0.039734624,0.8938198
0.05698318,0.047286868,0.8957299
0.055991013,0.048267268,0.89574176
0.056424897,0.038685665,0.9048895
0.06052572,0.045265313,0.8942089
0.06164582,0.048694473,0.88965964
0.06920434,0.041627575,0.8891681
0.056810167,0.047559474,0.8956304
0.06239079,0.043768983,0.8938402
0.08176666,0.042586014,0.87564725
0.07513322,0.03728456,0.88758224
0.060791496,0.05066934,0.8885392
0.049302466,0.048609253,0.9020883
0.06874581,0.04235306,0.8889011
0.056691464,0.040337905,0.9029706
0.050876733,0.049071226,0.900052
0.05240495,0.037106283,0.9104888
0.07411624,0.03739558,0.8884882
0.031061525,0.8971752,0.07176323
0.059949405,0.044790547,0.89526016
0.055686094,0.042508792,0.9018051
0.060924385,0.06282764,0.87624794
0.06037285,0.035839662,0.90378743
0.053434823,0.041900538,0.9046646
0.09008807,0.0393854,0.87052655
0.058507934,0.043098938,0.8983931
0.08012791,0.036909822,0.8829622
0.060129505,0.048908815,0.89096165
0.056950964,0.04607528,0.8969737
0.06525272,0.047926757,0.8868206
0.0616063,0.04364277,0.89475095
0.060463067,0.03748742,0.90204954
0.05491292,0.039590936,0.9054962
0.08462576,0.055661757,0.85971254
0.055816833,0.038493656,0.90568954
0.071392275,0.033888392,0.8947193
0.0670634,0.046091963,0.8868446
0.05278635,0.03545639,0.91175723
0.06435507,0.04420896,0.891436
0.059146874,0.042353004,0.8985001
0.06237497,0.04662554,0.89099944
0.054083366,0.042264383,0.9036523
0.053322863,0.036827616,0.9098495
0.05776395,0.042178553,0.9000575
0.05456317,0.029752519,0.9156842
0.9543132,0.0136791775,0.032007568
0.05840425,0.04872715,0.89286864
0.05805587,0.035126805,0.9068173
0.06914908,0.046288684,0.88456225
0.05407879,0.034813747,0.9111074
0.052475337,0.040253885,0.9072707
0.07216101,0.044003576,0.8838355
0.05773185,0.038307767,0.9039604
0.054567058,0.042559166,0.90287375
0.067451954,0.037948135,0.8945999
0.06030606,0.040864937,0.898829
0.05867603,0.04166853,0.89965534
0.052548725,0.037135478,0.9103159
0.060719505,0.040015735,0.8992647
0.06795431,0.042587057,0.88945854
0.89229983,0.012145118,0.095554985
0.065574355,0.041055426,0.8933702
0.05064414,0.10275455,0.84660125
0.057332844,0.037471503,0.9051956
0.9859707,0.00688113,0.007148259
0.05420352,0.052870397,0.89292604
0.04789815,0.07955122,0.8725506
0.05918132,0.047483917,0.89333475
0.05547108,0.044009987,0.90051895
0.056935225,0.035768602,0.9072962
0.044903394,0.044336937,0.9107596
0.054120388,0.054758336,0.8911212
0.054789834,0.04041922,0.90479094
0.06663375,0.04225171,0.8911146
0.05012155,0.048342846,0.9015356
0.047773782,0.051681,0.90054524
0.052535456,0.035599377,0.9118652
0.06049144,0.047549874,0.89195865
0.0631472,0.0365825,0.9002703
0.081117004,0.0493443,0.8695387
0.05742124,0.041724075,0.90085465
0.05437343,0.049026456,0.8966001
0.051754,0.044224337,0.9040217
0.058422,0.043628052,0.89794993
0.054538585,0.035092607,0.9103688
0.064874426,0.05215353,0.88297194
0.054385513,0.05666255,0.8889519
0.064016104,0.045772593,0.8902113
0.063632965,0.038426105,0.89794093
0.058511905,0.03863626,0.90285176
0.044433385,0.04638424,0.9091824
0.056418277,0.04188558,0.90169615
0.08225182,0.038194656,0.8795535
0.056764975,0.04305818,0.9001769
0.06194716,0.038351342,0.8997015
0.064754546,0.040900044,0.89434546
0.06258076,0.033825785,0.90359354
0.05520483,0.0424512,0.9023439
0.060704466,0.04200771,0.8972878
0.06294416,0.041868474,0.89518744
0.063771494,0.032810725,0.90341777
0.051309373,0.031181548,0.917509
0.06328548,0.044548646,0.89216584
0.062428705,0.04100176,0.89656955
0.06099265,0.044038747,0.8949685
0.07665315,0.053774454,0.86957246
0.06315161,0.042212076,0.8946363
0.059707966,0.047766328,0.8925257
0.034068316,0.81339705,0.15253456
0.73344135,0.01811202,0.24844664
0.054174386,0.052507617,0.893318
0.056905076,0.03406263,0.9090323
0.061416075,0.035199467,0.9033844
0.05225193,0.044780824,0.9029672
0.17803575,0.028724937,0.7932393
0.05366256,0.054083444,0.8922539
0.052554674,0.036581744,0.9108636
0.06254312,0.040996756,0.8964602
0.0670155,0.07278016,0.86020434
0.05305229,0.04788197,0.89906573
0.05429041,0.03682452,0.9088851
0.054893944,0.039480746,0.9056253
0.05324028,0.04582881,0.9009309
0.05935455,0.04338233,0.8972631
0.0574417,0.036086787,0.9064715
0.05720283,0.054957733,0.88783944
0.06220285,0.03658503,0.90121204
0.15236996,0.04692624,0.8007038
0.04892317,0.033805452,0.9172714
0.0586665,0.044893403,0.89644
0.061322536,0.04325126,0.8954262
0.056796875,0.046469573,0.89673346
0.060139887,0.043507915,0.89635223
0.056708854,0.038277566,0.90501356
0.05385745,0.040534806,0.9056078
0.05143332,0.043100234,0.90546644
0.066090025,0.0667386,0.86717135
0.061813902,0.03778608,0.9004001
0.0546989,0.03625984,0.9090412
0.05319983,0.047432568,0.89936763
0.061244417,0.037456244,0.9012994
0.057137437,0.036336504,0.90652597
0.056895986,0.035103988,0.908
0.057713367,0.04477198,0.89751464
0.056930088,0.048174594,0.8948953
0.065208375,0.041186698,0.89360493
0.058532022,0.043582346,0.8978856
0.052034296,0.03993506,0.90803057
0.06334434,0.046707187,0.88994855
0.058236104,0.044044863,0.897719
0.06052768,0.042172678,0.8972996
0.04589169,0.033248797,0.9208596
0.97837174,0.0068014762,0.014826803
0.31040078,0.028619127,0.6609801
0.05937443,0.042185087,0.89844054
0.054533772,0.040053915,0.9054123
0.059730016,0.05738573,0.8828842
0.05335135,0.03675744,0.9098912
0.0625276,0.036847927,0.9006246
0.08397705,0.036893442,0.8791295
0.06585192,0.049610645,0.8845374
0.048260536,0.03979507,0.9119444
0.0575712,0.040983874,0.901445
0.057188347,0.053461798,0.8893499
0.056720093,0.03852894,0.90475094
0.056618307,0.03937185,0.9040098
0.05523504,0.043248765,0.9015162
0.06090987,0.050991602,0.8880986
0.0647461,0.04624936,0.8890046
0.060344517,0.041131295,0.8985242
0.065423705,0.04673339,0.8878429
0.05511919,0.037313726,0.9075671
0.069047265,0.048985757,0.88196695
0.9783051,0.014355626,0.0073392997
0.9790621,0.00718886,0.013749056
0.98261917,0.00897042,0.008410487
0.08750325,0.032190647,0.88030607
0.94683343,0.011361969,0.041804586
0.95128715,0.016129786,0.032583058
0.9657218,0.011875035,0.022403201
0.833485,0.033506803,0.13300818
0.96045786,0.01721749,0.022324646
0.97651607,0.014784237,0.008699696
0.9881016,0.007768542,0.004129872
0.9759054,0.01565129,0.008443236
0.9785991,0.011928083,0.009472821
0.1389149,0.03343509,0.82765
0.38744912,0.045779772,0.5667712
0.98842955,0.0086947465,0.0028756354
0.96946186,0.012677479,0.01786066
0.85086083,0.029400576,0.11973859
0.9852461,0.010083095,0.0046707937
0.9776242,0.014786567,0.007589205
0.9813896,0.013985107,0.0046253297
0.9826399,0.012906398,0.004453803
0.071921,0.046322457,0.8817565
0.9568443,0.014289702,0.028865991
0.12556532,0.032948166,0.8414865
0.98402727,0.011982539,0.003990199
0.9777388,0.014559029,0.0077020973
0.9816917,0.012118656,0.006189604
0.98889285,0.006834454,0.0042727175
0.98587495,0.006143561,0.007981475
0.059155863,0.043960903,0.89688325
0.0482122,0.8462768,0.105511
0.9766058,0.012438566,0.010955579
0.97663474,0.008375608,0.014989574
0.98950493,0.007726575,0.0027684802
0.06834355,0.08801233,0.8436442
0.98353094,0.01132805,0.0051409756
0.98365223,0.008568634,0.0077790064
0.95785254,0.013307485,0.028840024
0.071440615,0.035417512,0.89314187
0.9852513,0.0104541425,0.004294563
0.9906194,0.0051377313,0.004242724
0.9823054,0.009994267,0.0077003776
0.9735464,0.01478252,0.011671119
0.98813164,0.008976804,0.0028916623
0.9856001,0.010927664,0.003472286
0.97394603,0.009263505,0.01679043
0.9882585,0.005893641,0.0058477763
0.9036535,0.013788415,0.08255804
0.9808621,0.010509704,0.008628178
0.98825294,0.0048432173,0.0069037965
0.9887637,0.0074105207,0.0038258012
0.9855317,0.011023367,0.0034450255
0.9875416,0.008945201,0.0035132684
0.98505,0.010932236,0.0040178197
0.66418844,0.0220711,0.31374043
0.98550236,0.010736189,0.0037614035
0.98318255,0.013187527,0.0036299988
0.9837177,0.012664463,0.0036178147
0.9834984,0.012898766,0.003602907
0.9872701,0.009298978,0.0034309402
0.982692,0.012131005,0.0051768776
0.9888805,0.006834368,0.0042852
0.9893534,0.008601481,0.002045027
0.9829511,0.010887656,0.0061613363
0.98324907,0.013252973,0.0034979973
0.9859644,0.008092081,0.005943464
0.98897856,0.008853849,0.0021676114
0.9880376,0.0073690093,0.0045934296
0.98635,0.009409008,0.004240972
0.99004316,0.007837198,0.0021196778
0.98993415,0.005391091,0.004674722
0.9840428,0.012435754,0.0035213938
0.9896651,0.008075001,0.0022599334
0.9853302,0.011010356,0.003659307
0.9833556,0.012985357,0.003659113
0.98919463,0.00581344,0.0049919602
0.98818564,0.0092171505,0.002597279
0.98716193,0.006991106,0.005846995
0.9858651,0.0098460885,0.004288854
0.98574257,0.010068491,0.004188982
0.98788947,0.0059783757,0.006132114
0.93782705,0.012299778,0.04987319
0.9895421,0.0060767434,0.0043811905
0.9882299,0.009136904,0.0026331504
0.98976094,0.0058224504,0.0044165286
0.9822969,0.013834953,0.0038681806
0.8053081,0.018500311,0.17619155
0.98960924,0.0073735267,0.0030172367
0.9874005,0.006864243,0.00573529
0.21720652,0.03331783,0.7494757
0.98435575,0.011260311,0.004383839
0.8479386,0.016548323,0.13551307
0.98158413,0.009679663,0.008736311
0.98335266,0.011962637,0.004684636
0.9647643,0.013775069,0.021460623
0.17504437,0.026506701,0.7984489
0.9818289,0.0075995494,0.010571558
0.98325783,0.008897703,0.007844531
0.06113858,0.04350218,0.89535934
0.9812723,0.012932563,0.005795107
0.9803151,0.008514582,0.011170369
0.98788595,0.0080212215,0.00409284
0.112334035,0.31662932,0.5710367
0.9877417,0.009505461,0.0027527732
0.02218955,0.9696792,0.008131255
0.9836346,0.0107788155,0.005586517
0.9820148,0.012791567,0.0051935576
0.18318874,0.03870197,0.7781093
0.9883216,0.008071918,0.003606461
0.059645366,0.039135486,0.9012191
0.9806379,0.013852112,0.0055099893
0.98426867,0.011915457,0.003815854
0.9900344,0.0075590056,0.0024065843
0.9849476,0.007827378,0.007225015
0.9779639,0.008594288,0.013441722
0.9831951,0.011995812,0.0048090285
0.9748376,0.011789765,0.0133726075
0.6405968,0.19061239,0.16879079
0.968934,0.012720167,0.01834578
0.9898314,0.007943383,0.0022252703
0.9861102,0.008228759,0.0056610643
0.96979773,0.012124784,0.018077457
0.970712,0.009723195,0.01956482
0.98452824,0.0094376,0.0060341563
0.98905504,0.007677942,0.0032669585
0.9881762,0.008566114,0.0032576865
0.98914015,0.00857447,0.00228536
0.9834425,0.012847748,0.0037098117
0.98703164,0.007928654,0.00503976
0.04603974,0.062044058,0.89191616
0.0153415315,0.98023295,0.004425572
0.016618934,0.97917914,0.004201925
0.042224046,0.86313236,0.09464365
0.01430618,0.98162293,0.004070866
0.01523659,0.9782929,0.0064705065
0.01754131,0.9785217,0.0039369958
0.014622294,0.9800715,0.0053061973
0.012918329,0.9811499,0.0059317946
0.05424819,0.8374706,0.10828124
0.05588593,0.14502788,0.7990863
0.06652458,0.054614857,0.87886053
0.016577246,0.97767705,0.0057457513
0.017730596,0.9401081,0.0421613
0.017789297,0.9646458,0.017564883
0.013364674,0.97950613,0.007129185
0.023639586,0.9305485,0.045811895
0.060136374,0.1788123,0.76105136
0.056668043,0.12511116,0.81822085
0.018419098,0.9766137,0.0049671247
0.013966066,0.98244894,0.003585031
0.037582066,0.7195855,0.24283244
0.0631209,0.0697662,0.8671129
0.022928657,0.85286266,0.124208644
0.08841939,0.059886012,0.85169464
0.039158702,0.92133695,0.039504386
0.013632783,0.98222566,0.0041415542
0.020999279,0.96452576,0.014474925
0.066166624,0.10460424,0.8292291
0.025145194,0.9380538,0.03680104
0.012821552,0.97952235,0.0076560993
0.019334782,0.9734544,0.0072107827
0.9373709,0.02367378,0.038955305
0.015553846,0.97934705,0.005099149
0.011315825,0.97863925,0.010044864
0.018366914,0.9767041,0.004928927
0.045871425,0.040838752,0.9132898
0.014702264,0.9825487,0.002749018
0.0147427395,0.9775864,0.0076708733
0.014172101,0.9814866,0.004341283
0.012300768,0.9838738,0.0038255143
0.01312356,0.9793696,0.007506845
0.011210041,0.9828364,0.005953608
0.031566378,0.9225048,0.045928806
0.04212038,0.32856378,0.62931585
0.017168948,0.97616315,0.0066678775
0.01783365,0.9717844,0.010381978
0.017746804,0.97797364,0.004279525
0.04970865,0.66639465,0.28389674
0.029658554,0.82867557,0.14166588
0.014519966,0.9779765,0.0075034914
0.025705755,0.9599028,0.014391486
0.017380303,0.97809905,0.004520659
0.012134191,0.98343015,0.004435674
0.016877329,0.9789867,0.0041359668
0.056040075,0.13322425,0.81073564
0.0135914385,0.97162634,0.01478221
0.011910139,0.9823893,0.005700612
0.02129149,0.972234,0.006474541
0.025399145,0.8518502,0.12275064
0.028036347,0.91404223,0.057921443
0.06647155,0.061777037,0.8717515
0.017132815,0.96041244,0.02245478
0.016053088,0.96921575,0.014731143
0.020019269,0.93948144,0.04049932
0.021462344,0.95920473,0.01933289
0.02510781,0.91585547,0.05903671
0.0138374055,0.9824709,0.0036916975
0.012368052,0.98443687,0.0031950446
0.03433733,0.55040103,0.4152617
0.012471871,0.98401374,0.0035144188
0.031787433,0.9217357,0.046476826
0.01534833,0.98066735,0.0039843493
0.015357369,0.9793301,0.0053125494
0.015026767,0.98097205,0.004001186
0.05690177,0.053873517,0.8892247
0.06236391,0.54058653,0.39704955
0.05579746,0.058503795,0.8856987
0.01670149,0.96973354,0.01356496
0.012175064,0.98433673,0.0034882142
0.016976452,0.9789834,0.004040144
0.027857123,0.85067827,0.1214646
0.01625557,0.980004,0.0037404178
0.028102357,0.9499043,0.021993266
0.015330566,0.95684147,0.027827926
0.018164538,0.95096666,0.03086876
0.016618203,0.9777028,0.005678961
0.014804261,0.9692821,0.015913704
0.018004045,0.939807,0.042188972
0.019946583,0.9179652,0.062088203
0.020503482,0.96785957,0.011636987
0.041932486,0.91871405,0.03935347
0.026231151,0.90237814,0.071390755
0.032429915,0.9123241,0.055246003
0.059726734,0.062166657,0.87810665
0.014106334,0.9817137,0.004180017
0.016819812,0.9605245,0.02265565
0.018420175,0.9652923,0.016287528
0.046942472,0.26927927,0.6837783
0.016175153,0.9680398,0.015785035
0.015780147,0.9734272,0.0107927
0.032886904,0.93334746,0.033765573
0.05088899,0.07994243,0.86916864
0.08298184,0.47104326,0.4459748
0.058496743,0.054179955,0.8873233
0.036526643,0.57221043,0.39126295
0.019637505,0.97336733,0.006995133
0.025816724,0.9271146,0.04706871
0.034854017,0.8997752,0.06537074
0.052622132,0.6087326,0.3386453
0.015049,0.9776382,0.007312841
0.04858561,0.03646008,0.91495436
0.014739827,0.98121864,0.0040414673
0.02888949,0.9510994,0.020011166
0.040909994,0.9193612,0.039728843
0.010777705,0.986419,0.0028033075
0.01695545,0.9644953,0.018549317
0.028056664,0.9155984,0.056344908
0.016084017,0.9786993,0.0052166185
0.016248241,0.98051924,0.0032324442
0.015498206,0.9796631,0.0048387763
0.016584262,0.97665924,0.0067565
0.056465257,0.058542807,0.884992
0.028188195,0.8416696,0.13014215
0.014728165,0.9818796,0.003392272
0.01603369,0.97897744,0.0049888813
0.03021228,0.9472479,0.022539735
0.013224701,0.9821102,0.0046650292
0.03245135,0.8909088,0.07663984
0.016568726,0.9776519,0.0057793674
0.013050653,0.9825264,0.0044229496
0.06557871,0.8921218,0.042299468
0.029432349,0.93824255,0.032325115
0.011905714,0.981545,0.006549326
0.022170376,0.9399505,0.037879173
0.018454077,0.9727519,0.008794042
0.024879597,0.9641768,0.010943647
0.011198055,0.98514694,0.0036550548
0.018606702,0.9779278,0.003465503
0.14500372,0.09169863,0.7632977
0.014709552,0.97348255,0.01180792
0.015174357,0.98050135,0.0043242383
0.03747171,0.92125297,0.04127537
0.015234246,0.97337806,0.011387661
0.010897505,0.9848015,0.0043009943
0.016378574,0.9454284,0.03819306
0.011698474,0.9834817,0.0048198346
0.0700559,0.2698003,0.66014373
0.016185196,0.97719187,0.0066229603
0.054256734,0.063216105,0.8825272
0.01891148,0.97662723,0.0044612684
0.051778886,0.092735015,0.85548615
0.025030868,0.9086016,0.0663675
0.027775863,0.7441579,0.22806624
0.013142744,0.9831987,0.0036585294
0.016229779,0.9665778,0.017192358
0.010863144,0.9836156,0.0055213254
0.013741196,0.97468764,0.011571247
0.014243499,0.9801895,0.005566951
0.023147075,0.96850646,0.008346555
0.015203648,0.980956,0.0038403324
0.0121829705,0.98353416,0.0042828936
0.016454687,0.9723461,0.011199227
0.01450801,0.98291355,0.0025783814
0.061572287,0.12419739,0.81423026
0.062443122,0.15192945,0.7856275
0.030794103,0.94959366,0.01961219
0.015650254,0.9777489,0.0066009
0.01881246,0.95925796,0.021929653
0.012587038,0.96631306,0.021099916
0.0122682545,0.9812732,0.006458605
0.013011028,0.9824172,0.004571763
0.01611718,0.966456,0.017426826
0.017411971,0.9359228,0.04666516
0.013650152,0.98155814,0.004791654
0.050243262,0.09746312,0.8522936
0.04139748,0.89730144,0.061301116
0.0186408,0.9635894,0.017769814
0.036168613,0.6824516,0.2813798
0.049488384,0.8321424,0.11836917
0.017581316,0.97883976,0.0035788442
0.015196974,0.98004675,0.004756325
0.022170506,0.9594315,0.018397951
0.0118892295,0.9830618,0.005048987
0.01854829,0.97105724,0.010394492
0.015218491,0.9819136,0.002867859
0.011317787,0.9850418,0.0036404168
0.011983334,0.9850541,0.0029625662
0.011777464,0.98529947,0.002923066
0.0127742905,0.98356587,0.0036598956
0.012126142,0.98373806,0.0041357963
0.013268476,0.98343843,0.0032931226
0.013512995,0.98314947,0.003337474
0.015449779,0.9661673,0.018382937
0.02185812,0.96268743,0.015454385
0.015563312,0.98137957,0.003057125
0.015220297,0.98107165,0.0037081032
0.0114335455,0.9849652,0.00360124
0.014515985,0.98153496,0.0039491192
0.015124725,0.9663803,0.018495042
0.016912604,0.9696035,0.013483903
0.0155567685,0.98096704,0.003476273
0.020393044,0.9673582,0.012248803
0.021324247,0.96615213,0.012523642
0.012589495,0.98412156,0.00328898
0.021190112,0.9657168,0.013093153
0.013819111,0.98357034,0.0026105177
0.015153104,0.9815214,0.003325446
0.018999862,0.9783212,0.0026790102
0.014437481,0.98292303,0.0026395512
0.015045314,0.9812242,0.0037304738
0.012767551,0.9840074,0.0032249915
0.015373964,0.9813463,0.003279705
0.014908009,0.9818108,0.0032812573
0.015337051,0.98138314,0.0032798282
0.011562245,0.98540974,0.0030279967
0.014570385,0.982811,0.0026187117
0.018592833,0.9786314,0.0027757492
0.018546496,0.9785786,0.0028749148
0.014506635,0.9818611,0.003632207
0.019271065,0.9778561,0.002872792
0.013028562,0.98374104,0.0032304216
0.013209634,0.97430813,0.012482227
0.0128407525,0.974306,0.012853297
0.015283237,0.980809,0.003907849
0.015982307,0.98061657,0.0034011686
0.013053881,0.9741697,0.012776419
0.011993847,0.98495585,0.00305034
0.015533391,0.98092884,0.0035377818
0.015016836,0.9812816,0.00370166
0.022961957,0.96216923,0.014868851
0.019016352,0.9782145,0.0027691529
0.014966444,0.98229593,0.0027375962
0.015238673,0.9812974,0.0034638864
0.011612232,0.98533034,0.0030574657
0.012441873,0.984527,0.0030311989
0.012722692,0.9824671,0.0048101633
0.016046552,0.9802412,0.0037122078
0.012673446,0.98153555,0.0057910043
0.015963597,0.9666403,0.017396139
0.015163374,0.98122793,0.0036086582
0.011397746,0.9847621,0.003840202
0.071450815,0.031783607,0.8967656
0.018786522,0.976829,0.004384439
0.017251005,0.9660939,0.016655063
0.013572985,0.9741048,0.012322191
0.01123153,0.98472047,0.004047977
0.014167983,0.97785336,0.007978625
0.01235983,0.9823424,0.0052977577
0.2594741,0.37516665,0.36535925
0.014900148,0.97746736,0.007632579
0.01435873,0.9828263,0.0028150037
0.012726901,0.9685006,0.018772438
0.013902367,0.982755,0.0033426574
0.011522187,0.9848769,0.003600917
0.016246578,0.9789837,0.004769761
0.017018216,0.9680656,0.014916208
0.02533356,0.8364781,0.13818833
0.041883055,0.837146,0.12097093
0.046474103,0.87775874,0.075767145
0.026863433,0.94882005,0.024316536
0.011718489,0.9851643,0.0031172433
0.06809639,0.078072906,0.8538307
0.048186757,0.04702457,0.9047887
0.03199362,0.9423239,0.025682505
0.033288103,0.94658077,0.02013119
0.014430478,0.9814873,0.0040822453
0.026452128,0.94622934,0.027318472
0.092390805,0.20976202,0.6978471
0.012113871,0.9784333,0.009452737
0.01279394,0.9831566,0.0040494497
0.05456536,0.05048936,0.8949452
0.032258574,0.64793074,0.3198107
0.012290402,0.9830446,0.0046649105
0.023465523,0.9703921,0.0061423057
0.027203424,0.9631771,0.009619498
0.013497376,0.98105454,0.0054481095
0.01699885,0.9698011,0.01319999
0.014554889,0.9793717,0.006073308
0.01951757,0.9440899,0.036392476
0.050243672,0.8556364,0.09411995
0.05216695,0.12299149,0.82484156
0.01860632,0.96840435,0.012989305
0.019188667,0.97415066,0.0066606323
0.036141045,0.8363363,0.1275226
0.0127617875,0.97972864,0.007509597
0.012554768,0.97997034,0.007474863
0.017647434,0.97916836,0.0031841584
0.014747071,0.9783512,0.006901696
0.054149788,0.06247837,0.8833719
0.05990099,0.15872616,0.78137285
0.018208917,0.97589684,0.005894277
0.011664978,0.98498476,0.0033502416
0.013658453,0.9707126,0.015628938
0.009716432,0.98243034,0.007853253
0.0154395895,0.9797775,0.0047829617
0.018339872,0.96578825,0.015871836
0.02748657,0.94648963,0.02602376
0.047977187,0.099944234,0.85207856
0.024100216,0.8731127,0.102787144
0.01388257,0.98279417,0.0033232612
0.014113738,0.9831887,0.0026976028
0.01223331,0.9784782,0.009288453
0.012665433,0.9823529,0.004981699
0.017344087,0.9599907,0.02266518
0.011896868,0.9846544,0.003448688
0.020833455,0.9457608,0.033405747
0.027785841,0.9502767,0.021937521
0.044487976,0.43379095,0.52172107
0.042443413,0.18813983,0.7694167
0.01708764,0.97963834,0.003273997
0.013503612,0.97959274,0.0069037084
0.011312485,0.9845804,0.004107125
0.019252779,0.9655467,0.015200484
0.0175546,0.97974145,0.0027039417
0.015838325,0.980361,0.0038007046
0.015824735,0.9629223,0.02125296
0.012422729,0.98397267,0.0036046444
0.025096826,0.9217343,0.05316891
0.013227986,0.98235416,0.0044178586
0.017579786,0.96546423,0.016955918
0.012559181,0.9841517,0.003289081
0.016041066,0.9770395,0.0069194185
0.01724891,0.9797522,0.0029988748
0.019735074,0.96869725,0.011567712
0.02306917,0.91700625,0.05992459
0.012988502,0.9831135,0.0038979515
0.011498403,0.9857275,0.0027741184
0.017251717,0.9703888,0.012359384
0.009296588,0.98701626,0.0036871093
0.0462141,0.606082,0.34770393
0.015213855,0.9811353,0.0036508515
0.04765092,0.61915463,0.33319443
0.0940231,0.33644778,0.5695292
0.016900415,0.9793689,0.0037307
0.016552443,0.98003507,0.0034124556
0.015845504,0.9808054,0.0033490832
0.015315098,0.97472894,0.009955997
0.01527856,0.9814668,0.0032545822
0.017020648,0.9791387,0.0038407117
0.052408047,0.059444115,0.88814783
0.054353904,0.045860056,0.89978606
0.014880406,0.9804715,0.0046481583
0.016341848,0.9789716,0.0046865926
0.01262446,0.98348755,0.0038880268
0.052792527,0.05079487,0.8964127
0.06141228,0.042726398,0.8958613
0.9757528,0.014123749,0.010123403
0.05745546,0.056426767,0.8861178
0.059294432,0.04391353,0.89679205
0.028812293,0.8577879,0.11339977
0.062105697,0.04683408,0.8910602
0.02216968,0.96409166,0.013738606
0.0154039245,0.9595441,0.025051922
0.055856265,0.82321,0.12093371
0.061176535,0.045529187,0.89329433
0.05421138,0.058817174,0.8869715
0.090713434,0.048201073,0.8610855
0.047634497,0.14353581,0.8088298
0.056432594,0.049534813,0.89403254
0.0510019,0.036987267,0.9120108
0.052533604,0.043170787,0.90429556
0.072003044,0.28498623,0.6430108
0.17557338,0.038773105,0.78565353
0.05508939,0.11779749,0.82711315
0.047540486,0.1317129,0.8207466
0.3538223,0.030333474,0.6158442
0.056495275,0.05674409,0.8867606
0.016458336,0.96593606,0.01760556
0.05290579,0.064411364,0.8826828
0.042518295,0.84901345,0.10846829
0.036289938,0.052135456,0.91157454
0.077417076,0.04133733,0.88124555
0.9780799,0.014185111,0.007734939
0.05455552,0.05675647,0.888688
0.06637127,0.58125305,0.35237572
0.07399227,0.13168025,0.79432744
0.9557063,0.016047236,0.028246406
0.44477078,0.15502772,0.4002015
0.035358716,0.7545275,0.21011382
0.9830526,0.01113612,0.0058112936
0.07324919,0.040039368,0.88671136
0.011276669,0.9800265,0.008696931
0.060861245,0.050014235,0.8891245
0.018296933,0.9616471,0.02005604
0.017052578,0.9766741,0.006273293
0.058520738,0.05638887,0.8850904
0.026941359,0.87662953,0.09642919
0.0165397,0.9773697,0.00609056
0.061994698,0.059329323,0.8786759
0.06363925,0.042268865,0.8940919
0.18473668,0.111747965,0.70351535
0.082629114,0.07958013,0.83779067
0.059703432,0.2207312,0.71956533
0.08582889,0.06658301,0.84758806
0.9780132,0.014267499,0.0077193202
0.02269901,0.9614236,0.015877444
0.05553632,0.3808213,0.5636424
0.97334915,0.016423473,0.0102274865
0.0251466,0.9308059,0.04404754
0.98700166,0.0058005517,0.0071977847
0.06393641,0.04826174,0.88780177
0.060346663,0.04021918,0.8994341
0.05627079,0.047896508,0.8958326
0.048567824,0.08379484,0.8676373
0.058533393,0.040485553,0.900981
0.05511808,0.04746838,0.8974136
0.05906455,0.06189911,0.87903625
0.055592682,0.05024833,0.894159
0.049995203,0.043246124,0.9067586
0.051414594,0.072153024,0.8764324
0.041058652,0.2182532,0.74068815
0.016763933,0.94895613,0.03427999
0.053944044,0.05218234,0.89387363
0.03796035,0.04503503,0.91700464
0.09134793,0.2088424,0.69980973
0.07637226,0.10495068,0.8186771
0.048303317,0.03626595,0.91543084
0.06616228,0.33485332,0.5989844
0.017370403,0.97278047,0.009849148
0.06199241,0.048138503,0.88986915
0.08510318,0.038004782,0.87689203
0.011749256,0.9848614,0.0033893082
0.056047164,0.04687491,0.8970779
0.03523214,0.036386047,0.92838186
0.06335299,0.04657691,0.8900701
0.058290116,0.047971558,0.89373827
0.9777581,0.012600038,0.009641933
0.06530045,0.040269747,0.89442974
0.018948035,0.9727984,0.008253568
0.12532437,0.031002095,0.84367365
0.050923496,0.04024448,0.9088321
0.034608915,0.82067484,0.14471632
0.07462474,0.057891224,0.86748403
0.8269522,0.021007832,0.15203997
0.062915266,0.062608816,0.87447596
0.05454018,0.050490703,0.8949691
0.058173805,0.04550534,0.8963209
0.055295344,0.04308509,0.90161955
0.014837251,0.9771508,0.008011917
0.05170386,0.044267863,0.90402824
0.061411858,0.06048929,0.8780989
0.06566034,0.039361037,0.89497864
0.062151633,0.045693677,0.89215475
0.21154445,0.079678096,0.7087774
0.06393974,0.06155033,0.87451005
0.9699808,0.014233476,0.01578582
0.05168465,0.04108605,0.9072293
0.050895266,0.57064205,0.3784627
0.966962,0.014942915,0.018095143
0.082737304,0.032085527,0.88517714
0.018246898,0.94969755,0.032055594
0.049164318,0.5145603,0.4362754
0.04753215,0.07208963,0.8803782
0.016880406,0.9602264,0.022893224
0.0588362,0.043446694,0.8977171
0.06333829,0.048967943,0.8876937
0.020357428,0.96190387,0.017738732
0.06078291,0.05771695,0.8815001
0.05553725,0.08918267,0.85528004
0.96812785,0.018223425,0.013648716
0.049585536,0.04270368,0.90771073
0.062654495,0.05665892,0.8806865
0.050405044,0.044287246,0.90530765
0.040422328,0.067004085,0.89257354
0.053475898,0.03983705,0.9066871
0.05700938,0.046848863,0.8961417
0.014882944,0.9546537,0.030463355
0.06583578,0.07369658,0.8604677
0.0131989615,0.9773312,0.009469791
0.05386546,0.06353103,0.8826035
0.06455009,0.04000185,0.895448
0.11688278,0.06382795,0.81928927
0.021208007,0.9331431,0.04564894
0.073282994,0.058028262,0.8686887
0.074159294,0.0497639,0.8760768
0.20417026,0.17827621,0.61755353
0.07911005,0.061191235,0.8596988
0.060934376,0.044952136,0.8941134
0.050913952,0.030610649,0.91847533
0.06421375,0.045003876,0.89078236
0.08044814,0.061802324,0.85774946
0.9631844,0.009223988,0.027591575
0.055317998,0.04577075,0.89891124
0.058634467,0.04759971,0.8937658
0.14806618,0.098705605,0.75322825
0.051142655,0.037894815,0.91096246
0.063250504,0.038083408,0.89866614
0.017171983,0.9777669,0.0050611785
0.40610474,0.032547005,0.56134826
0.04171674,0.12201508,0.8362682
0.015383117,0.97524095,0.009376001
0.066230126,0.03278629,0.9009835
0.05351509,0.03913336,0.9073516
0.046812873,0.07591063,0.87727654
0.0640013,0.037697982,0.8983007
0.051816333,0.0802939,0.8678898
0.018069984,0.92771894,0.054211065
0.05601402,0.038198244,0.9057878
0.97707707,0.0153970355,0.007525931
0.9453529,0.019240685,0.03540632
0.01625657,0.9578289,0.025914585
0.05696947,0.042253505,0.900777
0.058537897,0.31181306,0.62964904
0.012806545,0.98172563,0.005467832
0.06888662,0.42779064,0.5033227
0.057828538,0.040667593,0.90150386
0.2832418,0.05980715,0.6569511
0.048674103,0.13924481,0.8120811
0.019378638,0.9737587,0.006862593
0.9055551,0.0147950165,0.079649836
0.016149573,0.9788573,0.0049931426
0.06954961,0.043800186,0.8866502
0.064553,0.04083252,0.8946144
0.05388659,0.040457845,0.9056555
0.07188476,0.041624025,0.88649124
0.06574314,0.0477244,0.8865325
0.058550265,0.04591177,0.895538
0.054154657,0.040559966,0.9052854
0.059740026,0.045072127,0.8951878
0.05571491,0.043773863,0.90051126
0.9645948,0.014363307,0.021041838
0.9570135,0.018531678,0.02445477
0.07319876,0.06796275,0.85883844
0.06728217,0.04817841,0.8845395
0.08620174,0.042340875,0.8714574
0.055786286,0.058692347,0.8855213
0.052148953,0.039595418,0.9082557
0.034683757,0.6719196,0.29339665
0.05863284,0.042812996,0.8985542
0.048346397,0.0349589,0.91669476
0.060865138,0.044291355,0.8948436
0.054780208,0.043674592,0.9015452
0.060315013,0.07092978,0.8687553
0.050411217,0.037959594,0.91162914
0.044469878,0.04025373,0.9152764
0.056835625,0.041867055,0.9012973
0.058064286,0.04773906,0.8941966
0.041634012,0.093048096,0.865318
0.014139622,0.9778039,0.008056515
0.061692465,0.03967636,0.8986312
0.049403775,0.0479774,0.9026188
0.01625627,0.94942987,0.034313854
0.053401906,0.039395325,0.9072027
0.05646163,0.046421397,0.89711696
0.053853765,0.048962638,0.89718366
0.04843009,0.049288925,0.9022809
0.058417447,0.043264028,0.8983185
0.054610644,0.04487764,0.90051174
0.047213625,0.039467722,0.91331863
0.043435745,0.057318676,0.8992456
0.056104906,0.04501557,0.8988795
0.06760269,0.04754121,0.88485605
0.05344436,0.034187626,0.912368
0.045126483,0.036455426,0.9184181
0.060404435,0.04017913,0.89941645
0.051913485,0.04216417,0.90592235
0.061598126,0.048561867,0.88984
0.055850442,0.044527855,0.8996217
0.050690018,0.04021675,0.90909326
0.06559688,0.04724766,0.88715553
0.07179549,0.055262964,0.87294155
0.056260247,0.04016814,0.9035716
0.05372421,0.054304436,0.89197135
0.056831103,0.046770826,0.89639807
0.05830059,0.05085068,0.89084876
0.05309291,0.053718757,0.89318824
0.051156867,0.038072284,0.9107708
0.05655058,0.045796055,0.89765334
0.042062487,0.16272499,0.79521257
0.052000035,0.046749294,0.90125066
0.055003442,0.049449425,0.89554715
0.05102,0.03709084,0.9118892
0.047807902,0.045707803,0.90648437
0.057007805,0.042488903,0.90050334
0.058902495,0.033105902,0.9079915
0.03826905,0.067460075,0.8942708
0.053638604,0.04399284,0.9023685
0.057123844,0.059719298,0.88315684
0.054341286,0.039026055,0.90663266
0.06413008,0.04320231,0.8926676
0.06211426,0.04321478,0.894671
0.05358893,0.0413497,0.9050613
0.05647798,0.4770589,0.46646315
0.052300412,0.050051827,0.89764774
0.05884881,0.042803176,0.89834803
0.077204406,0.052086294,0.87070924
0.053695835,0.036332417,0.9099717
0.095115125,0.024007807,0.8808771
0.012471237,0.9830032,0.0045256126
0.06838536,0.043045953,0.88856864
0.04865066,0.040077604,0.91127175
0.06200231,0.049723044,0.8882746
0.0633687,0.03408485,0.90254647
0.047435403,0.03629902,0.91626567
0.049275253,0.040731113,0.90999365
0.06025139,0.044361554,0.89538705
0.059173983,0.03353571,0.9072903
0.034581717,0.7481054,0.21731283
0.060759697,0.043763567,0.89547676
0.054155428,0.037002992,0.9088415
0.053661842,0.04929099,0.89704716
0.05825228,0.038502406,0.9032453
0.060587183,0.03815592,0.90125686
0.060418732,0.06720478,0.87237644
0.09865061,0.027649611,0.8736997
0.0405518,0.043676008,0.9157722
0.037418384,0.08133117,0.88125044
0.05219612,0.037394065,0.9104098
0.05449705,0.0358274,0.9096755
0.054732762,0.033884924,0.9113823
0.05980372,0.041424826,0.89877146
0.04147537,0.046269123,0.91225547
0.057561107,0.031417917,0.91102093
0.0540739,0.040223572,0.90570253
0.05851285,0.043018457,0.8984686
0.06441815,0.034955207,0.90062666
0.14320558,0.82796067,0.02883367
0.0545544,0.03525738,0.91018826
0.042995095,0.07553246,0.8814725
0.053497143,0.050897997,0.8956049
0.98410714,0.0124123,0.003480596
0.06950836,0.040464755,0.8900269
0.018201996,0.9660455,0.015752517
0.04688673,0.037217446,0.9158959
0.055176497,0.035868987,0.90895444
0.060669158,0.04212702,0.8972038
0.055323195,0.035528004,0.90914875
0.05705778,0.04560162,0.8973406
0.0112846065,0.98503566,0.0036797104
0.056669187,0.03541076,0.9079201
0.052826528,0.036502637,0.91067076
0.046450216,0.041739482,0.9118103
0.05390216,0.03262952,0.9134683
0.056806494,0.036179,0.9070145
0.05847394,0.049771797,0.8917543
0.05503033,0.04767131,0.89729834
0.04861421,0.07610836,0.8752774
0.07462837,0.045043916,0.88032764
0.060257606,0.036798783,0.9029436
0.070223875,0.06418982,0.8655863
0.05587642,0.041442808,0.90268075
0.05680889,0.051072568,0.8921186
0.051464938,0.03540586,0.91312915
0.055669695,0.041028224,0.9033021
0.0638166,0.03784703,0.8983364
0.060534675,0.03942915,0.9000363
0.05132201,0.050010893,0.8986671
0.053775806,0.047271967,0.89895225
0.056897867,0.04213863,0.9009636
0.05987665,0.03408339,0.9060401
0.064326696,0.06442099,0.8712524
0.06847333,0.046580892,0.88494575
0.0490511,0.0370981,0.9138507
0.051581755,0.066556476,0.8818617
0.06364781,0.039078478,0.89727366
0.0576572,0.041752584,0.90059024
0.059321288,0.032904614,0.9077741
0.093328975,0.034066625,0.8726043
0.049214993,0.03923761,0.9115474
0.05666717,0.04207036,0.9012625
0.04833338,0.039237235,0.91242933
0.05410437,0.03435726,0.9115384
0.049654637,0.037812162,0.9125333
0.05659527,0.04064479,0.90275985
0.057428483,0.04072289,0.9018486
0.055520732,0.053655114,0.8908242
0.05872813,0.04826129,0.8930106
0.07370919,0.06357233,0.8627185
0.05739679,0.049575854,0.89302737
0.055006284,0.03574088,0.9092529
0.08162181,0.033546634,0.8848316
0.06407832,0.038732853,0.8971887
0.015702868,0.9536423,0.030654784
0.070904404,0.04998501,0.8791105
0.066495866,0.042494982,0.89100915
0.057429552,0.047286414,0.895284
0.06561656,0.043053403,0.89133
0.052064825,0.032692883,0.91524225
0.060536195,0.04945648,0.8900074
0.06538642,0.051598784,0.88301474
0.055841606,0.041599393,0.902559
0.052238297,0.062490534,0.88527113
0.0452861,0.03932604,0.91538775
0.055677254,0.04045684,0.90386593
0.05010249,0.041193064,0.90870446
0.0494761,0.037713017,0.9128109
0.056686997,0.04041358,0.9028995
0.048741255,0.03962636,0.9116323
0.052188132,0.041975312,0.90583664
0.059767693,0.03804635,0.902186
0.05633134,0.051240206,0.89242846
0.056377355,0.036399957,0.9072226
0.049779847,0.034939088,0.9152811
0.069054514,0.05017718,0.88076836
0.040830486,0.041595154,0.91757435
0.05016324,0.058933824,0.890903
0.054142304,0.04386719,0.9019906
0.05511218,0.04229726,0.90259063
0.05731168,0.036057886,0.90663046
0.053188365,0.03925696,0.9075546
0.052852727,0.036024835,0.9111224
0.05507495,0.0420628,0.90286225
0.05451833,0.05435884,0.8911228
0.059443682,0.037988193,0.9025681
0.056578547,0.037396133,0.90602535
0.059866916,0.038652983,0.90148014
0.061605934,0.041461367,0.8969327
0.04925167,0.07003492,0.88071334
0.0522987,0.052708883,0.8949924
0.048530348,0.033979043,0.91749066
0.05133243,0.039666627,0.90900093
0.050902154,0.039314933,0.90978295
0.054012086,0.044407442,0.9015804
0.04120486,0.031902894,0.9268923
0.05440165,0.033515885,0.9120825
0.9748141,0.012648268,0.012537587
0.06807861,0.046041805,0.8858796
0.08912655,0.04521127,0.8656622
0.05371441,0.17674735,0.7695383
0.9874746,0.006281028,0.006244333
0.063735895,0.041251574,0.89501256
0.05166567,0.03477148,0.91356283
0.05695201,0.033710014,0.90933794
0.05088173,0.035695042,0.9134232
0.063028805,0.037949927,0.8990212
0.054102868,0.037494265,0.90840286
0.06151208,0.04771889,0.890769
0.055971224,0.5452285,0.3988003
0.046439514,0.04418326,0.9093773
0.057352718,0.05161186,0.8910355
0.057603315,0.044403847,0.8979928
0.74429137,0.02219212,0.23351653
0.060830988,0.040010985,0.899158
0.0608967,0.045542758,0.8935605
0.055781703,0.035112433,0.90910584
0.050552506,0.11177295,0.83767456
0.047123794,0.039067,0.91380924
0.06069567,0.04039257,0.8989117
0.07444195,0.06483438,0.8607237
0.010808933,0.9758438,0.013347251
0.055126164,0.031857874,0.91301596
0.10104767,0.043961626,0.8549906
0.058609575,0.054523535,0.8868669
0.05985095,0.04417444,0.8959745
0.050799917,0.09583811,0.85336196
0.059967317,0.042316068,0.8977165
0.05634493,0.044010222,0.89964485
0.058352403,0.041257,0.9003906
0.020944132,0.9714333,0.0076225917
0.0533361,0.03925084,0.90741307
0.05933984,0.0431814,0.8974788
0.048803553,0.03973517,0.91146135
0.048605043,0.03518026,0.9162147
0.06848893,0.03898572,0.89252543
0.051253494,0.03491773,0.91382873
0.054548655,0.0397919,0.90565944
0.052983742,0.039857764,0.9071585
0.06665969,0.040136106,0.8932042
0.056516085,0.039783455,0.9037005
0.052847546,0.03433822,0.91281426
0.061999332,0.036661714,0.901339
0.056899037,0.03991636,0.90318453
0.060105737,0.05837037,0.8815239
0.053416718,0.057983305,0.8886
0.062367436,0.057119906,0.88051265
0.05939486,0.044484697,0.8961205
0.054107636,0.039182153,0.90671027
0.07191441,0.04166153,0.886424
0.06290437,0.05677389,0.88032174
0.07186529,0.04576967,0.8823651
0.05413002,0.043643612,0.9022264
0.057621837,0.039699674,0.90267843
0.02054904,0.94476783,0.03468307
0.056319013,0.058391187,0.8852897
0.057445336,0.041761972,0.9007927
0.05625778,0.04505015,0.898692
0.07120727,0.046358082,0.8824346
0.066031404,0.04441805,0.8895505
0.058279235,0.039820686,0.9019
0.055035163,0.05587455,0.8890903
0.033538617,0.05909248,0.9073689
0.051836077,0.039608486,0.90855545
0.06179965,0.033159826,0.9050405
0.074361965,0.03724577,0.8883922
0.056865122,0.04926074,0.8938741
0.050555367,0.03966199,0.9097827
0.059906118,0.058919787,0.8811741
0.040177293,0.20836641,0.7514562
0.053906545,0.058059644,0.8880338
0.06068151,0.055413254,0.88390535
0.1792422,0.03216971,0.78858817
0.062121235,0.061698027,0.87618065
0.0590053,0.049881916,0.8911128
0.06958328,0.045500338,0.88491637
0.051045153,0.07456095,0.8743939
0.052491784,0.037734643,0.9097735
0.053014472,0.039300945,0.9076846
0.0829955,0.04154977,0.8754547
0.062238935,0.03866391,0.8990971
0.062008433,0.042224187,0.8957673
0.053578697,0.031313274,0.9151081
0.059267156,0.035114627,0.9056182
0.009603083,0.97858495,0.011811993
0.055427674,0.047828328,0.896744
0.054067947,0.04121314,0.90471894
0.050398093,0.038210027,0.9113918
0.05602615,0.045040265,0.8989336
0.05117532,0.03505224,0.9137725
0.058553908,0.041907936,0.89953816
0.062080126,0.036727417,0.9011925
0.06051689,0.040589456,0.8988936
0.10088121,0.056921776,0.842197
0.090150274,0.044867966,0.8649818
0.062127553,0.03906873,0.89880365
0.06078663,0.03719443,0.902019
0.046347752,0.034476377,0.9191759
0.061371416,0.037662428,0.9009661
0.061202794,0.04249756,0.8962997
0.061077774,0.040075343,0.898847
0.06818498,0.04930402,0.88251096
0.05023947,0.047426626,0.90233386
0.049372382,0.038394965,0.9122327
0.05724705,0.045507807,0.89724517
0.89976585,0.01860124,0.08163289
0.021434087,0.9440119,0.034553938
0.048637774,0.067066826,0.88429534
0.050767574,0.36822832,0.58100414
0.061295252,0.05064216,0.8880626
0.03666384,0.2954386,0.6678975
0.06103974,0.04242575,0.8965345
0.16863212,0.022141332,0.8092265
0.06906125,0.041440208,0.88949853
0.062374998,0.047060132,0.89056486
0.052885264,0.08689554,0.8602192
0.06554816,0.039255437,0.8951963
0.054810822,0.03739599,0.90779316
0.05293323,0.049580697,0.8974861
0.05357181,0.03678339,0.9096448
0.0539361,0.03736045,0.9087035
0.060916353,0.040420838,0.89866287
0.049538236,0.035611432,0.9148503
0.051173218,0.04573719,0.90308964
0.063526765,0.046138007,0.89033514
0.063335076,0.041617367,0.8950476
0.065987796,0.04287622,0.891136
0.05538895,0.040582824,0.90402824
0.05451245,0.05141013,0.8940774
0.05883485,0.041274387,0.8998908
0.06150208,0.038694292,0.8998036
0.06482709,0.04418665,0.89098626
0.100272894,0.053567488,0.8461596
0.059284925,0.050610136,0.89010495
0.05213851,0.0490514,0.8988101
0.061146192,0.038999956,0.8998539
0.056032397,0.040974166,0.9029934
0.05353208,0.0379414,0.90852654
0.052432436,0.040595856,0.90697175
0.061341353,0.044268895,0.8943898
0.05659752,0.04060673,0.90279573
0.07842526,0.04183478,0.87974006
0.051538892,0.03936218,0.909099
0.06256518,0.03934393,0.89809096
0.057903793,0.040740404,0.90135574
0.05637751,0.0504625,0.8931599
0.059550762,0.038019486,0.90242976
0.063238986,0.050026156,0.88673484
0.06560151,0.037598275,0.8968002
0.04848902,0.037929595,0.9135813
0.058095146,0.040656086,0.90124875
0.048533197,0.054301545,0.89716536
0.055168975,0.039101567,0.9057295
0.062319875,0.039170537,0.8985096
0.06384586,0.042220145,0.89393395
0.054666802,0.04433543,0.90099776
0.056249008,0.042562764,0.90118825
0.05672893,0.043665815,0.8996053
0.056973673,0.04788303,0.8951433
0.056548867,0.042311806,0.9011394
0.060342092,0.04116983,0.89848816
0.04951512,0.060726468,0.88975835
0.051878072,0.039718073,0.90840393
0.04892707,0.032832045,0.9182409
0.060988203,0.043671515,0.8953403
0.058917377,0.04212692,0.8989557
0.060252294,0.0382053,0.9015424
0.049489927,0.056851413,0.8936586
0.05554776,0.039159138,0.9052931
0.04974697,0.03914229,0.9111107
0.0663162,0.0376753,0.8960085
0.06332318,0.045721464,0.8909554
0.04987801,0.039283738,0.91083825
0.050890394,0.039536834,0.9095727
0.0584093,0.041641455,0.89994925
0.0510234,0.03568971,0.9132868
0.053099032,0.047043134,0.8998578
0.05799296,0.040584575,0.9014224
0.053618286,0.039497055,0.90688455
0.04884725,0.054333627,0.8968192
0.065274656,0.040648866,0.89407647
0.05406921,0.036318082,0.90961266
0.059211235,0.04262744,0.8981613
0.04561718,0.0461549,0.90822786
0.070543446,0.039745566,0.88971096
0.05780727,0.0401398,0.9020528
0.053407673,0.062470384,0.8841219
0.0605599,0.041662835,0.89777726
0.05534105,0.03699131,0.90766764
0.05999396,0.04057413,0.89943194
0.05284313,0.039308053,0.9078488
0.0629282,0.041674316,0.89539754
0.051145874,0.036498807,0.9123553
0.055115998,0.03958243,0.90530163
0.06549335,0.053926002,0.88058066
0.054091014,0.0487242,0.8971847
0.05792982,0.03898731,0.9030828
0.04801425,0.033552095,0.9184337
0.061380867,0.043653257,0.89496595
0.092916325,0.026163502,0.8809202
0.049923867,0.037064053,0.9130121
0.05696005,0.042411868,0.90062803
0.054014977,0.038171668,0.9078133
0.053968716,0.035445433,0.9105858
0.054754984,0.07609404,0.869151
0.05867541,0.045186132,0.8961385
0.048265774,0.04280288,0.9089313
0.048210736,0.078675196,0.87311405
0.05231517,0.038311996,0.90937287
0.05795027,0.04217021,0.8998796
0.05331043,0.046771433,0.8999182
0.058532357,0.039181806,0.9022858
0.048567384,0.03548065,0.91595197
0.047781177,0.03645665,0.9157622
0.05406666,0.041677598,0.90425575
0.09553284,0.050910823,0.85355633
0.04269804,0.034968443,0.92233354
0.06390919,0.04866705,0.88742375
0.045550827,0.033260673,0.92118853
0.05868292,0.044188183,0.8971289
0.06027365,0.050979037,0.88874733
0.06212281,0.03914212,0.898735
0.05161252,0.06081441,0.887573
0.06132133,0.04501725,0.89366144
0.06142466,0.039465565,0.8991098
0.061742213,0.041532803,0.89672494
0.071336195,0.03726259,0.8914012
0.05569943,0.05842953,0.88587105
0.06412296,0.045050096,0.89082694
0.063756116,0.047914617,0.88832927
0.062300503,0.0434079,0.8942917
0.056779914,0.055899624,0.8873204
0.05078209,0.040250473,0.90896744
0.06112515,0.039330702,0.89954424
0.053577077,0.042445086,0.9039779
0.053993616,0.05174798,0.8942584
0.054761395,0.037821144,0.9074175
0.065772004,0.045138225,0.88908976
0.05553498,0.039380196,0.90508485
0.060950268,0.039008096,0.9000417
0.06432225,0.2575239,0.67815393
0.07226268,0.049544264,0.878193
0.0572301,0.049287274,0.8934826
0.049782407,0.05478217,0.8954354
0.049669903,0.03662429,0.9137057
0.06881611,0.049590595,0.8815933
0.075821936,0.04621343,0.8779646
0.054207265,0.035636894,0.9101558
0.074476674,0.042684905,0.8828384
0.06094524,0.03732791,0.90172684
0.01761898,0.8793061,0.10307494
0.070905074,0.042215493,0.88687944
0.06854991,0.044215944,0.88723415
0.05496238,0.043140467,0.9018972
0.10351675,0.033969924,0.8625133
0.08959666,0.057006747,0.85339653
0.062072482,0.04603835,0.89188915
0.056374975,0.044379048,0.89924586
0.05577404,0.035245016,0.90898097
0.06728963,0.05109136,0.881619
0.054066684,0.044322293,0.9016109
0.058400594,0.14167795,0.79992145
0.050535575,0.043141026,0.90632343
0.05311124,0.052955873,0.893933
0.062023327,0.053729158,0.88424754
0.05517708,0.042492054,0.9023308
0.014846536,0.96260345,0.022550007
0.018045979,0.95403117,0.027922878
0.05157853,0.08282569,0.86559576
0.061075404,0.04274173,0.8961828
0.98345125,0.010005925,0.0065428494
0.06512043,0.034602087,0.90027755
0.06128423,0.042099435,0.89661634
0.058920544,0.04031789,0.9007616
0.06581282,0.04193543,0.89225173
0.018185245,0.95298094,0.028833793
0.06185726,0.047173545,0.8909692
0.048532806,0.048155114,0.903312
0.080730245,0.04196418,0.8773056
0.053452056,0.036273587,0.9102744
0.06337115,0.03492859,0.9017003
0.08720647,0.047808543,0.864985
0.052954003,0.8218938,0.12515226
0.07031152,0.074372634,0.85531586
0.05878191,0.65617776,0.2850403
0.06033979,0.03813023,0.90153
0.018028235,0.97855777,0.003413973
0.06319595,0.06441092,0.87239313
0.06071903,0.047892194,0.8913887
0.05559914,0.04400402,0.9003969
0.06804369,0.052992478,0.87896377
0.014379641,0.9789852,0.0066351146
0.97933793,0.007767611,0.012894471
0.055628017,0.05617392,0.8881981
0.058244105,0.050900728,0.8908552
0.05032105,0.034332734,0.9153462
0.05502725,0.049037933,0.8959348
0.057145968,0.038403474,0.90445054
0.052013915,0.040311165,0.9076749
0.052285742,0.03707614,0.9106381
0.05721167,0.04126843,0.90151995
0.06721224,0.038315084,0.89447266
0.05681384,0.040032126,0.9031541
0.06644944,0.037493803,0.89605683
0.047615107,0.0375748,0.91481006
0.055919368,0.035840787,0.9082398
0.056845482,0.04214097,0.9010136
0.051302575,0.0371146,0.91158277
0.052301716,0.04387076,0.90382755
0.061109666,0.041328687,0.8975616
0.055674136,0.03608661,0.9082393
0.0598075,0.04267993,0.8975126
0.05281775,0.040655278,0.906527
0.056298528,0.042600237,0.90110123
0.048693173,0.034326904,0.91697997
0.057352938,0.03757626,0.9050708
0.056449674,0.042672917,0.90087736
0.051250752,0.037642606,0.91110665
0.059771467,0.057594042,0.8826345
0.054589037,0.04173242,0.9036785
0.053121712,0.037357546,0.90952075
0.05497989,0.05595488,0.88906527
0.05346667,0.04221309,0.9043202
0.056762587,0.043098435,0.90013903
0.054633994,0.040501535,0.9048645
0.060125187,0.057204016,0.88267076
0.06284514,0.042502392,0.8946525
0.056800652,0.042896323,0.90030307
0.06145217,0.038156517,0.9003913
0.057962295,0.060241822,0.8817959
0.059897125,0.13868818,0.80141467
0.0653462,0.043957133,0.89069664
0.05911278,0.06413499,0.87675226
0.04005757,0.82446253,0.13547993
0.05585883,0.042185053,0.90195614
0.060980864,0.034559727,0.9044594
0.057476323,0.05261463,0.889909
0.05623347,0.060684234,0.8830823
0.04401075,0.2802013,0.6757879
0.05698358,0.35786846,0.5851479
0.057037503,0.049001623,0.8939609
0.05414204,0.047826868,0.89803106
0.058344133,0.04665247,0.8950034
0.060690787,0.041347127,0.89796203
0.01388189,0.98082846,0.0052895932
0.05952278,0.051588193,0.8888891
0.06039147,0.049993,0.8896155
0.08226768,0.04272161,0.8750107
0.019625708,0.94839394,0.031980343
0.06427529,0.041035797,0.89468884
0.056049004,0.043332465,0.90061855
0.060516853,0.05668401,0.88279915
0.057207987,0.049654648,0.8931374
0.0502627,0.037681807,0.91205543
0.061432738,0.0428451,0.8957222
0.060713984,0.046664815,0.8926212
0.049177114,0.041310303,0.9095126
0.061330132,0.033902813,0.9047671
0.048075996,0.0821001,0.86982393
0.05249631,0.037207287,0.9102964
0.07347008,0.050077785,0.8764522
0.8605215,0.018158525,0.121320054
0.055108055,0.045887392,0.8990046
0.06595891,0.05238201,0.8816591
0.97735995,0.012460333,0.010179765
0.058070973,0.045005433,0.8969236
0.06348631,0.052375633,0.8841381
0.057568394,0.043667603,0.8987641
0.05807608,0.046234515,0.8956894
0.061084475,0.043911647,0.89500386
0.047280766,0.046547744,0.9061715
0.059694014,0.04798891,0.8923171
0.05843931,0.04553481,0.89602584
0.05823485,0.03923089,0.90253425
0.056107577,0.039245978,0.9046465
0.062971815,0.039696444,0.8973317
0.06496615,0.041700244,0.8933336
0.056364562,0.039272025,0.9043634
0.050727222,0.043943644,0.90532917
0.052275207,0.035044543,0.9126802
0.055317998,0.04577075,0.89891124
0.06127551,0.04135998,0.89736456
0.07973756,0.042245038,0.8780175
0.056043055,0.046506714,0.8974502
0.05659289,0.041566294,0.90184087
0.059797302,0.043281198,0.8969215
0.054196674,0.038487535,0.90731585
0.058297336,0.036875546,0.9048271
0.04970175,0.03689915,0.9133991
0.05955571,0.04014031,0.900304
0.05346956,0.041277744,0.90525264
0.056874212,0.03724442,0.90588146
0.053263616,0.05373382,0.89300257
0.050057735,0.03492887,0.91501343
0.05287713,0.052773956,0.89434886
0.068868086,0.036290932,0.89484096
0.0587603,0.04468066,0.89655906
0.054795202,0.055658102,0.88954675
0.058185775,0.039159566,0.90265465
0.07258541,0.046160623,0.8812541
0.05771297,0.045654714,0.8966324
0.051135927,0.037576612,0.9112875
0.0508768,0.046869908,0.90225327
0.05657444,0.04187865,0.9015469
0.7414454,0.029201688,0.22935285
0.062378675,0.042207524,0.8954138
0.05121758,0.03782083,0.91096157
0.060283463,0.042977594,0.89673895
0.053165354,0.0606871,0.88614756
0.015003789,0.98138696,0.003609243
0.045372084,0.040631574,0.9139964
0.05542314,0.038222153,0.9063548
0.0534348,0.039246745,0.9073184
0.057349678,0.03807277,0.90457755
0.052766874,0.0415793,0.9056538
0.049986746,0.043408036,0.90660524
0.05414725,0.039364308,0.9064885
0.053463463,0.03651236,0.91002417
0.05689939,0.03415916,0.90894145
0.04652506,0.03482865,0.91864634
0.012930124,0.9830052,0.0040646726
0.058484584,0.035110816,0.9064046
0.98565257,0.010397299,0.003950225
0.9896819,0.0054108123,0.0049073934
0.98372006,0.011056961,0.0052229385
0.97908795,0.011332073,0.009579912
0.9894282,0.0062505794,0.0043212012
0.9874071,0.008961467,0.0036313834
0.9825895,0.013077007,0.004333447
0.9856243,0.010386853,0.0039888765
0.9919253,0.004647672,0.0034269786
0.9837135,0.0122030545,0.004083521
0.9870437,0.010101492,0.0028548269
0.9864283,0.010294303,0.0032774294
0.9837149,0.012559738,0.0037253627
0.98682225,0.009322031,0.0038557597
0.98820764,0.009289647,0.0025027175
0.9828318,0.012517864,0.004650256
0.98787946,0.00848032,0.0036402235
0.98924947,0.008500378,0.0022501773
0.98891747,0.0066697835,0.0044127647
0.9809155,0.013856034,0.0052284314
0.9845136,0.011699318,0.003787101
0.98412955,0.00942457,0.006445855
0.015145721,0.9815223,0.0033319504
0.98295987,0.013030936,0.0040092943
0.9882067,0.0083924895,0.0034008208
0.9825644,0.013051158,0.0043844157
0.98372805,0.011967204,0.0043047057
0.9883499,0.009146942,0.002503078
0.98350865,0.012344329,0.004146964
0.9692017,0.0124654025,0.018332936
0.9836406,0.012071773,0.0042875423
0.98504674,0.010130399,0.004822793
0.98384976,0.012097946,0.004052304
0.98757035,0.009024429,0.0034052753
0.98521,0.01034201,0.004448043
0.9829301,0.012734906,0.0043349494
0.9889699,0.007058843,0.0039712694
0.99103117,0.0067364634,0.0022323234
0.980995,0.013177473,0.005827516
0.9909785,0.0067229616,0.0022985686
0.9888032,0.0064260657,0.0047707856
0.98407745,0.012303315,0.003619138
0.9844528,0.0118480595,0.0036991446
0.99006236,0.007822057,0.0021155828
0.985407,0.008182839,0.0064102514
0.9916021,0.0064947987,0.001903059
0.9857443,0.011112221,0.0031435417
0.9887206,0.0077204504,0.0035589254
0.98988414,0.007190662,0.0029252185
0.99092394,0.007163153,0.0019129332
0.9874373,0.00975642,0.0028062016
0.98426926,0.008967952,0.006762758
0.99029833,0.00719367,0.0025080123
0.98433983,0.012151347,0.003508724
0.9849439,0.009836889,0.0052192328
0.9859831,0.009089462,0.004927398
0.98950934,0.008321885,0.0021687746
0.98248166,0.009898918,0.0076194685
0.99008673,0.0063284677,0.003584786
0.9880311,0.008212646,0.0037563527
0.9859481,0.009331983,0.004719991
0.9890793,0.008666541,0.0022541888
0.98674417,0.008937976,0.004317904
0.977544,0.010102447,0.012353625
0.9899158,0.007254372,0.0028297773
0.98351395,0.013551048,0.0029349157
0.9894434,0.0062690144,0.0042876396
0.06696201,0.052277543,0.88076043
0.9828128,0.0121443495,0.005042781
0.988901,0.00881864,0.0022803491
0.98732543,0.008190767,0.0044837883
0.9841703,0.011581583,0.004248162
0.9890933,0.008717595,0.0021891368
0.9854746,0.00885701,0.0056684758
0.9890808,0.0075812815,0.0033379933
0.9888108,0.0088956775,0.0022935406
0.986678,0.008561484,0.0047605317
0.9874419,0.0072433115,0.005314869
0.99032086,0.0077027986,0.0019763114
0.98910415,0.0068693743,0.0040264837
0.99169344,0.0048128483,0.003493753
0.98953336,0.007496386,0.0029702312
0.98978966,0.0060368543,0.004173448
0.98924655,0.008458949,0.0022945516
0.9892236,0.0062310044,0.004545364
0.9913032,0.0053513064,0.0033454935
0.989122,0.00750059,0.0033774811
0.9914791,0.005122143,0.0033987802
0.98905283,0.008007203,0.0029399376
0.98878187,0.007720929,0.0034971298
0.98298657,0.012434543,0.004578882
0.9846992,0.01226309,0.0030376562
0.9842572,0.009763062,0.005979708
0.9843217,0.011337157,0.0043410864
0.9878891,0.007491241,0.004619729
0.9916666,0.0066039516,0.0017294864
0.9894739,0.008297244,0.0022288156
0.9877352,0.008413097,0.0038517963
0.98445904,0.012308085,0.0032327792
0.98836875,0.006672596,0.0049586524
0.9898173,0.008084134,0.0020986
0.9893015,0.0074435715,0.0032550325
0.9894326,0.0066863038,0.0038810899
0.987022,0.008759011,0.0042190677
0.99028826,0.005640808,0.004070865
0.9844981,0.010425767,0.005076154
0.9869336,0.008037001,0.0050294264
0.9899395,0.0080300495,0.0020303146
0.98872674,0.008138561,0.0031346318
0.9849166,0.010962827,0.0041205822
0.987713,0.0072878785,0.004999107
0.9858155,0.007980995,0.006203477
0.984735,0.012043969,0.0032210788
0.98959535,0.008201584,0.0022031195
0.9896616,0.0074535552,0.0028848485
0.9857479,0.0089464085,0.0053057508
0.9894104,0.0053672316,0.0052224603
0.9882152,0.008795329,0.0029895392
0.9899738,0.004976415,0.005049848
0.99083346,0.005682627,0.003483912
0.98603547,0.009036839,0.0049276603
0.9896164,0.0073663825,0.0030172586
0.98622,0.010312252,0.0034676907
0.9889486,0.0070724906,0.003978947
0.98696893,0.010673703,0.002357329
0.9892693,0.0067113666,0.004019298
0.9834251,0.009603573,0.0069714463
0.98748386,0.007444421,0.0050716987
0.99111056,0.0054985816,0.0033908878
0.9890085,0.008366553,0.0026249513
0.6120518,0.04637399,0.3415742
0.9891461,0.008254093,0.0025998035
0.98671895,0.009645154,0.0036359471
0.9892729,0.00836879,0.0023582214
0.99082524,0.0065087504,0.0026659737
0.98754615,0.010280838,0.0021729434
0.9901596,0.0075969654,0.002243467
0.9859104,0.01016903,0.00392051
0.9870957,0.007844449,0.005059813
0.99155223,0.0050087464,0.0034390977
0.9886218,0.008445354,0.0029329222
0.98947513,0.0073008807,0.0032239656
0.9839601,0.011842129,0.004197773
0.9893714,0.0075465706,0.0030820207
0.9859455,0.010804139,0.0032503328
0.9911322,0.005293216,0.003574581
0.98521787,0.0071637575,0.007618337
0.9861071,0.009388336,0.004504573
0.9862279,0.010222095,0.003549953
0.98453623,0.012035659,0.0034281285
0.98664725,0.008536171,0.0048164977
0.9838194,0.012469408,0.0037112336
0.98978895,0.007950803,0.0022602163
0.9884515,0.008072978,0.0034755366
0.985194,0.010880576,0.0039253207
0.9892866,0.008409869,0.002303625
0.9912307,0.0051308707,0.0036383325
0.9891139,0.008881043,0.002004987
0.98419327,0.011839154,0.0039675566
0.98702455,0.010371181,0.0026043807
0.9902172,0.0049582324,0.0048244926
0.988663,0.009123072,0.0022139784
0.98376495,0.011497945,0.0047372156
0.98677945,0.008765414,0.0044551287
0.9912375,0.005201537,0.0035610232
0.98926467,0.008592315,0.0021429777
0.990186,0.006298274,0.0035158026
0.98986536,0.0074187773,0.002715922
0.98589015,0.010656833,0.003453016
0.9910636,0.005617727,0.003318656
0.9888704,0.008605682,0.002524038
0.98399425,0.01306377,0.0029420897
0.98836154,0.008443131,0.0031952763
0.9873488,0.00859244,0.0040587815
0.9884228,0.008418954,0.003158246
0.9857772,0.009883743,0.004339023
0.99010766,0.006977813,0.002914472
0.9894048,0.008460301,0.0021349252
0.9886672,0.008833792,0.0024989962
0.9826356,0.010820574,0.00654381
0.99022806,0.0068570613,0.0029148264
0.9898375,0.008171609,0.0019908396
0.9885505,0.008411823,0.0030376478
0.98212206,0.014397569,0.0034803662
0.98787516,0.009637613,0.0024872592
0.98862237,0.009185273,0.0021923725
0.9889802,0.0065284297,0.0044913036
0.98961127,0.0061668437,0.0042218817
0.98724407,0.0070327753,0.005723192
0.984446,0.012295909,0.0032580914
0.985692,0.009275054,0.00503292
0.989101,0.0064594643,0.004439521
0.013612633,0.9831714,0.0032159642
0.018343367,0.9622063,0.019450285
0.03312625,0.9447421,0.022131585
0.018111255,0.977798,0.0040908
0.018155968,0.97116023,0.01068377
0.016549654,0.97319454,0.010255864
0.01269006,0.9837826,0.0035273456
0.015811631,0.9801435,0.004044932
0.015773753,0.979707,0.004519256
0.019704813,0.97622687,0.004068304
0.015995394,0.9804616,0.0035430097
0.014469251,0.98172474,0.0038059915
0.014056315,0.9820613,0.0038823886
0.025697477,0.9699574,0.0043451013
0.01665011,0.9695868,0.013763047
0.014300789,0.98221177,0.003487489
0.028984483,0.9477259,0.023289686
0.020470075,0.9762417,0.0032882348
0.02519067,0.9564155,0.018393926
0.012102748,0.97849005,0.009407238
0.017737124,0.97696316,0.0052997093
0.017935604,0.9687877,0.013276646
0.012972935,0.9824149,0.004612111
0.030657606,0.9640305,0.0053119077
0.016652308,0.97970927,0.003638432
0.015979365,0.98043597,0.0035846801
0.013610062,0.9825058,0.0038841455
0.09887606,0.8933496,0.007774409
0.021017505,0.9672502,0.011732325
0.0991238,0.8821876,0.018688576
0.01792444,0.9786412,0.0034343281
0.02322965,0.96016884,0.01660148
0.017865041,0.97826004,0.0038749217
0.017306332,0.97965974,0.0030339384
0.026705375,0.9689116,0.004383011
0.012456384,0.983752,0.0037915697
0.03573902,0.9362365,0.0280245
0.016777037,0.97936624,0.00385664
0.018286789,0.9781578,0.0035554564
0.02082071,0.9761385,0.0030407985
0.016751772,0.97980314,0.003445128
0.013905125,0.9819905,0.0041043307
0.016644606,0.97877824,0.004577123
0.023094114,0.96205336,0.01485255
0.012476105,0.9843478,0.0031760908
0.017661741,0.97805005,0.004288227
0.018261138,0.9782177,0.00352112
0.07866297,0.9126984,0.008638675
0.018453846,0.97845614,0.0030899765
0.027766176,0.9523902,0.01984359
0.014369388,0.9821161,0.003514499
0.015757866,0.97300243,0.011239666
0.039405763,0.95471424,0.0058800676
0.015080408,0.98159385,0.0033256917
0.017773373,0.9794377,0.0027889092
0.013837618,0.9829658,0.0031965072
0.021561604,0.96176064,0.016677793
0.015647497,0.98092353,0.0034289174
0.017545179,0.97206974,0.010385026
0.013245023,0.9831392,0.0036156874
0.01219483,0.9835307,0.004274522
0.026689747,0.9528665,0.020443765
0.012923823,0.9825262,0.0045499993
0.012704274,0.9844037,0.002892028
0.015643703,0.9806857,0.0036706228
0.020957716,0.9753915,0.0036508073
0.018075388,0.9777695,0.0041551
0.017133048,0.9726961,0.010170841
0.017734658,0.979215,0.0030503822
0.025325814,0.9709826,0.0036915368
0.012231047,0.98500764,0.0027612855
0.03650075,0.95479137,0.008707871
0.012629289,0.9838637,0.003507027
0.0188104,0.97807056,0.0031190703
0.01871558,0.954318,0.026966374
0.016650539,0.9658315,0.01751791
0.018113919,0.9566882,0.025197856
0.013160035,0.9830511,0.0037888682
0.014748308,0.98226273,0.0029889941
0.031407848,0.94516045,0.023431683
0.012868359,0.9830982,0.0040334226
0.013405264,0.9839213,0.0026733777
0.012961436,0.98394334,0.003095191
0.013168664,0.9832154,0.0036159675
0.01758939,0.9783335,0.004077083
0.014617701,0.97689736,0.008484898
0.016575575,0.9804468,0.0029776474
0.015900183,0.9798743,0.00422549
0.016976258,0.9656789,0.017344927
0.04378057,0.73043716,0.22578223
0.021758216,0.9554839,0.02275792
0.018218124,0.9650149,0.016766941
0.017619992,0.96956426,0.012815751
0.018148862,0.97791654,0.003934561
0.016421549,0.9684945,0.015083983
0.012831701,0.9831738,0.0039945324
0.018267851,0.97809964,0.003632454
0.015155228,0.9797435,0.005101213
0.018738782,0.9781601,0.0031011316
0.02318884,0.9500949,0.026716271
0.04336377,0.55552703,0.4011092
0.018466307,0.97768366,0.0038500142
0.013815226,0.9813752,0.0048095114
0.017725835,0.97920585,0.0030682795
0.017398017,0.9795742,0.0030277541
0.01785304,0.9766486,0.0054983026
0.0159357,0.97346956,0.010594751
0.017609216,0.96613663,0.016254086
0.013097641,0.9836595,0.0032427965
0.015457425,0.98138845,0.003154197
0.016596131,0.97879076,0.0046130815
0.02207591,0.9737047,0.0042194375
0.013208663,0.98283696,0.003954358
0.016980734,0.97923034,0.0037889138
0.015797203,0.9797274,0.00447543
0.019830419,0.9658024,0.014367252
0.018595088,0.97779477,0.0036101067
0.013696911,0.98203915,0.0042638737
0.01586864,0.97126806,0.012863371
0.018080436,0.9789981,0.00292144
0.025990654,0.9416002,0.032409128
0.019505199,0.976774,0.003720815
0.024368865,0.97198594,0.003645173
0.017898662,0.9781887,0.003912663
0.014205243,0.9828215,0.0029732224
0.020921651,0.97371304,0.0053652595
0.048633475,0.90695536,0.044411197
0.01340719,0.98310214,0.0034906503
0.01582608,0.98008156,0.004092353
0.015251932,0.9792779,0.005470202
0.0644333,0.04391824,0.8916484
0.02736954,0.9563669,0.016263492
0.01783748,0.9786604,0.0035021326
0.017158197,0.97984844,0.0029933176
0.011364258,0.9857115,0.0029242884
0.012701329,0.98369503,0.0036036274
0.018153256,0.9767214,0.005125364
0.012729009,0.98439586,0.002875109
0.0145588145,0.981072,0.004369215
0.016248753,0.9805501,0.0032011317
0.018639106,0.9701108,0.011250122
0.059689637,0.26614544,0.67416495
0.012198795,0.98337007,0.004431073
0.014705825,0.97704494,0.00824922
0.019576592,0.9675093,0.012914089
0.021454595,0.9715835,0.0069618877
0.0168587,0.97838384,0.0047575375
0.019615551,0.9765613,0.0038231278
0.018157646,0.97219896,0.009643453
0.015431233,0.96689403,0.017674727
0.014916594,0.98141724,0.0036661935
0.018559715,0.97832036,0.0031198668
0.06359186,0.040798195,0.89561
0.014897547,0.98256,0.002542455
0.014049442,0.97346693,0.012483636
0.013552412,0.9764351,0.010012459
0.017391194,0.9796682,0.0029406194
0.013062897,0.98248833,0.004448769
0.014234025,0.98241144,0.003354567
0.013624122,0.97777486,0.008601022
0.013949796,0.983223,0.0028271624
0.017115759,0.9798141,0.0030701852
0.016074225,0.9657646,0.018161196
0.016514722,0.973039,0.010446264
0.012975723,0.9835861,0.0034382243
0.034212265,0.94569504,0.020092722
0.016230121,0.9803828,0.0033871005
0.016014727,0.98068845,0.0032967671
0.016699051,0.9800637,0.0032372589
0.01606065,0.9806234,0.0033159212
0.01952882,0.9774793,0.0029919178
0.016604256,0.9754522,0.007943503
0.011984818,0.9842144,0.003800768
0.018048797,0.9791955,0.0027557355
0.016782878,0.9744591,0.008758008
0.018676486,0.9782462,0.0030772695
0.0231796,0.8381216,0.13869879
0.013929042,0.98319936,0.0028716144
0.039211757,0.6586984,0.30208993
0.016521512,0.97439,0.009088473
0.0126884235,0.9841361,0.0031754079
0.013679476,0.98174745,0.00457311
0.017751535,0.97895116,0.0032973608
0.017262552,0.9800484,0.002688987
0.015312424,0.98076457,0.0039229663
0.011529686,0.98551786,0.002952406
0.011428701,0.9840672,0.0045040427
0.0122406725,0.98482054,0.0029388147
0.01825145,0.9499344,0.031814072
0.019281918,0.9769746,0.0037434495
0.016707534,0.97960436,0.0036881224
0.015160936,0.9772454,0.007593677
0.015436367,0.98196757,0.0025961027
0.015185265,0.9812061,0.0036085781
0.012684048,0.98043996,0.0068760235
0.013470817,0.9829563,0.0035728982
0.016871966,0.9801104,0.003017601
0.014523748,0.98158056,0.0038956758
0.0133656785,0.9829337,0.003700657
0.010913722,0.986267,0.0028193467
0.011880737,0.9852417,0.0028775793
0.012548267,0.9842572,0.0031944616
0.016560145,0.98049104,0.0029488432
0.013689349,0.98341584,0.002894774
0.010826315,0.9860415,0.0031322301
0.022722188,0.9624053,0.0148725
0.01776155,0.9792644,0.0029740562
0.01343152,0.98344445,0.0031239805
0.01764198,0.9726721,0.0096859075
0.016326794,0.9809394,0.0027338155
0.019297859,0.9715954,0.0091067655
0.014776557,0.98174435,0.0034790277
0.012708259,0.9842317,0.0030600273
0.016847087,0.98009974,0.0030531383
0.015053439,0.981754,0.0031925666
0.015764773,0.9810635,0.0031716824
0.021983756,0.96444595,0.013570278
0.0120029105,0.984738,0.0032590579
0.017177884,0.9800151,0.0028069522
0.02348653,0.96417314,0.012340327
0.01896626,0.9780226,0.0030111729
0.01806434,0.9757414,0.0061942865
0.016474849,0.9806942,0.0028309277
0.016463544,0.98049986,0.0030365402
0.01570794,0.9780041,0.0062879734
0.018219242,0.97883695,0.0029438683
0.014614783,0.9824421,0.0029431914
0.014392861,0.9818009,0.0038062867
0.020867493,0.97523165,0.003900835
0.017829854,0.978242,0.0039281906
0.011643848,0.9856039,0.0027521853
0.020792961,0.96819633,0.011010754
0.017842304,0.97225595,0.009901686
0.018240025,0.9718527,0.009907249
0.017279396,0.9800473,0.002673274
0.017843148,0.9405486,0.041608285
0.015582,0.9744358,0.009982205
0.014776758,0.9817577,0.0034655114
0.01793681,0.9778832,0.004180004
0.016163921,0.9806841,0.0031519334
0.01594887,0.97047573,0.013575343
0.010767602,0.9859757,0.0032567868
0.016964205,0.9801896,0.0028460987
0.010917338,0.9865937,0.0024888893
0.01612584,0.98124427,0.0026299015
0.016245075,0.98032814,0.003426836
0.012555856,0.9843717,0.0030724409
0.018575558,0.97819966,0.0032247973
0.017213194,0.9801134,0.0026734541
0.01970515,0.9710141,0.009280825
0.014460613,0.9797024,0.0058369124
0.03809203,0.55377746,0.40813053
0.016788598,0.97383976,0.0093716765
0.014773522,0.97580826,0.009418174
0.0168395,0.98013693,0.0030235823
0.017052064,0.9790319,0.003916036
0.014265757,0.9788493,0.006885009
0.016466938,0.9807021,0.0028309505
0.015365279,0.98127097,0.003363787
0.011731613,0.985305,0.002963321
0.016062202,0.96881926,0.015118541
0.050424483,0.06100199,0.8885736
0.011937449,0.98512286,0.002939717
0.016788416,0.97287863,0.010332947
0.016233334,0.98009825,0.0036684242
0.017245388,0.978596,0.0041586123
0.018893268,0.9780718,0.0030349426
0.012281427,0.984728,0.002990649
0.014882401,0.9820404,0.0030771613
0.014532085,0.9730743,0.012393587
0.016364958,0.9793992,0.004235833
0.0171438,0.97998285,0.0028734226
0.014780236,0.9819888,0.003230972
0.012996521,0.984201,0.0028024723
0.018645037,0.97850823,0.0028467712
0.012462902,0.9842668,0.003270248
0.01328049,0.97953427,0.007185306
0.017694714,0.97748667,0.0048186057
0.014362321,0.9778061,0.007831569
0.016724797,0.9720357,0.01123947
0.014371467,0.98034155,0.005286967
0.059008203,0.053309467,0.8876824
0.019965565,0.97619027,0.0038441333
0.015872454,0.98103553,0.003092077
0.014313919,0.9811952,0.004490898
0.0122400345,0.9847692,0.0029907746
0.017912837,0.9703968,0.011690304
0.013763601,0.9820141,0.0042223292
0.013711158,0.98306066,0.0032281873
0.013719394,0.9822113,0.0040693297
0.062265806,0.082368046,0.8553661
0.020056827,0.9763524,0.0035907275
0.014800784,0.9690544,0.016144738
0.01502773,0.963,0.021972245
0.014013013,0.9823881,0.0035988395
0.01645008,0.9673391,0.016210869
0.014165382,0.97291166,0.012922944
0.010336456,0.9861244,0.0035391962
0.016996536,0.979185,0.0038184535
0.013741009,0.9832786,0.0029804204
0.017133493,0.97082335,0.012043151
0.012512097,0.98429954,0.0031883654
0.014439015,0.9815885,0.0039725434
0.012632296,0.984098,0.003269687
0.015421067,0.9814734,0.0031055645
0.023905316,0.9633241,0.012770628
0.016713895,0.9804559,0.0028302397
0.016905501,0.9791855,0.003909008
0.016191615,0.9804474,0.0033609637
0.01689694,0.97344714,0.009655834
0.01489036,0.98208594,0.0030236836
0.017140105,0.97929335,0.0035665429
0.020026414,0.9658694,0.014104109
0.013433958,0.97835404,0.008212013
0.011117445,0.98140407,0.0074784914
0.015318954,0.9759269,0.008754086
0.0184497,0.97871405,0.0028362693
0.01540781,0.98158765,0.003004493
0.01682089,0.9804889,0.0026901956
0.013266763,0.9837917,0.002941484
0.014948814,0.98209745,0.0029536744
0.011141491,0.9849685,0.0038900808
0.01476845,0.97738045,0.007851128
0.011137969,0.98561907,0.0032429164
0.018397499,0.9768984,0.0047041504
0.015529088,0.9816151,0.00285581
0.012670436,0.98370117,0.0036283687
0.021259565,0.97600436,0.0027360464
0.020086095,0.9678022,0.012111657
0.01675045,0.97924757,0.004001961
0.015765173,0.9753567,0.008878074
0.012238576,0.9846519,0.0031095427
0.014189203,0.98267096,0.0031398674
0.019223224,0.9778129,0.0029638533
0.017960988,0.9792013,0.0028376812
0.013702626,0.97766364,0.008633703
0.015285875,0.9785862,0.0061279894
0.015973717,0.9786548,0.0053714663
0.01653775,0.9763007,0.0071615865
0.017967733,0.9781351,0.0038971954
0.012121375,0.9847928,0.0030857858
0.016275628,0.9807342,0.0029901774
0.011520372,0.9856838,0.0027957524
0.016276337,0.9798197,0.0039039075
0.013388746,0.9788776,0.0077336915
0.012193445,0.98006344,0.00774306
0.019254819,0.96848214,0.0122630345
0.06683163,0.09723944,0.8359289
0.0664304,0.05337833,0.8801912
0.059762977,0.04645264,0.8937844
0.049810912,0.3338119,0.6163771
0.061288822,0.036758408,0.90195286
0.16189331,0.046185464,0.79192126
0.066071264,0.047311317,0.8866175
0.06251991,0.03916218,0.89831793
0.056624994,0.030831607,0.91254336
0.030785462,0.8669083,0.10230621
0.16208585,0.05270836,0.7852059
0.069121644,0.035807345,0.89507097
0.014402666,0.9786395,0.0069578756
0.068557456,0.04670649,0.88473606
0.06715622,0.03649438,0.8963493
0.06388297,0.042972848,0.89314425
0.06704501,0.07865193,0.8543031
0.07787003,0.23213668,0.68999326
0.10829659,0.062861145,0.8288422
0.06473555,0.044232115,0.89103234
0.05148713,0.039883424,0.9086295
0.0616023,0.03800771,0.90039
0.062120225,0.050085906,0.88779384
0.0599299,0.0429137,0.8971564
0.06162521,0.05377671,0.88459814
0.06641912,0.053109307,0.8804715
0.069882534,0.05517377,0.8749437
0.05989003,0.03916194,0.900948
0.0601237,0.04420275,0.8956736
0.0582654,0.04400251,0.8977321
0.06135477,0.03483961,0.9038057
0.08712202,0.082646735,0.8302312
0.059006855,0.038471557,0.9025216
0.060329776,0.052697703,0.8869726
0.061843023,0.039967872,0.89818907
0.055225838,0.042967945,0.90180624
0.48225138,0.03171488,0.48603374
0.8914316,0.019655863,0.08891252
0.98620564,0.00966842,0.004125975
0.0552397,0.07048038,0.87428
0.065142706,0.038220696,0.89663655
0.059467457,0.044192463,0.89634
0.046753358,0.027836036,0.9254107
0.054886196,0.044906307,0.9002074
0.053204186,0.03852792,0.9082679
0.06858478,0.062173326,0.86924183
0.058076628,0.055363018,0.8865604
0.062490534,0.052238297,0.88527113
0.061171684,0.04473231,0.8940961
0.056049053,0.04903029,0.8949207
0.060306787,0.037775896,0.90191734
0.06138,0.036206987,0.9024131
0.055998918,0.048132867,0.8958682
0.054626055,0.041965134,0.9034087
0.058064613,0.04467211,0.8972633
0.055711333,0.043835215,0.90045345
0.058749538,0.04397989,0.8972706
0.056562696,0.0438365,0.89960086
0.047754176,0.035211723,0.9170341
0.061915677,0.042783156,0.8953011
0.057714812,0.036382508,0.9059027
0.058344282,0.03521522,0.9064405
0.06392267,0.04586227,0.8902151
0.05177151,0.06657339,0.8816551
0.055169012,0.03954319,0.90528786
0.04785223,0.03770665,0.9144411
0.07061807,0.0546761,0.8747058
