p0,p1,p2
0.93223804,0.028178653,0.039583348
0.98530537,0.010005229,0.0046893563
0.9907086,0.0070025334,0.0022889834
0.98899823,0.008407418,0.0025943427
0.9889866,0.007890236,0.0031232317
0.3022889,0.036644958,0.6610661
0.9897739,0.00715484,0.0030712541
0.9865118,0.009456614,0.0040316484
0.9885633,0.00811341,0.00332324
0.990117,0.006074338,0.0038086555
0.98882246,0.0069010328,0.0042765876
0.9919945,0.005818519,0.0021869985
0.9852197,0.010072982,0.004707301
0.9842653,0.011149858,0.0045848386
0.9876604,0.0061426777,0.006196905
0.9855457,0.009881422,0.0045729047
0.9892554,0.0074577765,0.0032868227
0.9905832,0.0060475967,0.0033692834
0.9903937,0.0067584794,0.0028477812
0.065380566,0.03996634,0.8946531
0.9901687,0.0067043607,0.0031269647
0.98884714,0.00787373,0.0032790555
0.98842037,0.008377925,0.0032017138
0.9897273,0.0071895225,0.0030831294
0.98542887,0.010104681,0.0044664443
0.9871178,0.009370467,0.0035117606
0.6286595,0.04487771,0.3264629
0.9889649,0.0077299033,0.0033051667
0.98990893,0.007411862,0.0026791606
0.98617584,0.009038125,0.0047860704
0.9933496,0.004609115,0.0020412914
0.9900351,0.0067891013,0.0031757788
0.9901816,0.0068634395,0.0029548127
0.9843284,0.010536551,0.0051351045
0.9847969,0.010993655,0.0042095566
0.98877394,0.0077966354,0.0034294617
0.9894701,0.0078097484,0.002720145
0.98676467,0.009253465,0.0039818096
0.9887504,0.007957989,0.003291567
0.98906773,0.008197212,0.0027350176
0.9890549,0.007999403,0.0029456916
0.98890835,0.007440613,0.0036511389
0.9880662,0.008506809,0.0034270068
0.985584,0.01054999,0.0038659938
0.9892083,0.007969453,0.002822237
0.990767,0.0069213593,0.002311583
0.98950666,0.0078100367,0.0026833077
0.99113667,0.0066782264,0.0021851072
0.9899693,0.0073618167,0.0026688785
0.9915971,0.006089363,0.0023135196
0.9896443,0.007849356,0.002506356
0.98553944,0.010345468,0.0041151424
0.9862109,0.008709183,0.005080022
0.98802,0.007052063,0.004927943
0.99162966,0.0062096687,0.0021607243
0.9894024,0.007893554,0.0027040683
0.98925215,0.007530937,0.0032169498
0.98783314,0.007447054,0.0047197877
0.98658735,0.009625049,0.0037876733
0.98103607,0.014179437,0.0047844304
0.97837526,0.010032353,0.011592362
0.98587483,0.009496765,0.004628354
0.9835036,0.011405435,0.005090873
0.98959726,0.0078720115,0.0025308316
0.9856405,0.010146409,0.0042131627
0.9901051,0.007108474,0.0027864384
0.98729056,0.009390429,0.0033189615
0.98927605,0.007923436,0.0028004663
0.9890476,0.007640486,0.0033119053
0.98902285,0.007573438,0.0034036296
0.9904992,0.006680452,0.0028204063
0.98839486,0.007854773,0.0037504039
0.9903324,0.007292948,0.0023746204
0.989541,0.0076742163,0.0027848508
0.99130416,0.006614444,0.0020813274
0.98912734,0.008367559,0.0025050468
0.98757523,0.008695719,0.003729041
0.98917925,0.007641503,0.0031792368
0.98784596,0.008605165,0.0035488391
0.9879732,0.009090038,0.0029367285
0.98775303,0.00927631,0.0029706834
0.9898907,0.007602323,0.0025069802
0.9922312,0.005542558,0.0022263129
0.9874894,0.009174747,0.0033358787
0.98469007,0.011198327,0.004111596
0.98998547,0.00747787,0.0025367744
0.9919871,0.005795791,0.0022170874
0.094099306,0.03400571,0.87189496
0.98964137,0.007674995,0.002683673
0.989748,0.007789088,0.0024629422
0.9899272,0.007107197,0.0029656151
0.98419005,0.00967697,0.0061330614
0.9890994,0.008197473,0.00270324
0.988467,0.008104701,0.0034283968
0.059516523,0.046464816,0.8940186
0.99260724,0.005148041,0.0022446243
0.9889802,0.007828783,0.0031910376
0.987599,0.009157862,0.0032430906
0.99060434,0.00726651,0.0021291804
0.9888249,0.008052402,0.003122721
0.98857427,0.007956571,0.003469186
0.98503625,0.0099537745,0.0050099622
0.98905796,0.0075515504,0.0033904805
0.9878493,0.008913103,0.003237583
0.9890599,0.008022915,0.0029170797
0.9873089,0.0090529295,0.003638121
0.9894119,0.0074081407,0.0031799846
0.98806375,0.008666102,0.0032700647
0.9852298,0.010322038,0.004448132
0.99141055,0.0060290513,0.0025603508
0.9898968,0.0069831433,0.0031200065
0.98492223,0.010604864,0.0044728746
0.9912845,0.0057803844,0.0029350834
0.99084455,0.006708937,0.002446483
0.98945636,0.0072368565,0.0033068093
0.98436666,0.011249444,0.0043838876
0.9890765,0.007738329,0.0031851213
0.9881556,0.008872437,0.0029718943
0.9877631,0.0087570315,0.0034799064
0.987058,0.009610851,0.0033311665
0.98921937,0.0076567526,0.0031239667
0.9893833,0.0075466614,0.003070042
0.98809505,0.008334373,0.0035705941
0.98807293,0.0081411265,0.0037859748
0.98751163,0.008958042,0.0035303577
0.9898343,0.00759447,0.0025713022
0.015318722,0.98068905,0.003992227
0.014691873,0.981375,0.003933082
0.017342733,0.9778928,0.004764446
0.014786966,0.98051906,0.004694001
0.019027803,0.97737074,0.0036015
0.016770124,0.9789627,0.004267152
0.016864587,0.97920334,0.003932051
0.01445965,0.9815524,0.003987945
0.01598323,0.98019433,0.0038223898
0.015113163,0.9656415,0.019245269
0.01750387,0.97738725,0.005108862
0.016441857,0.9801651,0.003392969
0.016503574,0.9780964,0.0053999494
0.018497257,0.97693425,0.0045685
0.016459819,0.97932124,0.004218983
0.015544968,0.9816598,0.0027952364
0.01722871,0.9795609,0.0032104184
0.0148030715,0.981587,0.0036099788
0.06286581,0.069722146,0.86741203
0.01721657,0.9779154,0.0048680273
0.016433313,0.97965574,0.003910885
0.015257978,0.98062336,0.0041186777
0.015821632,0.9759862,0.008192138
0.016468901,0.9808189,0.0027122074
0.015334889,0.981724,0.0029410403
0.016040847,0.9789363,0.005022891
0.015696423,0.9806332,0.0036704263
0.013360871,0.9825801,0.0040589487
0.015818302,0.9815149,0.0026668394
0.016053658,0.9806753,0.0032710673
0.0150551,0.9794683,0.0054766107
0.0165511,0.97947717,0.0039717485
0.015186531,0.9817671,0.003046409
0.015163033,0.9792914,0.005545579
0.014321364,0.98170567,0.0039730174
0.015580884,0.9810495,0.0033696024
0.01489918,0.9812293,0.003871531
0.017285107,0.9784582,0.0042566312
0.015819518,0.98159045,0.002590042
0.014146603,0.9825951,0.0032583235
0.016587274,0.97970253,0.003710168
0.029655226,0.966349,0.0039958
0.015838452,0.97989035,0.0042711953
0.012882452,0.9841749,0.0029426299
0.018253382,0.9782799,0.0034667505
0.014056518,0.98351514,0.002428386
0.01645733,0.98012984,0.0034127857
0.014340863,0.9825623,0.0030968892
0.010860776,0.984362,0.0047772676
0.012275862,0.98476243,0.0029616891
0.01433184,0.9809857,0.004682496
0.013577026,0.9834767,0.0029462911
0.017419908,0.97984934,0.0027307777
0.016195314,0.9801927,0.0036118987
0.015215564,0.9812455,0.003538924
0.013768397,0.98283607,0.0033955765
0.018482283,0.9780517,0.003465942
0.013469932,0.9800164,0.0065136333
0.015329641,0.9823469,0.002323488
0.017905364,0.9790329,0.0030617514
0.013501114,0.9832448,0.0032541158
0.012196423,0.98317885,0.0046247216
0.013261805,0.98246413,0.0042740586
0.056092188,0.046547495,0.8973603
0.015952893,0.9797681,0.004279012
0.015844524,0.981703,0.0024524839
0.017084569,0.97850627,0.0044091567
0.015024933,0.98276997,0.0022050843
0.015083862,0.98086035,0.0040558036
0.015437679,0.9810924,0.0034699335
0.011527278,0.98531204,0.0031606285
0.0192038,0.9758715,0.004924725
0.0108476,0.986534,0.0026183836
0.014316132,0.9832655,0.0024183046
0.014112503,0.98262274,0.0032647853
0.012442019,0.98453856,0.0030194165
0.013533539,0.982723,0.0037434767
0.012869724,0.98128396,0.005846335
0.015455749,0.97841144,0.0061328807
0.014817216,0.98156583,0.0036169586
0.01553662,0.9811327,0.0033306277
0.01579865,0.9802956,0.0039058037
0.016604664,0.9802509,0.0031443937
0.01397807,0.98281336,0.0032085204
0.013795193,0.98090965,0.0052951993
0.015586177,0.9809037,0.0035101604
0.014323367,0.9823224,0.0033542633
0.016719857,0.9798483,0.003431855
0.016945126,0.9805226,0.0025322326
0.015308149,0.98096967,0.0037222295
0.9825058,0.010364106,0.0071300976
0.05698631,0.06883938,0.8741743
0.016481062,0.97914976,0.0043691793
0.014822427,0.9814317,0.003745867
0.014370656,0.98220265,0.0034266892
0.014404146,0.9825707,0.003025176
0.01757847,0.97963744,0.002784035
0.016493963,0.9799162,0.0035897843
0.016251892,0.9802608,0.0034873663
0.014634055,0.981818,0.0035479113
0.011175677,0.9855816,0.003242793
0.014797095,0.9821493,0.003053553
0.017009698,0.9794647,0.0035256087
0.013110354,0.9836532,0.0032364482
0.0151475845,0.9806849,0.0041674892
0.014150345,0.9823752,0.0034744705
0.015409665,0.9812267,0.0033636352
0.01707694,0.9799815,0.0029415595
0.017066643,0.97986895,0.003064366
0.015136327,0.9823514,0.0025123009
0.015070358,0.98237777,0.0025519324
0.018480439,0.976046,0.005473488
0.015694778,0.9814886,0.0028166682
0.014487528,0.98200524,0.0035072456
0.014013919,0.9834115,0.002574654
0.0144394385,0.9830563,0.0025043022
0.012598756,0.9843647,0.0030366243
0.041404065,0.67412674,0.28446925
0.013867838,0.9827104,0.003421771
0.015258727,0.98210907,0.0026322193
0.0155923795,0.9779457,0.006461897
0.014983114,0.98099214,0.0040247818
0.015380837,0.98178506,0.0028340765
0.013883019,0.98282593,0.0032910716
0.01412838,0.982768,0.0031035934
0.011884711,0.9836482,0.004467089
0.013979788,0.9829342,0.0030859832
0.014078755,0.982669,0.0032522103
0.015005044,0.9824279,0.0025670603
0.013562766,0.9834036,0.0030336597
0.01380922,0.98142767,0.004763027
0.01594589,0.9817321,0.0023220337
0.012310644,0.98466367,0.0030257043
0.014103935,0.98298556,0.0029105113
0.015709337,0.98048204,0.003808605
0.013841337,0.98275006,0.0034085682
0.01901838,0.9768867,0.004094978
0.014117745,0.98106956,0.0048127114
0.016991956,0.97796553,0.0050424715
0.016222762,0.9808956,0.0028817216
0.01200455,0.9858348,0.002160721
0.015494253,0.98084885,0.003656921
0.013196331,0.98383904,0.0029646968
0.014775132,0.9816497,0.0035751248
0.015385508,0.9820832,0.002531314
0.015194256,0.98130786,0.0034979163
0.01740526,0.9802213,0.0023734411
0.01410969,0.9819472,0.003943069
0.015217356,0.9808821,0.003900515
0.015371917,0.9821744,0.0024536615
0.013654012,0.98375523,0.0025906893
0.014557308,0.9819288,0.0035138286
0.017793085,0.97717834,0.0050285817
0.013203022,0.9819375,0.0048594926
0.015806604,0.9803104,0.0038830433
0.016923722,0.9783282,0.004747985
0.015103057,0.98162913,0.0032678603
0.017966561,0.9775939,0.004439594
0.01692116,0.9796141,0.003464705
0.015452821,0.98061717,0.003930045
0.05251067,0.06625019,0.88123906
0.016535904,0.98097,0.0024941114
0.010084961,0.9796713,0.010243775
0.016472926,0.980101,0.0034260422
0.015726851,0.98061705,0.0036560565
0.011685032,0.98475295,0.003561994
0.015248258,0.98095614,0.0037955914
0.016354498,0.9811655,0.0024800345
0.014753109,0.98210275,0.003144187
0.05687661,0.05298895,0.8901344
0.014890928,0.981644,0.0034651097
0.012844909,0.9822655,0.004889682
0.014648158,0.98132575,0.0040261503
0.015550871,0.9805951,0.0038539446
0.016684653,0.9773079,0.006007477
0.015328019,0.9793696,0.0053023975
0.014292797,0.9807046,0.005002566
0.013426863,0.9826235,0.0039496403
0.014285402,0.98259324,0.0031212766
0.01659524,0.97969466,0.0037101381
0.013963013,0.982714,0.0033229901
0.013214724,0.9828079,0.003977478
0.016802222,0.9789225,0.0042753187
0.015834581,0.980608,0.0035574078
0.019611863,0.9773317,0.0030564312
0.017888455,0.979542,0.0025695371
0.014347852,0.9825613,0.0030908433
0.01587826,0.97661406,0.0075076874
0.036747806,0.39953804,0.56371415
0.0142025715,0.982157,0.0036404047
0.015560419,0.98071826,0.0037212756
0.016198814,0.978014,0.005787157
0.016113162,0.98047286,0.00341398
0.014712654,0.9798881,0.0053992844
0.012675773,0.9845962,0.0027279754
0.016894355,0.9790178,0.004087911
0.01443801,0.9819995,0.0035624558
0.017223846,0.9800019,0.002774213
0.014663648,0.9818839,0.003452444
0.012843953,0.98459333,0.0025626882
0.0141779985,0.9823745,0.0034474293
0.014515836,0.9820042,0.0034799485
0.016960194,0.9794796,0.0035602609
0.015498797,0.9820952,0.0024060092
0.015770882,0.98000723,0.0042219386
0.012792435,0.9840014,0.0032061308
0.014150054,0.98235506,0.0034948168
0.013867744,0.98270375,0.0034284375
0.016096605,0.9804223,0.0034811352
0.01703591,0.9800167,0.0029474164
0.0167607,0.9803253,0.0029139952
0.014254569,0.9828691,0.0028762622
0.016196841,0.97980666,0.003996433
0.016404137,0.9803068,0.0032890541
0.013841805,0.9837435,0.0024147592
0.014498137,0.9822447,0.0032571612
0.018506866,0.97648764,0.0050054365
0.017710978,0.976953,0.005336007
0.01612918,0.9814476,0.0024232809
0.016714882,0.98003525,0.003249835
0.015295615,0.9811242,0.003580197
0.01299263,0.98390627,0.0031011254
0.013472245,0.984021,0.00250676
0.014239732,0.9780182,0.007742008
0.015655369,0.9818964,0.002448181
0.013505328,0.9830716,0.0034230289
0.015232995,0.98236966,0.002397299
0.014982403,0.9809456,0.0040720315
0.013724775,0.984037,0.002238321
0.011854256,0.98496765,0.0031780908
0.016577374,0.9805532,0.002869485
0.0146445595,0.98060566,0.0047497516
0.0596178,0.03869944,0.90168273
0.013876132,0.98137957,0.0047442247
0.06157069,0.040695738,0.8977336
0.9893992,0.0069728196,0.0036280649
0.051149905,0.0386477,0.9102024
0.057896875,0.040855054,0.9012481
0.06179559,0.038071156,0.9001333
0.08802446,0.03481765,0.87715787
0.052145492,0.044082772,0.90377176
0.05866326,0.051922034,0.88941467
0.050848752,0.044307783,0.90484345
0.062433302,0.04005491,0.8975118
0.97842956,0.010879991,0.010690412
0.060245372,0.117782064,0.82197255
0.05178377,0.038803194,0.90941304
0.015995653,0.9761782,0.007826171
0.05084232,0.036441974,0.9127157
0.056278054,0.03942293,0.904299
0.066157825,0.04909236,0.8847498
0.05991528,0.044460084,0.8956247
0.076833986,0.045991816,0.8771742
0.06396103,0.039617464,0.89642143
0.06397167,0.048170604,0.8878577
0.046326,0.05269969,0.90097433
0.095422685,0.04489876,0.8596785
0.9854584,0.0062133525,0.008328384
0.04927527,0.037615,0.91310966
0.05759175,0.04415713,0.8982511
0.055806242,0.0444058,0.89978796
0.04985735,0.056855537,0.8932872
0.20076606,0.06698809,0.7322458
0.06803617,0.034010872,0.8979529
0.05890279,0.04236399,0.89873314
0.09974638,0.21360002,0.6866536
0.05771674,0.047778815,0.8945044
0.051438984,0.055727538,0.8928336
0.38019252,0.021680648,0.59812677
0.9885604,0.007666611,0.003773075
0.9927307,0.0051890635,0.0020802554
0.9847171,0.010018804,0.005264094
0.10088688,0.041932873,0.8571803
0.9860094,0.007828166,0.0061624264
0.13777691,0.037989344,0.8242338
0.989763,0.0063697943,0.00386725
0.15141687,0.040357254,0.8082258
0.9353703,0.011367817,0.053261828
0.9717191,0.012620428,0.01566043
0.9834425,0.011652402,0.004905112
0.9845595,0.0107363975,0.004704146
0.2354294,0.027797235,0.7367733
0.98741156,0.0087453695,0.0038430209
0.9898088,0.0055669528,0.0046241884
0.10255175,0.051692303,0.84575593
0.9683169,0.0075833127,0.024099715
0.20876586,0.036220543,0.7550136
0.95912796,0.014267963,0.02660405
0.086903706,0.0447779,0.86831844
0.27903712,0.028820328,0.69214255
0.06553757,0.039847717,0.8946147
0.06783696,0.040765245,0.89139783
0.06954451,0.036916785,0.8935388
0.7349655,0.013566941,0.2514675
0.9858343,0.009376578,0.0047890875
0.8284947,0.010521277,0.16098398
0.014101724,0.97995627,0.005941961
0.021829786,0.82719535,0.15097484
0.059145212,0.045882758,0.8949721
0.014967648,0.9799795,0.0050528557
0.011241374,0.9827003,0.006058347
0.03965528,0.5170271,0.44331768
0.04407217,0.07330418,0.88262355
0.0640664,0.10348352,0.8324501
0.016229488,0.97843164,0.0053388667
0.015391387,0.97862816,0.005980448
0.014752991,0.9792219,0.0060251234
0.98442,0.009850877,0.005729156
0.25920358,0.029640948,0.7111555
0.05805338,0.04879046,0.8931561
0.9814176,0.010598132,0.007984281
0.061230607,0.051210072,0.8875593
0.044686258,0.05160967,0.9037041
0.06410776,0.0509119,0.8849803
0.06105961,0.044737652,0.8942028
0.05612653,0.04244935,0.90142405
0.054442473,0.041661043,0.9038965
0.05400747,0.038748465,0.907244
0.061675683,0.03993765,0.8983867
0.071262695,0.0601559,0.8685814
0.056036633,0.03648154,0.90748185
0.04267771,0.051933594,0.90538865
0.059604228,0.04680674,0.89358914
0.06767345,0.050858613,0.8814679
0.05539331,0.05321923,0.8913874
0.065259315,0.12956205,0.80517864
0.05305812,0.046459246,0.9004827
0.06823241,0.05337349,0.8783942
0.073952764,0.043836962,0.8822103
0.1333786,0.046580862,0.8200405
0.02855099,0.7005648,0.27088425
0.051515874,0.03445128,0.9140329
0.057085596,0.045136377,0.89777803
0.067631975,0.0449647,0.88740337
0.050154414,0.044630047,0.90521544
0.056740798,0.065595895,0.8776634
0.06922755,0.036515996,0.8942564
0.053147648,0.06445355,0.8823988
0.03862326,0.887688,0.0736888
0.05805451,0.03559213,0.9063534
0.07637231,0.06230283,0.86132485
0.059258252,0.042744692,0.897997
0.055662096,0.047750004,0.8965879
0.14547978,0.034936197,0.819584
0.058272902,0.043879434,0.8978477
0.07043825,0.0416112,0.8879506
0.067437276,0.046849493,0.8857133
0.04535165,0.03748785,0.9171605
0.05657265,0.047175985,0.8962514
0.06091366,0.03297296,0.9061133
0.116305135,0.04175433,0.8419405
0.056131907,0.04455602,0.89931214
0.05525709,0.04594414,0.8987987
0.051732272,0.036203224,0.91206443
0.059647765,0.04085539,0.89949685
0.058020905,0.041002598,0.9009765
0.059770744,0.039757617,0.9004716
0.056284335,0.043281313,0.9004343
0.051574267,0.03870286,0.9097229
0.05400969,0.036491293,0.90949905
0.07609026,0.026775485,0.89713424
0.057199005,0.043239366,0.8995616
0.06206478,0.04354028,0.89439493
0.06080468,0.04130353,0.8978918
0.052943133,0.044127777,0.9029291
0.05025488,0.040499408,0.9092458
0.057359044,0.04188289,0.9007581
0.062243722,0.04209565,0.89566064
0.0539833,0.04094819,0.9050686
0.06082917,0.045292776,0.8938781
0.0534043,0.035801467,0.91079426
0.05779078,0.04611984,0.8960894
0.05425401,0.042335674,0.9034104
0.05586164,0.04037339,0.90376496
0.061930947,0.042109687,0.8959593
0.054933947,0.041873246,0.9031929
0.09707617,0.040645596,0.8622782
0.05106861,0.10682662,0.84210473
0.043488197,0.0375258,0.918986
0.06750601,0.04587802,0.886616
0.059683833,0.039835736,0.9004804
0.061318483,0.16494025,0.77374125
0.058376875,0.045242503,0.89638066
0.055882994,0.04044803,0.90366906
0.06082474,0.049281437,0.88989383
0.05371186,0.044009924,0.90227824
0.063253954,0.045895033,0.890851
0.056361184,0.044173647,0.89946514
0.09038127,0.037750177,0.87186855
0.056277275,0.04252182,0.90120095
0.05819466,0.039012853,0.9027925
0.055474967,0.039976634,0.9045484
0.06132273,0.04455902,0.8941183
0.07880557,0.8072585,0.11393591
0.013731942,0.96834075,0.017927328
0.06165407,0.0541974,0.8841486
0.09761267,0.04104021,0.86134714
0.06152495,0.036577135,0.90189797
0.057592947,0.053734977,0.888672
0.9869292,0.008588789,0.004481989
0.06720344,0.043666102,0.8891305
0.054626685,0.043276615,0.9020967
0.06512043,0.06016776,0.8747118
0.068308085,0.041088466,0.8906034
0.050252885,0.033853702,0.9158934
0.07040456,0.05668225,0.8729131
0.055012822,0.042262256,0.90272486
0.06012637,0.038896404,0.90097713
0.060309153,0.05475147,0.8849393
0.051552873,0.044855572,0.9035916
0.05660047,0.037465468,0.9059341
0.056566864,0.044205148,0.899228
0.066674724,0.0416629,0.8916625
0.054106116,0.04230281,0.9035911
0.054684643,0.0466602,0.8986552
0.07701753,0.02637076,0.89661175
0.055049207,0.33878517,0.60616565
0.0583169,0.04184033,0.8998428
0.15240361,0.031019418,0.81657696
0.06673463,0.03292331,0.900342
0.09701591,0.033421557,0.8695625
0.05533642,0.041933604,0.9027299
0.060355168,0.03435577,0.9052891
0.05216339,0.043754727,0.9040819
0.06285223,0.049357377,0.8877904
0.06044515,0.045227136,0.8943277
0.07478891,0.042989623,0.88222146
0.054980155,0.041949417,0.9030704
0.0621209,0.043985836,0.89389324
0.06546368,0.04354438,0.8909919
0.06077307,0.04311561,0.89611137
0.045288824,0.035236545,0.91947466
0.045195654,0.042581957,0.9122224
0.047212034,0.06889465,0.8838933
0.05125771,0.033945512,0.9147968
0.06369943,0.043545425,0.89275515
0.058264636,0.036532357,0.90520304
0.055768233,0.16909443,0.77513736
0.06033355,0.047425766,0.8922407
0.013393627,0.95561695,0.030989429
0.52320033,0.026432993,0.45036668
0.054488275,0.047017723,0.89849395
0.019886712,0.9737602,0.006353072
0.051921245,0.044671576,0.90340716
0.5253345,0.024884136,0.4497814
0.05986204,0.047055133,0.8930828
0.058124114,0.037090536,0.90478534
0.05767035,0.044607732,0.8977219
0.0541745,0.04944702,0.89637846
0.049891174,0.04036367,0.90974516
0.055660356,0.03632515,0.9080145
0.06355315,0.044000488,0.89244634
0.056412194,0.039343618,0.9042442
0.28863984,0.051624082,0.65973604
0.031813327,0.8871466,0.08104008
0.066231295,0.04326621,0.8905026
0.058228884,0.04065031,0.9011208
0.053896386,0.038069263,0.9080343
0.07856222,0.052976478,0.8684614
0.056740433,0.037741955,0.9055176
0.05890841,0.049702838,0.89138883
0.05354504,0.03415183,0.9123032
0.061719757,0.04537616,0.892904
0.08622139,0.035714995,0.8780636
0.21144652,0.053409867,0.7351436
0.06475604,0.052160136,0.88308376
0.06209124,0.042695485,0.89521325
0.05899781,0.048696436,0.8923058
0.049390666,0.0420403,0.90856904
0.059472885,0.0506468,0.8898803
0.0587546,0.04170396,0.89954144
0.059099797,0.03872076,0.9021795
0.049136475,0.06358732,0.8872762
0.056034714,0.04839938,0.89556587
0.07723138,0.056420974,0.8663477
0.065149136,0.04597263,0.8888782
0.057381433,0.041068777,0.9015498
0.11059724,0.03401971,0.85538304
0.094079845,0.0718874,0.83403283
0.050024644,0.043568403,0.906407
0.06341202,0.04307465,0.89351326
0.06912967,0.049573895,0.88129646
0.9847098,0.00980578,0.0054844525
0.057551976,0.043062367,0.8993857
0.077960156,0.028961387,0.89307845
0.0533254,0.0473823,0.89929223
0.058537524,0.04655638,0.8949061
0.053132012,0.049961668,0.8969063
0.05009275,0.04800935,0.90189785
0.062390957,0.04158163,0.89602745
0.05992656,0.04165204,0.89842147
0.07593029,0.038170826,0.8858988
0.05483228,0.05066207,0.8945057
0.9848299,0.0059482316,0.009221803
0.05744655,0.046567086,0.8959864
0.057017352,0.039244857,0.9037378
0.056335848,0.038436472,0.90522766
0.06020613,0.047696784,0.89209706
0.05754987,0.047478124,0.8949721
0.032911245,0.8843297,0.08275905
0.054625332,0.040653612,0.9047211
0.060911432,0.04400158,0.89508694
0.0577433,0.04777747,0.8944793
0.04820823,0.039500408,0.9122914
0.039326616,0.3006904,0.659983
0.05646097,0.04380042,0.89973867
0.13336317,0.050286382,0.8163504
0.0769481,0.046716977,0.8763349
0.05110898,0.039416898,0.9094741
0.08386061,0.046972685,0.86916673
0.05957758,0.04373712,0.89668536
0.055982914,0.12536119,0.8186559
0.055941973,0.049537648,0.89452034
0.075901754,0.05332538,0.8707729
0.06873582,0.0549886,0.8762756
0.059175935,0.04669787,0.8941262
0.06036523,0.03816494,0.9014699
0.059100624,0.044415876,0.8964834
0.07130155,0.05879442,0.86990404
0.050872914,0.04252667,0.90660036
0.06296263,0.0498562,0.8871811
0.060001075,0.031189006,0.9088099
0.16344665,0.036789585,0.79976374
0.05705385,0.046543263,0.89640296
0.06794823,0.045707468,0.8863443
0.054499097,0.04901994,0.89648104
0.055607077,0.03636133,0.90803164
0.020225761,0.9547499,0.025024313
0.051320765,0.037218515,0.91146076
0.31214225,0.40907797,0.27877972
0.051318586,0.04125578,0.9074256
0.06533586,0.045411784,0.8892523
0.07106539,0.041350994,0.8875836
0.07070634,0.053922035,0.8753717
0.051163338,0.04988062,0.898956
0.0630348,0.04746514,0.88950014
0.057280816,0.037019406,0.9056998
0.06407112,0.058337416,0.87759143
0.06795244,0.044782426,0.8872652
0.057036977,0.037588853,0.9053741
0.05508445,0.041015316,0.9039002
0.98705554,0.008531367,0.004413068
0.052142274,0.041490328,0.9063674
0.052899823,0.038721234,0.90837896
0.064100355,0.04929164,0.886608
0.09368494,0.0540093,0.85230577
0.048470303,0.03963765,0.91189206
0.05861024,0.047556818,0.893833
0.06163935,0.05053014,0.8878305
0.05716269,0.05562083,0.8872164
0.05392859,0.038824346,0.907247
0.05910474,0.042157836,0.8987374
0.057347618,0.042513214,0.9001391
0.051165253,0.043678563,0.90515614
0.05348306,0.04895914,0.89755774
0.05306863,0.043186646,0.9037447
0.058760304,0.042489108,0.89875054
0.05407166,0.03849262,0.9074357
0.05965263,0.042094007,0.8982534
0.05449827,0.046843007,0.8986587
0.056934148,0.038882624,0.90418315
0.055632096,0.04211652,0.90225136
0.06369972,0.041795705,0.8945046
0.058056563,0.03909169,0.90285176
0.05036774,0.048961315,0.9006709
0.049005568,0.037099876,0.9138945
0.04580496,0.050208747,0.90398633
0.0590116,0.039715357,0.9012731
0.05483228,0.05066207,0.8945057
0.059501097,0.042337056,0.89816177
0.061314844,0.05552875,0.8831565
0.061980173,0.042660758,0.89535904
0.063637555,0.046649255,0.88971317
0.052916795,0.041071024,0.90601224
0.0695447,0.06313594,0.86731935
0.05627627,0.045175117,0.8985486
0.08320773,0.04592924,0.8708631
0.14237978,0.041475363,0.8161448
0.14932197,0.03293811,0.81773996
0.053606767,0.034375336,0.91201794
0.07764169,0.039849598,0.8825087
0.06458885,0.05417722,0.8812339
0.95114195,0.009117561,0.03974048
0.064134076,0.044014137,0.8918518
0.047165416,0.038664833,0.91416985
0.05461626,0.031043524,0.9143402
0.6137178,0.016940234,0.3693419
0.062035114,0.045741823,0.89222306
0.053708352,0.04054119,0.90575045
0.07412488,0.045488976,0.8803862
0.05731434,0.04788792,0.89479774
0.060670953,0.033293676,0.9060354
0.082512945,0.03427915,0.8832079
0.049577314,0.043305486,0.90711707
0.06687508,0.054795478,0.8783294
0.08780719,0.13793789,0.774255
0.05238452,0.04544584,0.90216964
0.056470986,0.0427516,0.90077734
0.058611814,0.041399967,0.8999882
0.068317816,0.038774557,0.8929076
0.05811792,0.042478472,0.8994035
0.05881451,0.03808492,0.9031006
0.05740062,0.040307578,0.9022917
0.0504233,0.05230409,0.89727265
0.103894144,0.034664508,0.8614413
0.061160777,0.041403666,0.89743555
0.056577984,0.06955814,0.87386394
0.056484785,0.035450984,0.9080642
0.013612991,0.9731671,0.01321996
0.058538087,0.044359803,0.8971021
0.05530792,0.03668147,0.9080106
0.055502906,0.03905117,0.90544593
0.060774438,0.04046474,0.8987608
0.056900408,0.04341455,0.89968497
0.07689454,0.036625165,0.8864804
0.09258293,0.028800137,0.87861687
0.060157005,0.04060501,0.899238
0.055963907,0.040824294,0.9032118
0.05350933,0.03790676,0.9085839
0.7520168,0.021690194,0.22629306
0.053360786,0.041903816,0.9047354
0.06005431,0.04486892,0.8950767
0.05837377,0.047042258,0.894584
0.05942429,0.04094151,0.8996341
0.05868445,0.044601202,0.89671427
0.09401814,0.035476778,0.87050515
0.17087519,0.03888534,0.7902394
0.9874535,0.0074151694,0.0051313248
0.9869665,0.008381956,0.0046516135
0.99007416,0.00608001,0.003845865
0.014656724,0.9737828,0.011560505
0.98867387,0.008098485,0.0032276527
0.9908563,0.0062779663,0.0028658542
0.97114414,0.008935198,0.019920636
0.9906589,0.0060303668,0.0033108282
0.9907957,0.006259218,0.0029451181
0.97622174,0.01169177,0.012086489
0.35690537,0.021580853,0.62151384
0.9864739,0.009502536,0.0040236274
0.06279059,0.03632267,0.90088665
0.103406504,0.02633103,0.8702625
0.985617,0.008089229,0.006293749
0.08252858,0.045665715,0.8718057
0.56284595,0.028771149,0.4083829
0.98305994,0.009798915,0.00714109
0.99032265,0.006640239,0.0030371554
0.9800444,0.01144328,0.0085122315
0.98412436,0.011191893,0.004683736
0.5196247,0.027592942,0.45278236
0.11657294,0.03375942,0.8496677
0.99152654,0.0059769927,0.0024964528
0.08989051,0.04508957,0.86502
0.9865131,0.009447397,0.0040395358
0.9885317,0.0077719237,0.0036963786
0.9831224,0.00977087,0.0071067577
0.9851892,0.010607738,0.0042030164
0.98801756,0.00881937,0.003163123
0.9866998,0.009504712,0.0037955106
0.91350603,0.01360257,0.072891325
0.9920889,0.0058077183,0.0021034162
0.9881656,0.00840034,0.0034340522
0.99032766,0.0073572937,0.0023150751
0.1103402,0.03751388,0.8521459
0.055177514,0.039395098,0.9054274
0.9884127,0.00719401,0.0043933177
0.09212575,0.03785451,0.8700197
0.9926946,0.0050341436,0.0022712832
0.9888103,0.008163129,0.0030266005
0.9430113,0.018349918,0.03863869
0.9673817,0.0095769465,0.023041304
0.9857329,0.0078107016,0.0064563565
0.06903969,0.034327645,0.89663273
0.99064344,0.006006763,0.0033498032
0.9875234,0.0089976005,0.0034790616
0.98708075,0.008285263,0.0046340157
0.9896959,0.0070159,0.003288286
0.0785751,0.02590499,0.8955199
0.9900069,0.0070731486,0.0029198728
0.9409535,0.012744961,0.046301533
0.98873246,0.0076455143,0.0036220814
0.9852012,0.0094440505,0.005354847
0.98360634,0.008320854,0.008072727
0.98533106,0.007356003,0.007313027
0.07470034,0.03807875,0.8872209
0.9690055,0.010102609,0.02089179
0.94415706,0.013220093,0.04262292
0.8816933,0.0144333225,0.10387335
0.100178376,0.02826351,0.87155807
0.9870631,0.009452663,0.0034842389
0.34508005,0.031584393,0.62333554
0.98906565,0.007883165,0.0030511261
0.97593147,0.011711144,0.012357359
0.9876814,0.0057089766,0.006609607
0.98673487,0.008964116,0.0043010297
0.9868248,0.009349407,0.0038257637
0.048136085,0.03826516,0.9135988
0.9890654,0.0074636284,0.0034709095
0.15199111,0.024645843,0.82336307
0.98875135,0.006780298,0.004468393
0.98894286,0.007647141,0.003410008
0.83531946,0.015062214,0.14961834
0.2264405,0.021420062,0.75213945
0.9222125,0.009147626,0.068639986
0.9871661,0.00925271,0.003581199
0.99123114,0.006917843,0.0018510345
0.9805853,0.010445355,0.0089693535
0.9817794,0.01059169,0.0076289084
0.98845005,0.0073577007,0.0041922913
0.9920367,0.005801744,0.002161611
0.98924774,0.007946456,0.002805861
0.05771414,0.041246433,0.9010395
0.9876732,0.009096156,0.0032306898
0.06946378,0.043682095,0.88685405
0.98236924,0.011846098,0.0057846135
0.9908058,0.0064327954,0.0027613128
0.53041446,0.020306956,0.4492786
0.9902796,0.0065561873,0.003164179
0.06552536,0.043948706,0.8905259
0.98224396,0.007859435,0.009896523
0.06788944,0.04566792,0.88644266
0.06431549,0.039123766,0.8965608
0.32173806,0.027062576,0.6511994
0.9899374,0.006868451,0.0031941263
0.93094873,0.0108382255,0.058213048
0.93988997,0.016832337,0.043277718
0.98851633,0.0072582783,0.0042254557
0.9897649,0.0067344294,0.0035006064
0.9819781,0.009542733,0.0084791975
0.11712469,0.03789508,0.8449803
0.9874735,0.008272387,0.0042541036
0.0119053805,0.9824765,0.005618214
0.9916728,0.005643181,0.0026839345
0.13627663,0.034108784,0.8296146
0.987184,0.008777576,0.004038337
0.98508793,0.010260256,0.0046518366
0.12822601,0.036451474,0.83532244
0.530521,0.023607273,0.44587174
0.98697996,0.008792917,0.0042271363
0.9851423,0.009397487,0.005460135
0.98321736,0.011247288,0.005535283
0.055549014,0.038252883,0.90619814
0.9856989,0.0100877285,0.0042134123
0.05819466,0.039012853,0.9027925
0.9928824,0.0048280386,0.00228953
0.064587474,0.054627642,0.8807849
0.9876847,0.009007864,0.0033073416
0.28193378,0.029412458,0.68865377
0.6187819,0.036477596,0.34474048
0.52865493,0.040290557,0.43105444
0.9805023,0.012734502,0.0067632427
0.9861665,0.008768528,0.0050649326
0.9902919,0.005808532,0.003899664
0.9809616,0.012865496,0.006172932
0.18284757,0.032726787,0.78442556
0.985671,0.010156636,0.004172348
0.9867252,0.008578631,0.004696114
0.9866627,0.0093752965,0.0039620046
0.9893785,0.0077709877,0.0028504238
0.07277524,0.044097327,0.8831274
0.9878401,0.009124385,0.003035465
0.9880195,0.008606678,0.0033737167
0.9857502,0.010337579,0.0039122244
0.98398745,0.009231927,0.0067806575
0.98509717,0.0095171165,0.005385747
0.9859445,0.009214225,0.004841351
0.9907516,0.0061498806,0.0030983996
0.9876472,0.0073589073,0.004993895
0.9926253,0.005063373,0.0023113997
0.9910705,0.0063347556,0.002594706
0.9702949,0.00709671,0.022608427
0.9758421,0.010183827,0.01397412
0.12130393,0.032248456,0.8464476
0.98705506,0.0056333835,0.0073115285
0.2702252,0.04006745,0.6897074
0.2988901,0.033281695,0.66782826
0.989503,0.007673922,0.002823078
0.9661773,0.011938789,0.021883868
0.0964591,0.029418362,0.87412256
0.9754456,0.0129060885,0.011648297
0.98193055,0.011276532,0.0067929667
0.092438176,0.08968169,0.8178802
0.8996171,0.021871235,0.07851176
0.9871596,0.008734603,0.004105838
0.9909532,0.0068620825,0.0021847028
0.98696196,0.009196751,0.0038412712
0.0595845,0.044063754,0.8963517
0.0121173225,0.9835027,0.00438004
0.016070351,0.97882324,0.005106385
0.021014616,0.92282975,0.056155708
0.015283274,0.9746052,0.010111497
0.06237241,0.04883729,0.8887903
0.0539651,0.03817368,0.9078612
0.014920661,0.9759496,0.009129728
0.020047216,0.93165016,0.04830257
0.042851627,0.7844401,0.17270821
0.05654317,0.056377757,0.88707906
0.016287306,0.9800014,0.0037112997
0.01416732,0.97399545,0.011837239
0.018398624,0.960404,0.021197379
0.012356785,0.98162097,0.0060222154
0.024886994,0.9275154,0.047597624
0.017147446,0.977801,0.0050514797
0.01236836,0.98446137,0.0031702593
0.045233633,0.19565123,0.7591151
0.056356393,0.046448134,0.89719546
0.01464477,0.9801411,0.00521411
0.054300595,0.050737437,0.894962
0.06330598,0.05204866,0.88464534
0.048738576,0.047656063,0.9036054
0.016190065,0.9793968,0.0044131693
0.04522121,0.04515502,0.9096238
0.01378193,0.9794882,0.006729908
0.013622299,0.9766897,0.009687997
0.013398099,0.9819558,0.0046461117
0.015009794,0.9803427,0.004647548
0.013997955,0.98325104,0.0027509828
0.01228005,0.9836565,0.0040633953
0.014349294,0.98170096,0.003949787
0.017794203,0.97628605,0.0059197065
0.011214663,0.9856451,0.0031401573
0.058892712,0.13444522,0.8066621
0.013210452,0.98105204,0.0057375017
0.048305545,0.044675328,0.90701914
0.01762118,0.9781893,0.0041894866
0.016023584,0.97692823,0.0070482017
0.018247737,0.9774998,0.0042524617
0.052563123,0.046160843,0.90127605
0.013922462,0.982735,0.0033425891
0.06408222,0.5047846,0.43113315
0.014737326,0.9800945,0.0051682377
0.016741954,0.97684115,0.006416889
0.0468438,0.11713446,0.83602166
0.014919325,0.9758622,0.009218496
0.0132999,0.97809625,0.0086038485
0.049630765,0.07064293,0.8797263
0.01325988,0.98280126,0.0039387983
0.08633092,0.39909267,0.5145764
0.016663585,0.9703715,0.012964946
0.0498278,0.052168112,0.89800406
0.035907384,0.05859733,0.9054953
0.028048988,0.91445434,0.05749661
0.04917776,0.06019504,0.89062715
0.014732997,0.97789484,0.0073721316
0.054535415,0.046193298,0.89927125
0.018745454,0.9761223,0.005132234
0.018948084,0.97660816,0.0044437894
0.022834748,0.96811765,0.009047623
0.05618516,0.052832637,0.8909822
0.014201759,0.95654404,0.029254172
0.04255306,0.096883155,0.8605638
0.015720006,0.97780013,0.006479891
0.01701442,0.97639376,0.0065917517
0.05413178,0.49439538,0.45147288
0.013822529,0.9833334,0.0028440957
0.012245576,0.98521507,0.0025393865
0.049193487,0.052468568,0.89833796
0.01285668,0.982206,0.004937368
0.012747785,0.98248404,0.0047681537
0.011064566,0.98055893,0.008376477
0.01624075,0.97815484,0.0056044366
0.05919886,0.051988337,0.8888128
0.012020354,0.984245,0.0037346575
0.022578066,0.8406424,0.13677955
0.016836662,0.9718707,0.011292567
0.016880449,0.9705995,0.012520008
0.015011849,0.98095566,0.0040325006
0.014810083,0.98109335,0.0040965774
0.021411879,0.9616334,0.016954737
0.017705303,0.977117,0.0051777577
0.021074453,0.9281727,0.050752856
0.060397837,0.129117,0.8104851
0.013497018,0.9791144,0.007388537
0.018937249,0.9760498,0.005012973
0.0448539,0.056866996,0.8982791
0.016229298,0.9731791,0.01059159
0.013109321,0.9763981,0.010492568
0.015066688,0.981659,0.0032743486
0.032998946,0.1890747,0.7779264
0.018329801,0.9568113,0.024858896
0.015610509,0.9771723,0.007217148
0.01304842,0.9813995,0.0055520926
0.0663007,0.046172485,0.8875268
0.019449357,0.9716025,0.008948149
0.049711313,0.72199184,0.22829682
0.0117970845,0.9840537,0.004149262
0.013899261,0.98205584,0.0040449155
0.017815456,0.967953,0.014231489
0.051666524,0.20741105,0.7409224
0.014539058,0.9792625,0.0061984523
0.010946501,0.9858539,0.0031996435
0.01509445,0.9772448,0.0076607075
0.050580885,0.5585975,0.3908217
0.05321619,0.05631738,0.89046645
0.01634876,0.9651438,0.01850749
0.03131469,0.83162713,0.1370582
0.053989187,0.04964012,0.8963707
0.012050437,0.981902,0.006047517
0.056967005,0.047994457,0.89503855
0.014541011,0.97177225,0.013686721
0.0131801935,0.98263586,0.0041839434
0.038346633,0.7747389,0.18691447
0.021780375,0.96962345,0.008596214
0.014206553,0.9814734,0.0043200795
0.052170813,0.06283789,0.88499135
0.046026703,0.07097497,0.88299835
0.061959263,0.04647337,0.8915674
0.051082764,0.048743512,0.9001737
0.016399091,0.97427976,0.009321135
0.015974965,0.97301334,0.011011636
0.063019454,0.043780375,0.89320016
0.017475437,0.96915185,0.013372739
0.015417435,0.9783716,0.0062109833
0.032065503,0.090193786,0.8777407
0.017779177,0.9650391,0.01718176
0.016526133,0.9746626,0.0088113155
0.012971608,0.9718186,0.01520984
0.030605434,0.82398003,0.14541449
0.014827974,0.9794049,0.0057671587
0.012916816,0.98103505,0.006048081
0.060796704,0.045802217,0.8934011
0.013385082,0.9719429,0.014671953
0.051739752,0.03873237,0.90952784
0.010740581,0.9854241,0.0038352858
0.05451065,0.038691603,0.9067978
0.018432714,0.97257507,0.008992164
0.012303305,0.9821566,0.005540121
0.047138803,0.27355957,0.6793016
0.015066975,0.9816777,0.0032552814
0.015017376,0.9817962,0.003186474
0.07530462,0.14458756,0.78010786
0.04625596,0.041747987,0.91199607
0.052952897,0.08824747,0.85879964
0.013859152,0.98305446,0.0030863609
0.016386492,0.9792524,0.004361111
0.017076287,0.9756471,0.0072765984
0.016115068,0.9796315,0.00425342
0.01811563,0.95304847,0.028835837
0.036046,0.6566424,0.3073116
0.015613489,0.97831386,0.006072676
0.04328294,0.10500302,0.851714
0.048838776,0.062343862,0.8888173
0.017355831,0.9767219,0.005922349
0.028934382,0.9396423,0.031423315
0.042565346,0.07448597,0.88294864
0.053720288,0.05262982,0.89364994
0.056804523,0.055923853,0.8872716
0.050061557,0.039756946,0.9101815
0.063316956,0.054903388,0.8817797
0.056999248,0.04526659,0.8977342
0.044812214,0.04982106,0.9053668
0.058044612,0.043686196,0.89826906
0.046408698,0.07492524,0.87866604
0.053071488,0.06320886,0.8837196
0.051185172,0.03842963,0.9103852
0.056992874,0.041860074,0.901147
0.056330647,0.05081601,0.8928533
0.080719404,0.040806856,0.8784737
0.05778783,0.053575646,0.8886365
0.060856994,0.040917348,0.8982256
0.052218948,0.04140956,0.90637153
0.051687896,0.037029967,0.9112821
0.050590463,0.039883796,0.9095257
0.07523613,0.041589927,0.8831739
0.17932557,0.041767176,0.77890724
0.05329876,0.04345872,0.9032426
0.051319934,0.044327036,0.9043531
0.052150037,0.042232387,0.9056176
0.05465809,0.044047866,0.90129405
0.055623192,0.0431505,0.9012264
0.05043499,0.06944322,0.8801217
0.04404879,0.0755172,0.8804341
0.050556768,0.042739693,0.90670353
0.052891925,0.04196372,0.90514433
0.9430256,0.012392139,0.044582244
0.046067555,0.6080074,0.34592503
0.05411286,0.035540104,0.910347
0.055847295,0.04238278,0.9017699
0.03860597,0.15192729,0.8094667
0.054937027,0.048410792,0.89665216
0.049178425,0.43131635,0.51950526
0.055612363,0.048600797,0.8957868
0.053475667,0.037624832,0.9088995
0.057059027,0.04645666,0.8964843
0.058336888,0.033565547,0.9080975
0.058939707,0.049197897,0.8918624
0.042350292,0.081732035,0.87591773
0.05968356,0.05119983,0.8891167
0.059828162,0.04584945,0.8943224
0.056024604,0.05031831,0.8936571
0.049345594,0.049538724,0.90111566
0.051580008,0.03280226,0.91561776
0.014231626,0.97937244,0.006395931
0.98653203,0.008240323,0.0052276477
0.050243635,0.037156027,0.9126003
0.056083746,0.048441734,0.8954746
0.05426112,0.043092076,0.9026468
0.018872777,0.92546713,0.055660095
0.059287563,0.047083884,0.89362854
0.015374559,0.9804263,0.0041990676
0.054996878,0.042539816,0.90246326
0.049474064,0.038643487,0.9118824
0.056622095,0.046781193,0.8965968
0.05154721,0.04760359,0.9008492
0.06435224,0.16759078,0.768057
0.05110974,0.047361195,0.9015291
0.057869438,0.050499275,0.8916313
0.054493804,0.042522784,0.90298337
0.05639387,0.08189249,0.8617136
0.050455976,0.04199319,0.9075509
0.05432164,0.076643206,0.8690352
0.05418229,0.044482175,0.90133554
0.048844818,0.031768415,0.91938674
0.055495888,0.044461753,0.90004236
0.056509484,0.03989552,0.903595
0.059448954,0.04317639,0.89737463
0.051749967,0.045181222,0.90306884
0.060807627,0.038182724,0.9010097
0.049661007,0.036796965,0.91354203
0.050934847,0.03647266,0.91259253
0.054750074,0.045080185,0.90016973
0.057950236,0.04830117,0.8937486
0.05006496,0.05555232,0.8943827
0.06377353,0.03410219,0.9021242
0.056316923,0.12894219,0.8147408
0.015893608,0.97755814,0.006548253
0.056122463,0.050406203,0.8934713
0.05425568,0.03965556,0.90608877
0.061221913,0.040445462,0.8983326
0.059860066,0.04096078,0.8991791
0.05533721,0.04719396,0.89746886
0.012728861,0.9800679,0.007203276
0.055298146,0.04611318,0.89858866
0.014956368,0.97352004,0.0115235755
0.015447598,0.9707592,0.013793152
0.052902903,0.045294464,0.90180266
0.06196429,0.054629914,0.8834058
0.055302802,0.039426755,0.90527046
0.014111346,0.9811039,0.004784761
0.059386436,0.08565065,0.8549629
0.052579686,0.04233157,0.9050888
0.054946642,0.046929557,0.89812374
0.051066358,0.042876385,0.9060573
0.015254182,0.9794224,0.0053234375
0.062140368,0.07794148,0.8599181
0.0621943,0.040668696,0.89713705
0.054841343,0.047880206,0.8972785
0.056182265,0.05201087,0.89180684
0.053488232,0.044473406,0.9020383
0.05694087,0.052354034,0.8907051
0.05862264,0.055611305,0.8857661
0.053724896,0.047296446,0.89897865
0.058079,0.04924289,0.892678
0.057145987,0.043687176,0.8991668
0.057255127,0.04974411,0.8930008
0.06384293,0.053971548,0.88218546
0.05550648,0.051284995,0.8932085
0.051541284,0.07072431,0.8777344
0.051096514,0.03698358,0.9119199
0.058549773,0.03624803,0.90520227
0.054031987,0.048010137,0.8979578
0.10178803,0.032107316,0.86610466
0.009900789,0.98458856,0.0055106194
0.05757296,0.041834325,0.9005926
0.05501407,0.038707238,0.90627867
0.061219744,0.044854984,0.89392525
0.052504864,0.04281139,0.90468377
0.05573137,0.039965782,0.90430284
0.056379464,0.03990102,0.9037195
0.052489944,0.05274687,0.8947632
0.054709468,0.035185378,0.9101052
0.05183259,0.041002955,0.90716445
0.051126663,0.043073993,0.9057994
0.053314332,0.04362025,0.9030654
0.05151347,0.036279667,0.9122069
0.06601184,0.043397445,0.89059067
0.059587833,0.047068857,0.8933433
0.053755347,0.04323584,0.90300876
0.059638865,0.0458161,0.8945451
0.065725505,0.0497092,0.8845653
0.21587454,0.35965386,0.4244715
0.048485097,0.040234834,0.91128004
0.014140231,0.9740336,0.011826147
0.050927576,0.058617286,0.8904551
0.0597897,0.048206862,0.89200354
0.0571026,0.04177716,0.9011203
0.013345493,0.983368,0.0032864618
0.058901817,0.047630325,0.8934678
0.04794128,0.05011952,0.9019393
0.06788546,0.057333004,0.8747815
0.05772981,0.046251506,0.8960186
0.058604766,0.06064248,0.88075274
0.053557634,0.038369473,0.90807295
0.06691807,0.054616936,0.878465
0.06271823,0.0505187,0.8867631
0.079302296,0.03933423,0.8813635
0.05315457,0.046046387,0.90079904
0.057977725,0.0337686,0.90825367
0.05724325,0.044255763,0.898501
0.05310154,0.04743749,0.899461
0.06462164,0.049813975,0.8855644
0.053833038,0.0444986,0.9016683
0.05597683,0.045442227,0.8985809
0.064761154,0.055528548,0.87971026
0.05292188,0.048469085,0.89860904
0.055549026,0.040462334,0.90398866
0.061557937,0.040017415,0.8984246
0.06109479,0.06020637,0.8786988
0.049929872,0.055483643,0.89458656
0.044936568,0.12923706,0.82582647
0.04467174,0.065923914,0.8894044
0.041238144,0.05172422,0.9070377
0.967722,0.010625174,0.021652918
0.04856037,0.043190487,0.90824914
0.059005104,0.051189486,0.88980544
0.06172812,0.044374347,0.89389753
0.04962153,0.046433378,0.903945
0.05429198,0.04078212,0.9049259
0.052863475,0.0482033,0.8989332
0.050181683,0.039677598,0.91014075
0.06666109,0.051814415,0.88152444
0.06426474,0.050318968,0.88541627
0.053376324,0.06904037,0.8775834
0.056076545,0.055531587,0.88839185
0.079552315,0.035009313,0.8854383
0.051150873,0.2697839,0.67906517
0.045020297,0.04851245,0.9064672
0.053831458,0.044086386,0.90208226
0.0788591,0.04127272,0.8798681
0.07002914,0.040253647,0.8897172
0.09197995,0.034699216,0.87332094
0.06523197,0.04562829,0.8891398
0.061321434,0.051537063,0.8871414
0.047551945,0.0508169,0.9016312
0.060929716,0.07210893,0.86696136
0.054048285,0.041561842,0.9043899
0.027080324,0.77080864,0.202111
0.055248167,0.040817086,0.9039347
0.051770817,0.035930704,0.91229844
0.056031764,0.0401028,0.90386546
0.05550857,0.04380382,0.9006876
0.9887299,0.0066101654,0.0046599247
0.067224726,0.03551154,0.8972637
0.0596448,0.047902554,0.89245266
0.052560814,0.03780272,0.9096365
0.05127931,0.04110361,0.90761703
0.057436995,0.04453583,0.8980271
0.079623535,0.051710922,0.8686655
0.18626711,0.037424415,0.7763084
0.059311103,0.045832068,0.8948568
0.05812458,0.03664082,0.9052346
0.04584383,0.05204942,0.9021067
0.05572563,0.044908177,0.8993661
0.059963312,0.03886675,0.90116996
0.045129016,0.043548748,0.91132224
0.057518054,0.047567867,0.8949141
0.05655451,0.041335773,0.9021097
0.056164827,0.040473767,0.90336144
0.06741985,0.04406415,0.88851607
0.9776223,0.007791958,0.014585754
0.7845026,0.015490784,0.20000666
0.055793643,0.039776687,0.9044296
0.05506784,0.04086305,0.9040691
0.055237036,0.03703011,0.90773284
0.057722777,0.048988678,0.8932885
0.06383164,0.048088636,0.8880797
0.06443947,0.046869487,0.8886911
0.060169548,0.056939576,0.8828908
0.05730497,0.044542074,0.898153
0.015442077,0.9770687,0.007489209
0.080724634,0.033421785,0.8858536
0.060484074,0.056764066,0.8827518
0.056346655,0.045297917,0.8983555
0.059359573,0.043301348,0.89733905
0.06538614,0.057618592,0.87699527
0.049653612,0.052856002,0.89749044
0.012688547,0.9798304,0.007481097
0.061346408,0.04898132,0.8896722
0.066099554,0.05165464,0.8822458
0.057257906,0.049697973,0.8930441
0.050293762,0.041532442,0.9081738
0.061077956,0.042701792,0.89622027
0.061846033,0.04298617,0.8951678
0.05597904,0.03791432,0.9061067
0.05976228,0.042089097,0.89814866
0.0574242,0.050429836,0.892146
0.056313213,0.04542603,0.8982607
0.26847377,0.028324574,0.7032017
0.27060017,0.031957656,0.6974422
0.07453186,0.041544035,0.88392407
0.07137796,0.05009821,0.8785239
0.030415172,0.8489863,0.120598495
0.3274478,0.024199896,0.64835227
0.057967864,0.045388557,0.8966436
0.057100795,0.051435355,0.8914639
0.060155172,0.04326472,0.89658004
0.98109037,0.011981827,0.0069277813
0.06387513,0.04265402,0.8934708
0.05944361,0.05932762,0.8812287
0.05806562,0.055542033,0.88639235
0.05926276,0.04354852,0.8971887
0.051327415,0.046393104,0.9022794
0.05271231,0.042128645,0.9051591
0.051450636,0.043220133,0.90532917
0.051259417,0.04191851,0.906822
0.06100922,0.042904392,0.8960863
0.058772147,0.040098697,0.90112907
0.021666655,0.97022915,0.008104147
0.013797504,0.98059505,0.0056074555
0.06709269,0.036531135,0.89637625
0.058816902,0.04463643,0.89654666
0.07810249,0.4253738,0.49652377
0.017251763,0.9751413,0.0076069837
0.05583451,0.03951534,0.9046502
0.046939556,0.06304082,0.89001966
0.05585985,0.18867178,0.7554684
0.054222226,0.04245573,0.90332204
0.054620203,0.044710506,0.90066934
0.019205278,0.92807704,0.052717675
0.9775393,0.014191124,0.00826953
0.037822418,0.5678665,0.3943111
0.050350055,0.0422337,0.9074163
0.06187514,0.05642054,0.88170433
0.049258865,0.046364885,0.90437627
0.053535737,0.03964863,0.90681565
0.06121192,0.049764942,0.8890231
0.06315378,0.06673626,0.8701099
0.046678543,0.088753484,0.86456794
0.05557841,0.055280693,0.8891409
0.05264637,0.036681376,0.9106723
0.05504108,0.04044627,0.9045126
0.056695044,0.047742017,0.89556295
0.046684396,0.04714253,0.90617305
0.054555334,0.03657311,0.90887153
0.06347192,0.046961498,0.88956654
0.06117064,0.040372144,0.89845717
0.061095238,0.037602946,0.9013018
0.05408265,0.03918319,0.9067342
0.06504675,0.036133323,0.8988199
0.051580373,0.03770017,0.91071945
0.98199993,0.010049874,0.007950105
0.05147198,0.042381063,0.906147
0.05639702,0.039160565,0.9044425
0.057152726,0.044013504,0.89883375
0.053232037,0.036247954,0.91052
0.060961008,0.044534743,0.89450425
0.05829767,0.040837675,0.9008647
0.06055309,0.03869717,0.9007497
0.05405904,0.046216574,0.89972436
0.057017926,0.045392115,0.89759004
0.050562713,0.046603307,0.902834
0.0508613,0.044513904,0.90462476
0.059524126,0.18864265,0.7518332
0.058178212,0.036194295,0.9056275
0.4080095,0.029933725,0.56205684
0.060165286,0.056575276,0.8832594
0.049696304,0.25210154,0.6982022
0.06516873,0.045251403,0.88957983
0.05464604,0.052143615,0.89321035
0.06029468,0.04760395,0.8921014
0.060217515,0.047080994,0.8927015
0.04894534,0.05331157,0.89774305
0.06015938,0.044947427,0.89489317
0.054718874,0.053061258,0.8922199
0.053791523,0.043033175,0.9031753
0.047622804,0.05730399,0.8950732
0.9886801,0.0057483334,0.0055714757
0.06303234,0.053130414,0.8838372
0.058897298,0.04376876,0.897334
0.054900747,0.0371477,0.90795153
0.047125846,0.039471366,0.91340286
0.053466067,0.047507282,0.89902675
0.06221064,0.04435153,0.89343786
0.038964275,0.44526982,0.5157659
0.05535784,0.042444326,0.9021979
0.06360671,0.04363091,0.8927624
0.053523313,0.04119837,0.90527827
0.052286044,0.051626455,0.8960875
0.05471899,0.03945112,0.9058298
0.05787461,0.05692173,0.8852037
0.05618511,0.051962733,0.8918521
0.053710476,0.040503222,0.9057863
0.050544728,0.044736434,0.9047188
0.05619081,0.051866606,0.8919425
0.049822267,0.04523098,0.9049467
0.064012386,0.051460516,0.8845271
0.012278529,0.9811364,0.006585072
0.9697211,0.0069553307,0.023323687
0.05473344,0.03875501,0.9065116
0.06816019,0.048356418,0.88348335
0.051141076,0.04103286,0.90782607
0.05489972,0.040263675,0.9048366
0.06153708,0.052970625,0.8854923
0.052823864,0.049793325,0.8973828
0.055567276,0.04279255,0.9016402
0.05311594,0.03256439,0.9143197
0.06468005,0.052841894,0.88247806
0.048740473,0.046736132,0.90452343
0.059569206,0.031085705,0.90934515
0.046309862,0.07561006,0.87808007
0.06617898,0.047923647,0.88589746
0.9859097,0.0073030447,0.006787272
0.044445153,0.065461546,0.8900932
0.012417435,0.9840336,0.0035489793
0.06835285,0.04089515,0.890752
0.052390277,0.090433925,0.8571757
0.060558148,0.046499606,0.8929423
0.04587202,0.06023877,0.89388925
0.050372776,0.060229473,0.8893978
0.11633425,0.031587344,0.8520783
0.057227217,0.04496204,0.8978107
0.048355818,0.03789936,0.91374487
0.057721402,0.038922988,0.9033556
0.062009107,0.058252163,0.87973875
0.05063101,0.035105344,0.9142636
0.08526915,0.023163786,0.8915671
0.058720596,0.049254913,0.89202446
0.05968724,0.05244283,0.8878699
0.05663164,0.036492787,0.90687555
0.0589127,0.036920667,0.9041666
0.1032507,0.03980669,0.85694253
0.09613193,0.044119988,0.8597481
0.057501134,0.042150974,0.9003479
0.061891172,0.053588506,0.88452035
0.01172371,0.9808024,0.007473907
0.055156987,0.04898583,0.8958572
0.05701422,0.0493899,0.893596
0.07395135,0.046436016,0.8796126
0.056062885,0.042215295,0.90172184
0.05692299,0.049166616,0.8939104
0.0841001,0.051034205,0.86486566
0.05571423,0.04290572,0.90138006
0.05718413,0.08592743,0.8568885
0.05787577,0.048215557,0.8939087
0.06507642,0.04833708,0.8865865
0.9642874,0.008424591,0.027288025
0.07488275,0.034208573,0.89090866
0.056222763,0.042129472,0.90164787
0.08484423,0.04434018,0.87081563
0.052836444,0.038542885,0.9086207
0.049336717,0.04219993,0.90846324
0.09344679,0.034126285,0.8724269
0.056172654,0.041662518,0.9021648
0.0528953,0.037471775,0.90963286
0.06525199,0.038359664,0.8963883
0.044339627,0.1983529,0.75730747
0.051145677,0.033378772,0.9154755
0.061811842,0.035617087,0.902571
0.05275051,0.042760402,0.9044891
0.058414865,0.051601306,0.8899838
0.054087207,0.045279905,0.90063286
0.052407034,0.06465088,0.882942
0.04235356,0.041412864,0.91623354
0.05722527,0.042360418,0.9004143
0.054287966,0.037311535,0.9084005
0.061600935,0.041539054,0.89685994
0.05603211,0.053675476,0.89029235
0.0878844,0.033569567,0.87854606
0.053323515,0.043014348,0.90366215
0.05594353,0.042935304,0.90112114
0.051702864,0.08820757,0.8600896
0.017866457,0.9764287,0.005704889
0.058921456,0.039423015,0.9016556
0.2267686,0.033126917,0.7401045
0.14624305,0.032533795,0.82122314
0.045656834,0.056793105,0.89755005
0.054455925,0.04538868,0.9001554
0.61891025,0.026719194,0.35437053
0.05173852,0.045392334,0.90286905
0.05145706,0.035107803,0.9134352
0.0554623,0.04679525,0.89774245
0.015521208,0.95186025,0.032618612
0.04415736,0.04788557,0.9079571
0.05788022,0.045519527,0.89660025
0.04556018,0.03755005,0.9168898
0.05431606,0.04476652,0.9009174
0.06751623,0.05091418,0.88156956
0.98645055,0.008443281,0.0051061274
0.05601261,0.05313535,0.8908521
0.2827089,0.643425,0.073866144
0.012581014,0.98393893,0.0034800011
0.057349924,0.043353453,0.8992966
0.052427813,0.04685851,0.9007136
0.050550755,0.04638798,0.9030612
0.053424858,0.044725407,0.90184975
0.051164757,0.053359024,0.8954762
0.061763603,0.049050264,0.8891861
0.057520702,0.04270404,0.8997752
0.05758326,0.044736534,0.8976802
0.053666264,0.04658055,0.8997532
0.05802549,0.050118886,0.8918556
0.08753393,0.045080613,0.86738545
0.092052795,0.040948026,0.86699915
0.06791448,0.037050884,0.8950347
0.06024452,0.04926627,0.8904892
0.052743632,0.04111692,0.9061394
0.051380593,0.040984184,0.9076352
0.05993056,0.053355422,0.886714
0.05844091,0.041562393,0.8999967
0.05011463,0.046711978,0.90317345
0.046495993,0.16091596,0.79258806
0.053358115,0.056412462,0.89022946
0.06333816,0.05199889,0.884663
0.057823237,0.04426972,0.89790696
0.052469425,0.042574104,0.90495646
0.06335166,0.044421367,0.89222705
0.058619596,0.038631838,0.90274847
0.05538468,0.045937937,0.8986774
0.055283573,0.042408086,0.90230834
0.986827,0.009515226,0.0036577142
0.0677404,0.040390432,0.89186925
0.06532198,0.043876525,0.8908015
0.08616502,0.029031271,0.8848037
0.062429268,0.046666127,0.8909046
0.052293535,0.038709752,0.9089967
0.075046346,0.03318798,0.8917657
0.06579824,0.049521826,0.88468
0.055632096,0.04211652,0.90225136
0.062086947,0.039696783,0.8982162
0.059114464,0.042000387,0.8988852
0.05884822,0.0436896,0.8974622
0.05895069,0.04421675,0.8968326
0.05402782,0.03838636,0.90758586
0.054230515,0.037000056,0.9087694
0.057452027,0.039007083,0.90354085
0.051930506,0.045383144,0.9026863
0.98061144,0.0073422478,0.012046356
0.06057404,0.045813076,0.8936129
0.075149454,0.07025251,0.85459805
0.055269964,0.038228348,0.9065017
0.050881054,0.05337498,0.89574397
0.059727024,0.04002059,0.90025246
0.051920548,0.04336007,0.9047194
0.10180387,0.051403098,0.84679306
0.056132752,0.03837278,0.9054945
0.05452756,0.038836118,0.9066363
0.050838735,0.043612253,0.90554893
0.071011186,0.04381285,0.88517606
0.0600091,0.04383933,0.8961516
0.05263879,0.050498795,0.8968625
0.05230953,0.04549171,0.9021988
0.96987456,0.007024699,0.02310068
0.048735764,0.053866606,0.8973976
0.04734387,0.04438867,0.9082675
0.04877195,0.38399595,0.56723213
0.061709378,0.043354418,0.89493614
0.058490794,0.057303496,0.8842057
0.054099403,0.04242166,0.903479
0.07275936,0.04559839,0.88164234
0.07485499,0.047302753,0.87784225
0.05067482,0.33976737,0.6095578
0.062859,0.05659461,0.8805464
0.049581684,0.028934866,0.9214834
0.05296473,0.038429502,0.9086058
0.05716247,0.040772464,0.9020651
0.053988237,0.05315123,0.8928605
0.05865312,0.03675799,0.90458894
0.06784377,0.046742275,0.88541394
0.066196166,0.042469017,0.89133483
0.055715542,0.03670007,0.90758437
0.048980564,0.03848285,0.9125366
0.05040971,0.22386174,0.7257286
0.059713915,0.058931835,0.8813542
0.05330937,0.039732393,0.90695834
0.048531707,0.036189187,0.9152791
0.13096942,0.10385859,0.765172
0.060163908,0.052707005,0.8871291
0.054257136,0.041397758,0.90434515
0.054242764,0.042534072,0.9032231
0.05013453,0.037021074,0.91284436
0.06280251,0.05270456,0.88449293
0.061582886,0.044879347,0.8935378
0.06908526,0.035440706,0.895474
0.05220245,0.046566043,0.9012315
0.7766736,0.028290335,0.19503601
0.05347555,0.028707385,0.917817
0.077304095,0.048731286,0.87396467
0.05028927,0.04824479,0.9014659
0.06412303,0.04417879,0.8916982
0.06177257,0.044995606,0.8932318
0.05045989,0.048102167,0.901438
0.0541553,0.038778715,0.907066
0.05560945,0.041184425,0.9032061
0.054305073,0.041434333,0.90426064
0.050762735,0.047246814,0.9019905
0.05454088,0.04169561,0.9037635
0.09284839,0.03351272,0.873639
0.058093607,0.04243998,0.8994664
0.058761768,0.04158703,0.8996511
0.059233844,0.066924386,0.8738418
0.05981573,0.044299603,0.8958847
0.05927258,0.040757302,0.8999701
0.05758704,0.041600082,0.90081286
0.054433063,0.044470377,0.90109646
0.06556115,0.04473066,0.88970816
0.05623729,0.042762194,0.90100056
0.06171556,0.053254116,0.8850303
0.062072482,0.04473097,0.8931965
0.0479645,0.056681804,0.8953538
0.0450755,0.043348685,0.91157585
0.9880436,0.0068419348,0.0051143738
0.05227876,0.040754523,0.90696675
0.056885272,0.04410804,0.89900666
0.071267635,0.05070935,0.87802297
0.05287376,0.045380164,0.90174603
0.060632728,0.04401464,0.8953526
0.052896798,0.042317398,0.9047859
0.055928975,0.03921668,0.90485436
0.05404721,0.042463586,0.9034892
0.9860384,0.0096762255,0.0042854208
0.05564388,0.05286294,0.8914932
0.050449148,0.030080464,0.9194704
0.055362977,0.037939064,0.90669805
0.059106737,0.045629565,0.89526373
0.056229178,0.082053006,0.8617179
0.0594951,0.048987154,0.89151764
0.051736005,0.036578998,0.911685
0.050957993,0.07954431,0.8694977
0.048907172,0.062767394,0.88832545
0.059914373,0.04359949,0.8964862
0.82971764,0.019456005,0.15082638
0.05304383,0.035214245,0.9117419
0.0570311,0.043855555,0.8991135
0.04828371,0.07898689,0.8727294
0.055724744,0.050614238,0.8936611
0.052038677,0.046921294,0.90104
0.021290855,0.95340097,0.025308222
0.9594449,0.011039847,0.029515322
0.058459066,0.04608713,0.8954539
0.05628812,0.04585138,0.89786047
0.05551332,0.04372209,0.9007647
0.06613204,0.049894717,0.88397324
0.18234128,0.042865403,0.7747934
0.058304,0.046871457,0.89482456
0.06705389,0.049684446,0.88326174
0.052313842,0.04673382,0.90095234
0.057261348,0.043075647,0.8996631
0.038321897,0.069663584,0.8920145
0.032757126,0.36052382,0.6067191
0.04915929,0.044760045,0.90608066
0.9877517,0.009159277,0.003089018
0.05799197,0.0454296,0.8965784
0.06394123,0.058105562,0.87795323
0.020276342,0.8947677,0.084955946
0.050918166,0.0430032,0.9060786
0.054792166,0.044785623,0.9004221
0.0569983,0.04615863,0.8968431
0.055494796,0.048427064,0.89607805
0.055231098,0.03358124,0.9111876
0.05018235,0.029385673,0.920432
0.05925618,0.038823225,0.90192056
0.056858305,0.049811114,0.89333063
0.054427374,0.041043837,0.9045288
0.05644426,0.051518712,0.892037
0.06896377,0.04452636,0.8865099
0.06044563,0.041280765,0.8982736
0.049608547,0.054590847,0.8958006
0.057998538,0.0448835,0.89711803
0.24527428,0.032943986,0.72178173
0.10733543,0.034272976,0.8583915
0.05559491,0.043636948,0.90076816
0.060643576,0.039020836,0.9003356
0.05990456,0.050297126,0.8897983
0.05969777,0.042684913,0.8976174
0.055716563,0.042865638,0.90141785
0.05644492,0.037017483,0.90653753
0.058547575,0.049446657,0.8920057
0.053093944,0.040077407,0.9068286
0.059368547,0.044032868,0.89659864
0.06148748,0.045051143,0.8934614
0.06914677,0.04329208,0.8875612
0.049222272,0.028348906,0.9224289
0.060615927,0.043404944,0.8959791
0.048025135,0.05985586,0.892119
0.055774227,0.041875076,0.9023507
0.051435057,0.04703841,0.9015266
0.55895996,0.022602715,0.4184373
0.059887554,0.04095959,0.8991529
0.04813727,0.05240582,0.89945686
0.05835494,0.047349654,0.8942954
0.05364104,0.037759617,0.9085993
0.05538727,0.0485224,0.8960903
0.053097256,0.03824452,0.9086582
0.06160792,0.038798753,0.89959335
0.054066878,0.04651762,0.89941555
0.054094758,0.09723814,0.8486671
0.05153855,0.040256027,0.90820545
0.05196128,0.048338737,0.8996999
0.06524751,0.04886813,0.88588434
0.074610285,0.034900907,0.89048886
0.05086029,0.04320674,0.9059329
0.052672777,0.037975844,0.90935135
0.9898683,0.007113718,0.0030180265
0.062131558,0.043821868,0.8940466
0.05871147,0.04853113,0.89275736
0.05667293,0.07988263,0.86344445
0.061364155,0.044350278,0.89428556
0.088109106,0.038379416,0.87351143
0.056914426,0.074266665,0.868819
0.05977942,0.04181435,0.89840627
0.05023897,0.041690268,0.9080708
0.061752528,0.05700032,0.8812471
0.9888058,0.008283548,0.0029106399
0.05660385,0.047525782,0.8958704
0.05376844,0.043884523,0.902347
0.051626205,0.04878334,0.89959043
0.05186138,0.051482923,0.89665574
0.0608279,0.046185132,0.89298695
0.04313586,0.10222208,0.8546421
0.04141799,0.05202595,0.90655607
0.05354002,0.044429604,0.90203035
0.05115837,0.05957701,0.8892646
0.054590672,0.03905231,0.90635705
0.05454332,0.04649419,0.89896256
0.06668073,0.042446982,0.89087236
0.9892485,0.007884623,0.0028667978
0.057429828,0.039819345,0.90275085
0.059623297,0.04911668,0.89126
0.0512204,0.04087636,0.9079032
0.06747063,0.08323379,0.84929556
0.050011374,0.04426438,0.9057243
0.9911144,0.0055797417,0.0033058873
0.06376571,0.046903238,0.88933104
0.06025333,0.042580225,0.8971665
0.053687003,0.03515726,0.9111558
0.048486438,0.043761093,0.9077524
0.060127877,0.050238717,0.8896334
0.06107086,0.04106114,0.89786804
0.056576796,0.038751945,0.9046713
0.054602947,0.044132534,0.90126455
0.054732073,0.03789329,0.90737456
0.043054357,0.23440337,0.7225423
0.05882894,0.042248935,0.8989221
0.051898476,0.042441115,0.9056604
0.054597802,0.03804104,0.90736115
0.063064605,0.04178505,0.89515036
0.017968768,0.97532994,0.006701337
0.04930612,0.038795415,0.9118985
0.05342499,0.037205707,0.9093693
0.06219032,0.058081083,0.8797286
0.05549598,0.045338754,0.8991653
0.043974403,0.06323695,0.89278865
0.05315298,0.047832504,0.8990145
0.05226288,0.04060312,0.90713406
0.06232198,0.044387538,0.8932905
0.053418823,0.04659273,0.8999885
0.05142475,0.037494775,0.91108054
0.09666024,0.03442323,0.8689165
0.056324635,0.037301093,0.9063743
0.0461397,0.11661989,0.8372404
0.94875616,0.009210887,0.0420329
0.30256656,0.026979165,0.67045426
0.05883191,0.036476094,0.904692
0.07324456,0.039667126,0.88708836
0.06754742,0.04745598,0.88499653
0.059935626,0.051541753,0.8885226
0.059042495,0.046229985,0.89472747
0.056607287,0.036907073,0.9064856
0.053528678,0.049024828,0.89744645
0.05539841,0.044383653,0.90021783
0.05768123,0.04398883,0.89832985
0.1137472,0.06202473,0.82422805
0.06030606,0.04305673,0.89663726
0.054669794,0.050858427,0.8944717
0.05311739,0.042307544,0.9045751
0.06212503,0.04957879,0.88829625
0.052272726,0.045282476,0.9024448
0.012975845,0.9749883,0.012035904
0.018725133,0.96511704,0.016157843
0.055725075,0.04403913,0.90023583
0.07231935,0.045789763,0.8818909
0.059419814,0.03925493,0.90132517
0.059163947,0.04207661,0.8987594
0.05153866,0.038922425,0.90953887
0.06884388,0.040117085,0.89103895
0.059646197,0.047880292,0.8924736
0.055851966,0.0506308,0.89351726
0.06429477,0.047709875,0.88799536
0.063227616,0.0445514,0.892221
0.065259315,0.038251743,0.896489
0.018971918,0.9749761,0.0060519576
0.053364877,0.039618697,0.90701646
0.05000962,0.041197095,0.90879333
0.05344755,0.05177785,0.8947746
0.06434972,0.037297353,0.898353
0.0477849,0.043508645,0.90870655
0.019273123,0.9268191,0.053907845
0.04514943,0.16001,0.79484063
0.05509584,0.042140435,0.9027637
0.050431028,0.049965326,0.89960366
0.05844635,0.05065525,0.89089835
0.044730045,0.072497755,0.88277227
0.05235012,0.037669573,0.9099803
0.054867946,0.04302431,0.9021078
0.05608642,0.042253647,0.90165997
0.057714477,0.04912535,0.8931601
0.11446142,0.034806635,0.850732
0.04839317,0.040276367,0.91133046
0.42618948,0.025234794,0.54857576
0.98662764,0.007925409,0.0054470487
0.0580486,0.041424733,0.9005266
0.05463919,0.037755176,0.90760565
0.05909862,0.03166412,0.9092372
0.050653882,0.038235556,0.9111106
0.0670634,0.046091963,0.8868446
0.048861567,0.037702024,0.9134364
0.06002192,0.043635115,0.896343
0.05289376,0.04016093,0.90694535
0.056933112,0.0450598,0.89800704
0.8915044,0.018021097,0.090474546
0.06184096,0.053492762,0.88466626
0.052149117,0.04841882,0.89943206
0.9876818,0.0072947685,0.005023418
0.0589854,0.044091824,0.8969227
0.05943206,0.04694581,0.89362216
0.029057074,0.7164726,0.25447023
0.047925305,0.051316023,0.9007587
0.057412326,0.04231253,0.9002751
0.04732174,0.039500203,0.91317797
0.057413466,0.049735755,0.89285076
0.04894717,0.048000444,0.9030524
0.079314105,0.050736148,0.86994976
0.060884226,0.043554507,0.8955613
0.05464262,0.04035001,0.9050074
0.06502074,0.03695736,0.89802194
0.054651957,0.04283402,0.90251404
0.051475424,0.04452652,0.903998
0.066475876,0.045822207,0.88770187
0.05672857,0.05241414,0.8908573
0.062377073,0.049199976,0.8884229
0.050366584,0.045458008,0.90417534
0.055452168,0.047407597,0.89714026
0.049949057,0.03880551,0.9112454
0.05556974,0.051948655,0.8924816
0.051651265,0.04081963,0.90752906
0.056507383,0.058272664,0.88521993
0.052161302,0.032689556,0.9151491
0.0582922,0.04400126,0.89770657
0.052769832,0.039755035,0.9074752
0.058959205,0.040128235,0.9009126
0.05073448,0.047777135,0.90148836
0.062341798,0.040586397,0.8970719
0.046234593,0.047516264,0.9062491
0.056815717,0.044399627,0.89878464
0.05511834,0.07252248,0.8723592
0.06165621,0.046359103,0.89198464
0.05297726,0.04307021,0.90395254
0.052773297,0.041462705,0.905764
0.06236025,0.047719974,0.8899197
0.0629565,0.049948808,0.88709474
0.0552131,0.05064166,0.89414525
0.06390406,0.04527053,0.8908254
0.055906005,0.04269751,0.9013965
0.053702638,0.0459343,0.9003631
0.05426568,0.038593028,0.9071413
0.05873294,0.045562938,0.89570415
0.08526169,0.8849835,0.029754814
0.061891686,0.050985347,0.8871229
0.060139682,0.04482314,0.8950371
0.056837738,0.05667146,0.8864908
0.057111584,0.04645407,0.8964343
0.05561655,0.0752433,0.8691401
0.054587867,0.050534848,0.8948774
0.057928015,0.04385465,0.8982173
0.05988735,0.04883092,0.8912817
0.0530731,0.043106012,0.9038209
0.057617895,0.045914564,0.8964675
0.071064256,0.04956242,0.87937325
0.054570325,0.033195686,0.91223395
0.053511567,0.03386487,0.9126236
0.054011885,0.039112817,0.90687525
0.056198236,0.04649907,0.8973027
0.98812324,0.006909635,0.0049671126
0.046659205,0.07979743,0.8735434
0.051302098,0.044659175,0.9040387
0.068773486,0.043269128,0.8879574
0.1352906,0.042052,0.8226574
0.05594958,0.12187738,0.82217306
0.054009564,0.047966786,0.8980236
0.05428,0.04143543,0.9042846
0.050764747,0.039690364,0.9095449
0.063340075,0.06355695,0.87310296
0.05582114,0.040186834,0.90399206
0.057189275,0.045595262,0.8972154
0.060994428,0.03875149,0.9002541
0.9896337,0.006400136,0.0039661806
0.05751765,0.041875843,0.9006066
0.051922563,0.030868428,0.9172091
0.051235158,0.046787012,0.9019779
0.056266326,0.04534391,0.8983898
0.051655434,0.02914635,0.91919816
0.05250044,0.036687028,0.9108126
0.052589748,0.10031077,0.8470994
0.052419126,0.039510112,0.9080708
0.05198777,0.042121544,0.90589076
0.04979587,0.03686088,0.9133432
0.055942856,0.038093876,0.90596324
0.04980017,0.041670598,0.90852916
0.055168238,0.04835412,0.8964776
0.99061537,0.006687763,0.002696828
0.06478446,0.039582614,0.8956329
0.05754413,0.041874666,0.90058124
0.05710127,0.04924841,0.8936503
0.04727625,0.04398033,0.90874344
0.059789598,0.035929345,0.9042811
0.77848494,0.014682355,0.20683269
0.06101233,0.047655866,0.89133173
0.061134383,0.052701138,0.88616455
0.06129733,0.05017621,0.8885265
0.06929581,0.036002893,0.89470124
0.053477533,0.05734501,0.8891774
0.9124844,0.013774399,0.073741175
0.057657324,0.039108258,0.9032344
0.060987156,0.03842657,0.90058637
0.0528811,0.04392568,0.9031933
0.08605862,0.05322669,0.8607147
0.06067874,0.0437266,0.89559466
0.986161,0.008734293,0.005104629
0.05120325,0.70133835,0.24745838
0.012447775,0.97828376,0.009268486
0.015667517,0.97882736,0.0055051898
0.04672646,0.04184445,0.91142905
0.06544511,0.032875746,0.90167904
0.056249008,0.042562764,0.90118825
0.0430704,0.83195084,0.12497873
0.058142874,0.26133236,0.6805248
0.024766983,0.94124806,0.033984948
0.07478319,0.034405828,0.8908109
0.12674975,0.12619397,0.74705625
0.06246656,0.04348112,0.89405227
0.07336171,0.034653615,0.89198476
0.09272765,0.035195444,0.8720769
0.057632204,0.04128856,0.90107924
0.059982404,0.04601256,0.894005
0.055293,0.042685412,0.9020216
0.07909076,0.046178304,0.8747309
0.054780807,0.052425575,0.89279366
0.014874787,0.9801012,0.0050239596
0.06359679,0.042034905,0.89436823
0.99109566,0.0057063783,0.0031978635
0.05570714,0.0425872,0.9017056
0.054302357,0.049394596,0.89630306
0.060629867,0.0479856,0.89138454
0.057158552,0.046107948,0.89673346
0.04334684,0.052209735,0.90444344
0.04397289,0.08904481,0.86698234
0.052205823,0.04562375,0.9021704
0.055112433,0.0427334,0.9021542
0.05264392,0.03938999,0.9079661
0.06306129,0.06257054,0.8743682
0.9863359,0.0085585145,0.0051055336
0.051424645,0.04326162,0.90531373
0.060266413,0.07125431,0.86847925
0.051146325,0.040047318,0.9088064
0.07258615,0.052154362,0.8752594
0.06085882,0.034727145,0.904414
0.05373932,0.051857542,0.89440316
0.026018424,0.92527777,0.04870385
0.010673402,0.9845345,0.004792123
0.05523473,0.043694265,0.901071
0.066631734,0.04401939,0.88934886
0.051381357,0.03697248,0.9116462
0.072979234,0.042714156,0.88430667
0.052352577,0.0569671,0.8906803
0.05146605,0.04778461,0.9007494
0.051582277,0.033206597,0.9152111
0.049193427,0.04409671,0.9067099
0.012028732,0.97440726,0.013563948
0.050543845,0.07429882,0.87515736
0.061223917,0.054773677,0.8840024
0.050494675,0.045241036,0.90426433
0.0563859,0.053803805,0.88981026
0.064089656,0.044676296,0.8912341
0.056385234,0.046836387,0.8967784
0.014193575,0.97580045,0.010005951
0.059018407,0.047492143,0.8934895
0.06768764,0.042007696,0.8903046
0.04393366,0.08476709,0.87129927
0.156823,0.03888711,0.8042899
0.9632971,0.009734101,0.026968738
0.1820044,0.023437757,0.79455787
0.063348524,0.045339517,0.891312
0.06139141,0.04697858,0.89162993
0.98955077,0.006852371,0.0035968681
0.05892222,0.04204818,0.8990296
0.058686987,0.041050214,0.9002628
0.05230946,0.0542606,0.8934299
0.06524068,0.04550088,0.88925844
0.055257253,0.04418418,0.9005586
0.054975778,0.043787733,0.90123653
0.071373306,0.034145106,0.89448154
0.06237818,0.043525733,0.8940961
0.042598657,0.058969367,0.89843196
0.05251514,0.045270886,0.9022139
0.05379355,0.03857614,0.9076303
0.054161977,0.04440041,0.9014376
0.061675783,0.05429597,0.88402826
0.14621906,0.025456797,0.8283242
0.05049004,0.048413754,0.90109617
0.059028015,0.037685737,0.9032862
0.14830586,0.055519417,0.79617476
0.054033533,0.05670967,0.88925683
0.012767658,0.9782668,0.00896564
0.055676553,0.06742159,0.87690187
0.054162253,0.057937637,0.8879002
0.13107266,0.036264516,0.8326628
0.06546549,0.046558186,0.8879763
0.052585024,0.039135158,0.90827984
0.049593896,0.40404406,0.54636204
0.048850693,0.053390656,0.8977587
0.050731618,0.041204255,0.90806407
0.049446713,0.06979918,0.88075405
0.05856998,0.04690172,0.89452827
0.06108048,0.05483245,0.88408715
0.057946913,0.03428215,0.907771
0.060345404,0.04155583,0.89809877
0.057880513,0.036273796,0.90584576
0.053519007,0.04127559,0.90520537
0.054623444,0.04421382,0.9011627
0.06004575,0.06274332,0.87721086
0.052613534,0.04480541,0.90258116
0.05749637,0.040910624,0.901593
0.054761797,0.04223407,0.90300417
0.05637536,0.039529677,0.90409505
0.06886603,0.039373025,0.89176095
0.04054053,0.12912095,0.83033854
0.05709048,0.04636893,0.89654064
0.059346315,0.0457028,0.894951
0.04875997,0.07761444,0.8736256
0.05172615,0.048261184,0.9000126
0.056324642,0.03818567,0.90548974
0.053678926,0.052486688,0.8938344
0.060691986,0.042204652,0.89710337
0.058740944,0.051535852,0.88972324
0.059369706,0.042699803,0.8979305
0.05668781,0.035980217,0.90733194
0.9800858,0.009195321,0.01071897
0.05745464,0.046870217,0.89567506
0.05029412,0.03663462,0.91307133
0.05496181,0.12945433,0.8155839
0.05980022,0.055414286,0.8847855
0.053382065,0.052503154,0.8941148
0.04814731,0.05571566,0.89613706
0.061717775,0.048018932,0.89026326
0.055982303,0.04885249,0.89516526
0.98693526,0.009377887,0.0036868067
0.9867155,0.0077728108,0.0055117477
0.050888177,0.10340103,0.8457108
0.043125078,0.54950976,0.40736523
0.39162323,0.032414343,0.5759624
0.9790004,0.00880742,0.01219212
0.973133,0.011045302,0.015821664
0.91086274,0.015294269,0.07384299
0.98904616,0.0074489205,0.0035049033
0.06276632,0.034494013,0.90273964
0.060724802,0.05214397,0.8871312
0.056615442,0.04294476,0.9004398
0.05989951,0.040768214,0.89933234
0.054917242,0.050939165,0.89414364
0.06812425,0.032321345,0.89955443
0.13073015,0.79342407,0.07584575
0.10061462,0.17563824,0.72374713
0.98782957,0.00875762,0.0034128283
0.9301957,0.0072563672,0.06254786
0.9894761,0.0075769085,0.002946946
0.08199163,0.7152505,0.2027579
0.056486588,0.045123078,0.8983904
0.11367736,0.047993213,0.8383295
0.9909965,0.0056393323,0.0033641122
0.9896952,0.006252266,0.0040525654
0.99157625,0.0059076548,0.0025161586
0.07176045,0.14421,0.7840296
0.114503995,0.049888935,0.8356071
0.058963392,0.845563,0.095473655
0.0165825,0.9703763,0.0130412
0.015332904,0.9758622,0.008804946
0.9775474,0.014974306,0.007478258
0.93568563,0.02263732,0.041677088
0.0591635,0.036360696,0.9044758
0.06228626,0.046242043,0.89147174
0.05712309,0.04450923,0.8983677
0.056743346,0.045616828,0.89763975
0.056743346,0.045616828,0.89763975
0.052275278,0.040375482,0.9073492
0.053271234,0.035538312,0.91119045
0.057942234,0.044058606,0.89799917
0.04887868,0.042259686,0.9088617
0.05334965,0.04650968,0.90014064
0.04450959,0.09657914,0.8589112
0.9500369,0.012362948,0.03760017
0.055852503,0.04712447,0.89702296
0.05530357,0.040738493,0.9039579
0.053815898,0.04215816,0.90402585
0.056931593,0.042890366,0.9001781
0.054094918,0.04250107,0.90340406
0.052714486,0.050448097,0.8968375
0.05769287,0.044234656,0.8980724
0.05695619,0.049921237,0.89312255
0.053199757,0.046994496,0.8998057
0.04965732,0.06237553,0.88796717
0.05775687,0.04711677,0.8951264
0.055802736,0.043586724,0.9006105
0.06342553,0.05414488,0.8824296
0.069769986,0.067293994,0.862936
0.1452187,0.029647384,0.82513386
0.054529827,0.039681166,0.905789
0.068288796,0.03700129,0.89470994
0.05619099,0.044429034,0.89937997
0.054026496,0.039295707,0.9066778
0.1569772,0.03258047,0.8104423
0.053578857,0.038875088,0.90754604
0.05569009,0.04639469,0.89791524
0.06404781,0.04442966,0.8915225
0.055438533,0.06799107,0.8765704
0.057297327,0.042913716,0.8997889
0.06122916,0.040331915,0.8984389
0.13910422,0.032775026,0.8281207
0.0748419,0.035387352,0.88977075
0.018646328,0.973334,0.008019686
0.09932013,0.03637762,0.8643022
0.075729795,0.036602657,0.8876676
0.08239643,0.03348681,0.8841167
0.062566966,0.044999324,0.8924337
0.0515178,0.042855985,0.9056262
0.015466849,0.9805493,0.0039838697
0.055346165,0.043526635,0.9011273
0.2819706,0.033643715,0.68438566
0.12313539,0.04579939,0.83106524
0.987328,0.008517072,0.004154945
0.058879618,0.044055752,0.89706457
0.06340693,0.042715147,0.8938779
0.05941798,0.0441126,0.89646935
0.06086923,0.043352846,0.895778
0.27735594,0.066536486,0.6561075
0.9911089,0.006316469,0.0025746133
0.039902687,0.087560706,0.8725366
0.7549378,0.023314988,0.22174715
0.07685922,0.53376925,0.38937154
0.08703974,0.044979576,0.86798066
0.06757351,0.04405689,0.8883696
0.06195644,0.03996304,0.89808047
0.06849917,0.049241833,0.882259
0.112632945,0.036211208,0.8511558
0.060197752,0.03907591,0.9007264
0.05577242,0.04234663,0.901881
0.057251625,0.042359233,0.90038913
0.06418971,0.04883295,0.88697726
0.056603305,0.04094939,0.90244734
0.07543639,0.054043736,0.8705199
0.037326805,0.92488796,0.037785243
0.057213783,0.04606244,0.8967238
0.97800463,0.016088305,0.0059070075
0.06188969,0.043184873,0.89492536
0.052118033,0.032598708,0.9152833
0.05596722,0.038559698,0.9054731
0.050781637,0.038482014,0.9107364
0.058257975,0.040611092,0.9011309
0.06111898,0.047298323,0.8915828
0.07305027,0.040917505,0.88603216
0.05652266,0.039671686,0.9038057
0.06214722,0.04051902,0.89733374
0.056305513,0.043361068,0.9003334
0.0549192,0.04915719,0.8959236
0.05240751,0.042378772,0.9052137
0.038589317,0.08054494,0.8808657
0.057785496,0.038738556,0.90347594
0.05921539,0.04911525,0.8916694
0.05594392,0.03895992,0.9050962
0.06392761,0.04535361,0.8907188
0.056959,0.044186775,0.8988542
0.09968399,0.046504732,0.85381126
0.057357322,0.04103148,0.90161115
0.060185477,0.04015094,0.89966357
0.06068204,0.04279951,0.8965184
0.057831813,0.043250624,0.89891756
0.058283217,0.049827944,0.89188886
0.06005957,0.044785295,0.89515513
0.057195235,0.050302386,0.8925023
0.012300066,0.97425675,0.013443179
0.08810045,0.033341333,0.8785583
0.10690155,0.044001024,0.8490974
0.062233534,0.040063445,0.897703
0.98096097,0.010634661,0.008404498
0.06681305,0.052237708,0.8809492
0.058998898,0.046060704,0.8949404
0.058998898,0.046060704,0.8949404
0.060238253,0.04281973,0.896942
0.056957304,0.042018194,0.90102446
0.05046822,0.03598006,0.9135517
0.98451555,0.011218232,0.0042662853
0.05694041,0.041862402,0.90119714
0.060851492,0.051467776,0.88768077
0.05420341,0.04190561,0.90389097
0.051860467,0.044467043,0.90367246
0.05385217,0.2778076,0.66834027
0.39543298,0.050445788,0.5541213
0.9894022,0.0067319614,0.0038658401
0.9912211,0.005928653,0.0028501602
0.9835939,0.010076021,0.0063300915
0.98891336,0.0082039405,0.0028826676
0.9887988,0.007683452,0.0035177409
0.98733217,0.008609094,0.004058713
0.04995428,0.93614674,0.013898922
0.98158306,0.008727775,0.00968911
0.11991585,0.035214167,0.84487003
0.98981196,0.0067347493,0.0034532365
0.97366256,0.012161221,0.014176315
0.011565641,0.985218,0.0032163705
0.016585672,0.97912973,0.004284584
0.012763519,0.98129797,0.005938486
0.013926165,0.9820369,0.0040369453
0.015945585,0.9802762,0.0037781734
0.021462573,0.9733695,0.005167983
0.017328756,0.9785372,0.004134068
0.014462183,0.9817244,0.003813431
0.0117800515,0.9855159,0.0027039882
0.010974957,0.9831218,0.0059032245
0.013446,0.9830635,0.0034905132
0.014415397,0.9795045,0.0060800663
0.049283076,0.033888273,0.91682863
0.055060007,0.044523682,0.9004163
0.05034414,0.042789154,0.9068667
0.05604425,0.0434135,0.9005422
0.050792046,0.04006227,0.90914565
0.050784793,0.041086636,0.90812856
0.05751709,0.045834232,0.89664865
0.054994285,0.0381679,0.9068378
0.055213433,0.044062994,0.9007236
0.06671217,0.054956377,0.87833154
0.05082853,0.033579208,0.9155923
0.061113518,0.043019734,0.89586675
0.053748533,0.043357193,0.90289426
0.05099799,0.03572423,0.9132778
0.056093805,0.044765573,0.89914066
0.052290488,0.04407603,0.90363353
0.056282207,0.04111667,0.9026011
0.053435188,0.037909728,0.90865505
0.057296243,0.041612923,0.90109086
0.059003416,0.048606038,0.8923906
0.050069172,0.0400553,0.9098756
0.05455839,0.040504776,0.90493685
0.055026412,0.04202573,0.9029479
0.053905245,0.04145185,0.9046429
0.051510982,0.03988242,0.90860665
0.05805236,0.043119796,0.8988278
0.054903362,0.040641654,0.90445495
0.05652287,0.040991154,0.90248597
0.054020587,0.04469726,0.90128213
0.055528507,0.039050113,0.9054214
0.056454428,0.043032225,0.9005133
0.058148596,0.04504359,0.89680785
0.052692752,0.04115756,0.9061497
0.058696564,0.04746435,0.89383906
0.05231955,0.03378004,0.91390043
0.050161734,0.04050338,0.9093349
0.039558847,0.58530045,0.3751407
0.051262412,0.042747777,0.9059898
0.05549473,0.040959228,0.9035461
0.060761347,0.04722865,0.89201
0.055852126,0.04318026,0.90096766
0.051563855,0.03399852,0.9144376
0.05560131,0.041765638,0.9026331
0.051569737,0.037453897,0.9109764
0.056487042,0.042039145,0.90147376
0.057230853,0.0453397,0.89742947
0.0590482,0.04307421,0.8978776
0.058907732,0.043160997,0.8979312
0.055111405,0.04010438,0.90478426
0.37668806,0.02517499,0.59813696
0.05552919,0.04080495,0.90366584
0.055806607,0.039111774,0.9050816
0.05118924,0.04057319,0.9082375
0.04992906,0.033390097,0.9166809
0.051606487,0.033646632,0.9147468
0.053129885,0.040755987,0.90611416
0.059473954,0.045400307,0.89512575
0.061265077,0.03845119,0.90028375
0.053648937,0.03761794,0.9087331
0.054698825,0.041572053,0.90372914
0.0557187,0.042388555,0.9018927
0.056781206,0.043663394,0.89955544
0.053623274,0.04161935,0.9047574
0.054315753,0.03237013,0.91331416
0.054369994,0.042054925,0.9035751
0.05462016,0.039418336,0.90596145
0.056411047,0.045084745,0.89850426
0.06713938,0.043709766,0.8891508
0.050807096,0.04066549,0.90852743
0.055643827,0.039708637,0.90464747
0.050744433,0.034285143,0.9149704
0.055741798,0.043752242,0.900506
0.05407695,0.034846578,0.9110764
0.056530852,0.051371492,0.8920977
0.051522765,0.040106382,0.9083708
0.060438957,0.047069903,0.8924912
0.055318926,0.04047219,0.9042089
0.053682696,0.037899815,0.9084174
0.054358076,0.039171778,0.9064701
0.053124905,0.03951765,0.9073574
0.059710633,0.04028404,0.90000534
0.054397754,0.03979825,0.905804
0.051080216,0.04173119,0.9071886
0.05414073,0.041248478,0.9046108
0.049458217,0.043391727,0.90715003
0.05423646,0.041321408,0.9044421
0.06265601,0.051892955,0.885451
0.05745201,0.046913862,0.8956342
0.055445783,0.0409231,0.9036312
0.06132922,0.041396238,0.89727455
0.06044224,0.03913894,0.9004188
0.05752,0.041836675,0.9006433
0.052728884,0.036506403,0.9107647
0.059958935,0.04157292,0.89846814
0.056107376,0.038807556,0.90508515
0.059307758,0.042822197,0.89787
0.052373495,0.041674312,0.90595216
0.05130881,0.04805916,0.9006321
0.052354626,0.043786667,0.9038587
0.05393813,0.042192068,0.9038698
0.05468323,0.041845277,0.90347147
0.054916926,0.03996286,0.9051202
0.051785875,0.04009526,0.90811884
0.053578034,0.040660627,0.9057613
0.058122903,0.04546553,0.8964116
0.06141755,0.039576776,0.8990057
0.058594868,0.038596697,0.9028084
0.051643755,0.04051586,0.9078403
0.06298894,0.04685514,0.890156
0.057472214,0.04087347,0.90165436
0.057294797,0.04864921,0.89405596
0.060241707,0.04800543,0.8917529
0.05406965,0.043829717,0.9021007
0.06309553,0.040440254,0.8964643
0.057680376,0.045318082,0.89700156
0.055195842,0.04040186,0.9044023
0.052922376,0.03608993,0.9109877
0.051526003,0.044029508,0.9044445
0.05361955,0.042127583,0.9042528
0.04969305,0.040183753,0.91012317
0.051506154,0.03641649,0.91207737
0.05073143,0.039432585,0.909836
0.05536655,0.039646048,0.90498734
0.049811084,0.0419042,0.9082847
0.054933175,0.041445494,0.9036214
0.05295925,0.039858792,0.9071819
0.05672404,0.03625018,0.90702575
0.054188106,0.043498866,0.902313
0.057829514,0.038447596,0.9037229
0.05561102,0.042038936,0.90235007
0.051274005,0.040759616,0.9079664
0.05010385,0.040279236,0.909617
0.050962683,0.04039362,0.9086437
0.051392175,0.042981725,0.9056261
0.053155124,0.040300306,0.9065446
0.052901886,0.041341096,0.905757
0.05159238,0.04014096,0.9082666
0.06235224,0.041738853,0.8959089
0.055349577,0.039498657,0.9051518
0.05833966,0.03970656,0.9019538
0.05294094,0.039747857,0.90731126
0.06160792,0.038798753,0.89959335
0.055542585,0.048920516,0.8955369
0.053682696,0.040999483,0.90531784
0.05445486,0.037904408,0.9076407
0.058247298,0.038143594,0.9036091
0.054288372,0.042611435,0.9031002
0.04872394,0.031922746,0.9193533
0.06098447,0.04110328,0.89791226
0.058988478,0.041849528,0.899162
0.054727323,0.03974718,0.9055255
0.058786403,0.04162478,0.8995889
0.051748805,0.03811993,0.9101313
0.054304387,0.04276994,0.9029256
0.058720455,0.04006343,0.90121615
0.052396245,0.0421427,0.9054611
0.052818466,0.038869902,0.90831155
0.05562812,0.040421143,0.9039507
0.053450957,0.037625812,0.90892327
0.053347643,0.036379933,0.9102724
0.054156803,0.04052198,0.90532124
0.0555051,0.03945522,0.9050397
0.051473502,0.03791713,0.91060936
0.05346956,0.041277744,0.90525264
0.056583684,0.041722193,0.9016942
0.051955566,0.043156885,0.90488756
0.056290284,0.03833045,0.9053793
0.05864004,0.047072608,0.8942874
0.050990716,0.039421815,0.9095875
0.055889875,0.038562857,0.9055473
0.06293354,0.04464836,0.8924181
0.054884564,0.04052867,0.9045868
0.05396026,0.04179918,0.90424067
0.054068003,0.045618836,0.90031314
0.056095593,0.037240215,0.90666413
0.060495235,0.03961567,0.8998891
0.054749418,0.036257904,0.90899265
0.05003626,0.03221133,0.9177523
0.050606057,0.039143533,0.91025037
0.054332152,0.04051447,0.9051534
0.05530867,0.045053538,0.8996377
0.051215146,0.033407796,0.9153771
0.0520792,0.035549626,0.91237116
0.05171066,0.04104656,0.9072428
0.05722066,0.042877223,0.89990216
0.059348274,0.041290406,0.8993613
0.056232553,0.039758198,0.9040092
0.05448638,0.04088819,0.9046254
0.051883176,0.034730814,0.913386
0.053372834,0.043012105,0.903615
0.055005472,0.04018396,0.90481067
0.05447327,0.039350737,0.906176
0.056498453,0.040082972,0.90341854
0.054266788,0.04166878,0.9040645
0.052157927,0.04075972,0.9070824
0.053104293,0.039003994,0.90789163
0.05406965,0.043829717,0.9021007
0.05804103,0.037584055,0.9043749
0.05392045,0.04294717,0.9031324
0.061014414,0.04936275,0.88962287
0.05483962,0.040872913,0.90428746
0.059121102,0.037051275,0.90382767
0.048818953,0.033178043,0.918003
0.056473345,0.04271165,0.900815
0.05023385,0.037789118,0.9119771
0.05514493,0.040404037,0.90445095
0.049593855,0.038099267,0.9123068
0.057619654,0.04544755,0.8969327
0.9779018,0.014761906,0.0073362743
0.055689655,0.032262187,0.9120482
0.9858337,0.009750092,0.004416222
0.98840964,0.0078472225,0.0037431421
0.9868462,0.009267794,0.0038860952
0.98410404,0.00769191,0.008204003
0.9908634,0.005427863,0.0037087172
0.98700655,0.007874439,0.0051189936
0.98714787,0.0074710147,0.00538117
0.98843306,0.008576712,0.0029901983
0.98527575,0.010232191,0.004491993
0.98847187,0.0077034477,0.0038246717
0.013835345,0.9708802,0.015284448
0.01366039,0.9803776,0.005961957
0.016572686,0.97884095,0.004586365
0.014358265,0.98135585,0.004285946
0.01504255,0.9791296,0.0058278064
0.014473193,0.9819921,0.003534706
0.01372638,0.98127306,0.00500058
0.012607388,0.9821576,0.0052350517
0.012324301,0.98479384,0.0028818948
0.012197412,0.9837389,0.0040637357
0.014713769,0.9813989,0.0038873549
0.014909347,0.9785485,0.0065420973
0.012660309,0.9829149,0.004424699
0.015758421,0.97398746,0.0102542015
0.017116481,0.9613727,0.02151085
0.015538043,0.97930795,0.0051540146
0.016658518,0.9748248,0.0085166525
0.0150808,0.9806613,0.0042578913
0.014590606,0.9812959,0.0041134604
0.013953559,0.98300815,0.003038368
0.057234798,0.037792966,0.9049722
0.049358975,0.041767873,0.90887314
0.054401632,0.04017205,0.90542626
0.054973394,0.04206732,0.9029593
0.054911822,0.04621782,0.89887035
0.057547826,0.044447802,0.89800435
0.054451253,0.04062311,0.90492564
0.05558381,0.041185543,0.9032306
0.057268485,0.04251678,0.9002147
0.05526829,0.047504865,0.89722687
0.06625173,0.04774264,0.8860057
0.057078745,0.04393508,0.8989863
0.05852535,0.041057266,0.9004174
0.05444383,0.04560072,0.8999556
0.052187122,0.039779488,0.9080333
0.05419271,0.04341768,0.90238965
0.059503164,0.043618556,0.89687824
0.054182664,0.03962153,0.9061959
0.05043101,0.042467166,0.9071018
0.055916194,0.049539004,0.8945448
0.059465468,0.041594747,0.89893985
0.06162724,0.042005613,0.89636713
0.05631154,0.04589286,0.8977956
0.050127402,0.04204694,0.9078256
0.055856977,0.046171598,0.8979714
0.05421093,0.03200932,0.9137798
0.05644016,0.043274168,0.90028566
0.054353803,0.041898947,0.9037472
0.05250912,0.043616697,0.9038741
0.050878234,0.04463757,0.9044842
0.052293148,0.04358602,0.9041208
0.056107488,0.0436539,0.90023863
0.051305357,0.042388506,0.9063062
0.055457357,0.042045776,0.9024969
0.06023041,0.042068142,0.89770144
0.06468698,0.049718466,0.8855945
0.057864312,0.040514328,0.9016213
0.052103437,0.040876493,0.90702
0.061399847,0.046847593,0.89175254
0.05928785,0.043143567,0.8975686
0.05307495,0.04923032,0.8976947
0.048729908,0.039404914,0.9118652
0.054180723,0.036553264,0.909266
0.0546989,0.03625984,0.9090412
0.055777032,0.042267498,0.90195554
0.06274817,0.051363833,0.885888
0.06033699,0.04519032,0.89447266
0.04967973,0.04265964,0.90766054
0.05611777,0.041277748,0.9026045
0.057583082,0.043423563,0.8989934
0.05223253,0.04160276,0.90616477
0.051572654,0.039176974,0.9092503
0.057199545,0.04454705,0.8982534
0.052644026,0.041159675,0.90619624
0.063206725,0.037871685,0.8989216
0.05819954,0.04508305,0.89671737
0.051717598,0.040474858,0.9078076
0.056917027,0.042255856,0.90082705
0.05853501,0.0470342,0.8944308
0.055305608,0.04598448,0.89870983
0.055725098,0.04183819,0.90243673
0.054424647,0.03755188,0.9080235
0.057959102,0.04684513,0.8951957
0.052796632,0.045892913,0.90131044
0.0624586,0.043603133,0.8939383
0.056546107,0.048060406,0.89539355
0.05596342,0.045232125,0.8988044
0.053120114,0.034718152,0.91216177
0.056993593,0.047550224,0.89545625
0.056945033,0.043982234,0.8990727
0.059416346,0.041947752,0.8986359
0.059334908,0.042384047,0.89828104
0.050199777,0.042437907,0.9073624
0.05675263,0.040184736,0.9030626
0.061040603,0.04721461,0.89174473
0.059670266,0.04312603,0.8972038
0.06519012,0.047974393,0.8868355
0.054162152,0.03510658,0.9107314
0.056058183,0.035667565,0.9082743
0.058338962,0.050661027,0.891
0.049980443,0.043085836,0.9069337
0.053162135,0.04238455,0.9044534
0.058684126,0.043292094,0.8980238
0.05575133,0.04490696,0.8993417
0.053118214,0.041408923,0.90547293
0.056389596,0.04413122,0.89947915
0.062549435,0.04700776,0.8904428
0.06061879,0.04292224,0.896459
0.058416594,0.045030773,0.8965526
0.048928782,0.04305318,0.9080181
0.06050259,0.04300763,0.89648974
0.05422016,0.041168038,0.90461177
0.052240524,0.043224413,0.904535
0.05922532,0.051130258,0.8896444
0.061299954,0.044477277,0.89422274
0.054853126,0.045921106,0.89922583
0.057492774,0.040530305,0.9019769
0.054534532,0.04092433,0.90454113
0.056762554,0.04617017,0.8970673
0.053935602,0.040912006,0.9051523
0.057734314,0.040030465,0.90223515
0.049721733,0.043622926,0.90665543
0.05590364,0.0431779,0.9009184
0.05474525,0.04516434,0.90009046
0.061526466,0.044882044,0.89359146
0.05788224,0.041976985,0.90014076
0.05579818,0.04102264,0.90317917
0.056274284,0.040810876,0.9029148
0.059857696,0.04450419,0.89563817
0.059699986,0.047457743,0.8928423
0.052282967,0.044654533,0.9030625
0.05943106,0.048269954,0.89229906
0.054329716,0.04803954,0.89763075
0.061109584,0.045701966,0.8931885
0.058571547,0.044689618,0.8967388
0.056020275,0.03809075,0.905889
0.055126328,0.042932432,0.90194124
0.0597897,0.048206862,0.89200354
0.06559642,0.043782063,0.8906215
0.056648668,0.04106233,0.90228903
0.052075863,0.042711124,0.905213
0.0528718,0.041886352,0.9052419
0.055931073,0.03962236,0.90444654
0.05843819,0.047301583,0.8942603
0.056693632,0.042503055,0.90080327
0.066240944,0.04486466,0.88889444
0.015577987,0.9779976,0.0064244852
0.055048894,0.04163432,0.9033168
0.057360318,0.037894346,0.90474534
0.051965818,0.03453229,0.91350186
0.053380363,0.041552376,0.90506727
0.05604067,0.044353474,0.89960575
0.05577324,0.0454098,0.89881694
0.05472974,0.042353857,0.9029163
0.05799634,0.038766168,0.9032374
0.056154437,0.04680438,0.8970412
0.050722834,0.03648081,0.9127964
0.06360972,0.048368108,0.88802224
0.054337565,0.04526792,0.9003945
0.058723487,0.043089073,0.8981874
0.05728637,0.037368078,0.90534556
0.05067737,0.040899754,0.9084228
0.055967454,0.039881125,0.9041515
0.053430002,0.038446624,0.9081234
0.050551955,0.04105833,0.9083897
0.061793957,0.048148688,0.89005744
0.0656389,0.047070622,0.88729054
0.051579524,0.04170923,0.90671116
0.05577873,0.039591692,0.9046295
0.05110094,0.04134241,0.90755665
0.06616809,0.041568995,0.89226294
0.056241788,0.03783277,0.9059254
0.056477822,0.043515008,0.9000072
0.05039163,0.035213396,0.9143949
0.0629205,0.041791476,0.89528805
0.055506602,0.043397777,0.90109557
0.05003834,0.03975792,0.91020375
0.05192743,0.04632072,0.9017519
0.052812953,0.037194856,0.9099923
0.056387242,0.036673967,0.9069388
0.05913773,0.041184116,0.8996782
0.06299696,0.053230394,0.8837726
0.05483882,0.0360169,0.9091443
0.049088065,0.043489613,0.90742236
0.058260385,0.044084743,0.89765483
0.057246644,0.03670941,0.90604395
0.050037757,0.035760373,0.9142018
0.056900207,0.04209923,0.9010007
0.064542346,0.046216514,0.8892411
0.05320362,0.040752813,0.9060436
0.058950488,0.047716256,0.8933332
0.05416084,0.038237385,0.90760183
0.055320814,0.04484393,0.8998352
0.05602985,0.044977304,0.8989929
0.06246831,0.04126888,0.89626276
0.052258942,0.03845814,0.9092829
0.058664072,0.04186395,0.899472
0.06480536,0.04711261,0.888082
0.05365749,0.039680637,0.90666187
0.059069198,0.037896626,0.9030342
0.050075218,0.041271284,0.9086535
0.048796732,0.042978935,0.90822434
0.055630013,0.037293553,0.9070765
0.052729595,0.041814502,0.9054559
0.05901286,0.044960428,0.8960267
0.06117169,0.03859934,0.90022904
0.05611862,0.041703817,0.90217763
0.05725975,0.041343465,0.9013968
0.05895865,0.044963017,0.8960783
0.053260136,0.037072796,0.9096671
0.055922285,0.037562784,0.90651494
0.05422795,0.03748931,0.90828276
0.06070385,0.038945355,0.9003508
0.05411791,0.041210964,0.9046711
0.054790128,0.041297216,0.9039126
0.058583338,0.038344927,0.9030717
0.05667474,0.042822137,0.9005031
0.06208116,0.051116463,0.8868024
0.055288073,0.043651126,0.9010609
0.05919066,0.048641384,0.8921679
0.05791558,0.044059854,0.89802456
0.05837605,0.043064825,0.8985591
0.05296676,0.041492965,0.9055402
0.050007045,0.044347074,0.90564585
0.0556424,0.04457913,0.8997785
0.050020404,0.042763833,0.9072157
0.05590097,0.04366345,0.90043557
0.05899892,0.04299625,0.89800483
0.050520625,0.043424092,0.90605533
0.05949353,0.043335535,0.897171
0.058669083,0.03870223,0.9026287
0.056406558,0.043843754,0.89974964
0.059480716,0.04485457,0.89566463
0.055056047,0.03841655,0.90652734
0.058308005,0.036257338,0.90543467
0.05880918,0.042131763,0.8990591
0.055089083,0.043579053,0.90133184
0.05563476,0.0425111,0.90185404
0.059755024,0.04308198,0.89716303
0.05700175,0.036857046,0.9061412
0.05873574,0.04245061,0.89881366
0.056973614,0.04174389,0.9012824
0.06002799,0.04441341,0.8955586
0.059342787,0.045322306,0.89533484
0.057773735,0.04333396,0.8988922
0.057529155,0.035948128,0.90652275
0.058154363,0.043195553,0.89865017
0.056083977,0.04493291,0.89898306
0.05538929,0.038367044,0.9062436
0.05539972,0.042601064,0.90199924
0.05738591,0.042313714,0.9003004
0.058475737,0.04362556,0.89789873
0.05707472,0.036066946,0.9068583
0.054436646,0.038226236,0.9073372
0.057568256,0.041912686,0.9005191
0.057059333,0.04162338,0.9013173
0.05587717,0.04187051,0.9022523
0.058831587,0.042644642,0.89852375
0.057493754,0.04490755,0.89759874
0.0471176,0.041866355,0.9110161
0.05492025,0.038135137,0.9069446
0.05711942,0.04500902,0.8978715
0.054363713,0.03685624,0.90878004
0.056219466,0.045261927,0.8985187
0.058282867,0.043715842,0.89800125
0.050578464,0.04144251,0.90797895
0.05926561,0.043064255,0.89767015
0.05482581,0.03846193,0.90671223
0.055613432,0.04683121,0.89755535
0.056371517,0.03782757,0.9058008
0.06027255,0.044900242,0.89482725
0.05566385,0.045967042,0.898369
0.05022644,0.044585153,0.9051884
0.056042124,0.044768028,0.8991899
0.058913402,0.0443834,0.8967032
0.057833884,0.043655302,0.8985109
0.057620745,0.044114687,0.8982646
0.058858126,0.04484254,0.89629936
0.055916786,0.045150325,0.8989329
0.059818078,0.049931087,0.8902508
0.06148985,0.05110148,0.88740873
0.053413842,0.036962572,0.9096236
0.055769578,0.038423527,0.9058069
0.05578901,0.042942334,0.9012687
0.054071933,0.03760113,0.9083269
0.056185,0.04496991,0.89884514
0.056912098,0.043657336,0.89943063
0.059305076,0.04330386,0.8973911
0.05881931,0.042844433,0.89833623
0.057117943,0.03887505,0.90400696
0.050535575,0.043141026,0.90632343
0.058151454,0.036195323,0.9056532
0.053651556,0.037127074,0.90922135
0.06044782,0.04518499,0.8943672
0.05112651,0.042634442,0.90623903
0.058736373,0.036274884,0.9049887
0.059289344,0.043995604,0.89671504
0.055510685,0.045085818,0.8994035
0.058897987,0.0428808,0.8982212
0.05866171,0.043657586,0.8976808
0.05163825,0.034837972,0.91352385
0.057992127,0.044551034,0.8974568
0.051805787,0.03883865,0.9093556
0.055604886,0.03684243,0.90755266
0.05978124,0.048341457,0.8918773
0.063367024,0.047668733,0.8889642
0.05445942,0.04356749,0.9019731
0.049518615,0.042666875,0.9078145
0.061732616,0.047355156,0.89091223
0.05761489,0.038492396,0.9038927
0.06164891,0.04994919,0.8884019
0.05799372,0.046713177,0.8952932
0.051436756,0.03504258,0.91352075
0.059814688,0.040809996,0.8993754
0.057420366,0.038212877,0.9043668
0.05268392,0.043527473,0.9037886
0.054024536,0.041099697,0.90487576
0.058363777,0.042388253,0.8992479
0.052896094,0.039232336,0.90787154
0.052473277,0.040291633,0.90723515
0.063250504,0.043769583,0.8929799
0.061781626,0.042234395,0.8959839
0.05014244,0.04042853,0.909429
0.05034326,0.04191984,0.9077369
0.06074708,0.044835854,0.89441705
0.06162518,0.046403695,0.8919712
0.055958383,0.044439983,0.89960164
0.05326772,0.07690094,0.8698313
0.05753801,0.031806555,0.91065544
0.05502025,0.03416285,0.9108169
0.055965915,0.041671645,0.90236247
0.049142137,0.033073116,0.9177848
0.0492393,0.040542718,0.91021806
0.053631928,0.03836646,0.9080016
0.051984113,0.041303933,0.90671194
0.050098274,0.034147374,0.91575444
0.06597856,0.049512263,0.88450915
0.053755876,0.04057707,0.90566707
0.055993028,0.038558643,0.9054484
0.056034997,0.043131676,0.90083325
0.06841384,0.040474527,0.89111155
0.05087719,0.043773305,0.9053495
0.06251791,0.046618436,0.89086366
0.06817971,0.049808327,0.882012
0.059755024,0.04308198,0.89716303
0.058263704,0.04665646,0.89507985
0.052479766,0.039286345,0.9082339
0.056631193,0.04399687,0.89937186
0.06931589,0.046581957,0.88410217
0.051450454,0.037458606,0.911091
0.062887855,0.046212375,0.8908998
0.055353656,0.039869744,0.9047766
0.054657407,0.045379,0.89996356
0.060808666,0.04255506,0.89663625
0.051260155,0.043674193,0.90506566
0.049238935,0.0360944,0.91466665
0.058944535,0.037724424,0.903331
0.050330833,0.034591846,0.9150773
0.052443277,0.04569719,0.90185946
0.05317691,0.03813394,0.9086892
0.051283024,0.033468407,0.9152485
0.05975968,0.044757936,0.8954823
0.06223373,0.04443303,0.8933332
0.052517895,0.032800734,0.9146814
0.061824474,0.03850032,0.89967513
0.0594546,0.04439917,0.89614624
0.057450317,0.03328218,0.9092675
0.05562783,0.04482936,0.89954287
0.05412878,0.041018464,0.9048528
0.07419874,0.030659975,0.8951413
0.0566268,0.044948857,0.8984244
0.056354802,0.03811295,0.90553224
0.052196566,0.040492244,0.90731114
0.051618084,0.041435808,0.90694606
0.057212338,0.039053544,0.9037342
0.049620293,0.033118863,0.91726094
0.057334702,0.038323913,0.90434134
0.050950743,0.035726007,0.9133232
0.049139608,0.042485278,0.9083752
0.038911656,0.8651097,0.095978655
0.056188863,0.03741158,0.9063996
0.05651834,0.041068003,0.90241367
0.053775337,0.039787207,0.90643746
0.052468453,0.040822588,0.9067089
0.05826962,0.041299175,0.9004312
0.057724983,0.047205865,0.8950692
0.05708155,0.04213042,0.90078807
0.056643724,0.0402646,0.9030917
0.047509495,0.047255002,0.9052356
0.05797142,0.048389662,0.8936389
0.05607959,0.04104874,0.90287167
0.05473551,0.03871865,0.9065459
0.050657038,0.04128455,0.9080584
0.049809847,0.043700226,0.90648985
0.06166659,0.03964036,0.8986931
0.056072276,0.035868667,0.90805906
0.05474621,0.03764486,0.9076089
0.06378168,0.04536068,0.8908577
0.058381803,0.046911094,0.8947071
0.05580197,0.04007507,0.904123
0.057086237,0.04205167,0.9008621
0.06505445,0.044754915,0.8901906
0.054553103,0.043685086,0.90176183
0.05379391,0.037682783,0.90852326
0.050797522,0.038625855,0.91057664
0.05690542,0.04552429,0.89757025
0.060773563,0.044419494,0.894807
0.05478684,0.04091341,0.9042998
0.053418864,0.041745093,0.904836
0.06496162,0.045683898,0.8893544
0.049526706,0.041179545,0.9092938
0.052786864,0.035892203,0.9113209
0.051687513,0.04058981,0.90772265
0.055725876,0.042705655,0.9015685
0.054420028,0.04645709,0.8991229
0.053854033,0.04192109,0.9042249
0.053237595,0.04190927,0.9048531
0.05645666,0.03814457,0.90539885
0.06146589,0.04843396,0.8901001
0.054143127,0.04473307,0.9011239
0.04983748,0.039175224,0.9109873
0.06238278,0.043891765,0.89372545
0.05317033,0.041795045,0.9050346
0.05303898,0.045923825,0.9010372
0.053882316,0.03832039,0.9077973
0.05701282,0.037554592,0.9054325
0.047874313,0.040829282,0.91129637
0.058365088,0.04148821,0.9001467
0.054254893,0.038341206,0.9074039
0.064536564,0.047169875,0.88829356
0.04995084,0.042766966,0.9072821
0.05944142,0.043297578,0.8972609
0.054033563,0.043587115,0.9023794
0.055045452,0.03682967,0.90812486
0.050773412,0.04174468,0.90748185
0.05899211,0.044421,0.89658684
0.05793724,0.04414094,0.8979218
0.05448638,0.04088819,0.9046254
0.05963345,0.041085612,0.89928097
0.061625972,0.061505727,0.8768683
0.10416716,0.11401488,0.781818
0.06177515,0.04713394,0.8910909
0.053268693,0.04707837,0.89965284
0.0619771,0.041833546,0.89618933
0.050692763,0.035268497,0.9140388
0.048988998,0.039653134,0.9113579
0.05495097,0.039367687,0.9056813
0.05433088,0.0396524,0.90601665
0.06815357,0.04325763,0.8885888
0.06507184,0.04753789,0.8873903
0.058367956,0.04626312,0.8953689
0.050880626,0.03437716,0.91474223
0.058720015,0.044022232,0.89725775
0.07029057,0.055225614,0.8744839
0.058492232,0.03763656,0.9038712
0.05555702,0.04076564,0.90367734
0.06297469,0.05313368,0.88389164
0.054240834,0.04124411,0.904515
0.06288966,0.044443276,0.8926671
0.058366347,0.042785216,0.8988484
0.051715802,0.03873335,0.90955085
0.047947336,0.034450956,0.91760164
0.052867875,0.041073143,0.906059
0.056882814,0.035770588,0.9073465
0.053525455,0.039390184,0.90708435
0.05792071,0.04177988,0.9002994
0.98720354,0.008650105,0.0041463147
0.9888804,0.008464078,0.0026555492
0.99040157,0.0069594653,0.0026389367
0.98361856,0.012454694,0.003926705
0.9805008,0.011939597,0.007559682
0.9851806,0.010221216,0.0045980737
0.07808294,0.04409024,0.8778268
0.98445815,0.010641353,0.004900597
0.98825806,0.008327611,0.0034143087
0.98670536,0.0068193357,0.006475361
0.9893115,0.0076425252,0.0030459298
0.41710746,0.5095557,0.07333681
0.9897071,0.0068802782,0.0034126432
0.98579955,0.010148046,0.004052413
0.99154526,0.0061368016,0.0023179215
0.98887676,0.008060692,0.0030624827
0.98797554,0.0081642065,0.003860266
0.9835401,0.008559296,0.007900608
0.9857534,0.010257166,0.003989399
0.9860531,0.00876752,0.0051793875
0.98697937,0.009461096,0.0035596034
0.9900372,0.0069027664,0.003060094
0.9843956,0.010713665,0.004890724
0.9884595,0.008526833,0.0030137312
0.990279,0.0072996803,0.0024213248
0.9806917,0.008296196,0.011012163
0.9817005,0.008104433,0.010195061
0.9882522,0.008838711,0.0029090103
0.9866492,0.00920282,0.0041480353
0.98532504,0.011107494,0.0035675454
0.9885556,0.008494415,0.0029499605
0.11720833,0.040298976,0.84249276
0.98760116,0.008494505,0.003904289
0.9900267,0.0072622723,0.0027110644
0.99051243,0.0065833945,0.0029042966
0.98921496,0.008508386,0.0022766222
0.12037953,0.037055872,0.8425645
0.98718345,0.008985725,0.0038308934
0.9880856,0.00901152,0.002902845
0.98792493,0.008681824,0.0033932175
0.9858149,0.0103180865,0.0038668998
0.16373083,0.030923188,0.80534595
0.04781784,0.61288667,0.33929554
0.068288505,0.037878588,0.89383286
0.98602784,0.009934647,0.004037549
0.99075913,0.0066822045,0.0025586686
0.9876945,0.008859642,0.003445849
0.990359,0.007466096,0.0021748804
0.98799384,0.00879336,0.0032128578
0.989703,0.007002261,0.0032947385
0.9871263,0.009243306,0.0036303506
0.9904287,0.0069732624,0.002598095
0.98780733,0.0086300755,0.0035625896
0.9868227,0.009807646,0.00336963
0.9855326,0.009484202,0.0049832026
0.9836642,0.0107161645,0.005619516
0.09335529,0.6401519,0.26649287
0.071487695,0.04000318,0.8885091
0.98929113,0.0077854926,0.002923466
0.98929113,0.0077854926,0.002923466
0.98224545,0.011018844,0.0067356844
0.9842135,0.010499372,0.0052871555
0.9855989,0.0102856485,0.004115391
0.98232126,0.0123656,0.005313187
0.9847013,0.011154796,0.004143891
0.9885577,0.0073226593,0.0041196914
0.9812883,0.012125513,0.0065860916
0.97827494,0.010920849,0.010804161
0.99072194,0.0067739366,0.0025041897
0.9780651,0.011944881,0.009990073
0.985683,0.010296575,0.0040204013
0.9748141,0.012648268,0.012537587
0.990194,0.00759723,0.0022087619
0.9854697,0.010487139,0.004043152
0.9880234,0.008350061,0.0036265599
0.9842514,0.011270118,0.0044785677
0.98705125,0.009545312,0.0034034855
0.9845611,0.009474852,0.005964055
0.98920363,0.007129798,0.0036665231
0.989184,0.008246352,0.002569613
0.9868781,0.008956666,0.004165237
0.9842762,0.009270779,0.0064531136
0.98388886,0.011669081,0.0044420785
0.9862132,0.009955941,0.0038308674
0.9759887,0.01630797,0.007703341
0.98390514,0.01031823,0.005776709
0.9867328,0.008233954,0.0050333156
0.962889,0.012216051,0.024894943
0.9581333,0.008824102,0.033042658
0.9865137,0.010017498,0.003468723
0.9892512,0.008376784,0.0023720278
0.9866741,0.009815749,0.003510182
0.98726743,0.009199598,0.0035329328
0.98560876,0.010275711,0.004115432
0.9902047,0.0065877796,0.0032074936
0.9889004,0.008801429,0.0022982329
0.4629472,0.05448713,0.4825656
0.8878995,0.017042898,0.095057644
0.9846956,0.008998159,0.006306314
0.12641153,0.028496932,0.8450916
0.99076205,0.006669186,0.0025686906
0.7323529,0.035167757,0.23247936
0.9819803,0.011864559,0.006155251
0.9822536,0.0084402645,0.009306097
0.9856719,0.010602577,0.0037254905
0.9750376,0.011429376,0.013533015
0.028042706,0.96516854,0.006788782
0.99103504,0.0065933038,0.0023716683
0.9848557,0.008886092,0.006258255
0.9886518,0.0080825025,0.0032656265
0.98751694,0.00967655,0.002806428
0.013543418,0.98248035,0.0039761527
0.022885686,0.9712253,0.005889021
0.015852883,0.9798259,0.004321259
0.017782044,0.97181535,0.010402607
0.015637815,0.9803166,0.0040456457
0.98703617,0.00880201,0.0041618375
0.048590437,0.44011676,0.5112928
0.015317694,0.98110217,0.0035801167
0.019133085,0.97656006,0.004306856
0.016125103,0.98024166,0.0036333052
0.051021032,0.04372592,0.90525305
0.015776273,0.97081494,0.0134087745
0.017753463,0.97977483,0.0024716873
0.017639956,0.97875345,0.003606595
0.015253533,0.9803376,0.00440879
0.052380137,0.056470744,0.89114916
0.017731646,0.97761565,0.004652759
0.1029648,0.14066748,0.7563678
0.013050706,0.9844512,0.0024980784
0.017526522,0.9791301,0.0033433626
0.01580675,0.98079807,0.0033951602
0.016750287,0.9797163,0.0035334087
0.017427538,0.9783658,0.0042066425
0.015337644,0.9804631,0.004199225
0.016261328,0.97987247,0.0038661773
0.32922998,0.053732194,0.61703783
0.013859014,0.9811265,0.0050145024
0.017010426,0.97807294,0.0049165916
0.014462035,0.98267347,0.0028644784
0.01754781,0.97840655,0.0040456573
0.015854647,0.9785004,0.0056448733
0.017588686,0.9782944,0.004116929
0.016401246,0.9758362,0.0077625457
0.060946625,0.068457246,0.8705961
0.015823023,0.97321665,0.010960289
0.03210404,0.9595293,0.008366665
0.061430216,0.053319402,0.8852504
0.014218313,0.98036915,0.0054124966
0.06169367,0.049693428,0.8886129
0.018666185,0.97722936,0.004104423
0.012615935,0.98474485,0.0026392837
0.966257,0.025301196,0.008441798
0.87575084,0.044678643,0.07957056
0.101842664,0.08488524,0.8132722
0.016613502,0.979337,0.0040495046
0.01736025,0.97411263,0.008527069
0.020349529,0.97667265,0.002977794
0.014177217,0.98088247,0.0049403547
0.012841033,0.9829285,0.00423039
0.0173103,0.9801237,0.0025660463
0.01562256,0.9784042,0.005973243
0.9827524,0.012214966,0.005032632
0.017883735,0.97737294,0.004743349
0.019797215,0.9755508,0.0046520084
0.019206353,0.97600114,0.0047925254
0.014625107,0.97739226,0.0079826545
0.019486673,0.97679967,0.0037136525
0.027129726,0.95542234,0.017447978
0.015529023,0.9626249,0.021846034
0.016823547,0.9730122,0.010164214
0.018989895,0.97733057,0.0036795617
0.019832037,0.97535986,0.004808122
0.050966475,0.052661408,0.896372
0.019471893,0.97463,0.005898134
0.98981375,0.006553103,0.0036331315
0.016246391,0.9780171,0.0057365345
0.03138194,0.94161797,0.027000133
0.016839052,0.9777207,0.0054402105
0.9855941,0.009228959,0.005176977
0.018837124,0.9718379,0.009325053
0.057886176,0.680172,0.26194176
0.018445373,0.9656692,0.015885385
0.03063048,0.87185955,0.097509965
0.012633017,0.97936046,0.008006543
0.058485914,0.11256954,0.82894444
0.020828174,0.9641699,0.015001971
0.048151236,0.05563864,0.8962101
0.015361861,0.97484493,0.0097932415
0.058543064,0.046903063,0.89455384
0.052298076,0.06271497,0.88498694
0.06194619,0.041873977,0.89617985
0.053525455,0.039390184,0.90708435
0.06199146,0.08140669,0.8566018
0.06902,0.03109457,0.8998855
0.3304159,0.030197952,0.63938606
0.97791845,0.015607178,0.00647435
0.05578425,0.04258372,0.90163195
0.014499624,0.97899354,0.006506835
0.05530997,0.036202386,0.9084877
0.069230735,0.052054368,0.8787149
0.9875721,0.008636451,0.0037914538
0.05778986,0.03866589,0.9035442
0.06075274,0.040807378,0.8984398
0.057288326,0.049193084,0.89351857
0.11121475,0.03177035,0.85701483
0.1072067,0.038356606,0.8544367
0.07737704,0.037089672,0.8855334
0.113200046,0.036460225,0.8503398
0.04777378,0.034815777,0.9174105
0.061838232,0.04310685,0.89505494
0.98796076,0.008341383,0.0036978528
0.047644485,0.03832083,0.91403466
0.06338862,0.04080705,0.8958043
0.17668638,0.03915548,0.7841581
0.1284418,0.03890567,0.8326526
0.30242062,0.04153212,0.6560473
0.038028315,0.06285135,0.8991204
0.041281022,0.048074245,0.9106447
0.052988123,0.041106306,0.9059055
0.015362088,0.97963107,0.005006859
0.050881866,0.033012602,0.9161055
0.054900132,0.038930025,0.90616983
0.05279605,0.03883444,0.9083695
0.05402113,0.041601855,0.90437704
0.06731626,0.039883565,0.89280015
0.05430859,0.0457771,0.8999143
0.1025574,0.029889656,0.86755294
0.053156562,0.040716775,0.9061267
0.058218516,0.044333592,0.8974479
0.065227315,0.054766227,0.8800064
0.054251686,0.035735823,0.9100125
0.051704686,0.042927522,0.90536785
0.06639471,0.051305857,0.8822994
0.058543064,0.046903063,0.89455384
0.054251686,0.035735823,0.9100125
0.05170446,0.042489413,0.9058061
0.054831862,0.041449938,0.90371823
0.051704686,0.042927522,0.90536785
0.054831862,0.041449938,0.90371823
0.05669,0.047389407,0.89592063
0.062322985,0.047854736,0.88982224
0.04357279,0.08720665,0.8692206
0.05106959,0.04546661,0.9034638
0.056902148,0.04074563,0.9023522
0.0602555,0.035508968,0.9042356
0.05106959,0.04546661,0.9034638
0.048227273,0.055023517,0.89674926
0.05528145,0.042885385,0.9018332
0.05825165,0.04859983,0.8931485
0.065949626,0.042559497,0.8914909
0.0461194,0.05517075,0.89870983
0.85412747,0.014883835,0.13098869
0.062219784,0.8068784,0.1309018
0.120010935,0.43354976,0.4464393
0.063620806,0.04254647,0.89383274
0.05427906,0.043657064,0.9020639
0.061213125,0.040144548,0.89864224
0.05837627,0.050053924,0.8915698
0.07633683,0.0401678,0.88349533
0.06133426,0.037805397,0.90086037
0.060639046,0.042602442,0.8967585
0.058017347,0.040621467,0.90136117
0.06112984,0.039256968,0.8996132
0.053065114,0.05899642,0.8879385
0.06248588,0.040999256,0.8965149
0.06434454,0.04784015,0.8878153
0.062102076,0.05382365,0.88407433
0.05504683,0.040787663,0.9041655
0.07949358,0.046029825,0.87447655
0.2962306,0.03506155,0.66870785
0.053638462,0.06704815,0.8793134
0.06860287,0.050387368,0.8810097
0.04777378,0.034815777,0.9174105
0.056792792,0.0439075,0.89929974
0.048118692,0.039504126,0.91237724
0.04777378,0.034815777,0.9174105
0.061838232,0.04310685,0.89505494
0.061838232,0.04310685,0.89505494
0.04777378,0.034815777,0.9174105
0.056918953,0.045735665,0.8973455
0.056792792,0.0439075,0.89929974
0.060001835,0.04482972,0.8951684
0.056792792,0.0439075,0.89929974
0.049914647,0.039912187,0.9101731
0.051800787,0.047767747,0.9004315
0.048784174,0.04632344,0.90489244
0.1136249,0.080926985,0.8054482
0.055850133,0.056315657,0.88783425
0.056265533,0.036541242,0.9071933
0.056802243,0.04769236,0.8955055
0.06202403,0.042858027,0.8951179
0.05077898,0.03808745,0.9111335
0.09178649,0.06662985,0.84158367
0.05000349,0.07484454,0.87515193
0.061223164,0.038669568,0.90010726
0.0686519,0.04279377,0.8885543
0.013222187,0.97952914,0.0072486983
0.07338916,0.040371336,0.8862394
0.08835802,0.037798747,0.8738432
0.04465999,0.07050059,0.8848395
0.054270837,0.059517603,0.88621163
0.090296455,0.05215761,0.857546
0.08137651,0.40606305,0.5125604
0.05593972,0.039473984,0.9045863
0.056409743,0.05166349,0.89192677
0.057915896,0.038336184,0.9037479
0.05484388,0.06088475,0.8842714
0.06893764,0.04532092,0.8857414
0.06870741,0.03373147,0.89756113
0.057386644,0.044496786,0.8981165
0.044554345,0.44976327,0.5056824
0.050178263,0.055163886,0.89465785
0.066536695,0.03710565,0.89635766
0.15633741,0.044269588,0.79939294
0.05480245,0.0887796,0.8564179
0.05899388,0.05743066,0.88357544
0.049914706,0.039466508,0.9106187
0.6296881,0.029623974,0.34068793
0.98888016,0.007866307,0.003253646
0.98930466,0.0062376033,0.0044578146
0.9895084,0.0068453904,0.003646226
0.98982656,0.007382352,0.0027911006
0.9757479,0.012439781,0.011812305
0.05798534,0.03894853,0.9030661
0.9891487,0.008023635,0.0028275845
0.98669076,0.009644878,0.0036643597
0.99044716,0.0067654476,0.002787401
0.16163047,0.0431848,0.79518473
0.98670214,0.0099220425,0.0033758052
0.991215,0.005624075,0.003160988
0.9880114,0.008725083,0.0032635112
0.99157095,0.005544282,0.0028847745
0.98755497,0.009033105,0.0034118798
0.98544484,0.010114717,0.004440422
0.9856287,0.009531555,0.0048398003
0.98922765,0.008222592,0.0025497288
0.9872592,0.009289799,0.0034510642
0.9889515,0.0073614335,0.00368713
0.9881633,0.008334948,0.0035017745
0.9797095,0.010704396,0.009585993
0.9885018,0.008264842,0.0032334
0.9893917,0.0059816227,0.0046267556
0.9896383,0.0077958354,0.0025657772
0.98935634,0.007116985,0.0035266057
0.9919869,0.0056065107,0.0024066253
0.9893283,0.0074292487,0.0032424303
0.98773766,0.008178198,0.004084241
0.9886359,0.008161688,0.0032024118
0.9884913,0.0082244985,0.0032842837
0.9896904,0.0071962783,0.0031132693
0.9894565,0.0075031263,0.0030404318
0.9880344,0.008498232,0.0034672916
0.98788583,0.009295696,0.002818464
0.28874472,0.051546395,0.6597089
0.07040454,0.03990041,0.88969505
0.98831123,0.008103425,0.0035853533
0.9909198,0.0064398213,0.002640318
0.98674417,0.009598418,0.0036574071
0.9870035,0.009387699,0.0036086924
0.9919057,0.0056832237,0.0024111331
0.9904992,0.007329879,0.0021709441
0.9878798,0.008357005,0.0037631204
0.9908289,0.006096541,0.0030745275
0.9884034,0.008247895,0.0033487626
0.9840096,0.011591005,0.0043994496
0.98663414,0.009144449,0.00422153
0.98850375,0.008362284,0.003133925
0.9897468,0.0073961886,0.0028570595
0.07260818,0.91195905,0.015432777
0.98442876,0.011641327,0.0039299396
0.99090344,0.0064460067,0.0026506078
0.9912049,0.006194898,0.0026001313
0.98915476,0.0075522894,0.003292913
0.98416704,0.007184125,0.008648801
0.9892418,0.0074649593,0.003293203
0.98919046,0.0073920307,0.00341753
0.9880861,0.0082372,0.0036767158
0.98789227,0.008647691,0.0034600282
0.9880221,0.00798325,0.0039946777
0.9876395,0.009430514,0.002930008
0.99137676,0.0061417534,0.0024814927
0.98659074,0.010225856,0.0031833278
0.98931,0.007970273,0.002719705
0.98569435,0.009384407,0.0049211476
0.15823,0.03664068,0.8051293
0.8923195,0.03672268,0.07095785
0.9914607,0.0060234712,0.0025158653
0.037221517,0.91420877,0.048569724
0.0607078,0.035358716,0.9039335
0.988325,0.007946801,0.0037282298
0.9893909,0.0075984844,0.003010685
0.989326,0.0077101043,0.0029638144
0.9840571,0.0110823745,0.00486048
0.985567,0.01046771,0.003965342
0.98532987,0.009697641,0.0049724565
0.9845073,0.01131717,0.0041755694
0.01983326,0.97589636,0.004270435
0.019982245,0.97605217,0.003965598
0.9895325,0.0073729544,0.003094587
0.9853402,0.009802479,0.0048573203
0.99060327,0.0072169984,0.0021796701
0.06091877,0.041259978,0.89782125
0.9889442,0.008212212,0.002843613
0.9871761,0.009056132,0.0037677917
0.9855381,0.009968577,0.0044931895
0.98755974,0.00816077,0.004279477
0.98916537,0.0076863007,0.0031482966
0.9919492,0.005606298,0.0024444314
0.98941773,0.0060582045,0.0045241117
0.9892565,0.0075826277,0.0031609097
0.9915285,0.005994541,0.00247703
0.984244,0.010827705,0.0049283234
0.98556817,0.009544941,0.004886995
0.982544,0.01199958,0.005456381
0.9899553,0.0074630524,0.0025816818
0.98817635,0.0082944585,0.0035292855
0.9899775,0.007079849,0.0029426862
0.9897855,0.0074181785,0.002796441
0.98707145,0.009269909,0.0036586202
0.9887299,0.00806737,0.0032027164
0.99251187,0.0053213304,0.0021668745
0.98888516,0.007998031,0.003116818
0.99245113,0.0051876022,0.0023611814
0.9872824,0.009163871,0.0035537486
0.9878957,0.009098205,0.0030061353
0.012404701,0.98350465,0.004090636
0.0153370565,0.9809044,0.003758507
0.011984762,0.9851714,0.0028438517
0.013074141,0.9828539,0.0040719924
0.016856795,0.9806645,0.0024787681
0.012937537,0.98452973,0.0025326686
0.01731722,0.97931916,0.0033636594
0.016141737,0.980295,0.003563225
0.015199921,0.97975826,0.005041858
0.012538126,0.98490334,0.0025584933
0.014224983,0.98226684,0.00350818
0.01478066,0.9810585,0.0041609416
0.012575622,0.984959,0.0024654283
0.013486974,0.982215,0.004298085
0.017159024,0.9794174,0.0034236524
0.014750297,0.98095715,0.0042925808
0.044740673,0.7263212,0.22893804
0.012298484,0.9817717,0.00592976
0.015362354,0.97869176,0.005945896
0.015405454,0.9809585,0.0036359625
0.012956063,0.9844965,0.0025474657
0.014197426,0.9822807,0.0035219605
0.013542851,0.9829191,0.0035380428
0.01195272,0.98253745,0.0055098906
0.016027529,0.98099315,0.0029793065
0.013759125,0.98169476,0.0045461487
0.013281977,0.98251826,0.0041998164
0.016673896,0.9795434,0.0037827299
0.017347688,0.97912794,0.0035243963
0.014614479,0.9805046,0.0048809163
0.016336584,0.9738893,0.009774091
0.016252777,0.9798356,0.0039116032
0.01408044,0.9823069,0.0036126263
0.013316153,0.98312426,0.003559577
0.024807557,0.9354532,0.039739262
0.015498866,0.980662,0.0038391813
0.017914386,0.97952616,0.002559478
0.014193472,0.9805697,0.0052368063
0.0144628305,0.9788962,0.0066409935
0.017307749,0.97973996,0.0029523447
0.0759691,0.6314397,0.2925912
0.016295133,0.967631,0.016073864
0.013930797,0.98236346,0.0037057414
0.017283097,0.9793003,0.0034165636
0.013538706,0.9826182,0.0038430847
0.014600118,0.9795411,0.005858793
0.013190118,0.9833757,0.0034341337
0.014853106,0.98154414,0.0036027778
0.01347097,0.982008,0.004521031
0.03098745,0.96410906,0.004903525
0.01384054,0.9836536,0.002505824
0.023527443,0.961148,0.015324557
0.01345418,0.9836616,0.0028842092
0.0148649495,0.9818472,0.0032877943
0.01707616,0.98017615,0.0027477413
0.0148806535,0.98144585,0.003673468
0.0126789315,0.98484147,0.0024796212
0.014831292,0.9820187,0.0031500643
0.015988044,0.98048955,0.0035224112
0.017054357,0.9805989,0.0023466935
0.013249303,0.9844178,0.0023329384
0.014721516,0.9814363,0.0038422127
0.016097447,0.9814315,0.0024710356
0.01341013,0.98235786,0.004232065
0.014896411,0.981047,0.0040565752
0.059102077,0.094999865,0.8458981
0.012849289,0.9826004,0.004550343
0.01568334,0.9788594,0.0054571955
0.016348934,0.97987443,0.0037766248
0.014788417,0.98157334,0.0036382412
0.012597385,0.9832969,0.0041057784
0.014532852,0.98315537,0.0023118148
0.014799847,0.98137313,0.0038269868
0.012608598,0.98417217,0.0032192376
0.011754131,0.98190814,0.0063377824
0.01568598,0.9809382,0.003375807
0.02326813,0.966467,0.010264849
0.021520825,0.97410697,0.0043722214
0.016482167,0.9796936,0.00382417
0.015650317,0.9806215,0.0037281825
0.02075983,0.9685434,0.010696686
0.015043362,0.976318,0.008638674
0.014081,0.9794723,0.0064467518
0.014506774,0.97995466,0.0055385074
0.01587642,0.9798442,0.0042793443
0.0131059,0.98379934,0.003094738
0.014232803,0.9818475,0.0039196354
0.013449717,0.98237556,0.0041746735
0.012879612,0.9839579,0.0031624553
0.022183618,0.9746407,0.0031756312
0.015233632,0.9824107,0.0023556259
0.014379476,0.9808879,0.0047325953
0.013320729,0.9829821,0.003697227
0.014620583,0.9818726,0.0035067718
0.01904899,0.97607315,0.004877874
0.014368339,0.98156506,0.0040666526
0.014459021,0.9625256,0.023015369
0.01380528,0.98306584,0.0031288832
0.010852023,0.9854916,0.0036563335
0.015288374,0.98161775,0.0030939123
0.013624086,0.9820785,0.0042974874
0.015988592,0.97813237,0.0058790036
0.012589691,0.9846176,0.0027927281
0.017469672,0.9792956,0.003234722
0.016544826,0.98006254,0.003392614
0.020425966,0.9675015,0.012072474
0.016157098,0.9797916,0.0040513845
0.06475934,0.04257403,0.8926665
0.014972248,0.9812385,0.003789276
0.016230963,0.979955,0.003814
0.012981065,0.9844715,0.0025474012
0.019292848,0.9775284,0.0031788251
0.018061751,0.978464,0.003474182
0.014968901,0.9814982,0.0035329282
0.014054139,0.9823889,0.0035569146
0.011685936,0.98386776,0.004446323
0.01606126,0.9811396,0.002799217
0.014310082,0.9818907,0.0037992073
0.018108187,0.97906554,0.0028262262
0.07804029,0.039241124,0.88271856
0.01471406,0.9823773,0.0029087102
0.014691298,0.9818158,0.0034928985
0.013428629,0.98227304,0.0042983387
0.015231745,0.9818096,0.0029585813
0.016902354,0.9794813,0.0036163335
0.01300628,0.9834983,0.0034954688
0.014666362,0.981107,0.004226676
0.017095072,0.97958606,0.003318889
0.016420975,0.97796476,0.0056143026
0.027480079,0.961637,0.010882889
0.018375045,0.97618264,0.0054422724
0.013475493,0.9823377,0.0041867606
0.011888605,0.985413,0.0026984303
0.01470603,0.9808827,0.004411241
0.013467375,0.9836653,0.0028673694
0.015309479,0.97579974,0.008890783
0.013130552,0.98324627,0.0036231508
0.016644245,0.97923493,0.0041208873
0.018619528,0.97812426,0.0032561924
0.012936516,0.98253125,0.0045322836
0.014646176,0.98263127,0.002722531
0.012752794,0.98287004,0.0043772226
0.011747049,0.98371524,0.004537745
0.014461425,0.9816729,0.0038657235
0.015750209,0.9811149,0.0031348956
0.01359156,0.98404884,0.0023595535
0.01621394,0.98132014,0.0024659338
0.014778341,0.9799471,0.0052745286
0.013883452,0.9809388,0.005177744
0.015089988,0.9812587,0.0036513107
0.017161135,0.97144055,0.011398339
0.011531245,0.9856512,0.0028175865
0.06335505,0.11824729,0.81839764
0.01603714,0.98158145,0.002381381
0.012017837,0.98548144,0.0025006926
0.016498417,0.9801807,0.0033209038
0.01662712,0.98061854,0.0027543558
0.034966975,0.9602063,0.0048267795
0.015229033,0.9811555,0.0036154466
0.022270828,0.973231,0.0044981595
0.015829867,0.98079485,0.0033753137
0.015117685,0.98162085,0.0032614567
0.020274615,0.97664714,0.0030782456
0.012842344,0.9830289,0.004128781
0.015259946,0.98122877,0.0035113236
0.015138389,0.9786549,0.006206718
0.015197157,0.9805371,0.0042656753
0.017563006,0.9759125,0.0065244744
0.01798149,0.9784062,0.003612364
0.015982095,0.9806035,0.0034144348
0.015982095,0.9806035,0.0034144348
0.013199484,0.984074,0.0027265286
0.0171713,0.977728,0.005100671
0.014208253,0.9801539,0.0056378706
0.0150929205,0.9814494,0.0034576629
0.013720301,0.982756,0.0035236648
0.015599907,0.98033065,0.0040694787
0.012457425,0.982874,0.004668657
0.0138780335,0.98151404,0.004607882
0.10322368,0.13218637,0.76458997
0.01421567,0.9825828,0.0032015087
0.016106065,0.9805196,0.0033743666
0.015817216,0.9814476,0.0027352318
0.017099617,0.9793682,0.0035321533
0.016038245,0.9792555,0.0047063
0.013629398,0.9829413,0.0034292662
0.016512297,0.9795695,0.003918186
0.013802859,0.9800181,0.0061790515
0.025999578,0.9005468,0.07345364
0.019461386,0.9150862,0.06545239
0.016544875,0.9786309,0.0048242467
0.0164234,0.9800213,0.0035552795
0.02055817,0.9737636,0.0056782165
0.018153321,0.9781568,0.0036898726
0.015169712,0.9816381,0.0031921896
0.020034574,0.9757454,0.0042200303
0.017773373,0.9794377,0.0027889092
0.017186465,0.9790694,0.003744156
0.06340346,0.03619683,0.9003997
0.08995636,0.0346136,0.87543005
0.07070559,0.031421408,0.897873
0.055522878,0.04487606,0.89960104
0.06032135,0.04018268,0.8994959
0.9830921,0.010309704,0.0065981983
0.063079864,0.033649012,0.9032711
0.28847206,0.26188844,0.44963944
0.09106354,0.036471035,0.8724655
0.057312284,0.08387892,0.85880876
0.06973755,0.032053143,0.8982093
0.067944445,0.047921743,0.88413376
0.0513449,0.03810044,0.9105547
0.0724402,0.038136043,0.88942385
0.062992744,0.16584228,0.771165
0.09019081,0.07065345,0.83915573
0.09305017,0.075575404,0.83137435
0.08255228,0.0651768,0.85227084
0.06309894,0.029820388,0.9070806
0.059636977,0.044972412,0.8953907
0.94555664,0.021913994,0.032529417
0.0649722,0.040738054,0.8942897
0.0938326,0.075544015,0.8306233
0.05873355,0.06587488,0.8753915
0.06861832,0.038042955,0.89333874
0.06372054,0.03534481,0.90093464
0.056418758,0.04231764,0.9012636
0.017005077,0.97585756,0.007137395
0.09823102,0.068375684,0.8333932
0.32401103,0.04330752,0.63268137
0.022874484,0.9101558,0.06696973
0.060795575,0.035289016,0.9039154
0.06276043,0.06916484,0.8680747
0.059416823,0.04281723,0.89776593
0.06683034,0.038115986,0.8950537
0.06168726,0.041072518,0.89724016
0.01670622,0.98000574,0.003288044
0.062039293,0.038239967,0.89972067
0.060562447,0.03942798,0.90000963
0.018598704,0.9756001,0.00580113
0.060213868,0.039258514,0.90052766
0.07027609,0.037305128,0.8924188
0.98760146,0.0075773387,0.0048211557
0.06934459,0.039685376,0.89097005
0.055261284,0.05851022,0.88622856
0.98855186,0.00702835,0.0044197575
0.08447699,0.06524689,0.8502762
0.05849355,0.03008051,0.9114259
0.064278,0.05185097,0.8838711
0.052391637,0.03557133,0.912037
0.058554787,0.03925428,0.9021909
0.06174566,0.048892558,0.8893618
0.0712362,0.042082585,0.8866812
0.054649107,0.06851187,0.87683904
0.0611459,0.041636847,0.8972173
0.074034914,0.051357664,0.8746074
0.012368166,0.98348504,0.004146864
0.124797724,0.056636587,0.81856567
0.071786135,0.054959778,0.87325406
0.06240195,0.037026126,0.90057194
0.057413466,0.049735755,0.89285076
0.06259651,0.03181544,0.905588
0.060835008,0.04038658,0.8987784
0.074719295,0.0339262,0.89135456
0.57607347,0.036791198,0.38713536
0.06587101,0.031884257,0.90224475
0.06932446,0.03647795,0.8941976
0.014668451,0.98220545,0.0031261446
0.090607055,0.07577899,0.8336139
0.18770905,0.05607889,0.7562121
0.05602488,0.055534627,0.8884405
0.054552406,0.0498406,0.895607
0.6690771,0.02287221,0.30805072
0.06695065,0.046398006,0.8866513
0.06386742,0.04755503,0.8885775
0.08332307,0.046308383,0.8703686
0.059235305,0.041799523,0.8989652
0.8641119,0.023231085,0.1126571
0.9882903,0.008255009,0.0034546684
0.98483306,0.011487969,0.0036789535
0.97892034,0.01210807,0.00897163
0.9810079,0.012264937,0.006727197
0.091020666,0.03990013,0.86907923
0.98550135,0.010715229,0.0037835038
0.9852962,0.010167657,0.0045361696
0.9796128,0.0117783025,0.008608778
0.98241997,0.009975929,0.007604124
0.98449314,0.012058661,0.003448123
0.98339915,0.010302858,0.0062980107
0.9828455,0.011956467,0.0051979506
0.014830401,0.9776539,0.007515681
0.98879355,0.007133806,0.004072667
0.9769283,0.008033594,0.015038072
0.98611754,0.005677716,0.008204749
0.98732203,0.007815657,0.0048623397
0.9898567,0.0069556367,0.0031876338
0.9856647,0.010602499,0.003732747
0.9897983,0.0066561955,0.0035454505
0.9887468,0.008130781,0.0031224745
0.9864522,0.009273145,0.0042746775
0.99041617,0.006818296,0.002765623
0.98432505,0.0114261145,0.00424883
0.98964864,0.0077655227,0.0025859277
0.98677397,0.010158077,0.0030679312
0.98744863,0.009633452,0.002918021
0.98671806,0.009588796,0.0036932013
0.98674774,0.008282468,0.004969896
0.01649558,0.97001475,0.013489623
0.7522237,0.023072898,0.22470349
0.01568065,0.9796479,0.0046715457
0.014244243,0.97546595,0.010289844
0.013294128,0.9795831,0.007122786
0.011113389,0.9863294,0.002557198
0.04325362,0.9458102,0.010936229
0.015646985,0.9746849,0.009668112
0.016196335,0.979776,0.0040276516
0.014939321,0.9824327,0.0026279492
0.018178117,0.972345,0.009476844
0.03353843,0.9189565,0.047505073
0.01627316,0.9796284,0.0040984577
0.12651603,0.032635108,0.8408489
0.017671546,0.9771606,0.005167885
0.01570826,0.9799361,0.004355641
0.011046369,0.9846991,0.0042545972
0.017499266,0.9780848,0.004415874
0.016811883,0.97996384,0.0032243093
0.020150775,0.9728169,0.0070322617
0.016853983,0.9785876,0.0045583914
0.015253129,0.9812695,0.003477345
0.015707074,0.98034084,0.0039520264
0.014236403,0.9816165,0.0041470774
0.053710185,0.042717077,0.9035727
0.0779222,0.042844035,0.8792337
0.05679643,0.036349647,0.9068539
0.059998795,0.035652407,0.9043488
0.05699309,0.044931408,0.8980756
0.060897127,0.048150077,0.8909528
0.061409444,0.04539117,0.89319927
0.067094184,0.049544673,0.88336116
0.061177973,0.05159254,0.88722944
0.054345474,0.042927876,0.9027267
0.08695196,0.03443544,0.8786126
0.053830165,0.05156614,0.8946037
0.9482612,0.009563467,0.042175397
0.9840168,0.010080352,0.0059028305
0.98753405,0.008240641,0.0042253807
0.05200671,0.028400091,0.91959316
0.06193215,0.0403394,0.89772844
0.98825943,0.0077017923,0.0040387907
0.98862106,0.008201515,0.0031774428
0.9901181,0.007319907,0.002562012
0.9869855,0.0070240702,0.00599043
0.9857802,0.008177948,0.0060418295
0.9870308,0.008317269,0.0046519167
0.057813227,0.04443529,0.8977515
0.9911515,0.005790909,0.0030575607
0.98400384,0.011136015,0.0048602163
0.98566437,0.009193634,0.005142074
0.99186605,0.0053805527,0.0027534903
0.99186605,0.0053805527,0.0027534903
0.98323405,0.00839933,0.008366584
0.98912,0.0076634632,0.00321652
0.9871652,0.008768841,0.00406596
0.98441905,0.0080793975,0.0075014667
0.109278925,0.034944702,0.8557763
0.946432,0.010042245,0.04352578
0.98617154,0.008399779,0.0054286034
0.9844089,0.008951724,0.0066393754
0.99021167,0.006810234,0.002978078
0.98840886,0.0062502404,0.005340895
0.05320899,0.045069765,0.90172124
0.990209,0.0072636097,0.0025274549
0.0597463,0.044097204,0.8961565
0.59970987,0.028103642,0.37218654
0.9850641,0.009876594,0.005059271
0.98454016,0.011251428,0.004208459
0.9832704,0.010351933,0.0063776406
0.9881458,0.0073842243,0.0044700196
0.41024065,0.034204904,0.55555445
0.98636395,0.008055929,0.005580178
0.10170833,0.032019578,0.8662721
0.981591,0.0112506375,0.007158327
0.9911184,0.0060923696,0.0027892902
0.9706838,0.0084391665,0.020876942
0.06710767,0.040682994,0.8922093
0.96696454,0.013122878,0.019912533
0.08341675,0.053282447,0.86330086
0.98794156,0.00728245,0.004775947
0.0938676,0.039775167,0.86635727
0.9881417,0.00622419,0.00563408
0.08463048,0.033499707,0.88186985
0.07375806,0.038153235,0.88808864
0.1921339,0.037642233,0.7702239
0.96560884,0.010685125,0.023705987
0.67372936,0.033087537,0.2931831
0.97902745,0.010317333,0.010655241
0.9891053,0.0068760947,0.0040186318
0.9811761,0.009062831,0.009761053
0.058390547,0.03622013,0.90538925
0.057409417,0.031304535,0.911286
0.8817688,0.017360466,0.10087066
0.069255725,0.043085925,0.8876584
0.9888741,0.0060964082,0.005029482
0.9910978,0.0061400253,0.0027621263
0.96900594,0.00940748,0.021586575
0.9914289,0.006293875,0.0022772653
0.99074805,0.0065913945,0.0026605646
0.98808265,0.00778358,0.0041338275
0.99164844,0.0054268604,0.0029247142
0.98871136,0.0078726495,0.003415875
0.9838483,0.007788159,0.008363638
0.93236727,0.014047077,0.05358566
0.9883239,0.008048323,0.0036276632
0.9872067,0.0077918833,0.0050014267
0.85860294,0.01949485,0.12190221
0.9885125,0.006474562,0.0050129355
0.06759768,0.048475288,0.88392705
0.07304486,0.040123116,0.8868321
0.07358422,0.03998752,0.88642824
0.9887599,0.0071754837,0.0040645823
0.99051404,0.0062269587,0.003259022
0.98758125,0.008884616,0.003534056
0.93680143,0.010386618,0.05281203
0.98834383,0.007687421,0.0039687552
0.9881584,0.008062707,0.0037789142
0.047462564,0.05172177,0.90081567
0.060923096,0.04904879,0.89002806
0.9691946,0.014846357,0.015958954
0.98989725,0.007113926,0.0029887843
0.9801705,0.010678103,0.009151322
0.9862651,0.009519099,0.004215833
0.9839245,0.0077357017,0.008339818
0.990568,0.0070289425,0.002403183
0.989903,0.0064206603,0.003676289
0.9865775,0.009130539,0.004291953
0.9871453,0.008700426,0.0041541765
0.98092884,0.010459224,0.008611929
0.98786294,0.008060296,0.0040767887
0.09325482,0.049189847,0.8575553
0.9696203,0.012507377,0.017872304
0.98864603,0.008274126,0.003079761
0.9866725,0.009167158,0.0041603046
0.9891451,0.007868415,0.0029865133
0.068607144,0.046015695,0.88537717
0.98421246,0.011291704,0.004495918
0.08589665,0.030762285,0.883341
0.9855261,0.010194889,0.0042790133
0.0817748,0.043345526,0.87487966
0.9887134,0.008170303,0.0031162766
0.9880333,0.007722622,0.004244063
0.11432015,0.03142171,0.8542581
0.84158105,0.017810954,0.14060797
0.97999233,0.013430199,0.0065773935
0.98092264,0.009710999,0.009366377
0.9792389,0.01644237,0.0043186704
0.9846785,0.011046139,0.004275333
0.019420851,0.9749273,0.0056517897
0.015749756,0.97773904,0.0065112016
0.04654812,0.38332573,0.5701262
0.024793686,0.9431835,0.032022804
0.029233746,0.9447399,0.026026433
0.049487535,0.088609606,0.8619029
0.017447064,0.9770736,0.0054792506
0.049506832,0.36163527,0.58885795
0.016333334,0.9784615,0.0052051754
0.014978387,0.97781384,0.007207795
0.013597937,0.9806724,0.0057296837
0.011334315,0.98119605,0.007469608
0.01490397,0.97771806,0.007378
0.014936439,0.9788916,0.006171949
0.023692695,0.95475596,0.021551387
0.050712712,0.051260415,0.89802694
0.049990095,0.085285515,0.86472434
0.013580823,0.97848207,0.007937111
0.062051684,0.07083065,0.86711764
0.06334727,0.08990285,0.8467499
0.050813798,0.039651193,0.90953505
0.043495074,0.22656646,0.72993845
0.043495074,0.22656646,0.72993845
0.017916838,0.9734613,0.008621814
0.047396492,0.39241415,0.56018937
0.048949342,0.049720183,0.9013304
0.048929416,0.044812545,0.90625805
0.019883787,0.9693477,0.010768481
0.04194886,0.47914255,0.47890863
0.01223077,0.9792308,0.008538453
0.118193656,0.85896045,0.022845857
0.02153355,0.9737316,0.004734915
0.04835475,0.42616814,0.5254771
0.06378239,0.050554663,0.885663
0.07343553,0.15760309,0.76896137
0.040516548,0.7570618,0.2024217
0.015195144,0.9201084,0.06469645
0.018061208,0.9741442,0.0077946247
0.0154805565,0.9795035,0.0050159944
0.015469671,0.98072827,0.0038021284
0.013715249,0.98047733,0.0058074016
0.016235646,0.97689307,0.006871249
0.01337001,0.98037577,0.00625417
0.015703041,0.9696172,0.01467979
0.055302966,0.15856606,0.78613096
0.016472708,0.9767438,0.0067835315
0.04980842,0.069899,0.88029265
0.013178374,0.95320225,0.033619307
0.014738069,0.9815808,0.0036811559
0.017000413,0.9446511,0.038348455
0.05255566,0.044975195,0.90246916
0.014789238,0.9787562,0.0064546326
0.011046321,0.97512555,0.0138281565
0.045825336,0.7600854,0.19408932
0.0148812095,0.9800458,0.0050729746
0.02482283,0.95169836,0.023478843
0.014080896,0.9809008,0.0050182473
0.012298327,0.97316825,0.014533487
0.04296642,0.6246408,0.33239278
0.018363696,0.9736762,0.007960073
0.021361006,0.96876323,0.009875755
0.013932622,0.983452,0.0026153068
0.018478444,0.96362907,0.017892443
0.026269637,0.9406196,0.033110786
0.042324476,0.13049594,0.82717955
0.048704784,0.3349154,0.61637974
0.029287608,0.9354537,0.035258662
0.019928489,0.9696313,0.010440223
0.01543265,0.9793371,0.0052302238
0.057929065,0.046027493,0.8960434
0.065239705,0.037226956,0.89753336
0.051102042,0.036879376,0.91201854
0.04896151,0.03573366,0.9153048
0.054061633,0.03999903,0.90593934
0.05618306,0.043245647,0.9005713
0.055429664,0.03678016,0.90779024
0.01529179,0.9751482,0.009560017
0.05809086,0.04204608,0.8998631
0.068005756,0.054377984,0.8776162
0.06255166,0.04784307,0.8896053
0.059189547,0.04034406,0.9004664
0.06364306,0.046132278,0.89022464
0.061603673,0.043683544,0.8947128
0.06602088,0.03890655,0.8950725
0.05809234,0.044215906,0.8976917
0.06112048,0.045531906,0.8933477
0.050219357,0.03449837,0.9152823
0.0678978,0.034661874,0.8974403
0.0710553,0.04710248,0.88184226
0.092150345,0.032697175,0.8751524
0.05610599,0.04543601,0.89845806
0.060461853,0.03794707,0.90159106
0.06711893,0.03571628,0.89716476
0.06007563,0.03970757,0.90021676
0.0630195,0.048130352,0.8888501
0.044788618,0.03382473,0.92138666
0.06128798,0.038091753,0.9006203
0.06317593,0.050540697,0.88628334
0.056513835,0.044662483,0.89882374
0.056711033,0.04132892,0.90196013
0.053529788,0.042407624,0.9040625
0.059619054,0.041317083,0.89906394
0.04993574,0.0354963,0.914568
0.057996526,0.039204106,0.9027993
0.058864098,0.047367964,0.8937679
0.06113306,0.04707878,0.8917882
0.065083,0.058998898,0.8759182
0.056969658,0.053179406,0.889851
0.12586196,0.06258059,0.8115575
0.05062278,0.043703534,0.9056736
0.051718213,0.039576355,0.90870535
0.071560904,0.027656622,0.9007824
0.05071432,0.05908874,0.8901969
0.98642135,0.009236705,0.0043418584
0.05192344,0.037545428,0.91053116
0.061985623,0.048676837,0.8893375
0.057025332,0.037343383,0.90563124
0.05573373,0.039041627,0.9052246
0.056918588,0.040027678,0.90305376
0.04975998,0.035770833,0.9144692
0.0638141,0.042696577,0.89348924
0.0638141,0.042696577,0.89348924
0.071514696,0.07702435,0.851461
0.0669396,0.03960235,0.89345807
0.057248432,0.038005557,0.90474606
0.05554681,0.053210583,0.8912426
0.06215144,0.098930515,0.83891803
0.056178775,0.044636797,0.89918447
0.050471768,0.03591238,0.9136159
0.047721155,0.04034252,0.9119363
0.05632908,0.043400403,0.9002705
0.05981868,0.03986729,0.9003141
0.050986644,0.047016986,0.9019964
0.06412959,0.035329364,0.900541
0.04703058,0.034712058,0.91825736
0.056823816,0.043824367,0.89935184
0.05661758,0.049916074,0.89346635
0.05677211,0.036762375,0.90646553
0.072177544,0.0549366,0.8728858
0.050378248,0.035915915,0.9137058
0.055471525,0.04224174,0.9022867
0.064345315,0.04478886,0.8908658
0.059971962,0.04661508,0.89341307
0.058591973,0.04523217,0.8961759
0.054888777,0.038243774,0.9068675
0.062157813,0.044726897,0.8931152
0.033093493,0.5914857,0.3754208
0.07504295,0.097018,0.82793903
0.04651548,0.0372669,0.9162176
0.061678857,0.036812145,0.901509
0.055732664,0.045665707,0.89860165
0.016908832,0.96372396,0.01936715
0.05812404,0.041498832,0.90037715
0.05498081,0.04677567,0.8982436
0.05648479,0.032786805,0.91072845
0.0531935,0.03738977,0.90941674
0.05645084,0.0400101,0.9035391
0.06467324,0.042104233,0.8932225
0.060696512,0.06718491,0.87211853
0.04040974,0.04076647,0.9188237
0.056956995,0.03539996,0.9076431
0.05543109,0.1339825,0.8105864
0.056027573,0.04369828,0.90027416
0.053993087,0.03767485,0.90833205
0.04985487,0.03928469,0.9108604
0.08073951,0.040996786,0.87826365
0.05923297,0.04752536,0.8932417
0.05411962,0.043827403,0.90205306
0.054128375,0.04190894,0.90396273
0.05604581,0.045144156,0.8988101
0.05826332,0.047972925,0.8937637
0.054812834,0.038246848,0.90694034
0.056423303,0.03472746,0.9088492
0.046204366,0.039251443,0.91454417
0.053508922,0.039686866,0.9068042
0.055701997,0.04575215,0.8985459
0.057920985,0.03913393,0.90294504
0.056924198,0.08339234,0.85968345
0.06244373,0.042520594,0.8950356
0.07116326,0.043928128,0.8849087
0.058014315,0.039350398,0.90263534
0.05108297,0.042122416,0.9067946
0.054275118,0.037982754,0.9077422
0.051118538,0.036568463,0.9123129
0.056744486,0.039440334,0.9038152
0.058440235,0.03981388,0.90174586
0.055597175,0.036532804,0.90787
0.053950638,0.040644616,0.9054047
0.04357721,0.05600891,0.90041393
0.06394943,0.036723066,0.89932746
0.056980312,0.044268105,0.89875156
0.052794043,0.038870905,0.908335
0.059065215,0.033984613,0.9069502
0.058495242,0.037145544,0.9043592
0.05353529,0.047152545,0.89931214
0.055858474,0.04395099,0.90019053
0.057575356,0.03871093,0.90371376
0.042489544,0.065744855,0.8917656
0.054243192,0.039434057,0.9063228
0.05506297,0.08696526,0.8579718
0.06663073,0.049661033,0.8837082
0.06022017,0.04003701,0.8997428
0.05206698,0.03800013,0.90993285
0.051644914,0.041823328,0.90653175
0.05376402,0.03821759,0.9080184
0.062318545,0.0369947,0.90068674
0.049938463,0.046981614,0.90307987
0.055280007,0.03716765,0.90755236
0.0713714,0.042430934,0.88619775
0.066172615,0.036259603,0.89756775
0.053253505,0.040296115,0.9064504
0.06059059,0.034574088,0.90483534
0.06404064,0.040173568,0.89578587
0.054968808,0.037284672,0.9077465
0.057374645,0.036327362,0.906298
0.070018284,0.046031356,0.8839504
0.035216667,0.07583874,0.8889446
0.021185447,0.9185953,0.060219254
0.05412812,0.040146116,0.90572584
0.056247227,0.041272085,0.9024807
0.055346634,0.040433194,0.90422016
0.06763443,0.05011461,0.88225096
0.07122606,0.04005186,0.888722
0.06972324,0.036189612,0.89408726
0.06137991,0.03576764,0.9028525
0.07835244,0.050415516,0.87123203
0.05377945,0.0419244,0.9042962
0.06272951,0.04991474,0.88735574
0.054065414,0.043463994,0.9024705
0.058107324,0.04001462,0.901878
0.03127198,0.6885028,0.2802252
0.05903598,0.035789657,0.9051743
0.06717284,0.043667536,0.8891597
0.064618856,0.044651028,0.8907301
0.055135626,0.03480758,0.9100568
0.056989085,0.048936125,0.89407474
0.055891417,0.043826856,0.9002817
0.05259269,0.042094667,0.90531266
0.079799786,0.030705528,0.8894948
0.0660906,0.050058614,0.8838508
0.05575432,0.04045354,0.90379214
0.055779394,0.03426416,0.9099564
0.048875242,0.03787867,0.91324604
0.059986327,0.052474514,0.88753915
0.082824245,0.058331072,0.85884464
0.057055585,0.042566065,0.90037835
0.050964516,0.044343647,0.9046919
0.051078133,0.041770265,0.90715164
0.112984575,0.031115325,0.85590005
0.04597333,0.051136922,0.9028898
0.07394538,0.053783532,0.87227106
0.058826685,0.042724453,0.8984489
0.06845111,0.04732218,0.8842267
0.06738996,0.047950253,0.8846597
0.051342193,0.034587532,0.91407025
0.06407347,0.03880564,0.89712083
0.056629717,0.03475254,0.90861773
0.0131024625,0.9777951,0.009102438
0.055491228,0.04057843,0.9039303
0.9863034,0.006224756,0.0074719167
0.05728245,0.04491762,0.8978
0.05533202,0.046845168,0.8978229
0.06635835,0.046643358,0.8869983
0.11851347,0.056627866,0.8248587
0.052530527,0.04190144,0.905568
0.057576068,0.04266173,0.8997622
0.11029876,0.02888577,0.8608156
0.1506693,0.1259504,0.72338027
0.06740327,0.046032418,0.8865644
0.049371168,0.04860574,0.9020231
0.055261407,0.0414698,0.90326875
0.06294237,0.040145587,0.8969121
0.060175702,0.047742564,0.8920817
0.056214496,0.0413893,0.90239614
0.06828964,0.04611692,0.8855935
0.05018392,0.046276763,0.9035393
0.050580315,0.038743418,0.9106763
0.09890286,0.038532853,0.86256427
0.062010407,0.04655718,0.8914324
0.08467946,0.04108851,0.87423193
0.056078468,0.045904197,0.89801735
0.04837043,0.03223739,0.9193922
0.07865485,0.050585397,0.8707598
0.05323592,0.042381246,0.9043829
0.04719863,0.045992855,0.9068085
0.060462948,0.038809747,0.90072733
0.40557885,0.03789086,0.5565303
0.052692458,0.04513632,0.9021713
0.055759087,0.04609068,0.8981502
0.06937065,0.04193186,0.88869745
0.084370576,0.053472318,0.86215717
0.056206647,0.039759293,0.9040341
0.054669403,0.038109526,0.9072211
0.057979688,0.05952879,0.88249147
0.053250633,0.041674633,0.9050747
0.052202754,0.043916218,0.903881
0.054818,0.039483923,0.9056982
0.05736172,0.043595895,0.8990424
0.045230024,0.08705554,0.86771446
0.06893291,0.043221455,0.88784564
0.06307491,0.04772782,0.8891973
0.04096432,0.08659452,0.8724412
0.06752861,0.04555848,0.8869128
0.05590675,0.057092987,0.88700026
0.063623406,0.039446846,0.89692974
0.05642341,0.043558072,0.9000185
0.042758256,0.060712416,0.8965293
0.061288852,0.05377123,0.88493997
0.06493175,0.037837386,0.89723086
0.058318235,0.036530275,0.9051515
0.056918237,0.033395216,0.9096866
0.06085706,0.045291424,0.89385146
0.072112925,0.042913668,0.8849734
0.056167033,0.038227852,0.9056052
0.05339972,0.03987754,0.9067227
0.07826973,0.05776886,0.8639614
0.054245222,0.1408045,0.80495036
0.053450074,0.036753606,0.90979624
0.062069725,0.055179007,0.8827513
0.057602085,0.03914718,0.90325075
0.0736724,0.031439524,0.89488804
0.05824418,0.042157058,0.89959884
0.05365586,0.04500661,0.90133744
0.05230489,0.044695072,0.90300006
0.05960017,0.031026026,0.9093737
0.055083178,0.040595964,0.9043209
0.059626795,0.03855439,0.9018189
0.054192163,0.0367938,0.90901405
0.053985033,0.033373088,0.9126419
0.056482922,0.04034682,0.9031702
0.062019818,0.041173138,0.896807
0.08432152,0.050227903,0.8654506
0.05222233,0.038244,0.9095337
0.053846024,0.049099233,0.89705473
0.055638954,0.041998487,0.9023626
0.056407314,0.044709098,0.8988836
0.050223768,0.035753373,0.9140228
0.051795993,0.039907753,0.9082962
0.10335971,0.030374574,0.86626583
0.05214466,0.040117584,0.9077377
0.05698277,0.044226807,0.89879036
0.05894388,0.04388901,0.8971671
0.06063271,0.047941007,0.8914263
0.03752452,0.1749152,0.7875603
0.059132747,0.18443501,0.7564323
0.061188255,0.03921781,0.899594
0.05308848,0.080007166,0.8669044
0.10484005,0.03116517,0.8639948
0.05088404,0.034312382,0.91480356
0.055634692,0.036326136,0.90803915
0.053885467,0.03782071,0.9082938
0.058348294,0.035148926,0.9065028
0.0599998,0.042235754,0.89776444
0.06374187,0.044651352,0.89160675
0.06130935,0.03995324,0.8987375
0.054275393,0.04460214,0.9011225
0.058647104,0.035973005,0.90537995
0.053004712,0.12351073,0.82348454
0.05867096,0.037348203,0.90398085
0.0649111,0.04989072,0.8851982
0.06653697,0.039287336,0.89417565
0.07034335,0.033325333,0.8963313
0.98326725,0.009555262,0.007177557
0.06469116,0.041402265,0.8939065
0.05410102,0.044155963,0.90174305
0.05410102,0.044155963,0.90174305
0.06066314,0.035627212,0.90370965
0.07293118,0.04592979,0.8811391
0.057383213,0.038393814,0.904223
0.061907936,0.042465635,0.8956264
0.052609466,0.037800778,0.90958977
0.06431938,0.032915346,0.9027652
0.06663711,0.05258576,0.8807772
0.05698711,0.034446493,0.9085665
0.056458555,0.04384134,0.89970016
0.05603705,0.04221645,0.90174645
0.046362672,0.03685541,0.91678196
0.051555935,0.05445392,0.89399016
0.04883733,0.042182714,0.90897995
0.07144812,0.06827621,0.8602756
0.1889743,0.025546808,0.7854789
0.060699478,0.04208638,0.89721406
0.056280028,0.039830644,0.9038893
0.05606143,0.049257103,0.8946814
0.05695145,0.046505123,0.8965435
0.046020467,0.05894736,0.8950321
0.053620193,0.04123265,0.9051472
0.061653182,0.05808773,0.88025904
0.06558575,0.031238746,0.9031756
0.068906814,0.029607521,0.9014857
0.06923248,0.045138508,0.8856291
0.050872203,0.037657626,0.9114702
0.053597648,0.039424058,0.90697825
0.17885458,0.03475464,0.7863908
0.062413525,0.03772655,0.89985985
0.061171684,0.04473231,0.8940961
0.016699368,0.9686639,0.014636741
0.062206037,0.047905084,0.8898889
0.06466799,0.04261789,0.892714
0.057360236,0.044498038,0.89814174
0.057708416,0.04090142,0.90139014
0.057595335,0.03970079,0.9027039
0.061953448,0.044819925,0.89322656
0.049037654,0.03289019,0.91807216
0.056995474,0.039172377,0.90383214
0.06501859,0.046150126,0.8888313
0.05134889,0.04290361,0.90574753
0.051630687,0.037206355,0.911163
0.016944794,0.96200824,0.021046987
0.038886048,0.067386195,0.8937277
0.05018512,0.07276976,0.87704504
0.04124294,0.55778414,0.40097293
0.059438907,0.04333805,0.897223
0.06400783,0.048932936,0.88705915
0.062189095,0.045989893,0.8918211
0.062260013,0.045773357,0.89196664
0.05265958,0.04264503,0.9046953
0.055124015,0.042972572,0.9019034
0.06808582,0.04334142,0.8885728
0.057668004,0.04113305,0.90119886
0.07713172,0.049147744,0.8737206
0.5523655,0.033628765,0.41400576
0.09352551,0.062240604,0.8442339
0.06469116,0.041402265,0.8939065
0.050637685,0.046513155,0.90284914
0.06485288,0.041627537,0.8935195
0.46247327,0.031579457,0.5059473
0.058591973,0.04523217,0.8961759
0.07318178,0.14234157,0.78447664
0.04465602,0.03263915,0.9227049
0.062437683,0.0474074,0.8901549
0.06536213,0.036736514,0.8979014
0.0755757,0.053148188,0.8712762
0.054689903,0.045251057,0.90005904
0.06852756,0.051000014,0.8804725
0.053498585,0.041199446,0.9053019
0.041782454,0.07699994,0.88121766
0.06294139,0.040598348,0.89646024
0.062995106,0.044149794,0.89285505
0.06305419,0.040631406,0.89631444
0.05354002,0.044429604,0.90203035
0.05193897,0.031905062,0.91615593
0.05666138,0.044365577,0.898973
0.04972942,0.044360034,0.9059105
0.05161265,0.04418977,0.9041977
0.05950711,0.037843496,0.9026493
0.058587037,0.036076803,0.9053362
0.06904441,0.04773235,0.88322335
0.060956873,0.048956312,0.8900868
0.050983474,0.04619487,0.90282166
0.054986563,0.04007219,0.9049413
0.069066465,0.056868035,0.87406546
0.07084944,0.04253398,0.8866165
0.0824127,0.04359841,0.87398887
0.060136274,0.03697659,0.90288717
0.054107387,0.03697017,0.90892243
0.051791538,0.054943684,0.8932647
0.058661018,0.044107027,0.89723194
0.04811693,0.03730918,0.9145739
0.021159729,0.9572948,0.021545483
0.1315484,0.04391285,0.8245387
0.21458128,0.031871304,0.7535475
0.05397672,0.03707951,0.90894383
0.052127466,0.044413157,0.9034593
0.017525604,0.97764564,0.0048288116
0.059664644,0.05496565,0.8853697
0.94276243,0.016157884,0.041079678
0.05521581,0.044021882,0.9007624
0.0535575,0.033927057,0.9125155
0.0760114,0.05450889,0.8694797
0.0696593,0.047480326,0.88286036
0.0524274,0.041130647,0.9064419
0.051277988,0.03356331,0.9151587
0.063337885,0.038510274,0.8981519
0.06037678,0.03445208,0.9051712
0.01978015,0.96901536,0.011204546
0.10890206,0.04159777,0.8495002
0.059071083,0.03388856,0.9070403
0.054265127,0.08855536,0.8571796
0.42569384,0.044780254,0.5295259
0.059639238,0.04406119,0.89629954
0.059188593,0.04079904,0.90001243
0.056082014,0.04759619,0.89632183
0.062795736,0.047609467,0.88959473
0.06955951,0.036709018,0.8937314
0.96495914,0.008664162,0.026376579
0.06261103,0.051276594,0.8861124
0.024565835,0.8434406,0.13199356
0.024565835,0.8434406,0.13199356
0.062061362,0.04402959,0.89390904
0.04480557,0.06573512,0.8894593
0.09904313,0.044100598,0.85685635
0.05356743,0.04701986,0.8994127
0.056169797,0.046543665,0.89728653
0.05155075,0.03914122,0.9093081
0.07241304,0.03501666,0.89257026
0.053696215,0.047805063,0.8984988
0.055311922,0.037941117,0.90674704
0.98739517,0.00726422,0.0053406307
0.071184345,0.04580325,0.8830125
0.26225007,0.03678857,0.7009614
0.045680612,0.041268993,0.9130504
0.05904226,0.03657078,0.904387
0.053497415,0.038121033,0.9083816
0.06299611,0.032285426,0.9047184
0.058767375,0.035766255,0.9054664
0.4535678,0.029452233,0.51698
0.96233535,0.010524837,0.027139865
0.06260098,0.046657585,0.8907415
0.054010462,0.04399604,0.9019936
0.07327215,0.05092791,0.87579995
0.064498894,0.04207282,0.89342827
0.09967748,0.031851057,0.86847144
0.954635,0.010719574,0.03464547
0.04407975,0.62781817,0.3281021
0.053550724,0.03582958,0.91061974
0.060470898,0.03161794,0.9079112
0.051296346,0.040341683,0.90836203
0.9883973,0.007877838,0.003724863
0.062260184,0.03965235,0.89808744
0.05727703,0.044130776,0.8985922
0.052001126,0.04231792,0.905681
0.05361955,0.042127583,0.9042528
0.05013104,0.0361963,0.9136727
0.050073184,0.039533857,0.91039294
0.0668912,0.048109397,0.88499933
0.067446135,0.037594456,0.89495945
0.054274086,0.06549902,0.8802269
0.053276435,0.03899691,0.90772665
0.07393718,0.045329496,0.8807333
0.10073592,0.03749551,0.8617686
0.06392768,0.04055562,0.89551675
0.075504795,0.041191794,0.8833034
0.10836124,0.03241701,0.85922176
0.06439383,0.039267175,0.8963389
0.0540945,0.042067178,0.9038384
0.05391362,0.04041889,0.9056674
0.06872898,0.0533696,0.87790143
0.06257307,0.043597806,0.89382917
0.067290574,0.048491254,0.8842182
0.05794465,0.0457709,0.8962845
0.058824424,0.05105766,0.890118
0.05194322,0.041615456,0.9064413
0.04603175,0.04639278,0.9075754
0.063092716,0.04658985,0.8903174
0.09732584,0.038600292,0.8640739
0.061612163,0.0426775,0.89571035
0.05707442,0.035629164,0.9072964
0.054036357,0.036903616,0.90905994
0.04960922,0.03735569,0.91303515
0.059878558,0.039346088,0.90077543
0.055197604,0.042135898,0.9026665
0.051795993,0.039907753,0.9082962
0.055678803,0.045710772,0.8986104
0.06352851,0.036056332,0.9004152
0.063344605,0.053628776,0.8830266
0.070000894,0.04194256,0.8880566
0.059333205,0.03977612,0.90089065
0.06374121,0.045531545,0.8907272
0.054372225,0.042015597,0.9036122
0.051627867,0.052697573,0.8956746
0.063328825,0.045636322,0.8910349
0.05614799,0.044721384,0.8991306
0.07291753,0.038331144,0.8887513
0.051322147,0.033625036,0.91505283
0.062484927,0.041888993,0.8956261
0.06259589,0.039749525,0.89765465
0.05568194,0.041258253,0.9030598
0.06500703,0.04284133,0.8921516
0.07112734,0.049148332,0.87972426
0.053517602,0.044389322,0.902093
0.052800972,0.044052288,0.9031468
0.050473493,0.03721682,0.91230977
0.051159587,0.041572146,0.9072683
0.09507362,0.03766104,0.8672653
0.97889596,0.007870985,0.013233011
0.19272494,0.04679886,0.7604762
0.9769577,0.0073435204,0.015698796
0.050969664,0.04292076,0.90610963
0.05487547,0.051224545,0.8938999
0.05411266,0.04395034,0.90193707
0.056102064,0.04418578,0.8997122
0.05331381,0.037879065,0.90880716
0.06582788,0.046930343,0.88724184
0.05360398,0.043728936,0.9026671
0.052691374,0.036302738,0.9110059
0.04895235,0.033677295,0.91737044
0.04440994,0.05483895,0.90075105
0.19407548,0.03716904,0.7687555
0.05555785,0.042514566,0.90192753
0.04598691,0.03259368,0.92141944
0.072670385,0.047195256,0.88013434
0.06611404,0.033163168,0.9007228
0.04849599,0.044458985,0.907045
0.0577051,0.05362972,0.88866514
0.98518294,0.008383167,0.006433877
0.048705537,0.036764868,0.9145296
0.068217695,0.04365924,0.88812304
0.049598962,0.036216576,0.9141845
0.048967734,0.047600403,0.9034318
0.047152445,0.034904107,0.9179435
0.06663621,0.044389285,0.8889744
0.09197996,0.03512539,0.8728946
0.9870166,0.009526352,0.0034569614
0.86984223,0.017092235,0.11306554
0.059343524,0.040488534,0.9001679
0.060005642,0.04433189,0.8956625
0.11906722,0.029870631,0.8510621
0.06657675,0.051723592,0.8816997
0.06773986,0.024360662,0.9078995
0.052709203,0.046153724,0.90113705
0.054414615,0.039500773,0.90608466
0.052961987,0.038035493,0.90900254
0.05218315,0.03940915,0.9084077
0.044005588,0.042278454,0.91371596
0.05574922,0.043184962,0.90106577
0.059201,0.03663331,0.9041657
0.23643945,0.03367372,0.72988683
0.05548591,0.039345402,0.90516865
0.056859877,0.04760109,0.8955391
0.05581894,0.040224515,0.90395653
0.09559396,0.031755272,0.8726507
0.06666794,0.04480247,0.8885296
0.0536259,0.04421929,0.9021548
0.059537753,0.041747104,0.898715
0.05114444,0.04935353,0.899502
0.05460446,0.04057859,0.904817
0.05950104,0.040142644,0.9003564
0.057103295,0.02309436,0.9198023
0.07008769,0.04248958,0.8874227
0.0642067,0.047714368,0.8880789
0.05119676,0.044415407,0.90438783
0.061625812,0.04115199,0.89722216
0.07185536,0.047192972,0.8809517
0.046699204,0.037050497,0.91625035
0.05346156,0.039651737,0.90688676
0.057825334,0.03983988,0.90233475
0.06316315,0.10034473,0.8364921
0.057745364,0.035872426,0.9063822
0.06567351,0.048732966,0.8855936
0.056535926,0.04428897,0.8991751
0.06367351,0.043062624,0.89326376
0.05702967,0.04825886,0.89471143
0.056368656,0.038760494,0.90487087
0.051632263,0.038955048,0.90941274
0.06777882,0.05325218,0.878969
0.05287828,0.041768935,0.90535283
0.05788935,0.04185933,0.9002514
0.89110005,0.015467573,0.0934324
0.05440478,0.0427654,0.9028298
0.05766041,0.04257844,0.89976114
0.052491773,0.041281812,0.9062264
0.058245294,0.04433233,0.8974224
0.05806117,0.04165685,0.900282
0.9863159,0.008925376,0.004758785
0.04900101,0.045185942,0.90581304
0.064719684,0.048805296,0.88647497
0.7535258,0.070915006,0.17555916
0.048515778,0.037398666,0.91408557
0.05532915,0.06726314,0.87740767
0.060316637,0.037178155,0.9025052
0.06808202,0.04382846,0.8880895
0.07536366,0.045133736,0.8795026
0.057222925,0.04327858,0.8994985
0.042343497,0.05231277,0.90534383
0.08101795,0.05431326,0.8646687
0.066006705,0.053846803,0.88014644
0.050645478,0.037950233,0.9114043
0.056234673,0.038838666,0.9049266
0.065364875,0.03757256,0.8970626
0.05618019,0.041974418,0.9018454
0.049566224,0.051894255,0.8985395
0.05687062,0.05004133,0.89308804
0.086472005,0.038484298,0.8750437
0.062306333,0.04637001,0.8913237
0.059547264,0.03895682,0.90149593
0.07104947,0.043729585,0.88522094
0.049184937,0.044261653,0.9065534
0.059115916,0.046355322,0.89452875
0.0629672,0.043701373,0.8933314
0.052299473,0.040374454,0.9073261
0.088032566,0.05901575,0.85295165
0.053747382,0.036296338,0.9099562
0.9813132,0.009771956,0.008914862
0.07278538,0.039207295,0.8880073
0.06320798,0.046153713,0.89063823
0.059480704,0.040031068,0.90048826
0.051128715,0.035485063,0.91338617
0.052341864,0.044901725,0.90275633
0.06703239,0.042194307,0.8907733
0.05545596,0.038980056,0.905564
0.05880864,0.04170157,0.8994898
0.06538587,0.038139243,0.8964749
0.057177067,0.03876357,0.9040594
0.9803979,0.00706633,0.012535737
0.05486862,0.039481808,0.90564966
0.08856684,0.052885678,0.85854745
0.08756888,0.040239047,0.8721921
0.05427907,0.042334553,0.9033864
0.06948346,0.03383048,0.89668614
0.062398043,0.03972075,0.8978812
0.057870362,0.04480618,0.89732337
0.05830588,0.04596637,0.89572775
0.057261344,0.04263621,0.90010244
0.050049964,0.039534822,0.9104152
0.050331227,0.03948615,0.9101826
0.05530253,0.041197814,0.9034997
0.06687816,0.037864912,0.895257
0.06284253,0.042542156,0.89461535
0.05526678,0.04401951,0.9007138
0.057491846,0.042745177,0.899763
0.42760038,0.05535436,0.5170453
0.090786576,0.02721253,0.882001
0.059789736,0.044714898,0.89549536
0.06829778,0.049025193,0.88267696
0.063209675,0.04438679,0.8924035
0.057517003,0.03615175,0.9063313
0.073821835,0.05280963,0.87336856
0.07399368,0.043307908,0.8826984
0.05012726,0.03716058,0.9127121
0.052224606,0.06013951,0.8876359
0.05857983,0.03265238,0.90876776
0.06000925,0.03680851,0.90318227
0.0575347,0.042031668,0.9004336
0.062371284,0.040132523,0.8974962
0.057416268,0.03739798,0.90518576
0.05138935,0.03860177,0.91000897
0.05721428,0.03990302,0.9028827
0.061738856,0.041147035,0.8971141
0.06220129,0.048846204,0.8889525
0.055647187,0.040533833,0.90381896
0.016917337,0.9789146,0.004168099
0.05921024,0.043958366,0.89683145
0.04787436,0.035473123,0.9166525
0.057424642,0.037257615,0.90531784
0.056448974,0.03561931,0.9079317
0.06395545,0.034873992,0.90117055
0.055615503,0.038429797,0.9059547
0.06682404,0.045171276,0.88800466
0.0502451,0.041573375,0.90818155
0.054894764,0.037252635,0.9078526
0.05730889,0.046229213,0.8964619
0.054783937,0.040080782,0.90513533
0.058661982,0.038377658,0.9029603
0.059485227,0.037315894,0.9031989
0.05428995,0.037276477,0.9084336
0.050420027,0.045328822,0.90425116
0.053621005,0.052200153,0.8941788
0.061819956,0.043389708,0.8947904
0.057788126,0.040897958,0.9013139
0.060264155,0.038456157,0.90127975
0.07051963,0.039635267,0.8898451
0.07549384,0.0524721,0.872034
0.055198826,0.049576644,0.8952245
0.059212435,0.03821176,0.9025758
0.051233783,0.044166278,0.90459996
0.051445466,0.03977339,0.9087812
0.05853245,0.04269798,0.89876956
0.057763122,0.048760332,0.8934766
0.058451325,0.037427045,0.90412164
0.054134946,0.03781074,0.90805423
0.062572256,0.04404658,0.8933812
0.071616,0.052935403,0.8754486
0.058442764,0.03756803,0.90398926
0.06447072,0.045538355,0.88999087
0.063765295,0.046040688,0.8901941
0.0755504,0.052614074,0.87183553
0.41379198,0.10783872,0.4783692
0.013824051,0.9815228,0.0046531423
0.07053371,0.03639639,0.89307
0.063036144,0.05436709,0.88259673
0.057338327,0.049236022,0.8934256
0.066181645,0.049182024,0.8846363
0.06195575,0.043911755,0.8941325
0.13490705,0.042109758,0.82298315
0.069157906,0.047461912,0.8833802
0.058880292,0.043606818,0.8975129
0.054699942,0.03978553,0.9055145
0.05809177,0.038508967,0.9033993
0.05292208,0.0414175,0.9056604
0.060586624,0.045178313,0.8942351
0.04686094,0.030567532,0.92257154
0.04866093,0.042985074,0.90835404
0.08224963,0.3758876,0.5418628
0.058194824,0.23146106,0.71034414
0.18079452,0.0341574,0.785048
0.061907914,0.035882078,0.90221
0.052186813,0.040228512,0.9075847
0.98994386,0.0065411762,0.003514943
0.054554813,0.06325379,0.8821914
0.052625753,0.044142563,0.9032317
0.05715125,0.04754227,0.89530647
0.04787835,0.041638073,0.91048366
0.048922602,0.043174047,0.90790343
0.042625684,0.03884905,0.91852534
0.061384138,0.042727675,0.8958881
0.08339339,0.036095444,0.88051116
0.06251246,0.044960123,0.8925274
0.067142844,0.041486874,0.89137024
0.052293953,0.039589364,0.90811676
0.05684435,0.044356976,0.89879864
0.017940808,0.9733368,0.008722331
0.05903076,0.04335686,0.8976124
0.07725998,0.05564827,0.8670918
0.016942821,0.9760903,0.006966914
0.24835551,0.035980478,0.715664
0.07791765,0.03079739,0.891285
0.056738805,0.04262008,0.9006411
0.05901495,0.040540542,0.90044445
0.052328058,0.04515368,0.90251833
0.055258263,0.042846475,0.9018952
0.051476557,0.042738125,0.90578526
0.0477759,0.044575546,0.90764856
0.047866773,0.04630354,0.90582967
0.050430704,0.032228347,0.9173409
0.05935575,0.044238865,0.89640534
0.037150957,0.4963467,0.4665023
0.066019714,0.047621924,0.8863584
0.05868021,0.04641987,0.89489996
0.065033145,0.0489699,0.885997
0.05734248,0.28383896,0.6588185
0.052755743,0.049704842,0.89753944
0.060889564,0.038647104,0.9004633
0.051476937,0.041403294,0.90711975
0.064802095,0.030971166,0.9042267
0.061530218,0.04088802,0.89758176
0.064601906,0.04490164,0.89049643
0.03458313,0.73438257,0.23103435
0.07651823,0.04734914,0.87613255
0.92336726,0.01950372,0.05712902
0.06666406,0.052632723,0.8807033
0.071740024,0.05129532,0.87696475
0.058811028,0.041662555,0.8995264
0.062426716,0.034441657,0.9031316
0.055157315,0.034872316,0.90997034
0.053897735,0.04114362,0.9049586
0.056553528,0.043552067,0.8998944
0.06586985,0.043282956,0.89084727
0.054856602,0.04673841,0.898405
0.079422794,0.04943528,0.8711419
0.05200941,0.048336286,0.8996543
0.051356368,0.04805675,0.90058696
0.05786481,0.044021226,0.89811397
0.0149860615,0.97735983,0.0076541314
0.059313964,0.054482736,0.8862033
0.05417927,0.067131534,0.87868917
0.013025464,0.9825471,0.004427365
0.06008849,0.040380917,0.89953053
0.05842636,0.04399499,0.8975787
0.054253373,0.03881102,0.9069356
0.073126696,0.049819402,0.877054
0.06406613,0.047633156,0.88830066
0.05405399,0.037920475,0.90802544
0.051616523,0.03969187,0.90869164
0.055445943,0.042242885,0.90231115
0.05900432,0.035422835,0.90557283
0.061197624,0.04301588,0.8957865
0.054031882,0.040527333,0.90544087
0.11032889,0.030510332,0.8591608
0.059425306,0.036521595,0.90405303
0.052282266,0.036695473,0.9110223
0.05554629,0.042713776,0.90173995
0.053600386,0.038045496,0.90835416
0.05014699,0.0425592,0.9072938
0.062697396,0.045624677,0.8916779
0.04491699,0.045825265,0.9092577
0.056117374,0.038194057,0.9056886
0.053002845,0.04172447,0.90527266
0.058105618,0.042241987,0.89965236
0.06572162,0.04803603,0.88624233
0.062105406,0.038094256,0.8998003
0.38708788,0.15858929,0.45432284
0.11203619,0.10685348,0.78111035
0.09676573,0.18367392,0.71956044
0.05247472,0.040708028,0.90681726
0.11245139,0.035479553,0.8520691
0.076690815,0.035716828,0.88759226
0.06069985,0.028841075,0.9104591
0.05215377,0.03817515,0.9096711
0.051971536,0.037543524,0.910485
0.07288056,0.048738938,0.8783805
0.059008032,0.04896717,0.89202476
0.06508471,0.043440524,0.8914747
0.055103537,0.045526564,0.89936984
0.04742902,0.06721303,0.88535804
0.08077625,0.05333773,0.86588603
0.04461351,0.64668864,0.30869785
0.051946163,0.03712425,0.9109296
0.055644147,0.043230038,0.9011258
0.052474845,0.06688734,0.8806378
0.06046975,0.043089356,0.8964408
0.0676401,0.04614907,0.88621086
0.059081875,0.041650563,0.8992675
0.06659699,0.051865794,0.88153726
0.058508065,0.035608437,0.9058835
0.062854625,0.041483562,0.8956618
0.05381173,0.04882896,0.8973593
0.059177846,0.03789225,0.9029299
0.05775232,0.03752514,0.9047225
0.05545219,0.041694324,0.90285355
0.046747267,0.039635167,0.91361755
0.10150534,0.033317994,0.8651766
0.013387122,0.9806724,0.0059404992
0.06121465,0.04055931,0.898226
0.059446834,0.04101708,0.89953613
0.051184796,0.042871032,0.90594417
0.05760232,0.04222515,0.9001725
0.05613991,0.041780792,0.9020792
0.05342346,0.036789156,0.90978736
0.070414536,0.043233115,0.88635236
0.06981526,0.036664527,0.8935203
0.052241296,0.03611588,0.9116428
0.08921733,0.030592741,0.88018996
0.055638272,0.041569535,0.9027922
0.053380635,0.03844863,0.90817076
0.07083813,0.0439844,0.88517743
0.05295724,0.04122301,0.9058197
0.065235846,0.046873044,0.88789105
0.015401959,0.980736,0.003862034
0.05353903,0.043124977,0.9033359
0.025502812,0.8739022,0.10059506
0.058503434,0.035242386,0.90625423
0.96453995,0.009718148,0.025741799
0.06498632,0.04096635,0.8940474
0.054375093,0.04680565,0.8988193
0.060836047,0.038613137,0.9005509
0.07182308,0.045899395,0.8822775
0.04372678,0.025907261,0.9303659
0.054412637,0.03776422,0.90782315
0.050509185,0.02937556,0.92011523
0.059151437,0.040082537,0.90076596
0.05468562,0.037824176,0.9074902
0.13568215,0.029809048,0.83450884
0.05776156,0.042218015,0.90002036
0.060030144,0.033822164,0.9061476
0.051913362,0.04525754,0.9028291
0.060789436,0.039788898,0.89942163
0.06457097,0.04056563,0.8948634
0.05843051,0.06728596,0.87428355
0.052245498,0.039149184,0.90860534
0.012712634,0.97120136,0.016085975
0.10667149,0.03229556,0.861033
0.9715129,0.012458578,0.016028402
0.05533122,0.034055304,0.9106135
0.064383075,0.045967594,0.8896493
0.060586963,0.029759314,0.9096538
0.06393501,0.041319873,0.8947452
0.043079816,0.04745274,0.9094675
0.055376172,0.03815248,0.90647143
0.04865856,0.035013236,0.9163282
0.0575719,0.03788584,0.9045423
0.06989896,0.04333773,0.8867634
0.061831255,0.053641293,0.88452744
0.057584234,0.058206156,0.88420963
0.14113684,0.07128062,0.7875826
0.056997653,0.039135635,0.9038667
0.07004423,0.04998508,0.87997067
0.01865206,0.97506046,0.006287441
0.040602293,0.77513975,0.18425798
0.06515046,0.03854387,0.8963057
0.05218654,0.03534568,0.9124678
0.051674146,0.050972477,0.8973534
0.060338836,0.06588208,0.873779
0.053822577,0.046443295,0.89973414
0.051301,0.036253728,0.9124453
0.06452984,0.040302947,0.8951672
0.07035022,0.049280524,0.88036925
0.05455712,0.039642915,0.9058
0.059149604,0.03967241,0.901178
0.014982053,0.97138995,0.013627999
0.05632294,0.04745183,0.8962252
0.06270124,0.04643661,0.8908622
0.06623062,0.04977428,0.8839951
0.054872017,0.042071834,0.90305614
0.056845482,0.04214097,0.9010136
0.070021495,0.04857357,0.8814049
0.059760444,0.04692942,0.8933101
0.048032258,0.038557332,0.9134104
0.06721541,0.04045095,0.8923336
0.054812897,0.051870473,0.8933167
0.047948834,0.036211357,0.9158398
0.052604347,0.04320782,0.9041878
0.048092812,0.043575715,0.90833145
0.11465694,0.02982255,0.85552055
0.05104022,0.036263693,0.91269606
0.0607768,0.041304756,0.8979184
0.05316151,0.038855825,0.9079826
0.059690814,0.050215643,0.8900935
0.047718126,0.038174465,0.9141074
0.05993629,0.041496385,0.8985674
0.096115164,0.03415398,0.86973083
0.050354466,0.04657026,0.90307534
0.08702285,0.03278911,0.880188
0.06400962,0.043693416,0.89229697
0.063051976,0.04241385,0.8945342
0.052678455,0.058939487,0.8883821
0.05025052,0.042356525,0.9073929
0.054213896,0.039067876,0.90671825
0.051706094,0.044226564,0.9040673
0.08002216,0.031047752,0.88893
0.058465064,0.047300234,0.8942348
0.07029918,0.039165612,0.8905352
0.053825743,0.036225226,0.909949
0.049375217,0.037894275,0.9127306
0.061309353,0.04476736,0.8939233
0.06328388,0.04020605,0.89651006
0.07170153,0.056499444,0.87179905
0.014746505,0.9607978,0.024455754
0.06557557,0.039291024,0.8951334
0.069192976,0.038305394,0.8925016
0.05956024,0.0418241,0.89861566
0.06724065,0.04962858,0.8831307
0.059573285,0.0481733,0.8922534
0.061031036,0.045620944,0.89334804
0.05335901,0.041051846,0.9055892
0.05221636,0.043225516,0.9045581
0.060663935,0.047014993,0.892321
0.0681464,0.05027255,0.88158107
0.053978715,0.059399925,0.8866213
0.05088052,0.03927904,0.90984035
0.057599198,0.04403364,0.8983672
0.055195607,0.048757546,0.8960469
0.05142889,0.045831233,0.90273994
0.0704643,0.042989917,0.8865458
0.057140842,0.037164107,0.90569514
0.057431173,0.043755382,0.8988134
0.044514887,0.04017659,0.9153085
0.063170426,0.05450951,0.8823201
0.06638016,0.048493672,0.8851262
0.06590308,0.040621538,0.89347535
0.052812494,0.03986497,0.90732247
0.0844376,0.034627747,0.88093466
0.09661446,0.034880552,0.86850494
0.051240645,0.06499602,0.8837633
0.062348418,0.039169345,0.89848226
0.048354875,0.038364086,0.9132811
0.05540129,0.040810473,0.9037882
0.9847953,0.009467856,0.0057369396
0.058202796,0.034015764,0.9077815
0.05827517,0.04164739,0.9000775
0.056650408,0.046304494,0.89704514
0.055793703,0.041099545,0.90310675
0.054550175,0.092974395,0.8524754
0.05856368,0.039548848,0.9018874
0.068168595,0.04867035,0.88316107
0.055144824,0.04305181,0.9018033
0.017414778,0.8132749,0.16931032
0.9254723,0.009342754,0.06518491
0.05880103,0.04401844,0.8971805
0.065433815,0.043545775,0.8910204
0.043988176,0.063815184,0.8921966
0.04284101,0.035795,0.92136395
0.06502035,0.043080878,0.8918988
0.041312568,0.06235151,0.8963359
0.05835519,0.0451595,0.8964853
0.06042913,0.041980848,0.89759004
0.056359146,0.034050282,0.90959054
0.05568621,0.042947005,0.90136683
0.19200212,0.035006754,0.7729911
0.07344201,0.051295824,0.87526214
0.065065034,0.06522408,0.86971086
0.052782957,0.038185578,0.9090315
0.06508149,0.05602163,0.87889683
0.06612917,0.041261513,0.89260924
0.050355814,0.03321822,0.9164259
0.05753665,0.046822667,0.8956407
0.05903355,0.05029721,0.8906692
0.067140914,0.040643565,0.8922155
0.0584029,0.0430636,0.89853346
0.06590209,0.056204136,0.8778937
0.056154527,0.047240697,0.8966047
0.05983991,0.046535157,0.893625
0.04472992,0.052448004,0.902822
0.05704462,0.040549576,0.9024058
0.059717897,0.048479244,0.89180285
0.05505653,0.03885076,0.9060928
0.05931794,0.03693941,0.9037427
0.0484901,0.047228258,0.9042816
0.05854658,0.052072406,0.88938105
0.06887073,0.03974272,0.89138657
0.058485597,0.040829524,0.9006849
0.067933366,0.0446171,0.88744944
0.06175863,0.040839903,0.89740145
0.93063074,0.013589537,0.05577967
0.017103799,0.9681949,0.014701262
0.058036413,0.0442597,0.8977038
0.10719494,0.033231776,0.85957336
0.03978694,0.06171355,0.8984995
0.0649837,0.044925064,0.89009124
0.06787767,0.04626596,0.8858564
0.048444625,0.04458572,0.9069696
0.054490548,0.04169783,0.9038116
0.05913142,0.03864701,0.90222156
0.09579723,0.037772063,0.8664308
0.05633862,0.041037474,0.90262395
0.05445759,0.058882702,0.88665974
0.04809316,0.038231038,0.91367584
0.16109687,0.031402074,0.807501
0.059835795,0.18365593,0.7565083
0.05698214,0.03983826,0.90317965
0.065423295,0.048904177,0.8856725
0.059507586,0.043985397,0.896507
0.047136772,0.041476365,0.91138685
0.0602199,0.04486102,0.89491904
0.0473077,0.033074513,0.9196179
0.081231944,0.034716357,0.88405174
0.05127198,0.041683823,0.90704423
0.05399618,0.04160295,0.9044008
0.07705203,0.045429453,0.87751853
0.055846136,0.041521594,0.90263224
0.05585636,0.037812762,0.9063309
0.0755982,0.12228929,0.8021125
0.07453488,0.04150517,0.8839599
0.04983004,0.04949057,0.90067935
0.058888093,0.04785231,0.8932596
0.0649884,0.034802776,0.9002089
0.059352893,0.040337052,0.90031004
0.056565326,0.036735937,0.9066987
0.055752166,0.035179622,0.9090682
0.05312141,0.040908974,0.9059696
0.063756935,0.04703438,0.8892087
0.05302163,0.04359311,0.9033853
0.054058693,0.044903845,0.9010375
0.062295426,0.03998597,0.89771867
0.053995736,0.03228959,0.9137147
0.06551592,0.051877994,0.8826061
0.05551039,0.036708046,0.9077816
0.07225067,0.032821346,0.8949279
0.9805474,0.008442076,0.011010543
0.052469146,0.04698713,0.90054375
0.057962265,0.04897623,0.8930615
0.056732506,0.0405251,0.9027424
0.063579366,0.04708695,0.88933367
0.07802328,0.05820891,0.8637679
0.07489494,0.05787432,0.8672307
0.061626796,0.03894352,0.8994297
0.053108577,0.03135842,0.91553295
0.075204335,0.048437167,0.8763585
0.07620779,0.038338397,0.8854538
0.048877753,0.055494025,0.8956282
0.05800317,0.045683082,0.8963138
0.05684853,0.060811155,0.8823403
0.069501966,0.046615865,0.8838822
0.05604898,0.042452842,0.90149814
0.050243806,0.034922026,0.91483414
0.06603443,0.047842328,0.88612324
0.054377466,0.037943058,0.90767944
0.015507147,0.9735502,0.010942652
0.062425368,0.044548094,0.89302653
0.055770904,0.03795824,0.90627086
0.024895841,0.91435266,0.060751434
0.057532538,0.04338545,0.89908195
0.05933997,0.04274098,0.8979191
0.052300412,0.050051827,0.89764774
0.04401283,0.034953285,0.92103386
0.06405825,0.038157657,0.89778405
0.0652716,0.046784375,0.8879439
0.05439063,0.042132556,0.90347683
0.053448264,0.036341924,0.9102098
0.0860119,0.035058737,0.8789293
0.063091934,0.036107026,0.90080094
0.06457992,0.040869493,0.8945506
0.06960853,0.044289105,0.8861024
0.052552633,0.039726965,0.9077204
0.04887491,0.038776673,0.91234845
0.053428564,0.0437778,0.90279365
0.07261289,0.041051604,0.8863355
0.06679022,0.039129976,0.8940798
0.05360286,0.04154261,0.90485454
0.050277375,0.034724236,0.91499835
0.06425621,0.040883638,0.89486015
0.06527077,0.04375657,0.8909726
0.061918974,0.039666783,0.89841425
0.05286577,0.042437375,0.90469676
0.05322834,0.0460428,0.9007288
0.05296363,0.04110737,0.90592897
0.054120068,0.04293811,0.9029419
0.07710114,0.05335427,0.86954457
0.07341925,0.04472715,0.8818535
0.066828765,0.046836596,0.88633466
0.06384132,0.05313346,0.8830252
0.058141336,0.041653305,0.9002054
0.058627173,0.040709127,0.90066373
0.0705973,0.039447106,0.88995564
0.064274006,0.044543043,0.89118296
0.050939076,0.04526193,0.90379894
0.04823464,0.038082294,0.91368306
0.05324685,0.043949626,0.9028036
0.5754832,0.05331959,0.37119722
0.05737494,0.03897377,0.90365136
0.05587642,0.041442808,0.90268075
0.05586886,0.039366275,0.9047649
0.04785936,0.038456075,0.9136846
0.05460186,0.03796963,0.90742856
0.048535686,0.035215925,0.91624844
0.96258634,0.009986802,0.027426738
0.055124443,0.037665095,0.90721047
0.07088307,0.037737735,0.8913792
0.9860173,0.009456488,0.0045262096
0.07480771,0.0349591,0.8902332
0.060089767,0.044742227,0.895168
0.051371444,0.034037452,0.914591
0.053281058,0.047296684,0.89942235
0.055283155,0.04020973,0.9045071
0.053153425,0.03900197,0.90784454
0.061244898,0.046207514,0.8925476
0.06580283,0.038589165,0.89560795
0.07691877,0.056440085,0.86664116
0.98467445,0.008755262,0.0065702074
0.050347857,0.18481791,0.7648342
0.06502814,0.04165859,0.8933132
0.060851675,0.05449385,0.8846545
0.057811603,0.044023715,0.89816475
0.96585846,0.007997044,0.02614459
0.05070842,0.038090277,0.91120124
0.054342687,0.043857887,0.9017994
0.05956757,0.038629096,0.9018033
0.055617597,0.044126227,0.9002562
0.05830942,0.035349187,0.9063414
0.052633777,0.039575163,0.9077911
0.055603,0.047885995,0.896511
0.046579204,0.033256162,0.9201646
0.051466506,0.041597523,0.90693593
0.07005461,0.05455859,0.8753868
0.051374156,0.0362169,0.912409
0.06400199,0.04162656,0.8943715
0.089974076,0.050520197,0.8595058
0.9180592,0.014537827,0.067402996
0.05221452,0.03838794,0.9093976
0.052402876,0.053881843,0.89371526
0.05763537,0.041675683,0.90068895
0.77344406,0.018767063,0.20778883
0.0631099,0.046330273,0.89055985
0.057328645,0.03754201,0.9051293
0.053984668,0.036049448,0.9099659
0.048274614,0.04085028,0.91087514
0.052841533,0.036673818,0.91048473
0.0562217,0.036405962,0.9073723
0.069249846,0.04143181,0.88931835
0.059570577,0.03769933,0.90273005
0.05562518,0.055354238,0.88902056
0.051512677,0.033618286,0.9148691
0.052045625,0.03839478,0.9095596
0.058121096,0.0459327,0.8959462
0.095684394,0.04543043,0.85888517
0.05248944,0.053629342,0.89388126
0.054609627,0.039603643,0.90578675
0.057385996,0.035251055,0.9073629
0.050849695,0.052208286,0.8969421
0.05646028,0.044251315,0.8992884
0.16764581,0.03460834,0.7977459
0.05369203,0.040390585,0.90591747
0.07949948,0.038669355,0.8818311
0.88281137,0.024921447,0.0922672
0.065445855,0.04423966,0.89031446
0.06114372,0.046041157,0.8928151
0.57975566,0.027195089,0.39304924
0.9555959,0.013940469,0.030463656
0.074571855,0.04705485,0.8783734
0.060944293,0.040419634,0.8986361
0.062966295,0.044151153,0.8928825
0.056390386,0.046749268,0.8968604
0.06369554,0.04621543,0.8900891
0.05589765,0.04151933,0.902583
0.07015238,0.04377181,0.8860758
0.055154946,0.03801862,0.90682644
0.055939663,0.039033115,0.9050273
0.056748584,0.04113475,0.90211666
0.062169358,0.029152421,0.9086783
0.09458752,0.031344328,0.8740681
0.06739359,0.034844037,0.89776236
0.052407578,0.034386516,0.9132059
0.06503138,0.054601718,0.8803669
0.06667143,0.05639024,0.87693834
0.05770883,0.05183099,0.89046013
0.90590894,0.0113370875,0.082754
0.058504183,0.04052466,0.9009711
0.060056925,0.047881555,0.8920615
0.048383873,0.0391251,0.9124911
0.050795127,0.05976368,0.8894412
0.05612276,0.049528163,0.8943491
0.05317507,0.034165174,0.91265976
0.058090594,0.04380628,0.8981032
0.057954453,0.04166157,0.90038407
0.058215994,0.04437498,0.897409
0.053379547,0.042891674,0.9037287
0.049995046,0.04369171,0.9063132
0.06255869,0.03548857,0.90195274
0.05914823,0.044084195,0.8967675
0.050911915,0.045771044,0.903317
0.052977726,0.03952379,0.9074984
0.057329677,0.040613152,0.9020571
0.11269043,0.037484832,0.8498247
0.9824448,0.011516204,0.0060390537
0.055816,0.040716395,0.9034676
0.055721104,0.04936616,0.89491266
0.065661624,0.035839334,0.898499
0.053208474,0.04022274,0.9065688
0.07671974,0.034919646,0.8883606
0.06978338,0.04448716,0.88572943
0.05221849,0.042744536,0.9050369
0.0832517,0.040732443,0.8760159
0.05132367,0.04160379,0.90707254
0.054073744,0.048589874,0.89733636
0.058845215,0.0472373,0.89391756
0.050062705,0.043283373,0.9066538
0.06709673,0.037785165,0.89511806
0.05381168,0.11179778,0.83439046
0.05024297,0.04956073,0.9001963
0.04878191,0.042382456,0.9088356
0.055501174,0.049629617,0.8948692
0.06828047,0.04667706,0.8850425
0.07983728,0.040617913,0.87954485
0.090414606,0.032698072,0.8768874
0.059141625,0.04199917,0.8988592
0.07005427,0.03686197,0.89308375
0.05985509,0.044545736,0.8955991
0.060847994,0.053254273,0.8858977
0.06534893,0.036053885,0.8985972
0.054920737,0.040338136,0.90474117
0.05942666,0.043097027,0.8974763
0.04399083,0.10045048,0.85555863
0.054397702,0.038914263,0.90668803
0.05234583,0.040410243,0.90724397
0.58476764,0.018397786,0.3968345
0.05787923,0.041587185,0.90053356
0.048415743,0.036707077,0.91487724
0.043222547,0.06717359,0.8896039
0.054904062,0.03753284,0.90756315
0.10401889,0.040635057,0.8553461
0.057679743,0.042696834,0.89962345
0.06558019,0.048355803,0.8860641
0.06386532,0.044108797,0.8920259
0.055530623,0.039013486,0.9054559
0.06620025,0.040230982,0.89356875
0.05520926,0.052016467,0.8927743
0.05823791,0.036090184,0.90567195
0.051706195,0.039799675,0.9084942
0.06125593,0.046035655,0.8927084
0.05570895,0.043876167,0.9004149
0.06942597,0.052816495,0.87775755
0.054759555,0.049737565,0.89550287
0.069312826,0.050070636,0.8806165
0.07799387,0.038950607,0.8830555
0.06506802,0.0454248,0.88950723
0.055835795,0.035508726,0.90865546
0.055872016,0.048542447,0.8955855
0.055628378,0.04129915,0.90307254
0.05334047,0.03383911,0.91282034
0.07660107,0.03814312,0.8852558
0.07660107,0.03814312,0.8852558
0.051153965,0.040347736,0.9084984
0.051809277,0.03566016,0.9125306
0.05587007,0.049449824,0.89468014
0.047029804,0.0365197,0.9164505
0.059430912,0.041712906,0.8988562
0.05694014,0.044064432,0.8989954
0.066404805,0.04293701,0.8906582
0.8725131,0.051284745,0.076202124
0.054754358,0.040157065,0.9050886
0.05466079,0.042238586,0.9031007
0.065024726,0.046493776,0.88848144
0.05492829,0.0454927,0.89957905
0.054032464,0.036973096,0.90899444
0.050401293,0.039483238,0.9101155
0.053585604,0.044056796,0.90235764
0.05162117,0.040935524,0.9074433
0.05354048,0.040890865,0.9055686
0.056591325,0.049047507,0.8943612
0.07723079,0.04878025,0.8739889
0.053686064,0.036951944,0.909362
0.060631026,0.048837483,0.8905315
0.05193104,0.037404522,0.91066444
0.08035203,0.036590777,0.8830572
0.052520353,0.042970646,0.90450895
0.055926744,0.039696746,0.90437657
0.14120105,0.050990034,0.8078089
0.074432924,0.054803062,0.870764
0.05889815,0.034506295,0.9065955
0.05995554,0.0490539,0.8909905
0.055184282,0.060253993,0.88456166
0.98678756,0.008479224,0.004733245
0.058886047,0.037797567,0.9033164
0.059289657,0.038280282,0.90243006
0.058186874,0.04046262,0.90135056
0.055669695,0.041028224,0.9033021
0.05654356,0.046352755,0.89710367
0.056364562,0.039272025,0.9043634
0.053974144,0.041994076,0.90403175
0.0494134,0.036257684,0.914329
0.055603515,0.037752036,0.90664446
0.058521897,0.04899247,0.8924856
0.070880525,0.047726553,0.88139296
0.06131357,0.064130686,0.8745557
0.9785937,0.007046442,0.014359862
0.054363538,0.053130146,0.8925063
0.9864763,0.0079319365,0.005591725
0.06289005,0.040943325,0.8961666
0.07668033,0.0449023,0.8784173
0.073102385,0.04023322,0.88666433
0.055488735,0.037969586,0.90654176
0.06550422,0.04033628,0.8941595
0.030451357,0.8126579,0.15689081
0.069370985,0.035831384,0.8947976
0.058124725,0.04192704,0.8999482
0.056625403,0.045411006,0.8979636
0.049885966,0.035564955,0.91454905
0.057422526,0.040382072,0.90219545
0.059579365,0.044146102,0.8962745
0.059737626,0.04292248,0.8973399
0.983001,0.010218541,0.006780478
0.055232592,0.042410377,0.90235704
0.06523573,0.04470465,0.8900596
0.071761295,0.054860342,0.8733783
0.056230426,0.045514554,0.89825505
0.059127875,0.03782329,0.9030489
0.05916013,0.04520487,0.895635
0.05685924,0.052843597,0.8902972
0.062324177,0.043044403,0.8946315
0.060558315,0.059911273,0.8795304
0.0495417,0.04354995,0.90690833
0.06448562,0.042270053,0.8932444
0.055581227,0.040347643,0.9040711
0.05039345,0.037853684,0.9117529
0.06311757,0.042728342,0.894154
0.053479902,0.038879156,0.907641
0.055219937,0.03954106,0.9052391
0.96125126,0.008044855,0.030703856
0.06263577,0.041765187,0.89559907
0.064393744,0.041454107,0.8941521
0.050132416,0.043280195,0.9065873
0.24325466,0.03847791,0.7182675
0.052730024,0.044014584,0.9032554
0.09805808,0.035819054,0.8661229
0.060892075,0.03904704,0.9000609
0.05887846,0.03968384,0.9014377
0.055014,0.04444306,0.900543
0.059230004,0.046263717,0.89450634
0.059210353,0.10729466,0.833495
0.060905192,0.040157713,0.89893705
0.06595908,0.041115224,0.8929257
0.054892883,0.035510797,0.90959626
0.97693664,0.014030839,0.00903249
0.059582718,0.06699065,0.8734267
0.05661617,0.03764091,0.90574294
0.06428353,0.043966174,0.89175034
0.052174535,0.042666867,0.9051586
0.06148087,0.04471758,0.8938016
0.05431961,0.04646202,0.8992183
0.05220206,0.038173202,0.9096248
0.056202017,0.04555825,0.89823973
0.062713325,0.038825672,0.89846104
0.05610614,0.056767493,0.8871263
0.06075552,0.03768714,0.9015573
0.054384205,0.042686652,0.9029291
0.057910934,0.04501308,0.897076
0.07933249,0.037675835,0.8829917
0.060761873,0.03890651,0.9003317
0.05584977,0.043220624,0.90092963
0.065791875,0.046585135,0.887623
0.05408716,0.035109363,0.91080356
0.054288637,0.03641209,0.9092993
0.06677799,0.044094473,0.88912755
0.05773105,0.048852377,0.8934166
0.056663383,0.041253883,0.90208274
0.051372446,0.042464666,0.906163
0.060029916,0.035152182,0.9048179
0.05342643,0.038954236,0.9076193
0.06404434,0.048390437,0.88756514
0.05890274,0.040168177,0.90092915
0.07780578,0.051956516,0.87023777
0.06016021,0.036152057,0.90368766
0.058411345,0.038967382,0.90262127
0.052516073,0.03995212,0.9075318
0.048581034,0.039227027,0.9121919
0.09999234,0.038522262,0.86148536
0.056390505,0.047185097,0.8964244
0.050880637,0.05163145,0.89748794
0.054051064,0.044158295,0.9017906
0.05383515,0.038719244,0.9074456
0.055029813,0.04460804,0.90036213
0.057079196,0.042169843,0.90075094
0.05803309,0.05086512,0.89110184
0.062062174,0.053136453,0.8848014
0.05411727,0.04210543,0.9037773
0.05081576,0.039614018,0.90957016
0.06119368,0.045697868,0.89310837
0.04546424,0.042253364,0.9122824
0.059443932,0.043257143,0.8972988
0.052819148,0.037969977,0.9092108
0.07786579,0.0331804,0.8889538
0.053172674,0.04086856,0.90595883
0.058977533,0.03850881,0.90251374
0.06354378,0.04326966,0.89318657
0.051316496,0.043065377,0.9056182
0.06266628,0.04783722,0.88949656
0.049488943,0.038354296,0.9121567
0.05558086,0.038144212,0.906275
0.05673028,0.041444004,0.9018257
0.06817511,0.05416847,0.87765646
0.052993808,0.045416623,0.90158963
0.075130105,0.04980367,0.8750662
0.053980116,0.04453311,0.9014868
0.05791406,0.04232947,0.8997565
0.05128763,0.047572467,0.90113986
0.051444884,0.054310102,0.89424497
0.055211037,0.040137663,0.9046513
0.050405007,0.48221558,0.46737936
0.05351253,0.04139168,0.9050958
0.052454885,0.054252274,0.8932928
0.048890565,0.045571014,0.9055384
0.054286823,0.034221556,0.9114916
0.051926874,0.03525578,0.91281724
0.057699192,0.039733566,0.90256727
0.04784881,0.04045044,0.9117008
0.01954132,0.92424434,0.056214336
0.05330905,0.04018088,0.9065101
0.052999526,0.036909413,0.9100911
0.08736951,0.028288653,0.8843418
0.057705574,0.041828435,0.9004659
0.051318586,0.04125578,0.9074256
0.0570215,0.03873368,0.90424484
0.060336325,0.042576462,0.8970872
0.05719345,0.04727633,0.8955302
0.051276967,0.037150454,0.9115727
0.058071997,0.03971785,0.90221024
0.05779385,0.046506736,0.89569944
0.054651685,0.03930651,0.9060418
0.057992786,0.051959015,0.8900482
0.060871806,0.04331236,0.89581585
0.06188581,0.04977523,0.888339
0.073710985,0.038767166,0.88752186
0.076757334,0.042224165,0.8810185
0.04693853,0.03749582,0.9155656
0.058137666,0.03421076,0.9076516
0.054378044,0.040588308,0.9050337
0.054436397,0.04220921,0.9033544
0.054148212,0.04067413,0.90517765
0.05739167,0.04528984,0.8973185
0.05809258,0.04727507,0.89463234
0.0672353,0.038421918,0.89434266
0.07163146,0.049303707,0.87906486
0.062293023,0.04308595,0.894621
0.05632884,0.038114,0.90555716
0.052466735,0.036860924,0.9106724
0.05787212,0.039503917,0.90262395
0.07368967,0.051093213,0.87521714
0.093564644,0.03716297,0.8692724
0.062166274,0.05327759,0.8845562
0.95751566,0.011959544,0.030524855
0.057637252,0.036351357,0.9060114
0.049804647,0.03490533,0.91529006
0.05203596,0.04653099,0.90143305
0.053309705,0.041053984,0.90563637
0.058266,0.03959838,0.9021356
0.057750065,0.039768603,0.9024813
0.9610081,0.008265775,0.03072608
0.06720863,0.034427527,0.8983638
0.015171751,0.97698796,0.007840316
0.054460958,0.050122812,0.89541626
0.052374374,0.043867398,0.90375835
0.053163156,0.04457157,0.9022653
0.058571078,0.033683844,0.9077451
0.04793631,0.034225095,0.91783863
0.042871308,0.43510422,0.5220245
0.054947414,0.04428103,0.90077156
0.056637734,0.04432542,0.89903677
0.059458412,0.039511263,0.90103024
0.06327,0.038225584,0.89850444
0.05892218,0.045553774,0.895524
0.07840309,0.033474673,0.88812226
0.059362162,0.045447923,0.8951899
0.04783126,0.045241524,0.9069272
0.05293122,0.030574465,0.9164943
0.05282277,0.033007264,0.91417
0.06095586,0.04286687,0.89617735
0.048648406,0.05905485,0.89229673
0.073039636,0.05265988,0.8743005
0.35034445,0.029353878,0.62030166
0.05608511,0.041394975,0.9025199
0.059631284,0.038482055,0.9018867
0.059992366,0.045417476,0.8945902
0.05174607,0.04304588,0.9052081
0.04005046,0.4227705,0.53717905
0.13027418,0.025349004,0.8443768
0.96907324,0.008566203,0.022360526
0.065890975,0.04471487,0.8893941
0.044742733,0.04509365,0.9101636
0.08918163,0.029045077,0.8817733
0.011925776,0.98319894,0.0048752474
0.05169612,0.039986696,0.9083172
0.064111985,0.04825269,0.8876353
0.07438314,0.056284584,0.8693323
0.05373598,0.044461768,0.90180224
0.06374323,0.048540674,0.8877162
0.056166332,0.04221067,0.90162295
0.079127505,0.03757848,0.88329405
0.07629341,0.05057482,0.8731318
0.0577244,0.04415091,0.89812464
0.05539345,0.06360199,0.88100463
0.013647738,0.9549133,0.031438913
0.060388103,0.04394422,0.89566773
0.05526482,0.03654566,0.9081894
0.04947989,0.04562754,0.9048926
0.0577696,0.04120551,0.90102494
0.055795297,0.03842248,0.9057823
0.05192814,0.03967883,0.90839314
0.05300606,0.042549994,0.9044439
0.98356146,0.007862295,0.008576215
0.048386395,0.03818345,0.91343015
0.05324329,0.041364804,0.9053919
0.056457214,0.041224383,0.9023184
0.05897514,0.046881534,0.8941433
0.055546295,0.043154012,0.9012998
0.07146646,0.056617502,0.871916
0.0629987,0.0484445,0.8885567
0.053434547,0.038808264,0.9077572
0.052840862,0.042005163,0.905154
0.050715715,0.03928586,0.90999836
0.05440948,0.03826317,0.90732735
0.06668208,0.047632273,0.8856857
0.0631018,0.039468817,0.89742935
0.05664506,0.048144516,0.89521044
0.055853706,0.041832495,0.9023138
0.05909964,0.04355607,0.8973443
0.081829324,0.040567834,0.87760293
0.053566694,0.039536193,0.9068971
0.070637785,0.038461395,0.8909008
0.06170215,0.039086454,0.89921135
0.05321517,0.041871164,0.9049137
0.052892312,0.036637437,0.9104702
0.05369166,0.043928973,0.9023794
0.062098816,0.04214144,0.8957597
0.051411685,0.041290287,0.907298
0.052410986,0.039215703,0.90837324
0.060010232,0.047750972,0.8922388
0.05622969,0.0420114,0.9017589
0.060616247,0.042962372,0.8964214
0.056722105,0.042462155,0.90081567
0.05666448,0.051744975,0.89159054
0.0627976,0.030920537,0.9062818
0.07173582,0.03318155,0.89508253
0.06047951,0.035902977,0.90361756
0.027651923,0.8901366,0.08221147
0.05063107,0.04044553,0.9089233
0.7931173,0.015954183,0.19092847
0.0507909,0.040971365,0.9082377
0.050285134,0.038143,0.91157186
0.04601301,0.039665695,0.9143213
0.07230659,0.038608555,0.8890849
0.05719671,0.04283836,0.8999649
0.0701201,0.054957338,0.87492245
0.067421824,0.046202738,0.8863755
0.05980442,0.041852266,0.89834327
0.049784616,0.03752439,0.912691
0.06363966,0.045748487,0.8906118
0.0543677,0.04737406,0.8982583
0.06593252,0.044546872,0.8895205
0.054015845,0.041253924,0.9047302
0.05700531,0.037239242,0.90575546
0.055516023,0.04674918,0.8977349
0.056366954,0.043196946,0.90043604
0.067142844,0.041486874,0.89137024
0.07580381,0.047298044,0.8768981
0.06752561,0.045600962,0.88687336
0.05167623,0.042570017,0.9057537
0.05231066,0.043707196,0.90398216
0.24400567,0.029659115,0.7263352
0.058757126,0.036376398,0.90486646
0.054750923,0.03711875,0.90813035
0.053393465,0.11546051,0.831146
0.055456057,0.03942036,0.90512353
0.23080507,0.04025014,0.7289448
0.05879823,0.045814473,0.89538723
0.054392572,0.045181185,0.9004262
0.07401197,0.049086414,0.87690157
0.058463253,0.043829735,0.89770705
0.056724083,0.043747444,0.89952844
0.18746243,0.03793045,0.77460706
0.058870926,0.04288203,0.89824694
0.053536355,0.04888843,0.89757526
0.082794614,0.04301625,0.8741891
0.06511639,0.043845348,0.89103824
0.32047588,0.022271393,0.6572527
0.047703963,0.052188296,0.90010774
0.13932498,0.046090547,0.81458455
0.061822657,0.042036057,0.89614123
0.19943008,0.04295114,0.75761884
0.06928621,0.04785276,0.882861
0.05345551,0.03709994,0.90944463
0.051968377,0.0358221,0.9122096
0.055453848,0.039016657,0.9055295
0.058344938,0.044451553,0.8972035
0.060620375,0.03894881,0.90043074
0.055060927,0.045825772,0.89911336
0.054190934,0.03903226,0.90677685
0.056194853,0.044802442,0.89900273
0.059581093,0.041049544,0.8993693
0.06235658,0.040358845,0.8972846
0.05893728,0.039164957,0.9018978
0.0671215,0.049589053,0.8832894
0.05200352,0.04359934,0.90439713
0.057701487,0.0410165,0.90128195
0.05990903,0.040615723,0.8994753
0.044737045,0.053178463,0.90208447
0.054624196,0.0646465,0.8807294
0.05722243,0.047231045,0.89554656
0.058961052,0.047981832,0.8930571
0.70017874,0.021309394,0.27851185
0.05645304,0.039972607,0.90357435
0.049064517,0.044391073,0.9065444
0.101323985,0.040719297,0.8579567
0.069848254,0.04056348,0.88958824
0.057683848,0.03689957,0.9054166
0.058952488,0.03671183,0.9043356
0.060508464,0.037205443,0.9022861
0.075365886,0.051950138,0.87268394
0.059887417,0.0427161,0.89739645
0.059433885,0.0421038,0.89846236
0.1197545,0.031346787,0.84889877
0.053922527,0.042469185,0.9036083
0.052954514,0.043922275,0.90312326
0.06526125,0.044330798,0.8904079
0.079434104,0.05608022,0.86448574
0.06429405,0.048154015,0.8875519
0.0637399,0.042501416,0.89375865
0.086809695,0.062587775,0.8506025
0.055449728,0.03421167,0.9103387
0.06518942,0.037968997,0.8968416
0.05127075,0.043918487,0.90481085
0.059825134,0.032701533,0.9074733
0.05581588,0.049498443,0.8946857
0.088379085,0.052799337,0.8588215
0.06720056,0.047605813,0.8851937
0.0122229885,0.98052096,0.0072560385
0.052233275,0.03893036,0.90883636
0.052792188,0.039791305,0.90741646
0.0579465,0.05054183,0.8915117
0.05336287,0.048468966,0.8981682
0.05738404,0.045416683,0.8971992
0.06648006,0.044026546,0.8894934
0.054813504,0.04000463,0.9051818
0.13035564,0.037889376,0.8317549
0.05807623,0.05796291,0.88396084
0.058887802,0.043484796,0.8976274
0.9877294,0.009052363,0.0032182776
0.9903065,0.0070752883,0.002618149
0.979661,0.013025306,0.0073136734
0.98761415,0.009104499,0.0032813696
0.98580104,0.01081311,0.0033859226
0.98883784,0.008324364,0.0028377592
0.99179745,0.0059727905,0.0022296903
0.98956233,0.0070355344,0.0034021623
0.97278106,0.0138353845,0.013383549
0.99159557,0.0059657455,0.0024387918
0.98424244,0.010933947,0.004823563
0.017169403,0.9795313,0.0032993148
0.06498632,0.04096635,0.8940474
0.9909916,0.006085644,0.0029227769
0.9851608,0.010586734,0.0042524375
0.98270184,0.012358316,0.00493986
0.9906565,0.006799999,0.002543457
0.9900332,0.0074200355,0.0025468261
0.98916245,0.0072701187,0.003567477
0.97507024,0.013666278,0.011263552
0.9911293,0.0060097086,0.0028610502
0.98644847,0.009689707,0.003861835
0.016415242,0.9795345,0.0040503214
0.057906073,0.101083934,0.84101
0.018173557,0.9782913,0.003535167
0.016045757,0.98138994,0.002564348
0.018033424,0.9769295,0.0050371294
0.015266997,0.98216164,0.0025713819
0.014978893,0.9811948,0.003826291
0.016244972,0.97984344,0.0039116344
0.015691245,0.97648776,0.00782101
0.012574012,0.9833914,0.0040346254
0.0155356005,0.9810683,0.0033960957
0.018756289,0.97811836,0.0031253207
0.018203966,0.9784938,0.0033022638
0.0155336,0.98142105,0.0030453352
0.19410673,0.08223009,0.72366315
0.016509274,0.939115,0.04437569
0.02006775,0.9740262,0.0059060045
0.015451325,0.97860914,0.0059395903
0.02086262,0.9714399,0.007697447
0.0153461415,0.9805275,0.0041263266
0.9889365,0.0074335616,0.0036299115
0.9695794,0.00940386,0.021016743
0.013657156,0.9811032,0.0052396553
0.016131584,0.9806356,0.0032328276
0.015926592,0.9805439,0.0035294932
0.013733737,0.9808406,0.0054256856
0.013886371,0.9830632,0.0030504307
0.015681475,0.98161465,0.0027038255
0.020635027,0.97597337,0.003391682
0.09190884,0.048764773,0.85932636
0.015512507,0.9800884,0.0043990687
0.019013608,0.97616494,0.0048214984
0.10939963,0.8048154,0.085784934
0.020729084,0.9742183,0.005052669
0.017810965,0.97434694,0.007842062
0.014782339,0.9763907,0.008826938
0.016140487,0.9802192,0.0036403255
0.018761903,0.97745603,0.0037820486
0.012640172,0.98327017,0.0040896605
0.020798787,0.9746346,0.0045666564
0.01731599,0.9802064,0.0024776103
0.017514717,0.97703826,0.005447042
0.015813334,0.9812067,0.002979955
0.015073045,0.97920024,0.0057266722
0.013732761,0.98268837,0.0035789076
0.01574751,0.97998923,0.004263292
0.014950769,0.9812672,0.0037819927
0.051324878,0.042466793,0.9062084
0.060909193,0.046655115,0.89243567
0.017563365,0.95705616,0.025380453
0.05234915,0.03813152,0.90951926
0.05648659,0.040725518,0.9027879
0.053903308,0.037502177,0.90859455
0.051324878,0.042466793,0.9062084
0.060342032,0.05163848,0.8880195
0.98438716,0.008986561,0.0066262744
0.058825195,0.05278208,0.8883928
0.041110057,0.10945361,0.84943634
0.08291451,0.039919026,0.8771665
0.053122427,0.038675893,0.90820163
0.06253959,0.04192564,0.8955347
0.047593147,0.05701719,0.89538974
0.05871496,0.044104498,0.8971805
0.2905403,0.033273134,0.6761865
0.053100977,0.04964077,0.89725834
0.635862,0.046196833,0.31794116
0.05938521,0.034520894,0.9060939
0.06356655,0.048146833,0.8882866
0.053361606,0.048491493,0.8981469
0.22230373,0.07304671,0.70464957
0.052179344,0.045667455,0.90215313
0.05990612,0.04504322,0.89505064
0.058378488,0.046091072,0.8955304
0.06317068,0.047151215,0.8896781
0.050815154,0.040513374,0.9086715
0.08614831,0.027273722,0.8865779
0.057706296,0.047514286,0.8947794
0.05974157,0.041543737,0.89871466
0.05424575,0.034062352,0.91169184
0.051386356,0.03554219,0.9130714
0.060282517,0.03992221,0.8997952
0.06317068,0.047151215,0.8896781
0.057213407,0.04475409,0.89803255
0.030452674,0.8303422,0.13920522
0.058096178,0.045466814,0.896437
0.052077044,0.046658777,0.90126425
0.047500867,0.05797238,0.8945268
0.05052246,0.051318076,0.89815956
0.05638394,0.03894176,0.9046743
0.05834142,0.047570396,0.8940882
0.054839674,0.04395747,0.90120286
0.07533706,0.037276346,0.8873867
0.056928072,0.0468964,0.8961755
0.068533674,0.036611855,0.89485455
0.059018206,0.03740451,0.90357727
0.053892117,0.041685287,0.9044226
0.061760902,0.047353726,0.8908854
0.059228327,0.049777936,0.8909937
0.058702063,0.04911931,0.89217854
0.05820315,0.04546165,0.8963351
0.022657262,0.9634113,0.013931497
0.016092384,0.9687459,0.015161749
0.049063973,0.041741844,0.9091942
0.056450274,0.050109945,0.89343977
0.036748484,0.06154213,0.9017094
0.073039636,0.05265988,0.8743005
0.058261048,0.04669992,0.8950391
0.0550686,0.044814195,0.9001172
0.05356545,0.050123904,0.8963106
0.050778624,0.035867058,0.91335434
0.060063403,0.041220512,0.8987161
0.048282627,0.038910005,0.9128074
0.05999131,0.044997282,0.8950114
0.062851205,0.045027524,0.8921213
0.058212444,0.05185112,0.8899364
0.052908234,0.039898247,0.90719354
0.056812488,0.047957852,0.89522976
0.057164513,0.04161874,0.9012168
0.05929503,0.04346598,0.897239
0.062249843,0.057179485,0.8805706
0.05320791,0.041559942,0.90523213
0.05038569,0.039780587,0.9098337
0.06937362,0.052673694,0.8779527
0.04764722,0.032445017,0.9199078
0.06498967,0.03916881,0.89584154
0.04481896,0.048793264,0.9063878
0.054595936,0.050394468,0.8950097
0.048775483,0.038060654,0.91316384
0.088664986,0.039153203,0.87218183
0.05760734,0.053932432,0.8884602
0.06098747,0.047173515,0.8918391
0.05965295,0.05342037,0.8869267
0.054950774,0.043342475,0.9017067
0.049003173,0.04514383,0.9058531
0.05773024,0.042298254,0.8999715
0.05341189,0.040101442,0.9064867
0.04795769,0.05023469,0.9018076
0.053540587,0.051439222,0.8950202
0.05179132,0.036439747,0.911769
0.053100206,0.03507996,0.9118199
0.0185265,0.978001,0.003472538
0.9858413,0.009759693,0.004399038
0.9913762,0.0059353737,0.0026883774
0.9873176,0.009317607,0.0033647418
0.983004,0.010148958,0.006847039
0.120288774,0.0265047,0.85320663
0.98223317,0.006162852,0.011604027
0.986837,0.008579602,0.00458337
0.9850445,0.006358026,0.008597538
0.98641986,0.0062804488,0.007299691
0.9871169,0.005858158,0.007025005
0.9898728,0.0071905795,0.0029366338
0.98632056,0.010044923,0.0036344791
0.98860276,0.008412268,0.002984876
0.9852444,0.0077234167,0.0070322515
0.98926544,0.006691707,0.004042902
0.9894767,0.0069055986,0.0036177349
0.0615989,0.040694516,0.8977066
0.058295235,0.036910243,0.9047945
0.9862809,0.010034715,0.0036843622
0.98507994,0.00963854,0.005281484
0.985595,0.0087634465,0.0056415545
0.9867356,0.008503653,0.0047608092
0.8652895,0.021430649,0.11327981
0.9866672,0.008636967,0.004695838
0.9916155,0.0059833694,0.0024010304
0.98776,0.008600216,0.0036397832
0.9872652,0.0094546,0.00328021
0.028883493,0.9471947,0.023921885
0.17775553,0.048151314,0.77409315
0.98940533,0.00722942,0.0033652773
0.98806167,0.008374885,0.0035635068
0.86913425,0.019201675,0.11166414
0.9905066,0.0066674664,0.0028259412
0.067100294,0.03860779,0.8942919
0.21742253,0.032356445,0.7502211
0.9562166,0.015577023,0.028206345
0.05539049,0.04276067,0.9018489
0.98699504,0.0067024794,0.006302548
0.9889627,0.0076997494,0.0033375947
0.9850787,0.010710634,0.0042107613
0.97249097,0.014090288,0.013418814
0.98695767,0.007943559,0.0050987843
0.1120222,0.02389753,0.86408037
0.97484267,0.011940457,0.013216882
0.6849696,0.14936982,0.16566056
0.98889434,0.007774775,0.0033308521
0.9914587,0.0059707505,0.0025704966
0.98572993,0.009541848,0.004728172
0.98909944,0.00722013,0.0036804865
0.18471369,0.03374039,0.7815458
0.99065244,0.0065650633,0.002782539
0.96877956,0.012100233,0.019120177
0.07220918,0.04379708,0.88399374
0.9870869,0.008751037,0.0041620517
0.986129,0.006742533,0.007128492
0.98658746,0.008577433,0.0048350557
0.6819263,0.02677897,0.29129475
0.018140584,0.9722344,0.009624988
0.98510414,0.010170641,0.0047251703
0.9809725,0.0065455064,0.0124819875
0.98349875,0.009977136,0.006524024
0.98234326,0.0075443587,0.010112466
0.98890954,0.007169565,0.003920932
0.79643977,0.014389224,0.18917105
0.9885028,0.008477388,0.0030197555
0.98873967,0.0063384003,0.0049219104
0.9883456,0.0056849895,0.0059694657
0.098270915,0.03436185,0.86736727
0.84218735,0.021436693,0.13637595
0.98194975,0.009645517,0.008404757
0.10678803,0.041696455,0.85151553
0.537596,0.03629917,0.42610484
0.21791075,0.03366335,0.74842596
0.9674516,0.011153739,0.021394672
0.98301893,0.009115391,0.007865636
0.9891459,0.007115471,0.003738621
0.06740275,0.034712907,0.8978843
0.98819286,0.006044799,0.005762357
0.99125975,0.0061952407,0.0025450056
0.21702762,0.02759533,0.755377
0.9780362,0.008586534,0.013377238
0.056190714,0.047502514,0.8963067
0.0495565,0.50615555,0.44428796
0.015221076,0.9725365,0.012242428
0.055474527,0.110001534,0.8345239
0.017083755,0.9755973,0.0073189856
0.019315189,0.97532123,0.005363635
0.12191156,0.8289803,0.04910813
0.024937589,0.96030897,0.014753404
0.062467825,0.1897785,0.7477536
0.029201051,0.9372543,0.033544622
0.0128525505,0.976154,0.01099337
0.031948823,0.8805455,0.087505676
0.013700214,0.97653735,0.0097624585
0.020270083,0.9503234,0.029406521
0.014689406,0.97881764,0.006492972
0.034396492,0.9233364,0.04226711
0.027296742,0.94133085,0.031372372
0.039176553,0.9557883,0.005035147
0.051226575,0.041646916,0.9071265
0.9830859,0.011785482,0.0051286225
0.022748927,0.9729934,0.004257732
0.017636904,0.9785841,0.0037790253
0.014431562,0.98299986,0.0025685546
0.8380798,0.056147844,0.105772346
0.018167526,0.9765351,0.005297387
0.016977504,0.97665673,0.00636575
0.052805826,0.05011776,0.89707637
0.045447003,0.052360293,0.9021928
0.062483754,0.04887671,0.88863957
0.7523007,0.056556802,0.19114242
0.15979537,0.03139172,0.8088129
0.8779905,0.012984659,0.10902488
0.9548178,0.033956993,0.011225199
0.97612315,0.013468931,0.010407982
0.04797469,0.049016554,0.90300876
0.06334264,0.03843802,0.8982193
0.06149393,0.045387086,0.8931189
0.049071617,0.037587788,0.9133406
0.059461202,0.04473052,0.8958082
0.050449748,0.08704176,0.8625085
0.06030932,0.04431757,0.89537317
0.056337807,0.05287281,0.8907894
0.060557153,0.043895427,0.89554745
0.070361234,0.04999113,0.8796476
0.06166213,0.14723521,0.7911027
0.05232368,0.046994343,0.900682
0.9644337,0.012550296,0.023015998
0.06226204,0.051819064,0.88591886
0.94781595,0.011564156,0.0406199
0.8878373,0.024747152,0.08741555
0.06414423,0.03730554,0.8985502
0.07669987,0.03169348,0.8916066
0.05453625,0.051432587,0.8940312
0.07002243,0.033368245,0.89660937
0.04841854,0.029025191,0.9225563
0.055840198,0.05126688,0.89289296
0.9530235,0.009897248,0.03707925
0.24022833,0.06617371,0.69359803
0.013728368,0.98189443,0.00437715
0.06942736,0.040279698,0.890293
0.08543302,0.036422756,0.8781442
0.103171386,0.036563043,0.8602656
0.987711,0.0068731103,0.0054158806
0.06975717,0.033096075,0.8971467
0.07679037,0.037497804,0.88571185
0.05945809,0.045654923,0.894887
0.05914934,0.043190144,0.89766055
0.05641824,0.037472706,0.90610904
0.057300568,0.045930028,0.8967694
0.055173054,0.039914683,0.90491223
0.082800806,0.030260583,0.8869386
0.61414194,0.02287826,0.3629798
0.06571252,0.033334024,0.9009534
0.055235088,0.0428076,0.90195733
0.046881303,0.040453695,0.912665
0.9907206,0.006258744,0.0030206253
0.059217885,0.39569262,0.54508954
0.17773952,0.04977092,0.7724895
0.092504464,0.047443155,0.8600523
0.16895923,0.031107772,0.799933
0.058773838,0.04577311,0.895453
0.059646863,0.045688197,0.894665
0.11664068,0.035477992,0.8478813
0.06888799,0.042544402,0.8885676
0.064427644,0.0470443,0.8885281
0.9707317,0.0074843615,0.021783987
0.94533724,0.023095267,0.031567488
0.1881656,0.03236174,0.77947265
0.059811745,0.041734945,0.89845324
0.014273694,0.9803508,0.0053755227
0.07254074,0.037670407,0.88978887
0.07497101,0.038497664,0.8865313
0.9742511,0.012384365,0.013364563
0.08130624,0.039432485,0.87926126
0.05884669,0.03357899,0.90757436
0.05908824,0.04592818,0.8949836
0.05116551,0.050717782,0.89811677
0.05115233,0.042593535,0.9062541
0.9713538,0.010907309,0.017738922
0.047862746,0.044612985,0.9075243
0.061739452,0.05504643,0.8832141
0.09977495,0.061140295,0.83908474
0.079764664,0.038912173,0.8813231
0.04906836,0.21565571,0.73527586
0.056896236,0.040404614,0.9026991
0.7321047,0.020687245,0.24720803
0.059436344,0.049491476,0.8910722
0.011479151,0.9807194,0.0078013907
0.05510777,0.043254588,0.9016376
0.063451044,0.04161221,0.89493674
0.05347369,0.042528983,0.90399736
0.059605427,0.04329003,0.8971045
0.053809892,0.05540967,0.8907804
0.053833775,0.044045247,0.90212107
0.05608453,0.046677683,0.8972378
0.06029187,0.04764824,0.89205986
0.08856331,0.0411054,0.8703313
0.024142198,0.89800197,0.07785591
0.08132409,0.034485266,0.8841907
0.05718391,0.047872353,0.8949437
0.05041446,0.036561254,0.9130243
0.052833777,0.040806852,0.9063594
0.05503515,0.048901502,0.89606345
0.05463289,0.036535792,0.90883136
0.060104188,0.044950068,0.8949458
0.049169317,0.039239496,0.9115912
0.058624342,0.03280509,0.9085706
0.059153758,0.040044986,0.90080124
0.055329483,0.04688879,0.8977818
0.061154485,0.03799023,0.9008553
0.017810453,0.94989175,0.03229784
0.05421969,0.046900325,0.89888
0.052448753,0.046037924,0.90151334
0.0470242,0.05040036,0.9025754
0.055303443,0.041623108,0.9030735
0.042779267,0.041666042,0.9155547
0.05917053,0.04678489,0.8940445
0.052712087,0.050053224,0.8972346
0.05347844,0.047286823,0.8992348
0.056351464,0.059577152,0.8840714
0.05396984,0.043834344,0.9021959
0.059454925,0.07154145,0.86900365
0.054189116,0.048314612,0.8974963
0.98544717,0.0075534293,0.006999438
0.06068477,0.04842939,0.8908858
0.05193696,0.040845487,0.90721756
0.071124434,0.1109153,0.81796026
0.05503553,0.03700327,0.9079612
0.08770776,0.042547524,0.8697447
0.06149393,0.045387086,0.8931189
0.95891935,0.013704992,0.02737567
0.05672449,0.075663194,0.86761236
0.057692464,0.039845496,0.902462
0.05273148,0.054511722,0.8927568
0.05485555,0.04412074,0.9010237
0.06499203,0.043932885,0.89107513
0.055632375,0.043432444,0.9009351
0.05419041,0.043458253,0.9023513
0.059164807,0.04774963,0.8930855
0.0585996,0.046856746,0.8945437
0.057778925,0.038847797,0.9033732
0.06348934,0.049736116,0.88677454
0.050003096,0.046630774,0.9033661
0.060963314,0.043187268,0.89584935
0.059311103,0.045832068,0.8948568
0.014020432,0.9809902,0.0049893837
0.055712104,0.051701687,0.8925863
0.042008836,0.07372781,0.8842634
0.0581614,0.04351836,0.89832026
0.067094125,0.04000509,0.89290076
0.97843575,0.009925774,0.011638453
0.05519512,0.20989951,0.73490536
0.056226015,0.050400674,0.89337325
0.053889386,0.04613907,0.89997154
0.058701437,0.043009844,0.8982887
0.05522928,0.03805128,0.9067195
0.05608278,0.040553015,0.9033642
0.061170656,0.049537506,0.8892918
0.052177947,0.054896038,0.892926
0.05663323,0.038677122,0.9046896
0.05950299,0.046681635,0.89381534
0.058510207,0.04612745,0.8953624
0.05056474,0.034583326,0.91485196
0.05780065,0.044643078,0.89755625
0.18361504,0.048650168,0.76773477
0.055386376,0.04459121,0.9000224
0.054302096,0.04325115,0.90244675
0.052707314,0.030208204,0.91708446
0.051783364,0.04852735,0.89968926
0.061427817,0.04641345,0.89215875
0.0551862,0.0410109,0.90380293
0.05149795,0.04234038,0.9061617
0.05906903,0.051899657,0.88903135
0.045467626,0.11976199,0.83477044
0.057384152,0.04453833,0.8980775
0.053054217,0.044328455,0.90261734
0.050156582,0.037934195,0.9119092
0.06983717,0.040715773,0.88944703
0.055697016,0.04583749,0.8984655
0.0529385,0.05690575,0.89015573
0.06292537,0.047382742,0.88969195
0.058586095,0.042259835,0.899154
0.05754732,0.05448471,0.887968
0.05908883,0.047665037,0.8932462
0.06185297,0.058048774,0.8800982
0.059158698,0.048283927,0.8925574
0.050484605,0.044989727,0.90452564
0.05699595,0.042687993,0.9003161
0.049222726,0.03193614,0.9188411
0.9814964,0.0074500362,0.011053535
0.055732507,0.042151354,0.9021162
0.056171224,0.03815611,0.9056727
0.054206442,0.042734507,0.90305907
0.052128457,0.043512445,0.9043592
0.06013743,0.04704135,0.8928212
0.05366393,0.0324536,0.9138825
0.052933242,0.032325856,0.9147409
0.056606524,0.05010165,0.89329183
0.05535043,0.043892827,0.9007568
0.056485698,0.03232633,0.911188
0.061478365,0.05603138,0.88249034
0.06284749,0.052026134,0.8851265
0.056352444,0.04212368,0.90152395
0.06252377,0.050435886,0.8870403
0.05732576,0.035821036,0.9068532
0.05283285,0.039051723,0.9081154
0.06481574,0.042176403,0.8930078
0.057490304,0.035713978,0.9067957
0.058845207,0.04505214,0.8961026
0.05381876,0.041224,0.90495723
0.0728516,0.055098776,0.8720496
0.041078698,0.061546106,0.8973752
0.0579492,0.05613887,0.88591194
0.05934982,0.04782884,0.89282143
0.058320113,0.047044937,0.89463496
0.05411085,0.04881352,0.89707565
0.057892103,0.17654422,0.7655636
0.06181845,0.048640467,0.88954115
0.060126364,0.047216777,0.8926569
0.057765715,0.039508376,0.9027259
0.06500684,0.046322383,0.8886708
0.055714346,0.041141406,0.9031442
0.060409233,0.042296175,0.8972945
0.058799174,0.043610577,0.89759034
0.058684554,0.038448706,0.9028667
0.0629381,0.04849253,0.8885694
0.055845577,0.044611026,0.89954334
0.057333786,0.045376908,0.89728934
0.061764818,0.04772815,0.890507
0.3636489,0.04088004,0.5954711
0.06028047,0.044774774,0.89494485
0.054088175,0.042620454,0.9032914
0.063057885,0.046246905,0.8906953
0.055338394,0.049799167,0.8948625
0.06586996,0.046754427,0.8873756
0.071874805,0.040023886,0.88810134
0.059592802,0.04349271,0.8969145
0.07669467,0.045152567,0.87815267
0.061146673,0.042938113,0.8959152
0.053044055,0.04274715,0.9042088
0.055561267,0.052093133,0.8923456
0.062092192,0.0479109,0.8899969
0.051173396,0.04529286,0.90353376
0.060127083,0.043711565,0.8961614
0.05870614,0.043371815,0.8979221
0.054143816,0.052606262,0.89324987
0.054358568,0.040931948,0.9047095
0.05279985,0.041422848,0.9057774
0.052125905,0.04223346,0.90564054
0.04397575,0.45958236,0.49644196
0.05477247,0.040723324,0.9045042
0.05728551,0.046618294,0.89609617
0.05731275,0.03736703,0.9053203
0.04836443,0.04084643,0.9107892
0.061054487,0.04743334,0.89151216
0.059717413,0.051529925,0.88875264
0.058714945,0.049346462,0.8919386
0.046375904,0.041938074,0.911686
0.06401508,0.048391953,0.8875929
0.059473954,0.045400307,0.89512575
0.053933978,0.044909764,0.9011563
0.062836766,0.05002451,0.8871387
0.057092655,0.033546656,0.9093607
0.05461469,0.043927014,0.9014583
0.05477328,0.04730983,0.89791685
0.047725026,0.07262998,0.879645
0.061121773,0.052896492,0.88598174
0.057715073,0.056931365,0.88535357
0.0497302,0.036347877,0.91392195
0.059256643,0.045834724,0.89490867
0.06285666,0.04972372,0.8874196
0.07664535,0.034988146,0.88836646
0.05018312,0.03251159,0.91730535
0.048077837,0.042098362,0.9098239
0.05785975,0.05629908,0.88584113
0.053167142,0.048456535,0.89837635
0.05095833,0.04710575,0.9019359
0.057269614,0.044254526,0.8984758
0.056712158,0.045703202,0.8975847
0.060483314,0.0468064,0.89271027
0.059423875,0.047077063,0.8934991
0.055981316,0.047557145,0.8964616
0.057150826,0.04623697,0.8966122
0.060895734,0.04512148,0.89398277
0.059434775,0.04995144,0.89061373
0.051651686,0.05226054,0.8960878
0.0601107,0.044409502,0.89547986
0.0739942,0.049314834,0.876691
0.04459475,0.15406309,0.8013421
0.061828952,0.04673936,0.8914316
0.054461922,0.043082926,0.9024551
0.05932753,0.042503115,0.89816934
0.06240929,0.04697119,0.8906195
0.01838864,0.954275,0.027336355
0.055901174,0.041018166,0.9030807
0.05761389,0.051217843,0.8911683
0.05757685,0.04528094,0.89714223
0.056198217,0.050870117,0.89293164
0.05521476,0.047551636,0.89723355
0.048558038,0.040571764,0.9108702
0.06473997,0.048939932,0.88632005
0.051078677,0.029721275,0.91920006
0.059167594,0.039820343,0.901012
0.050159644,0.034306265,0.91553414
0.060995318,0.03697747,0.90202725
0.055639442,0.043310888,0.9010496
0.05204044,0.039378207,0.9085813
0.05830512,0.045541298,0.8961535
0.051905304,0.035656545,0.9124381
0.057308935,0.043598335,0.89909273
0.054294422,0.048219778,0.89748585
0.060638525,0.04915455,0.8902069
0.06022734,0.050840475,0.8889321
0.04568224,0.04568224,0.90863544
0.052696098,0.037550032,0.9097539
0.060415637,0.04569327,0.89389104
0.0550117,0.045362,0.8996263
0.0603713,0.04333544,0.8962933
0.06049945,0.050033506,0.8894671
0.05452123,0.042481914,0.9029969
0.047028195,0.046344325,0.9066275
0.05687812,0.04773275,0.89538914
0.05062926,0.043581262,0.9057895
0.059251495,0.039779574,0.9009689
0.060898773,0.029219551,0.9098817
0.05502122,0.04651386,0.898465
0.058616266,0.059597507,0.8817862
0.98839426,0.007970675,0.003635014
0.05013296,0.029891938,0.9199751
0.05206988,0.056853477,0.8910766
0.04179985,0.09619611,0.86200404
0.0591102,0.05859296,0.8822968
0.05601242,0.0443961,0.8995914
0.054532815,0.043160077,0.90230715
0.0535602,0.05021698,0.89622283
0.055577297,0.03288026,0.91154236
0.44196346,0.07782096,0.48021555
0.017302439,0.9789611,0.003736437
0.14263657,0.8384376,0.018925773
0.02224342,0.97155863,0.006197922
0.9901349,0.006869821,0.0029953467
0.98617953,0.010712138,0.0031082903
0.985233,0.009453583,0.005313347
0.10127872,0.036950365,0.861771
0.9792342,0.0067019323,0.014063838
0.985344,0.0092266165,0.0054293475
0.98996687,0.0067886333,0.003244523
0.986067,0.0100423405,0.0038906184
0.98632556,0.009850687,0.0038238282
0.9871831,0.009472294,0.0033446283
0.98718077,0.009334529,0.0034846542
0.9887826,0.0079893945,0.0032280076
0.98930246,0.007299606,0.0033979488
0.9891173,0.0075963833,0.0032863638
0.087627396,0.06748216,0.8448904
0.9891866,0.0077618975,0.0030514991
0.9809006,0.006739612,0.01235978
0.9694995,0.010418435,0.020082058
0.98830426,0.008032459,0.0036631897
0.985335,0.009371829,0.00529318
0.9867867,0.008562427,0.0046507665
0.98952454,0.007909962,0.002565482
0.11997404,0.02811625,0.8519097
0.9867443,0.010157771,0.0030979451
0.9900401,0.0057731285,0.004186752
0.49747762,0.027362129,0.4751603
0.6683605,0.063207895,0.26843163
0.98775476,0.009168255,0.0030769845
0.9879654,0.0059497133,0.0060848612
0.88657045,0.008828504,0.10460105
0.98439944,0.01036382,0.0052367635
0.9859583,0.009760852,0.00428089
0.9890469,0.006327998,0.004625143
0.98504895,0.009857171,0.005093896
0.9868645,0.0073244083,0.005811084
0.9869827,0.009600739,0.0034165692
0.98670876,0.009458502,0.0038327924
0.9838664,0.011691627,0.0044419765
0.9873941,0.009227772,0.0033781726
0.1327456,0.14082478,0.7264296
0.98132825,0.011105736,0.007566062
0.9899805,0.0065991646,0.0034202596
0.9864362,0.009492897,0.004070901
0.98565394,0.009283756,0.0050623002
0.92748374,0.029094849,0.043421373
0.9910046,0.0060207,0.002974647
0.9893594,0.00796289,0.0026776732
0.05630991,0.040203597,0.9034865
0.97797066,0.01594697,0.0060824133
0.98892784,0.006861446,0.004210734
0.84919566,0.03875949,0.11204483
0.9466423,0.029957993,0.023399765
0.98945135,0.0069731874,0.0035754952
0.9871099,0.00876835,0.0041217
0.98909235,0.007814394,0.0030932105
0.98816526,0.0087863,0.0030483485
0.35140067,0.03607355,0.6125258
0.9830535,0.0063513755,0.010595084
0.98583996,0.010645889,0.0035140715
0.9894391,0.006595555,0.0039654006
0.99116373,0.006523703,0.0023125084
0.98697215,0.008784266,0.004243647
0.020731837,0.9606479,0.01862023
0.870441,0.078396045,0.05116295
0.0583277,0.038140338,0.903532
0.9866895,0.0092663225,0.004044205
0.985216,0.009753504,0.0050304895
0.9906309,0.0061852667,0.0031839025
0.9857269,0.010307095,0.0039659855
0.98550373,0.00786245,0.00663379
0.08203174,0.04418803,0.8737803
0.06383082,0.03587585,0.9002933
0.98858917,0.007160247,0.0042505995
0.9894957,0.0067129023,0.003791426
0.9894405,0.007658464,0.0029011534
0.9854848,0.009861532,0.004653711
0.96893007,0.0115028955,0.019567084
0.988815,0.008211139,0.0029738774
0.086665705,0.03654458,0.87678975
0.9865632,0.010008223,0.0034284838
0.9527581,0.010729887,0.036512047
0.9296754,0.014968219,0.055356305
0.988477,0.008619076,0.0029039946
0.99134386,0.006361304,0.0022949295
0.98686266,0.009450744,0.0036865354
0.84879315,0.018715693,0.13249113
0.059698984,0.04572812,0.89457285
0.9881761,0.0072699655,0.004553873
0.14450292,0.040421993,0.8150751
0.96476394,0.013029239,0.022206813
0.9841853,0.011908631,0.0039060134
0.063771546,0.046816006,0.8894124
0.98783046,0.0078044245,0.004365078
0.98655766,0.008168428,0.0052739335
0.9877551,0.008437951,0.0038069983
0.9839886,0.010594811,0.0054165865
0.84617734,0.014545075,0.13927756
0.99116826,0.0065237335,0.0023080069
0.9864806,0.009456315,0.0040631406
0.012013261,0.9769628,0.011023987
0.9873976,0.0090758735,0.0035265044
0.9912708,0.005998838,0.002730423
0.9859877,0.01002194,0.003990347
0.98711467,0.008649327,0.0042359782
0.9899771,0.007198363,0.0028244306
0.9879885,0.006079064,0.0059324466
0.9863366,0.010133763,0.0035296017
0.9870701,0.009592216,0.00333772
0.97362375,0.008905677,0.017470561
0.96218467,0.01909229,0.01872301
0.06910102,0.041322596,0.8895764
0.98601633,0.009479596,0.004504158
0.98550606,0.006738274,0.007755705
0.9806316,0.013491557,0.0058767824
0.07514322,0.04277352,0.88208324
0.9851702,0.0082369875,0.0065928022
0.9865312,0.00874611,0.0047227824
0.14017724,0.03965481,0.82016796
0.2891587,0.1938478,0.5169935
0.9863701,0.009909022,0.0037208553
0.983264,0.013292059,0.0034438183
0.9819244,0.011420532,0.006655035
0.98332226,0.008294115,0.008383693
0.9723902,0.00746792,0.020141937
0.98649514,0.010056517,0.0034483934
0.035972424,0.92864746,0.035380155
0.9873882,0.009642274,0.0029695863
0.9889904,0.007205248,0.0038043219
0.8109604,0.08543287,0.1036067
0.9333614,0.059442427,0.007196236
0.9876282,0.008594872,0.0037768867
0.98721164,0.010063821,0.0027245583
0.10704747,0.046424307,0.84652823
0.9914409,0.005167161,0.003392018
0.98703057,0.008741995,0.004227353
0.98048156,0.013189884,0.006328575
0.14711225,0.04989991,0.8029878
0.9901828,0.0071787965,0.002638354
0.99234563,0.0052841925,0.002370171
0.9865151,0.009255642,0.0042292736
0.984259,0.010515249,0.0052257995
0.022106841,0.9632386,0.0146546
0.9834431,0.011584332,0.004972637
0.04114619,0.93648297,0.022370795
0.032672588,0.9529699,0.0143574765
0.987528,0.008945077,0.00352697
0.015699407,0.98034084,0.0039597526
0.013486543,0.98314327,0.0033702052
0.016695568,0.9779473,0.0053571095
0.014805917,0.98177564,0.0034185161
0.051722772,0.08448895,0.86378837
0.020834217,0.94764465,0.031521168
0.025374098,0.9690411,0.005584847
0.018952107,0.9730074,0.008040516
0.017064689,0.97355723,0.009378112
0.015735624,0.97924966,0.0050146948
0.019836437,0.9727223,0.0074413456
0.014059562,0.9818087,0.0041317185
0.016370172,0.97398746,0.009642342
0.016018799,0.98045886,0.003522301
0.015193514,0.9803021,0.0045043714
0.017868396,0.9093419,0.072789714
0.051296916,0.062239505,0.8864635
0.011891679,0.9842249,0.0038833502
0.014020241,0.9819354,0.004044419
0.020397885,0.9761295,0.0034726688
0.020557635,0.97492754,0.0045148106
0.024658872,0.93075496,0.044586085
0.01916348,0.9757263,0.0051101516
0.026120523,0.924384,0.04949549
0.013592332,0.9821846,0.004223062
0.013942745,0.98032963,0.005727681
0.013848493,0.9822984,0.0038531057
0.014013069,0.9814331,0.0045538223
0.014725419,0.98121727,0.00405728
0.013346843,0.9834675,0.0031856704
0.022381308,0.92781794,0.04980079
0.016804105,0.94474965,0.0384462
0.01501759,0.9813308,0.003651579
0.015188768,0.9771289,0.007682274
0.09657784,0.38234597,0.52107614
0.01607449,0.97050786,0.01341763
0.1414663,0.039817255,0.81871647
0.06769352,0.03712923,0.8951772
0.014173804,0.9830434,0.0027828226
0.013511808,0.98114496,0.005343226
0.037622303,0.41915533,0.5432224
0.014821796,0.9809109,0.0042673014
0.017370831,0.9756586,0.006970636
0.020972185,0.9746361,0.0043917177
0.024775561,0.96862096,0.006603449
0.05521263,0.044516493,0.9002709
0.0100616515,0.9850729,0.004865497
0.011218789,0.9845644,0.0042167907
0.01631438,0.9806722,0.003013439
0.018125562,0.97904825,0.0028261764
0.021032922,0.9632449,0.015722195
0.012487911,0.9843174,0.003194657
0.015768157,0.97792596,0.0063059186
0.013658087,0.9830883,0.003253598
0.01988607,0.9723035,0.007810346
0.02103421,0.97465897,0.004306875
0.98931515,0.007144543,0.0035402607
0.015233229,0.9804679,0.0042988276
0.012160039,0.97356784,0.014272167
0.01446593,0.9819787,0.0035554294
0.018066587,0.97633934,0.0055940347
0.02032102,0.9738767,0.005802204
0.017763883,0.9708228,0.01141336
0.05643322,0.17435785,0.769209
0.04462852,0.35708112,0.5982904
0.13396832,0.6607044,0.20532732
0.015326714,0.9764213,0.008252009
0.014720986,0.97519106,0.010087977
0.097007886,0.046772715,0.85621935
0.013920818,0.98213917,0.003939991
0.013402392,0.9827503,0.003847357
0.022040317,0.97498703,0.0029726548
0.0694513,0.05204203,0.87850666
0.016006017,0.97205275,0.011941217
0.014739924,0.97931045,0.0059496546
0.01896086,0.96966165,0.011377466
0.013843819,0.98196685,0.0041892696
0.011656561,0.98571694,0.0026264547
0.018293884,0.9780596,0.0036465216
0.013701155,0.9794698,0.0068290876
0.0954315,0.058966137,0.8456024
0.030665804,0.84849197,0.120842256
0.03010751,0.91492045,0.05497208
0.06957457,0.12715752,0.8032679
0.05356137,0.17382938,0.77260923
0.015174674,0.9781309,0.006694381
0.029533254,0.8639315,0.10653525
0.013410224,0.98380476,0.002784978
0.015326787,0.9802476,0.004425639
0.015889136,0.98062897,0.003481869
0.012337471,0.98344237,0.0042202193
0.016179433,0.97779834,0.0060222424
0.01472668,0.9817806,0.003492773
0.012379191,0.9709953,0.016625518
0.112927996,0.22148046,0.66559154
0.01533585,0.9779579,0.0067062825
0.06686073,0.03373479,0.89940447
0.012044135,0.97947353,0.008482385
0.01840259,0.97573847,0.0058588902
0.017905027,0.9780587,0.004036328
0.020162718,0.96393394,0.015903361
0.022778645,0.90369093,0.07353036
0.048673417,0.19513328,0.7561933
0.025693715,0.9679231,0.0063831913
0.023581078,0.969947,0.006471939
0.9879924,0.006828231,0.005179448
0.01749759,0.9779911,0.0045113405
0.015593669,0.9799386,0.0044676606
0.017973328,0.9712995,0.010727124
0.03218596,0.95077026,0.017043829
0.013473379,0.9783546,0.0081720175
0.013051381,0.9825812,0.0043673976
0.01578438,0.9784541,0.00576156
0.013196649,0.9829024,0.003900922
0.016815957,0.9802013,0.0029827214
0.048110284,0.05993272,0.8919569
0.015020082,0.9805356,0.0044442657
0.017920854,0.9784454,0.0036337383
0.044484783,0.72146225,0.234053
0.017793978,0.97770476,0.0045012194
0.014868248,0.9811065,0.004025251
0.019337475,0.9754934,0.005169154
0.014379715,0.9785122,0.007108054
0.04443804,0.065611064,0.8899508
0.016671173,0.9727113,0.010617559
0.018587023,0.97594005,0.005472894
0.033901844,0.06576364,0.9003345
0.051909458,0.050165188,0.8979253
0.04551774,0.85467327,0.09980899
0.060543492,0.37943718,0.5600193
0.402683,0.22059819,0.37671885
0.08067446,0.068769075,0.85055643
0.874221,0.02154639,0.10423252
0.069549106,0.04596916,0.8844817
0.9896974,0.0076604527,0.0026422162
0.059466396,0.044647142,0.8958865
0.053204875,0.0429396,0.9038555
0.05646139,0.043353908,0.9001847
0.0631815,0.049157772,0.88766074
0.06798059,0.040041856,0.89197755
0.052964058,0.046831995,0.90020394
0.017559182,0.9780849,0.004355912
0.04894045,0.057778683,0.8932809
0.062009826,0.04132762,0.89666253
0.062492084,0.41452354,0.5229844
0.05629303,0.044012643,0.8996944
0.06516954,0.045673735,0.88915664
0.052627392,0.040134672,0.9072379
0.06439003,0.044125114,0.89148486
0.05775929,0.049259607,0.89298105
0.054587085,0.040883835,0.9045291
0.016507689,0.97452605,0.008966314
0.399663,0.028684143,0.5716529
0.06529284,0.048640124,0.886067
0.05244215,0.0674687,0.8800891
0.061322432,0.06442244,0.8742551
0.034210667,0.8935772,0.072212115
0.033419825,0.5207359,0.44584423
0.033734836,0.8897957,0.07646938
0.056878906,0.051210478,0.8919107
0.065499745,0.048225787,0.88627446
0.014848872,0.98126435,0.003886822
0.015818162,0.97815734,0.0060244533
0.040351477,0.08757805,0.8720705
0.082295746,0.048782434,0.86892176
0.06138032,0.05322409,0.8853956
0.059614427,0.04402136,0.8963643
0.059944,0.05573771,0.8843183
0.9857611,0.009025507,0.0052133705
0.15849224,0.031146176,0.8103616
0.06646966,0.041131124,0.8923992
0.066741385,0.04201113,0.89124745
0.058602296,0.04724949,0.89414823
0.10108957,0.040427204,0.85848314
0.061010208,0.045074053,0.8939157
0.05845171,0.043141697,0.89840657
0.0785083,0.041249942,0.88024175
0.15356822,0.033176005,0.8132558
0.0573352,0.044915106,0.8977498
0.05619167,0.0417785,0.90202975
0.024377014,0.97017705,0.0054458915
0.061972555,0.037957128,0.90007037
0.053240765,0.037422992,0.90933627
0.054822043,0.041180283,0.9039976
0.23249887,0.0327587,0.7347425
0.051166944,0.06202121,0.8868118
0.046839114,0.06417797,0.8889829
0.053683933,0.04714514,0.8991709
0.05569354,0.050709546,0.89359695
0.01126228,0.9797323,0.009005416
0.063319676,0.03483212,0.90184814
0.9630674,0.009222868,0.027709728
0.0939819,0.067957565,0.8380606
0.060342308,0.045106113,0.8945516
0.0627956,0.066519976,0.8706844
0.08854099,0.35919172,0.55226725
0.9872607,0.009065758,0.0036736443
0.03989706,0.07826736,0.88183564
0.022210939,0.9306995,0.047089484
0.104912676,0.034495316,0.86059195
0.046407532,0.039501116,0.91409135
0.019751823,0.97593147,0.0043167113
0.15496305,0.06913477,0.7759022
0.04847947,0.07182316,0.8796974
0.051947635,0.04550908,0.90254325
0.049687117,0.051339507,0.89897346
0.064516544,0.03875098,0.8967325
0.05574811,0.05239608,0.8918558
0.073111914,0.036637537,0.8902506
0.05445557,0.04054706,0.90499735
0.06641037,0.042856827,0.8907329
0.04717492,0.060959514,0.8918656
0.052834675,0.05178747,0.8953779
0.060823854,0.05189854,0.8872776
0.9902672,0.0071096383,0.0026231636
0.05811722,0.05166529,0.89021754
0.06561964,0.04994517,0.88443524
0.06262391,0.049782075,0.887594
0.056352846,0.042996768,0.9006504
0.040223975,0.3010145,0.6587615
0.05483024,0.044121917,0.90104777
0.057957944,0.040283747,0.90175825
0.057024986,0.04658791,0.89638704
0.05708684,0.044676896,0.8982362
0.055351723,0.3644806,0.58016765
0.06053851,0.047679916,0.8917815
0.09446246,0.030704929,0.87483263
0.08116989,0.047023423,0.87180674
0.06847421,0.048295394,0.8832304
0.04542487,0.071988694,0.8825864
0.052680794,0.047107607,0.9002116
0.05666175,0.03907635,0.9042619
0.061295845,0.039286766,0.8994174
0.073128134,0.039895203,0.8869766
0.05850734,0.053141635,0.888351
0.018833073,0.9725781,0.008588793
0.06068873,0.044880357,0.8944309
0.05901154,0.044544246,0.89644426
0.05532187,0.04745814,0.89722
0.04537238,0.082480334,0.87214726
0.9811048,0.011670201,0.0072249942
0.053709857,0.045806084,0.9004841
0.07572847,0.041374385,0.88289726
0.1691575,0.049739566,0.7811029
0.056587078,0.050427984,0.892985
0.06420054,0.037338294,0.8984612
0.05582222,0.04544967,0.89872813
0.052635126,0.05012679,0.8972381
0.018034996,0.96941143,0.012553625
0.05605019,0.0415514,0.9023984
0.24419536,0.03789926,0.7179054
0.050232455,0.06716744,0.88260007
0.41689828,0.025381336,0.5577204
0.11122464,0.042703312,0.84607214
0.98755276,0.006263149,0.006184139
0.045882717,0.055643186,0.8984741
0.05786574,0.03696174,0.90517247
0.60266393,0.021485437,0.37585062
0.054409478,0.037376795,0.90821373
0.055850442,0.044527855,0.8996217
0.055935405,0.039548106,0.9045166
0.058382392,0.031479564,0.9101381
0.34771368,0.028472478,0.6238138
0.05857665,0.04460631,0.89681697
0.06636018,0.068433255,0.8652066
0.16983086,0.026649019,0.80352014
0.029910145,0.8447309,0.12535895
0.06299575,0.039769743,0.8972345
0.058249872,0.041184507,0.9005657
0.04539702,0.08623257,0.86837035
0.068840735,0.04968106,0.88147825
0.048800234,0.048657477,0.9025423
0.06507894,0.041346494,0.89357466
0.0576267,0.047518298,0.894855
0.04688627,0.038567595,0.9145462
0.06081257,0.048602525,0.890585
0.04456653,0.0417439,0.9136896
0.08064522,0.06827582,0.85107887
0.07255026,0.03710937,0.8903404
0.10088915,0.034977194,0.8641337
0.01417012,0.9808702,0.004959628
0.23881862,0.046370625,0.7148107
0.059025336,0.03684704,0.9041277
0.052057225,0.058386784,0.889556
0.011272061,0.9853829,0.0033450557
0.056419734,0.09897138,0.84460884
0.09609658,0.74305046,0.16085295
0.0588287,0.04356861,0.8976027
0.048699647,0.054567654,0.8967326
0.071206145,0.039017748,0.889776
0.059480716,0.046165567,0.89435375
0.06743122,0.051248897,0.8813199
0.058858648,0.04745618,0.89368516
0.059522185,0.03892141,0.9015564
0.059687663,0.04852573,0.89178663
0.051696807,0.03329658,0.9150065
0.9881721,0.007537423,0.004290502
0.12418269,0.05228782,0.82352954
0.059079476,0.041689567,0.89923096
0.064958535,0.042248685,0.8927928
0.05280205,0.03872523,0.9084727
0.05146612,0.047343407,0.90119046
0.057938587,0.03972347,0.9023379
0.054722648,0.04379946,0.90147793
0.038916025,0.4272641,0.5338199
0.06078647,0.04987966,0.8893339
0.05694366,0.08684992,0.85620654
0.067555815,0.041701302,0.89074284
0.09882206,0.04539894,0.85577905
0.26928043,0.031747498,0.69897205
0.9891551,0.007291395,0.0035535423
0.07734123,0.034504794,0.8881541
0.9852357,0.0104948925,0.0042694057
0.9880051,0.008547919,0.0034469326
0.9871414,0.009270566,0.0035881104
0.9881692,0.008482807,0.0033479691
0.98434883,0.010892496,0.0047585787
0.9906074,0.00667466,0.0027179578
0.77901256,0.11658412,0.10440333
0.9899805,0.0074123982,0.0026070834
0.080758594,0.03431242,0.88492894
0.9848514,0.011178309,0.0039702095
0.9537741,0.009442233,0.036783732
0.9886481,0.008503511,0.0028483195
0.9880575,0.008785342,0.0031570788
0.98756695,0.007658907,0.004774136
0.9871013,0.008880299,0.0040183305
0.98933816,0.007839268,0.0028226075
0.9898169,0.006894494,0.0032886881
0.9880903,0.008777059,0.003132614
0.9853098,0.01070269,0.0039876034
0.98856807,0.00852777,0.0029042622
0.98901397,0.007929077,0.0030569315
0.98467445,0.0099210115,0.005404506
0.98462707,0.010325801,0.005047159
0.98635846,0.010273489,0.0033680447
0.98589534,0.009865641,0.004239017
0.9572653,0.013286346,0.029448273
0.98875904,0.008496163,0.0027448651
0.9910396,0.0065933345,0.0023670516
0.085125364,0.038182113,0.8766925
0.98727083,0.0098456945,0.0028835058
0.9873985,0.008970144,0.0036313517
0.017445011,0.9774359,0.005119105
0.98690027,0.009543852,0.0035558438
0.08615225,0.039481908,0.8743658
0.98696774,0.008974993,0.004057215
0.9864326,0.0100853825,0.0034820132
0.9875574,0.009193317,0.003249294
0.98715717,0.009261666,0.0035811667
0.98442554,0.00716499,0.008409508
0.991598,0.006258172,0.0021438408
0.9737412,0.0072552944,0.019003479
0.9882406,0.008351897,0.0034075864
0.98734796,0.00807973,0.0045723286
0.9874933,0.009041366,0.0034653924
0.22195724,0.037174936,0.74086785
0.9912282,0.0058310824,0.0029406548
0.989479,0.006987016,0.0035339382
0.9857759,0.010929613,0.0032945091
0.98745894,0.0072931224,0.005247912
0.986278,0.009706973,0.0040149787
0.9853402,0.009594125,0.0050656334
0.9872155,0.008650211,0.0041342354
0.9898992,0.0073040095,0.0027967624
0.98790526,0.009259638,0.002835083
0.98677456,0.0096174795,0.0036078554
0.9863129,0.009840945,0.0038462498
0.8295274,0.018219579,0.152253
0.9603931,0.014286783,0.025320148
0.9878164,0.009106363,0.0030771766
0.9845493,0.008686024,0.0067646815
0.9855678,0.0071174805,0.0073147845
0.4790477,0.18577468,0.33517763
0.98964053,0.00691349,0.0034459017
0.9884758,0.008568712,0.0029554893
0.9880542,0.008269173,0.003676597
0.9879995,0.008132575,0.003867907
0.9889309,0.0083822515,0.002686989
0.9901378,0.0069304868,0.0029316882
0.9863716,0.009698419,0.003930012
0.9915541,0.0061189034,0.0023270142
0.9858386,0.00873997,0.0054214736
0.98835933,0.008501027,0.003139593
0.986573,0.00952672,0.0039002243
0.5993123,0.022152077,0.37853563
0.9884975,0.008192485,0.0033100632
0.9856447,0.010067492,0.004287895
0.97786546,0.008049157,0.014085385
0.98731357,0.009622733,0.0030636196
0.08261982,0.09307356,0.8243066
0.9865846,0.0063184113,0.0070970464
0.99108434,0.006212317,0.0027033794
0.9887744,0.0081151435,0.003110388
0.9693917,0.011089133,0.019519135
0.98674273,0.009787716,0.0034695286
0.9873138,0.009146281,0.0035400067
0.13312057,0.036145203,0.83073425
0.977783,0.012761344,0.009455684
0.6595282,0.035331216,0.30514064
0.99138427,0.0064428397,0.002172884
0.9862316,0.010162413,0.0036058703
0.06175123,0.040954817,0.8972939
0.9850221,0.010159868,0.004817965
0.9898907,0.0073396973,0.0027695596
0.99169403,0.0060721426,0.0022338165
0.9901382,0.007025893,0.0028359466
0.9730301,0.011272963,0.015696878
0.9871852,0.009162969,0.0036519023
0.9820031,0.01115687,0.006840067
0.9877713,0.008921105,0.0033076315
0.98807377,0.008725635,0.003200591
0.99133646,0.0062443134,0.002419181
0.9862018,0.008213467,0.0055847117
0.9880614,0.008325955,0.0036125605
0.9848637,0.01052171,0.004614585
0.9860431,0.010012721,0.00394408
0.9887799,0.007934946,0.0032852427
0.98808783,0.008785612,0.003126494
0.98553747,0.010355555,0.0041071046
0.98738515,0.009391328,0.0032234455
0.98860186,0.008395845,0.0030024142
0.98835933,0.008567702,0.0030728602
0.98854196,0.008354444,0.0031035892
0.9853448,0.0097405,0.0049146
0.9864182,0.008584342,0.004997432
0.9858746,0.009836572,0.0042888955
0.9892943,0.0070957197,0.0036100103
0.98755825,0.008354285,0.004087489
0.9868183,0.009552383,0.003629218
0.98741454,0.008900483,0.0036849966
0.9884439,0.00614155,0.005414609
0.9874051,0.009102572,0.0034922604
0.70577353,0.28571576,0.0085107125
0.98324615,0.010901566,0.005852308
0.9871221,0.009868274,0.0030096537
0.98543,0.011152156,0.0034178635
0.9908221,0.006721901,0.0024560026
0.9859346,0.009359235,0.0047061187
0.9883267,0.00845934,0.0032139404
0.98203444,0.008697745,0.009267747
0.9882394,0.008392767,0.0033678832
0.98781073,0.008299491,0.0038898934
0.99134916,0.0061057014,0.0025452352
0.9877747,0.008520926,0.003704385
0.9870237,0.008673904,0.004302289
0.99014217,0.0064034243,0.0034543884
0.9869322,0.010139883,0.0029279098
0.98938364,0.007831978,0.002784408
0.98887104,0.007881614,0.0032472676
0.9860687,0.010361138,0.0035702381
0.98712766,0.0091267135,0.0037455957
0.99103117,0.006896214,0.0020726419
0.057063397,0.031375214,0.91156137
0.9881997,0.008667294,0.003132961
0.05895577,0.044134278,0.8969099
0.9877564,0.008903565,0.0033400408
0.01473775,0.9815595,0.0037027088
0.014369596,0.97734636,0.008284061
0.01292832,0.9838283,0.003243353
0.015670158,0.9804273,0.0039025154
0.012314265,0.9839919,0.003693804
0.022281384,0.9595331,0.018185535
0.014851717,0.97905916,0.0060891826
0.014805398,0.9812619,0.003932629
0.016375998,0.9795814,0.004042612
0.017608095,0.96701884,0.015373057
0.013913059,0.98303074,0.0030562931
0.0165731,0.97457325,0.008853632
0.07146853,0.042426486,0.8861049
0.01561143,0.9781848,0.0062037366
0.015866246,0.9806518,0.00348195
0.014047318,0.9809537,0.0049989526
0.016297316,0.9791683,0.004534449
0.016996792,0.9791996,0.0038036236
0.013348313,0.98357576,0.0030759585
0.017389432,0.97765756,0.0049530487
0.015746888,0.978994,0.0052591166
0.012454317,0.98454976,0.0029959537
0.014158577,0.98246694,0.0033744709
0.013868755,0.9827754,0.00335581
0.016818736,0.9794064,0.0037748208
0.016628789,0.9807169,0.0026542826
0.01004862,0.98620194,0.0037493985
0.015067666,0.98076445,0.0041678273
0.016631918,0.97946566,0.0039024968
0.012884888,0.984361,0.0027540883
0.015099406,0.97995526,0.0049453336
0.012872365,0.9805274,0.006600293
0.014299256,0.98306596,0.002634784
0.016007595,0.98168856,0.0023038613
0.018324822,0.9778021,0.0038731077
0.012990224,0.9846853,0.0023244745
0.013944566,0.981895,0.0041604247
0.0155519415,0.9801839,0.0042641386
0.0154981,0.9810924,0.0034094718
0.015071472,0.9810122,0.0039163004
0.024143105,0.97171944,0.0041374625
0.015140794,0.980724,0.004135222
0.015746083,0.9813369,0.0029170022
0.021053826,0.97366434,0.0052818144
0.01800499,0.97681886,0.0051761777
0.017148023,0.9797458,0.003106159
0.014811529,0.9797529,0.00543557
0.016030911,0.9788077,0.0051614526
0.016365767,0.97944754,0.004186691
0.015299293,0.9804022,0.0042985394
0.010964743,0.9855699,0.0034654045
0.0134095615,0.9837562,0.0028342258
0.01526387,0.9800444,0.0046917284
0.018949479,0.9771572,0.003893299
0.014853128,0.98106635,0.004080495
0.01585602,0.9800198,0.00412419
0.01889466,0.97718906,0.003916306
0.014676659,0.98227537,0.0030479862
0.0201314,0.97520906,0.004659471
0.016302994,0.976644,0.0070530353
0.02268557,0.9552407,0.022073666
0.01389081,0.98241764,0.0036914973
0.051453613,0.048454348,0.90009207
0.020771826,0.8411495,0.13807866
0.016153045,0.9809818,0.0028651375
0.017341806,0.9783182,0.0043399646
0.016751489,0.9793083,0.0039401604
0.016208073,0.98000747,0.003784522
0.015245988,0.9765094,0.008244698
0.01859897,0.9775214,0.003879566
0.019579606,0.9738203,0.0066001094
0.018913362,0.9781563,0.0029303522
0.015212909,0.98059547,0.0041915975
0.018198436,0.9777191,0.0040824884
0.013875607,0.98230124,0.0038231316
0.068111494,0.46048427,0.47140434
0.0216879,0.9477571,0.030554991
0.012538966,0.9844886,0.002972454
0.016725553,0.9792254,0.004049043
0.01654067,0.9807736,0.002685726
0.01865582,0.9766867,0.0046574255
0.015172663,0.98134977,0.0034776293
0.01426013,0.9822927,0.0034471424
0.015238051,0.9812573,0.0035045743
0.014023769,0.98362225,0.0023539288
0.020910893,0.9755912,0.0034979752
0.016045952,0.9792478,0.004706263
0.017465327,0.9800087,0.002525967
0.015510565,0.9814022,0.0030871972
0.021024592,0.9751652,0.0038102127
0.018196862,0.9785896,0.003213505
0.015984287,0.980738,0.003277672
0.014962271,0.9805846,0.004453176
0.051231105,0.23877731,0.7099915
0.015735548,0.9792448,0.00501957
0.020518808,0.9747506,0.004730622
0.015641533,0.98054963,0.003808868
0.013608597,0.98240006,0.0039913887
0.013350422,0.98373115,0.0029184134
0.019413767,0.97647697,0.004109281
0.016123597,0.98015,0.0037263902
0.0508538,0.057372227,0.89177394
0.0135023035,0.9823716,0.0041260207
0.017853357,0.9795315,0.002615076
0.012242453,0.98496383,0.0027937102
0.018118544,0.97819144,0.0036900034
0.017758938,0.9781647,0.0040763794
0.017973438,0.9786847,0.0033418417
0.0132238865,0.9834893,0.0032868672
0.018949192,0.9771424,0.0039084777
0.01774274,0.979183,0.0030742062
0.014863904,0.9803411,0.004795069
0.012776981,0.982333,0.004890018
0.015792163,0.97798115,0.0062267203
0.015456165,0.98082936,0.0037144353
0.019310607,0.97747326,0.0032161148
0.017441373,0.97914255,0.0034160132
0.016116096,0.9787379,0.005145986
0.019074196,0.9745054,0.0064203274
0.013998829,0.9785227,0.0074784127
0.013550172,0.98057336,0.0058764336
0.01993358,0.911117,0.06894937
0.01656821,0.97905445,0.0043772953
0.018060151,0.97742236,0.004517531
0.012851749,0.9827885,0.0043597957
0.015327038,0.98074245,0.003930547
0.013682921,0.9819947,0.004322374
0.014715537,0.9819962,0.003288293
0.014278574,0.98212355,0.0035978705
0.0126622515,0.9845069,0.0028308542
0.014404871,0.98166096,0.0039342283
0.014606801,0.9809471,0.0044461302
0.011461173,0.9849377,0.0036011394
0.014815407,0.98144597,0.003738612
0.07757925,0.05386893,0.8685519
0.012711099,0.9834909,0.003797974
0.017588262,0.9782707,0.0041410225
0.015497096,0.98055,0.003952869
0.014957184,0.98120904,0.0038338273
0.09045052,0.050540335,0.8590091
0.98855597,0.008081719,0.0033623881
0.0133453375,0.9819171,0.004737561
0.011997252,0.98523545,0.0027673237
0.016256662,0.9805485,0.0031948802
0.014833606,0.98217183,0.0029945606
0.013595196,0.9814326,0.004972174
0.016423617,0.97907764,0.004498745
0.015895229,0.97909087,0.0050138817
0.014981607,0.979936,0.005082323
0.017047202,0.97875273,0.004200095
0.1001804,0.061224103,0.83859545
0.015680218,0.9796209,0.004698869
0.019257296,0.97668046,0.0040622526
0.016065123,0.9794607,0.004474212
0.014780664,0.9805798,0.004639601
0.068542264,0.18805376,0.74340403
0.014120311,0.98316634,0.0027133937
0.014638026,0.98256415,0.0027978115
0.015760502,0.98127675,0.0029627564
0.01622381,0.9804802,0.003296067
0.014973345,0.982509,0.0025176166
0.015114828,0.9819147,0.002970479
0.017613163,0.9782217,0.0041651484
0.015344388,0.98041546,0.004240228
0.015716773,0.98046726,0.0038159937
0.020547485,0.9751602,0.004292291
0.014367795,0.98296666,0.0026655728
0.015296881,0.9807263,0.0039768135
0.014814915,0.9809343,0.0042507662
0.016883207,0.9778943,0.005222518
0.013279785,0.97996074,0.006759507
0.05517435,0.043860145,0.9009655
0.016360344,0.9791231,0.0045165624
0.013450046,0.9823996,0.0041503855
0.014798856,0.98034954,0.0048516337
0.013729548,0.98054147,0.0057289186
0.015236356,0.9811482,0.0036154194
0.020137966,0.9760035,0.0038584403
0.01427922,0.9826477,0.003073056
0.016648605,0.9804484,0.002902999
0.017962322,0.9783182,0.0037194258
0.013846696,0.9826506,0.0035027026
0.016167028,0.9794368,0.0043961443
0.0148169715,0.9810705,0.0041125156
0.013432252,0.98349804,0.0030697142
0.012615803,0.98377323,0.0036109597
0.013439628,0.9787669,0.007793466
0.014066554,0.98325664,0.0026767948
0.022869205,0.91261554,0.06451519
0.01745816,0.9786502,0.0038916396
0.011762309,0.98259133,0.005646374
0.01935581,0.9754651,0.0051791095
0.016818363,0.97938466,0.0037969195
0.018013196,0.9786967,0.0032900716
0.014623842,0.9811328,0.0042433306
0.013612707,0.9812583,0.005129096
0.016666131,0.9686261,0.01470781
0.018111534,0.9782906,0.0035978556
0.017844677,0.9785774,0.0035778848
0.017833663,0.9774959,0.0046703974
0.01510904,0.9796234,0.005267639
0.011879608,0.9832259,0.004894463
0.018591177,0.97758913,0.0038196833
0.01481482,0.982366,0.0028191863
0.019807843,0.9765513,0.0036408983
0.01394459,0.9833362,0.0027191683
0.017978566,0.9787249,0.0032965986
0.015426197,0.98179984,0.0027738793
0.019501055,0.97704333,0.0034556128
0.013873369,0.97831386,0.007812714
0.011563383,0.98310363,0.0053330194
0.049231943,0.048209038,0.902559
0.046527248,0.6225277,0.33094504
0.09666386,0.03183747,0.8714986
0.015609107,0.97090214,0.0134887835
0.13280779,0.044959992,0.8222323
0.048444223,0.84538156,0.1061742
0.057402156,0.049050737,0.89354706
0.0658004,0.05551782,0.8786818
0.07144334,0.04664824,0.88190854
0.036359273,0.30644587,0.65719485
0.94642556,0.017797526,0.035776876
0.06553874,0.051116444,0.8833448
0.068905026,0.048362527,0.88273245
0.05069995,0.040028702,0.9092714
0.06937099,0.047981545,0.88264745
0.052268732,0.038277984,0.9094533
0.051275104,0.0371854,0.91153955
0.05673834,0.037777435,0.90548414
0.051209997,0.037963245,0.91082674
0.05066651,0.038885314,0.91044813
0.06206189,0.040522706,0.89741534
0.11168099,0.06672033,0.8215986
0.031548332,0.93558246,0.032869216
0.060972977,0.04172232,0.8973048
0.734393,0.022482028,0.24312498
0.065186486,0.062628046,0.8721855
0.06174183,0.03978574,0.8984725
0.09056071,0.03199223,0.87744695
0.046731275,0.041300658,0.9119681
0.582424,0.01610787,0.4014682
0.98547965,0.009765646,0.00475475
0.06579863,0.043447793,0.8907536
0.05899281,0.05355643,0.88745075
0.0666463,0.044678714,0.8886749
0.06631757,0.048094407,0.885588
0.0527643,0.035859354,0.91137636
0.056159377,0.042329274,0.9015113
0.061120447,0.03940456,0.899475
0.062863655,0.048317052,0.8888193
0.06787919,0.056992795,0.87512803
0.050581366,0.048453975,0.9009647
0.14285173,0.040992703,0.8161556
0.9866796,0.009532405,0.0037880274
0.07668034,0.060629535,0.8626901
0.054071743,0.04202895,0.9038993
0.06299068,0.048131835,0.8888775
0.018444253,0.9760393,0.0055163787
0.06039972,0.037174866,0.9024254
0.06000447,0.038647324,0.90134823
0.059316408,0.04574673,0.8949368
0.056513976,0.03893639,0.90454966
0.05068004,0.040405653,0.9089144
0.049783416,0.040217526,0.9099991
0.05739978,0.040762205,0.90183806
0.05307261,0.03156755,0.9153598
0.056764945,0.0426189,0.9006161
0.063360505,0.03684974,0.8997897
0.057009775,0.042015854,0.90097433
0.055885,0.061347708,0.8827674
0.013433316,0.9792631,0.0073035676
0.059682645,0.044678412,0.89563894
0.043530293,0.04018039,0.91628927
0.015600031,0.98033845,0.0040615704
0.05526953,0.050545115,0.89418536
0.05893277,0.039238524,0.90182877
0.050501045,0.038027238,0.91147166
0.058777537,0.04264709,0.89857537
0.05027059,0.037085313,0.91264415
0.057729986,0.037455723,0.90481436
0.06054736,0.037908077,0.9015446
0.05882222,0.037517693,0.9036601
0.979649,0.011416343,0.008934576
0.048265908,0.2976926,0.65404147
0.98815024,0.006749758,0.005099963
0.05442184,0.03627047,0.90930766
0.0627335,0.045075066,0.89219147
0.060653638,0.05195586,0.8873905
0.05851547,0.04604159,0.89544296
0.05478965,0.042628575,0.9025817
0.06684638,0.05090373,0.88224983
0.0643828,0.049872782,0.8857445
0.054743785,0.07202965,0.8732265
0.07563356,0.09802058,0.82634586
0.063491054,0.04319156,0.8933174
0.9673275,0.011653328,0.021019183
0.019722832,0.97283494,0.007442208
0.97714794,0.008981662,0.013870375
0.97685856,0.0077328286,0.015408633
0.08321353,0.035166077,0.88162035
0.05473199,0.043636154,0.9016319
0.029184502,0.778089,0.1927265
0.07742486,0.03476207,0.88781303
0.049079064,0.045435064,0.9054858
0.051137965,0.04153429,0.9073278
0.06652945,0.03721046,0.8962601
0.06254518,0.035256393,0.9021984
0.048476152,0.046619058,0.90490484
0.24754784,0.046133995,0.70631814
0.05812308,0.05156968,0.8903073
0.09877043,0.036026448,0.86520314
0.07973186,0.038877185,0.881391
0.09220168,0.048255865,0.8595424
0.9418116,0.03352717,0.024661101
0.13115259,0.038316965,0.8305304
0.06484427,0.04131828,0.89383733
0.052453384,0.05863038,0.8889162
0.016188292,0.9773787,0.0064329724
0.22065161,0.03621216,0.7431362
0.050396133,0.0528147,0.8967892
0.048546433,0.08842282,0.86303085
0.06319821,0.04543114,0.89137065
0.062155847,0.03863115,0.8992129
0.0796323,0.046927843,0.87343985
0.13824625,0.052883904,0.80886984
0.97545356,0.0123151755,0.012231277
0.054867502,0.04215062,0.9029819
0.074620515,0.057944514,0.867435
0.011771451,0.9819155,0.0063131214
0.06824226,0.04548135,0.8862764
0.05992571,0.045168087,0.8949063
0.075266406,0.05277584,0.8719578
0.041796375,0.06891058,0.8892931
0.06136653,0.036858965,0.9017745
0.053617496,0.03596195,0.9104206
0.01455463,0.9793544,0.006091019
0.19186834,0.033885382,0.7742462
0.059908237,0.50087124,0.43922046
0.05881547,0.038950656,0.9022338
0.061941076,0.09706708,0.84099185
0.020222936,0.97534764,0.004429393
0.07658167,0.21643013,0.7069883
0.13785636,0.04544911,0.8166945
0.034048855,0.85444546,0.11150571
0.11253023,0.47655407,0.4109156
0.054178506,0.039252635,0.9065689
0.053836893,0.11787802,0.8282851
0.06848375,0.056747302,0.8747689
0.062062707,0.04531745,0.8926199
0.07372823,0.04974108,0.87653065
0.054074958,0.03621568,0.90970933
0.9881209,0.008078163,0.0038009773
0.065575734,0.049717166,0.88470703
0.059330743,0.036731526,0.9039377
0.061025675,0.041332383,0.8976419
0.055691943,0.03622175,0.9080863
0.06707231,0.05544223,0.87748545
0.05455924,0.03294675,0.91249406
0.04643578,0.05045481,0.9031094
0.05179577,0.037691604,0.91051257
0.055391144,0.040544823,0.90406406
0.074800275,0.030697972,0.89450175
0.060504366,0.0416653,0.89783037
0.044149734,0.03824574,0.91760457
0.056215823,0.044884864,0.89889926
0.07343465,0.051390957,0.8751744
0.08765996,0.05130667,0.8610334
0.07283026,0.036442976,0.89072686
0.06276635,0.050656307,0.88657737
0.06254106,0.036640543,0.90081847
0.057548705,0.045747604,0.89670366
0.049038,0.03780123,0.91316074
0.07219473,0.055137817,0.8726675
0.05903863,0.04103488,0.8999265
0.066184066,0.05388614,0.8799298
0.05651501,0.03803513,0.9054499
0.060342308,0.045106113,0.8945516
0.061897516,0.043063987,0.89503855
0.054104134,0.04321991,0.90267605
0.0807797,0.041805767,0.8774146
0.43906564,0.024553634,0.5363807
0.049099933,0.03836999,0.91253
0.054046165,0.036284883,0.909669
0.058985755,0.044961724,0.89605254
0.07816264,0.059057903,0.8627794
0.056537405,0.044702932,0.8987596
0.054936714,0.042265657,0.9027976
0.061173633,0.037248902,0.9015774
0.058695246,0.05097042,0.8903343
0.056087084,0.04663425,0.89727867
0.05722065,0.038472444,0.90430695
0.055253793,0.04994202,0.89480424
0.050716955,0.045020577,0.9042625
0.056971405,0.03692747,0.9061012
0.056755062,0.04366461,0.8995804
0.086548455,0.046145443,0.8673061
0.052354276,0.03892539,0.90872043
0.0585239,0.04634145,0.8951347
0.053940084,0.056171034,0.8898888
0.054029964,0.052855734,0.8931144
0.059334904,0.045449242,0.89521587
0.063691325,0.04148523,0.8948235
0.05572301,0.039668184,0.9046088
0.051483113,0.03995828,0.9085586
0.040701117,0.03925672,0.9200422
0.05657253,0.046740245,0.89668727
0.05765728,0.03954991,0.9027928
0.07027168,0.052914504,0.87681377
0.0611221,0.044196907,0.89468104
0.058422305,0.04230663,0.899271
0.054106414,0.04317954,0.9027141
0.15186018,0.026364388,0.8217755
0.07783104,0.049520753,0.8726482
0.07274235,0.030190557,0.8970672
0.06020844,0.04591613,0.8938754
0.052598383,0.04463967,0.9027619
0.067924775,0.03952356,0.8925517
0.07965532,0.039799776,0.8805449
0.059468675,0.045485027,0.89504623
0.082510225,0.039899334,0.8775904
0.056676485,0.04805376,0.89526975
0.06063897,0.04085046,0.8985106
0.1344572,0.03492572,0.830617
0.054884274,0.03432893,0.9107868
0.057937916,0.043691147,0.89837086
0.056956846,0.032739524,0.9103037
0.06234559,0.04576918,0.8918853
0.06838248,0.033490088,0.89812744
0.067006335,0.041261256,0.8917324
0.056732487,0.050606962,0.89266056
0.049820498,0.043052934,0.9071265
0.06324566,0.041660197,0.8950942
0.049804546,0.056546275,0.89364916
0.057181593,0.039569873,0.9032485
0.1494738,0.044055115,0.80647105
0.07431731,0.05244217,0.87324053
0.05826703,0.045289867,0.8964431
0.052816924,0.046406385,0.9007767
0.0639099,0.04082245,0.89526767
0.05876773,0.04280686,0.8984254
0.06170451,0.03904979,0.8992457
0.06964401,0.032913566,0.89744246
0.060179725,0.043749835,0.89607054
0.052074257,0.03653163,0.9113941
0.062419355,0.04376765,0.89381295
0.05554243,0.04057623,0.9038813
0.050100423,0.03589268,0.9140069
0.05961277,0.040100366,0.9002869
0.067942984,0.042746615,0.8893103
0.07787378,0.054099858,0.8680264
0.078587376,0.03337362,0.88803905
0.06927218,0.04933767,0.88139015
0.06760948,0.046580855,0.88580966
0.06373029,0.039148234,0.8971215
0.061273213,0.04489416,0.8938327
0.049986746,0.04296521,0.90704805
0.9835638,0.0078011286,0.008635063
0.06038491,0.053996693,0.8856183
0.070559904,0.041257832,0.88818216
0.06009092,0.044286635,0.8956224
0.056375757,0.0583075,0.8853167
0.055327713,0.042524926,0.90214735
0.06546063,0.039665125,0.8948743
0.058046248,0.041463535,0.90049016
0.044761203,0.043809794,0.9114289
0.061484244,0.04727992,0.8912359
0.06273501,0.044616304,0.8926487
0.03230716,0.6988999,0.2687929
0.05007639,0.038582835,0.9113407
0.053614758,0.040887658,0.90549755
0.070314914,0.03938536,0.89029974
0.05442645,0.032183688,0.91338986
0.052024126,0.040122688,0.90785307
0.066776924,0.043240927,0.88998216
0.05668042,0.048861578,0.894458
0.057573624,0.0369732,0.90545315
0.05496006,0.043180794,0.9018591
0.053684056,0.049335476,0.89698046
0.058120422,0.042876247,0.8990033
0.14753178,0.027338982,0.82512933
0.048513327,0.041455146,0.91003144
0.05576113,0.0363554,0.9078836
0.15288854,0.062485445,0.78462595
0.074115865,0.030431947,0.8954522
0.05422292,0.044646133,0.9011309
0.06780821,0.042041443,0.8901503
0.057105653,0.044800855,0.89809346
0.07847829,0.038172632,0.88334906
0.057610877,0.039000507,0.90338856
0.06066168,0.04312072,0.89621764
0.050569654,0.033148203,0.9162822
0.011851479,0.9837758,0.0043727076
0.056654844,0.044036742,0.8993083
0.07415635,0.054068822,0.87177485
0.055273205,0.04785833,0.8968685
0.06382029,0.034715433,0.9014642
0.060859226,0.042197138,0.8969436
0.055094622,0.033302553,0.91160285
0.05596501,0.09303981,0.8509951
0.07064014,0.04751826,0.88184166
0.058021326,0.044508222,0.8974705
0.056544263,0.043269396,0.90018636
0.071703635,0.05092003,0.8773763
0.057094544,0.055880982,0.88702446
0.05711487,0.04201117,0.9008739
0.053161137,0.037531596,0.9093073
0.05572085,0.0397054,0.90457374
0.058760542,0.05165383,0.8895856
0.056465887,0.04722511,0.8963089
0.05915364,0.038285818,0.90256053
0.04990915,0.03332793,0.9167629
0.058214493,0.041766852,0.9000187
0.050576486,0.03881622,0.9106073
0.047868595,0.041833356,0.9102981
0.062263366,0.046157382,0.8915793
0.07784868,0.026422096,0.89572924
0.05639362,0.04450224,0.8991042
0.051003434,0.038293187,0.91070336
0.05568802,0.050803646,0.8935083
0.056246717,0.043041702,0.9007116
0.048548736,0.04784275,0.9036085
0.069831,0.046859432,0.88330954
0.056009997,0.044437554,0.8995524
0.06508388,0.0438877,0.89102834
0.07938335,0.038782924,0.88183373
0.056634396,0.043064144,0.9003015
0.07233855,0.037749287,0.8899122
0.06466783,0.037812617,0.8975195
0.055421084,0.040467817,0.90411115
0.059435856,0.048628706,0.8919354
0.060285732,0.04469131,0.8950229
0.05753788,0.03977756,0.90268457
0.056572687,0.039263364,0.90416396
0.06744582,0.04759329,0.8849609
0.07014562,0.046887044,0.8829673
0.053945318,0.038969353,0.9070853
0.05876761,0.042370077,0.8988623
0.047682177,0.036666457,0.91565144
0.051076666,0.051051732,0.8978715
0.04984915,0.04205926,0.90809155
0.05858156,0.049766105,0.89165235
0.084876314,0.0452539,0.8698698
0.050516915,0.053174436,0.8963086
0.05480814,0.053695593,0.89149624
0.0717383,0.05003252,0.8782292
0.09202984,0.052539535,0.85543066
0.06037929,0.044520896,0.89509976
0.061176546,0.0367628,0.9020607
0.061322134,0.040630534,0.89804745
0.05127781,0.034459926,0.9142623
0.05263771,0.06399119,0.88337106
0.046809983,0.044579245,0.90861076
0.0489979,0.12871464,0.82228744
0.061873786,0.044740442,0.89338577
0.056802887,0.042418934,0.9007781
0.06499505,0.04649525,0.88850963
0.0626989,0.04254867,0.8947524
0.062233068,0.04182213,0.8959448
0.057874735,0.034155965,0.90796936
0.0724759,0.03896441,0.88855964
0.054450136,0.052058257,0.89349157
0.053687677,0.0431182,0.90319407
0.03945112,0.05471899,0.9058298
0.042281244,0.041261487,0.91645724
0.059762288,0.044716198,0.8955214
0.06871922,0.048776835,0.882504
0.08055384,0.029403485,0.8900427
0.057840344,0.03826749,0.90389216
0.057744246,0.043822385,0.8984334
0.061359853,0.04398057,0.8946596
0.056840133,0.038704865,0.90445495
0.06204065,0.045656644,0.8923027
0.045697615,0.030145345,0.9241571
0.052719966,0.06079894,0.88648117
0.050430603,0.044244844,0.9053246
0.062932976,0.06915211,0.867915
0.06460181,0.05183303,0.88356525
0.0592299,0.040569175,0.90020084
0.043846227,0.05459416,0.9015596
0.061894517,0.041798208,0.8963072
0.05945146,0.043136064,0.8974125
0.058762126,0.043775048,0.8974629
0.06624047,0.046605986,0.8871535
0.06267349,0.048596133,0.8887304
0.06689653,0.04239763,0.8907058
0.054708842,0.037858717,0.9074324
0.06472272,0.043986455,0.8912908
0.059678014,0.046499982,0.893822
0.04065231,0.059062183,0.9002855
0.07022291,0.052287262,0.87748975
0.068912126,0.050417192,0.8806707
0.069848254,0.04056348,0.88958824
0.063364066,0.049880948,0.88675505
0.051342238,0.039926846,0.90873086
0.05501768,0.04261829,0.90236396
0.06701315,0.04420657,0.88878024
0.11867898,0.056720793,0.8246002
0.052678257,0.03654265,0.9107791
0.0650424,0.046234705,0.88872284
0.047325388,0.039426167,0.91324836
0.06471721,0.04101642,0.8942663
0.06874318,0.048013914,0.88324285
0.1557534,0.04521078,0.7990359
0.05865146,0.041630745,0.8997178
0.058606293,0.038850043,0.90254366
0.076054245,0.2666164,0.6573293
0.071217954,0.054791667,0.8739903
0.057399433,0.037680246,0.90492034
0.05767127,0.04151878,0.90080994
0.06589245,0.048160892,0.88594663
0.05685802,0.048942927,0.894199
0.064036906,0.038916286,0.89704686
0.12314464,0.03325741,0.84359795
0.06282867,0.04362652,0.89354485
0.05788015,0.043329068,0.8987907
0.059614968,0.041821666,0.89856344
0.060349967,0.04629452,0.8933555
0.055308253,0.044181798,0.90051
0.05604929,0.03891911,0.90503156
0.05599217,0.04386301,0.9001448
0.055088583,0.048853464,0.8960579
0.05521812,0.037802868,0.906979
0.05433734,0.044392176,0.90127045
0.05881405,0.050355475,0.8908305
0.01599359,0.9543735,0.029632956
0.052837998,0.041615017,0.905547
0.064089105,0.037694443,0.8982165
0.06717913,0.038352344,0.89446855
0.04403495,0.08521179,0.8707533
0.06084817,0.041494846,0.897657
0.059967976,0.04842148,0.8916105
0.082583,0.0469511,0.8704659
0.0783455,0.04023047,0.88142395
0.055482812,0.04688118,0.89763606
0.072914176,0.05300761,0.8740782
0.056100972,0.04989724,0.89400184
0.058643803,0.038234856,0.9031213
0.06126047,0.038523465,0.900216
0.056033432,0.04139724,0.9025693
0.087171115,0.024659881,0.888169
0.10374802,0.024606245,0.87164575
0.06353373,0.040800728,0.8956655
0.057982866,0.047765322,0.8942518
0.06243779,0.03647303,0.9010892
0.060481638,0.04377652,0.8957418
0.06370304,0.048273776,0.8880232
0.06550434,0.046859585,0.88763607
0.0655318,0.049490154,0.884978
0.05481621,0.035082303,0.91010153
0.056497857,0.04141553,0.9020866
0.05790572,0.053816166,0.8882781
0.048557706,0.072044514,0.8793978
0.062400367,0.038368735,0.89923096
0.039329305,0.37791348,0.58275723
0.07170232,0.0530769,0.8752208
0.05356829,0.04304333,0.9033884
0.0761268,0.04667192,0.87720126
0.05853001,0.04273792,0.89873207
0.98584634,0.009312812,0.004840869
0.05287701,0.029777408,0.9173456
0.06579893,0.041701995,0.8924991
0.056531407,0.039523136,0.9039455
0.05255647,0.040100157,0.9073433
0.05838448,0.046867453,0.8947481
0.04957416,0.056120045,0.89430577
0.06797049,0.046692587,0.88533694
0.059991334,0.041493956,0.89851475
0.086013414,0.03332344,0.88066316
0.05547159,0.043561414,0.900967
0.065604895,0.054895293,0.87949985
0.052525025,0.04773126,0.89974374
0.056445047,0.035686463,0.9078685
0.06593866,0.035727903,0.89833343
0.050295707,0.054702207,0.89500207
0.06084211,0.055505686,0.88365215
0.057354387,0.04371822,0.8989275
0.06974202,0.05579357,0.87446445
0.053529263,0.05120283,0.89526784
0.0680081,0.03659816,0.8953938
0.059772905,0.03354594,0.90668106
0.055300634,0.046070244,0.89862907
0.048634097,0.032811206,0.9185547
0.052914888,0.04815603,0.8989291
0.06151126,0.050771017,0.88771766
0.055877663,0.042302426,0.9018198
0.054946143,0.0425421,0.9025117
0.04638078,0.055973228,0.897646
0.04511668,0.091875434,0.86300796
0.055387482,0.051576417,0.8930361
0.06692848,0.04367897,0.88939255
0.05352024,0.045222867,0.90125686
0.05748965,0.034395754,0.9081146
0.083474025,0.04967454,0.86685133
0.05394961,0.0393357,0.9067147
0.05539593,0.047059853,0.8975442
0.053760484,0.034727328,0.91151226
0.053864166,0.04129909,0.9048367
0.058516238,0.044278346,0.89720535
0.053950973,0.038425464,0.9076235
0.056245793,0.04173714,0.9020172
0.054061856,0.0395525,0.9063856
0.0726848,0.05086621,0.876449
0.05014985,0.049565587,0.9002845
0.04933265,0.042278945,0.9083884
0.050621882,0.05164552,0.89773256
0.058919974,0.04471465,0.89636534
0.08595084,0.03230622,0.8817429
0.05856368,0.039548848,0.9018874
0.054458566,0.039167617,0.90637386
0.05297348,0.053232774,0.8937937
0.050328415,0.051021226,0.89865047
0.06013645,0.05788916,0.88197434
0.055200245,0.04253066,0.902269
0.055261184,0.045434427,0.8993044
0.057175085,0.04320019,0.8996247
0.06161964,0.04212366,0.8962566
0.048555452,0.06259045,0.888854
0.056074183,0.04772917,0.89619666
0.056028903,0.04147482,0.9024963
0.079203464,0.031458843,0.8893377
0.9837261,0.009729248,0.006544678
0.9844446,0.011075916,0.004479447
0.9884707,0.0063926145,0.0051366105
0.12832558,0.039165765,0.8325087
0.9874227,0.009428443,0.0031488943
0.053720765,0.046491444,0.8997878
0.07680473,0.039477818,0.8837174
0.0688501,0.039595246,0.8915547
0.056433063,0.04558945,0.89797753
0.05589529,0.05207471,0.89203
0.05471237,0.04793115,0.8973564
0.05388872,0.04041995,0.9056913
0.05726107,0.043519408,0.8992196
0.057009716,0.043774944,0.89921534
0.057035975,0.04377373,0.89919037
0.054993868,0.040828075,0.9041781
0.0514813,0.04485896,0.9036598
0.078978285,0.04111368,0.8799081
0.054329474,0.042768806,0.9029017
0.054885507,0.041836325,0.9032782
0.06919404,0.048258077,0.882548
0.059392028,0.038383834,0.9022242
0.055327684,0.043405995,0.9012663
0.05769572,0.046814766,0.8954895
0.06157431,0.041077465,0.8973482
0.056562807,0.024746684,0.9186905
0.05810546,0.043561496,0.8983331
0.049658306,0.03461634,0.9157253
0.06464636,0.042066183,0.89328736
0.015962072,0.9808108,0.003227096
0.053351514,0.046036813,0.9006117
0.058972243,0.046491705,0.894536
0.054993343,0.055289514,0.8897171
0.05803712,0.03499564,0.9069672
0.052595302,0.042489115,0.9049156
0.060383018,0.040519454,0.89909756
0.064095534,0.041973352,0.8939311
0.13992016,0.02994385,0.830136
0.056688257,0.043912362,0.8993994
0.060677834,0.046796706,0.89252543
0.06001264,0.045968376,0.894019
0.0553669,0.04096477,0.90366834
0.055391252,0.041425407,0.90318334
0.05392872,0.041917786,0.9041535
0.07485278,0.06136212,0.86378515
0.09449564,0.05292966,0.85257465
0.06372745,0.03259651,0.903676
0.059371717,0.03739046,0.9032378
0.051677004,0.03678791,0.91153514
0.057080965,0.0417002,0.90121883
0.062524274,0.048693955,0.8887818
0.054486685,0.042206965,0.90330637
0.056115784,0.04439124,0.8994929
0.050863538,0.037376452,0.91176003
0.06062287,0.04154356,0.8978336
0.05711635,0.026458016,0.9164257
0.09524493,0.03188748,0.8728675
0.058478035,0.04621478,0.8953071
0.06115749,0.036181577,0.90266085
0.06264516,0.041184127,0.89617074
0.055167675,0.035135265,0.909697
0.052271202,0.042662513,0.9050662
0.059023414,0.032452893,0.9085237
0.053826503,0.03843052,0.907743
0.05474013,0.04657091,0.898689
0.0791171,0.03294872,0.88793427
0.058662366,0.041012965,0.9003246
0.056693632,0.042503055,0.90080327
0.05510108,0.051259644,0.89363927
0.049589213,0.03774391,0.9126669
0.07088372,0.039250977,0.8898653
0.14562371,0.03483229,0.81954396
0.05460727,0.038760185,0.9066326
0.061176036,0.050322037,0.88850194
0.0631479,0.037450448,0.8994016
0.9862998,0.0082867965,0.0054134266
0.057912815,0.051963426,0.8901237
0.04959483,0.04562202,0.9047831
0.055270154,0.046157397,0.8985724
0.06253226,0.046834502,0.8906332
0.057183955,0.043930173,0.8988859
0.060949657,0.049503356,0.88954693
0.056026787,0.053330768,0.89064246
0.05940205,0.046990886,0.8936071
0.05948667,0.04694308,0.8935702
0.05412812,0.040146116,0.90572584
0.0531335,0.05124791,0.89561856
0.052200478,0.036424022,0.91137546
0.066046454,0.049830142,0.8841234
0.058505833,0.0369713,0.9045229
0.061156336,0.0523609,0.8864827
0.058807757,0.044347096,0.89684516
0.067227945,0.04894544,0.8838266
0.056365184,0.044545002,0.89908975
0.06243532,0.04352308,0.8940416
0.054302663,0.033049,0.9126483
0.06579517,0.052584708,0.88162017
0.055997334,0.042455163,0.9015475
0.059715822,0.04807682,0.8922074
0.054230623,0.039656606,0.9061128
0.058688957,0.03837656,0.9029345
0.06438929,0.046309978,0.88930076
0.054316618,0.04607541,0.899608
0.07112025,0.044505913,0.88437384
0.05260057,0.04150901,0.90589046
0.0665249,0.046851847,0.88662326
0.058439996,0.04113775,0.9004222
0.05761496,0.041135367,0.90124965
0.05384351,0.04299072,0.90316576
0.06470292,0.04253693,0.8927601
0.053743962,0.04255651,0.9036995
0.057304543,0.04103378,0.90166163
0.049976192,0.031581208,0.91844267
0.05299202,0.04192014,0.90508777
0.051625732,0.04527127,0.90310305
0.055014536,0.041791588,0.90319395
0.08190191,0.045274723,0.8728234
0.05630547,0.036300335,0.9073941
0.06513153,0.049694836,0.8851736
0.040709578,0.79873234,0.16055807
0.90429115,0.011184996,0.08452389
0.062967725,0.050645426,0.88638693
0.058345757,0.045751408,0.8959029
0.05652537,0.03653118,0.9069435
0.05708868,0.04902165,0.8938897
0.91517687,0.01072769,0.074095435
0.057435147,0.051989775,0.89057505
0.051905792,0.036538124,0.911556
0.050394688,0.042271137,0.90733415
0.06381443,0.04791163,0.8882739
0.04930809,0.04364191,0.90705
0.05425653,0.042732242,0.90301126
0.052772436,0.04236245,0.9048651
0.04987691,0.04241274,0.9077104
0.0529427,0.040158857,0.9068985
0.05541981,0.039164443,0.9054157
0.05568402,0.044743367,0.8995726
0.058581576,0.0388147,0.9026037
0.058147166,0.04287503,0.89897776
0.05340745,0.03752183,0.9090707
0.054742835,0.045206472,0.90005076
0.059313927,0.040527664,0.90015835
0.052068558,0.041961018,0.9059704
0.053712357,0.038255513,0.9080321
0.055077035,0.031829484,0.91309345
0.060984656,0.047217425,0.8917979
0.05542297,0.042639762,0.90193725
0.07242673,0.045235053,0.88233817
0.049669303,0.038418964,0.9119118
0.053774126,0.036261242,0.9099646
0.05868732,0.054569207,0.8867434
0.056275085,0.05044466,0.8932802
0.051680498,0.04116307,0.9071564
0.054397907,0.032245435,0.91335666
0.060061947,0.048237577,0.89170057
0.059065577,0.04542002,0.89551437
0.059546355,0.04029108,0.9001626
0.058777303,0.050078884,0.89114374
0.054566346,0.047408063,0.8980256
0.061510243,0.045133896,0.89335585
0.060197815,0.050003305,0.8897988
0.0553329,0.04463525,0.9000318
0.05826799,0.05094647,0.8907855
0.97137827,0.010603008,0.01801872
0.16178432,0.036315948,0.80189973
0.06296174,0.045527138,0.89151114
0.056199525,0.042525325,0.9012752
0.067454234,0.053074855,0.8794709
0.050214868,0.0372619,0.9125232
0.060164925,0.040039364,0.8997957
0.058871854,0.03935138,0.9017768
0.06428503,0.042200338,0.8935146
0.052582126,0.048892416,0.8985255
0.05225097,0.042149164,0.9055999
0.05741345,0.040533718,0.9020528
0.05236405,0.036968857,0.91066706
0.06086446,0.04255253,0.896583
0.05494392,0.04037487,0.90468115
0.0565448,0.04457799,0.8988772
0.06336251,0.045128632,0.8915089
0.06028487,0.0398848,0.89983034
0.058957633,0.05238682,0.88865554
0.05258834,0.028816033,0.9185956
0.05163622,0.03576737,0.9125964
0.99126786,0.005808581,0.0029235918
0.9865715,0.008128755,0.0052998224
0.9559001,0.011150469,0.032949552
0.06059489,0.03935291,0.9000522
0.91215324,0.017714823,0.070131935
0.96866924,0.0094225975,0.021908196
0.6664053,0.028938683,0.304656
0.98083925,0.012590465,0.006570232
0.9789079,0.00944809,0.011644069
0.98061407,0.010641287,0.00874474
0.063563064,0.12094588,0.815491
0.98965377,0.0069270986,0.0034191306
0.98611313,0.008615274,0.0052715573
0.23543754,0.022347385,0.74221504
0.13154876,0.046121623,0.8223296
0.9870301,0.009573113,0.0033967718
0.64954984,0.07091173,0.27953848
0.8939719,0.016992697,0.08903537
0.9847221,0.009873164,0.005404767
0.9873576,0.008215066,0.00442737
0.9869142,0.00928202,0.0038037575
0.9841743,0.011214344,0.004611355
0.0850654,0.034571506,0.88036317
0.989,0.0063524637,0.0046475623
0.2855291,0.049460288,0.66501063
0.9831276,0.010452003,0.0064204545
0.9539025,0.013915765,0.032181807
0.98303545,0.009982179,0.0069823083
0.9874648,0.0075762896,0.0049589574
0.9802884,0.012400411,0.0073112138
0.051850665,0.046410605,0.90173876
0.035337973,0.6239385,0.34072354
0.98946035,0.006627981,0.003911639
0.9874849,0.0087974155,0.0037177918
0.99098724,0.0057169083,0.0032957937
0.45357576,0.12219753,0.4242266
0.97862536,0.010692551,0.010682113
0.9873762,0.006607565,0.0060162563
0.9819827,0.010059516,0.007957732
0.06359964,0.042428598,0.89397174
0.98907614,0.006936591,0.0039872406
0.9888498,0.007037338,0.004112868
0.9907135,0.0066363756,0.0026500996
0.50601923,0.056057584,0.43792316
0.98937243,0.007793741,0.0028337534
0.99218833,0.0057406314,0.0020710132
0.98291725,0.0070431,0.010039633
0.98309547,0.009442288,0.007462174
0.9528232,0.010050994,0.0371258
0.98864836,0.0075263404,0.0038253546
0.987199,0.008734953,0.0040660994
0.9910909,0.0059860465,0.0029230698
0.98532814,0.009556606,0.005115282
0.98887795,0.007912517,0.0032094582
0.9841525,0.010131091,0.005716424
0.89158076,0.011865797,0.09655334
0.984791,0.010531213,0.0046777627
0.98677737,0.008612663,0.004610026
0.9865258,0.008797458,0.00467686
0.986712,0.009012184,0.004275803
0.98752916,0.008971332,0.0034995275
0.99089783,0.0068483106,0.0022539268
0.98806304,0.008742598,0.0031943112
0.9873117,0.009660377,0.0030279213
0.9909877,0.006762533,0.0022497328
0.98699087,0.00901473,0.003994407
0.9851024,0.010012941,0.004884686
0.9878429,0.009151182,0.0030059747
0.9879723,0.008506001,0.0035216722
0.9894796,0.0074740495,0.0030464472
0.98957014,0.007323004,0.0031068174
0.98893553,0.0076545556,0.0034099827
0.98653877,0.008788986,0.0046723564
0.98908246,0.008023097,0.0028944449
0.98516893,0.010151463,0.0046795583
0.9865941,0.009233813,0.004172179
0.9879887,0.0084895445,0.0035217307
0.98930025,0.007538662,0.0031610494
0.98623866,0.0090122605,0.0047491277
0.98829275,0.008352338,0.0033549338
0.9901216,0.0068831593,0.0029953064
0.9818818,0.00952318,0.008595078
0.90702575,0.016531836,0.07644244
0.98565245,0.009729278,0.0046182806
0.9895712,0.007555469,0.0028733392
0.98557067,0.009757015,0.004672332
0.9869251,0.008913464,0.0041613695
0.9786437,0.012343391,0.009012996
0.9853838,0.00817466,0.0064414763
0.98724663,0.007355923,0.0053974986
0.81317055,0.020002611,0.16682686
0.9866431,0.0088675115,0.0044894502
0.97191113,0.012622923,0.015465928
0.9850187,0.0068812026,0.008100124
0.98466474,0.009710042,0.0056252317
0.98300445,0.009349663,0.0076458906
0.9740283,0.0075834747,0.018388284
0.9806327,0.00821508,0.0111521855
0.98995554,0.0064461324,0.0035983394
0.9875094,0.007650985,0.0048395735
0.9851237,0.010150996,0.004725264
0.09878075,0.055763833,0.8454554
0.99025625,0.0067246254,0.0030192093
0.019655878,0.9704798,0.009864312
0.9858677,0.010079607,0.004052693
0.019312523,0.97518665,0.005500805
0.98635906,0.00939991,0.004241011
0.9816112,0.010693799,0.0076949364
0.11317236,0.032638863,0.8541887
0.98742837,0.008280092,0.004291462
0.060889844,0.04259107,0.89651906
0.9870565,0.009526737,0.0034168244
0.9851242,0.01051422,0.00436163
0.9892846,0.007560661,0.003154832
0.98592234,0.0075055882,0.006572113
0.98630977,0.009482417,0.0042077973
0.9745385,0.012184055,0.013277429
0.9872672,0.008174303,0.0045585795
0.021358842,0.94807595,0.030565267
0.9893847,0.0069049564,0.0037104224
0.9897592,0.0070782877,0.003162516
0.98765767,0.008528239,0.003814065
0.984395,0.010223044,0.0053819083
0.9879858,0.0071628685,0.0048513743
0.9870905,0.009629958,0.0032796296
0.98900884,0.007898123,0.0030929495
0.987369,0.009272704,0.003358351
0.98875904,0.0079814065,0.003259608
0.9869495,0.009378022,0.0036724864
0.9878263,0.008638674,0.0035349329
0.04256137,0.33200377,0.6254348
0.019704107,0.9757152,0.004580658
0.016353918,0.9792165,0.0044296267
0.013463644,0.9719359,0.014600383
0.014494292,0.9791115,0.0063942266
0.014435939,0.97803074,0.007533277
0.01605535,0.9798213,0.004123355
0.019204713,0.9754414,0.0053538294
0.0129262395,0.98079246,0.0062813167
0.049391888,0.86825496,0.082353145
0.062413093,0.16601989,0.771567
0.046094086,0.053053968,0.9008519
0.014314447,0.9802736,0.005411969
0.02607204,0.8633874,0.110540554
0.017932354,0.9724033,0.009664337
0.015894348,0.97474355,0.009362071
0.012673542,0.982502,0.004824447
0.059648596,0.055219837,0.8851316
0.053667855,0.05877018,0.8875619
0.018149361,0.97651184,0.005338809
0.016064841,0.97944355,0.004491645
0.0429334,0.13341162,0.82365495
0.06390542,0.050454706,0.88563985
0.050016284,0.043285485,0.90669817
0.06111231,0.045659393,0.8932283
0.03419182,0.77290064,0.19290756
0.01703858,0.97778016,0.005181272
0.018483402,0.9771563,0.0043602837
0.16153246,0.2842173,0.55425024
0.013134564,0.979234,0.0076314546
0.013358237,0.9795125,0.0071292315
0.017553076,0.97298235,0.009464552
0.074400425,0.13000426,0.7955953
0.014949243,0.9797308,0.005319916
0.032639705,0.64353395,0.3238263
0.06479106,0.41655043,0.5186585
0.04999973,0.044929028,0.9050713
0.014544619,0.9815522,0.0039031794
0.015505147,0.9734247,0.011070212
0.012268524,0.98273325,0.004998249
0.011888866,0.98351187,0.0045992597
0.01463612,0.9766965,0.008667381
0.01136589,0.982969,0.0056651174
0.014178189,0.9823877,0.0034340357
0.053994115,0.23268616,0.7133198
0.014253734,0.97993636,0.0058098687
0.016862107,0.9752425,0.007895397
0.09775791,0.887083,0.015159124
0.02192385,0.96369815,0.014378011
0.01584815,0.97476214,0.009389718
0.012652967,0.9628743,0.024472734
0.018976962,0.9766649,0.004358091
0.014360549,0.98055387,0.0050855274
0.01197564,0.9844216,0.0036027688
0.016829565,0.9762162,0.0069542164
0.07485525,0.25926894,0.6658758
0.017544826,0.94953275,0.03292241
0.012592307,0.98242074,0.0049869106
0.020796446,0.9721486,0.0070549347
0.015950818,0.9574147,0.026634447
0.0145979365,0.9784388,0.006963246
0.050777107,0.061398603,0.88782424
0.016824555,0.96738565,0.015789779
0.013497104,0.98007727,0.006425585
0.01918956,0.95488703,0.025923444
0.013297204,0.9836446,0.0030582019
0.03747788,0.85132825,0.11119387
0.016964965,0.97784334,0.0051917364
0.014342251,0.9812191,0.0044386857
0.012243713,0.98218346,0.005572831
0.011853811,0.98493075,0.0032154329
0.02031009,0.95219904,0.027490823
0.014729188,0.9795532,0.005717559
0.016494866,0.9780577,0.0054474026
0.014941005,0.9791909,0.0058681485
0.058188908,0.066453815,0.87535733
0.031593673,0.8975211,0.07088525
0.058038875,0.055111326,0.88684976
0.015350787,0.98082435,0.0038248464
0.013819723,0.98217416,0.0040060896
0.012606117,0.98349816,0.0038956702
0.013585575,0.98169637,0.004718031
0.015825586,0.9786164,0.0055580167
0.014740672,0.9784042,0.0068550482
0.015115266,0.9819431,0.0029416967
0.014858553,0.9814247,0.0037166898
0.015641928,0.9762748,0.008083289
0.016228674,0.9788603,0.0049109487
0.013196008,0.9809368,0.005867141
0.037152812,0.63332075,0.32952645
0.017001402,0.9689999,0.013998635
0.019674892,0.96857667,0.0117484145
0.016992876,0.9799305,0.003076553
0.04382327,0.05596877,0.900208
0.054663014,0.29673445,0.64860255
0.012403735,0.98438895,0.0032073935
0.013556227,0.98149073,0.004953082
0.03613283,0.9210212,0.042845987
0.03951236,0.5806298,0.3798578
0.015618764,0.96818787,0.016193435
0.01470404,0.9826674,0.0026285767
0.016384521,0.9710407,0.012574723
0.046993054,0.09359384,0.85941315
0.10432554,0.8110239,0.08465057
0.025623824,0.80889654,0.16547969
0.053616066,0.75180256,0.19458131
0.020541755,0.97156185,0.007896385
0.013398713,0.9834405,0.0031607924
0.016271662,0.96623725,0.017491072
0.015115762,0.9752855,0.009598784
0.021074051,0.9400132,0.038912814
0.05342368,0.04650604,0.90007025
0.021123014,0.9721059,0.006771129
0.011166597,0.9819,0.006933498
0.013072929,0.9784535,0.008473553
0.014740555,0.9817463,0.0035131758
0.029990578,0.9122575,0.05775192
0.015878873,0.9699981,0.014122962
0.01600619,0.9787309,0.00526284
0.016171465,0.97970563,0.004122868
0.014886263,0.97751063,0.007603159
0.014715953,0.96727127,0.018012762
0.06223089,0.056606565,0.8811625
0.014691744,0.9799298,0.0053784642
0.018005602,0.9778065,0.004187847
0.014008672,0.9825633,0.0034279476
0.014378405,0.9808148,0.004806765
0.016539086,0.97876614,0.004694769
0.02868614,0.94995445,0.021359406
0.014454253,0.98022836,0.005317422
0.015224336,0.97798353,0.0067921416
0.058041252,0.19731063,0.74464816
0.016000535,0.9698238,0.014175688
0.015156027,0.97883886,0.006005147
0.017069576,0.97764766,0.005282747
0.01564004,0.97806543,0.006294512
0.021789502,0.96908283,0.009127675
0.011612037,0.9838716,0.00451636
0.014314463,0.98219126,0.0034942343
0.968701,0.01517586,0.0161231
0.01463682,0.981045,0.004318194
0.016530566,0.97921777,0.0042516235
0.023942508,0.93696666,0.03909091
0.014477471,0.98276216,0.0027603768
0.014067612,0.97854096,0.0073914244
0.015834471,0.9806012,0.003564338
0.0114736315,0.984565,0.0039613103
0.019673089,0.959076,0.021250917
0.019263644,0.9708203,0.009916074
0.059101045,0.049646713,0.8912523
0.018208256,0.97633797,0.0054537794
0.015877757,0.94468987,0.039432373
0.022094587,0.9589514,0.01895395
0.016024195,0.97030973,0.013666123
0.01619948,0.9766226,0.0071779536
0.043383613,0.8314796,0.12513685
0.008480382,0.98692244,0.004597216
0.016357562,0.9770463,0.006596157
0.00886651,0.9855687,0.0055648
0.015079718,0.98154896,0.0033713179
0.017107546,0.97838813,0.004504366
0.01361119,0.9811489,0.0052398993
0.011739625,0.9859779,0.0022825075
0.015225482,0.98092675,0.0038477255
0.04589985,0.08634041,0.8677598
0.02337092,0.9631821,0.013447029
0.020715674,0.9731128,0.006171569
0.016672002,0.9784761,0.0048518293
0.0139228245,0.98276055,0.0033166634
0.021806153,0.9335814,0.04461243
0.016732205,0.9762723,0.0069954856
0.011534514,0.98496825,0.0034972762
0.012648184,0.9843739,0.0029779186
0.012408853,0.98095566,0.006635497
0.01647921,0.9790397,0.004481032
0.05238786,0.048902445,0.8987098
0.017930197,0.96849567,0.013574131
0.012864984,0.981881,0.0052540614
0.013998145,0.9775198,0.008482018
0.015424787,0.9655467,0.01902848
0.016349548,0.9789548,0.0046956744
0.015100621,0.9790775,0.005821808
0.015020927,0.9796337,0.0053454256
0.012015596,0.9843359,0.0036484809
0.01662291,0.9794134,0.0039637405
0.014356645,0.98172426,0.003919143
0.014878593,0.98250854,0.0026127978
0.015276478,0.9813331,0.003390384
0.015165574,0.9813703,0.0034641437
0.014576904,0.9798957,0.0055273683
0.01584487,0.97741973,0.0067353994
0.015024604,0.97987354,0.00510189
0.016372748,0.9798654,0.0037618664
0.013198525,0.9830421,0.0037593485
0.0167871,0.97851926,0.004693585
0.015185158,0.98119926,0.0036156077
0.015694315,0.9785882,0.0057175066
0.011481326,0.9857064,0.002812246
0.014848967,0.979356,0.005795098
0.014184601,0.9818726,0.0039427695
0.013822606,0.98333883,0.0028385618
0.017008549,0.9784426,0.004548822
0.017739614,0.97805506,0.0042053065
0.018074356,0.97771364,0.0042120577
0.014407891,0.9828262,0.0027659533
0.016935082,0.9785069,0.004558015
0.01637557,0.98003423,0.0035902166
0.014851327,0.9809474,0.0042012995
0.01724725,0.9791797,0.0035731012
0.01656678,0.9799265,0.0035066635
0.01594115,0.98096097,0.0030978867
0.014958,0.9817417,0.003300308
0.014688148,0.9811261,0.0041856826
0.014312553,0.9815808,0.004106626
0.014971267,0.98069525,0.0043335487
0.014072658,0.9832032,0.0027241157
0.017413191,0.9789934,0.0035934153
0.017404594,0.97898793,0.0036074591
0.017435392,0.9788068,0.0037578023
0.015608447,0.9813464,0.0030451035
0.017177459,0.97903436,0.0037881555
0.014993038,0.9816419,0.0033650585
0.014429317,0.9814083,0.004162425
0.01533334,0.9806667,0.0039999406
0.016280424,0.97815335,0.0055662473
0.014812975,0.98128486,0.0039021166
0.01498428,0.98106843,0.003947242
0.01505917,0.9821278,0.0028130033
0.015812028,0.9811257,0.0030623095
0.01589039,0.978315,0.005794594
0.014570607,0.98282593,0.002603452
0.017268624,0.97895825,0.0037730935
0.017256126,0.9792054,0.0035384705
0.016049223,0.9808833,0.0030675381
0.01460948,0.9825653,0.0028252713
0.014820465,0.981781,0.0033985628
0.012270644,0.9848247,0.0029045888
0.01415935,0.9820409,0.0037997887
0.011212109,0.98493946,0.003848403
0.013343748,0.98323935,0.003416933
0.015225036,0.9818564,0.0029185463
0.012679003,0.9843663,0.0029547212
0.060572434,0.04058706,0.89884055
0.018920472,0.9756614,0.0054181595
0.04312676,0.08555866,0.8713146
0.013823616,0.9748054,0.011370998
0.013092653,0.9813663,0.0055410718
0.01301008,0.97851586,0.008474092
0.013264878,0.9802956,0.006439581
0.015060305,0.9793285,0.0056111617
0.014743013,0.9785597,0.0066973157
0.016228436,0.9793241,0.004447452
0.01714131,0.9722154,0.010643282
0.013595915,0.9824436,0.003960503
0.012859482,0.9833799,0.0037606403
0.012110667,0.9839229,0.0039664665
0.01462976,0.97484314,0.010527136
0.01157547,0.98365074,0.004773816
0.031985603,0.927482,0.040532425
0.021026488,0.9676637,0.011309759
0.0187878,0.97689545,0.004316758
0.016821349,0.9786024,0.0045763007
0.070260175,0.2683175,0.6614224
0.055148955,0.067735076,0.877116
0.019335544,0.97159326,0.009071241
0.016974913,0.97985107,0.003173956
0.013760661,0.9827635,0.003475844
0.017625544,0.9765223,0.0058521563
0.055500064,0.04614617,0.89835376
0.014731191,0.9816019,0.0036668833
0.011310809,0.98491526,0.0037738755
0.054385953,0.085686535,0.8599275
0.025541035,0.8466293,0.1278297
0.01512182,0.97901684,0.0058613783
0.016457127,0.9808359,0.0027069622
0.022645602,0.9681014,0.009252985
0.017902328,0.972673,0.009424656
0.013755041,0.983322,0.0029229028
0.011471846,0.9853735,0.0031546582
0.012875259,0.98362535,0.003499336
0.02062166,0.97581744,0.0035608322
0.039158035,0.37406954,0.5867724
0.015469027,0.97829616,0.0062348116
0.016813377,0.97766113,0.0055255448
0.015294344,0.97912836,0.0055772397
0.015341704,0.9783312,0.0063270405
0.014193659,0.9786693,0.00713702
0.014941673,0.9811491,0.003909204
0.013820188,0.97981215,0.0063676345
0.039971612,0.84797996,0.11204845
0.06018712,0.057095423,0.8827175
0.017145477,0.97292656,0.0099278875
0.012908982,0.98427737,0.0028136591
0.014017866,0.9817691,0.004213039
0.013034568,0.98131543,0.005650067
0.011450049,0.98302114,0.005528777
0.016231976,0.9742907,0.009477279
0.018108362,0.974306,0.0075856373
0.043777693,0.052548766,0.9036735
0.02067514,0.9645922,0.014732631
0.012932709,0.983682,0.0033852495
0.016460225,0.9793453,0.004194438
0.014382043,0.9781929,0.007424962
0.012026739,0.98524874,0.002724457
0.013898264,0.9819854,0.004116351
0.018998533,0.975391,0.0056104744
0.011793004,0.9837134,0.0044936384
0.014604672,0.9798466,0.005548723
0.044244777,0.1209175,0.83483773
0.01210842,0.9818209,0.0060706846
0.016063701,0.980331,0.0036053597
0.015117402,0.97634435,0.008538263
0.015622966,0.97747475,0.0069022505
0.01575036,0.97634536,0.007904326
0.017077683,0.9785896,0.0043326984
0.015828926,0.9802578,0.003913289
0.016055753,0.9534162,0.030528031
0.014275817,0.98145455,0.0042696665
0.014672316,0.9615818,0.02374585
0.016649876,0.97861004,0.0047400855
0.0189647,0.9660769,0.0149584245
0.01446603,0.98198545,0.0035485164
0.014617271,0.9792565,0.0061262012
0.014137519,0.98292357,0.0029388883
0.018820595,0.97621435,0.0049650935
0.015672507,0.97913903,0.005188472
0.012493283,0.9847408,0.0027659344
0.014064555,0.98215735,0.0037780374
0.016077487,0.96596056,0.017962024
0.0117572695,0.985052,0.0031908029
0.021611758,0.9509079,0.02748037
0.014737817,0.9810848,0.0041773394
0.01873999,0.9583664,0.02289355
0.05303381,0.10513612,0.84183
0.01199179,0.9847869,0.0032212485
0.017417667,0.97924507,0.0033372308
0.015427715,0.97950214,0.0050701606
0.012788483,0.9846586,0.0025528665
0.017283857,0.97552526,0.007190925
0.017233867,0.9793759,0.003390237
0.052805785,0.05143164,0.8957626
0.055993713,0.054323994,0.8896823
0.019209806,0.9757001,0.005090092
0.01948904,0.97596484,0.004546174
0.014350115,0.97506875,0.010581112
0.058869798,0.049019724,0.8921104
0.051872496,0.048209034,0.89991856
0.9870812,0.008993572,0.0039251656
0.057095334,0.12413053,0.81877416
0.05809844,0.04323839,0.8986632
0.028567428,0.89830476,0.073127806
0.056465887,0.04722511,0.8963089
0.049462322,0.06042521,0.8901125
0.033873484,0.7553072,0.21081932
0.015813477,0.9802579,0.003928605
0.059216913,0.041219126,0.899564
0.058849256,0.059310824,0.88183993
0.05822681,0.04375918,0.89801407
0.052180193,0.23310012,0.7147197
0.051674146,0.04349275,0.9048331
0.062295955,0.049569752,0.8881343
0.053347867,0.040367514,0.9062847
0.05849617,0.11160404,0.8298998
0.43928313,0.027986608,0.5327302
0.059771907,0.07803343,0.86219466
0.04040309,0.048073657,0.91152334
0.15349382,0.041666824,0.8048394
0.049779356,0.07728823,0.8729324
0.030357342,0.8326071,0.13703558
0.06116918,0.049560506,0.8892703
0.045576338,0.251857,0.7025667
0.054271907,0.04817625,0.8975518
0.080555566,0.042325612,0.87711877
0.97979605,0.012515812,0.007688212
0.062065657,0.387981,0.5499533
0.06078361,0.047315214,0.8919012
0.04571809,0.13595687,0.81832504
0.9743162,0.010449766,0.015234046
0.07403393,0.65216964,0.2737964
0.055082235,0.122743495,0.8221742
0.99063766,0.0062399115,0.0031223418
0.06370318,0.040869612,0.89542717
0.04079299,0.77423054,0.18497655
0.051155977,0.04030994,0.9085341
0.013235267,0.980977,0.005787709
0.013416862,0.9818917,0.0046914
0.058735732,0.056817543,0.8844467
0.0503974,0.16356094,0.7860417
0.01759692,0.9626376,0.019765437
0.053967915,0.07588431,0.8701478
0.060709108,0.040619094,0.8986718
0.08981826,0.041202188,0.8689796
0.06279518,0.041953333,0.8952515
0.05288579,0.046922892,0.9001913
0.054523434,0.046841763,0.89863485
0.97416186,0.012383231,0.013455002
0.018702216,0.9781601,0.0031376868
0.048962638,0.053853765,0.89718366
0.9837483,0.009531969,0.00671969
0.01663021,0.976977,0.0063927607
0.08152863,0.03723551,0.8812359
0.057711504,0.046553995,0.8957345
0.055189658,0.045353457,0.8994569
0.055801947,0.04886182,0.8953363
0.055197354,0.061757762,0.88304484
0.04904666,0.04341052,0.90754294
0.049644735,0.041560825,0.90879446
0.05974858,0.05016616,0.8900853
0.048163038,0.12520021,0.82663673
0.05620467,0.04463557,0.8991598
0.022904942,0.790265,0.18683001
0.042421844,0.10050548,0.8570727
0.011911396,0.96301955,0.025069105
0.045347545,0.057943784,0.8967087
0.06949526,0.05015342,0.8803513
0.081294246,0.03721013,0.88149565
0.14434716,0.24256366,0.61308914
0.049281195,0.03616068,0.9145581
0.0748508,0.17944817,0.74570113
0.014147756,0.96980506,0.01604717
0.06392623,0.046678167,0.88939565
0.07057382,0.04453209,0.8848941
0.014135564,0.9818284,0.0040360885
0.056697942,0.050749317,0.89255273
0.06299763,0.037986767,0.89901555
0.05293937,0.04331347,0.90374714
0.05907053,0.10696293,0.8339665
0.9451351,0.011430541,0.043434314
0.06244549,0.039867587,0.89768696
0.012799016,0.97494024,0.012260707
0.059815787,0.041231368,0.89895284
0.048721123,0.038241647,0.9130373
0.01449887,0.9775097,0.007991413
0.05946657,0.038058534,0.9024749
0.06714,0.03190106,0.90095896
0.058572717,0.039400738,0.90202653
0.056307953,0.04901684,0.8946752
0.058091715,0.049470603,0.8924377
0.04873633,0.037495382,0.91376835
0.015666835,0.9806982,0.0036349976
0.050821334,0.050106764,0.89907193
0.07283159,0.10617652,0.8209918
0.05363802,0.042680513,0.9036814
0.05499577,0.04432,0.90068424
0.10827114,0.25482976,0.63689905
0.06372811,0.037427254,0.89884454
0.473372,0.04509662,0.48153138
0.0493894,0.04339487,0.9072158
0.061229393,0.12272425,0.81604636
0.080506004,0.043770354,0.8757236
0.06556542,0.044234,0.8902006
0.016044782,0.96588033,0.018074902
0.023451662,0.9106158,0.06593259
0.04932795,0.059938263,0.8907338
0.015312959,0.97174174,0.012945272
0.050464354,0.040947177,0.9085884
0.053375393,0.045609828,0.9010148
0.01659526,0.9551338,0.028270869
0.06234537,0.08203151,0.8556231
0.03980762,0.16995011,0.7902423
0.988598,0.008322345,0.0030796113
0.051937528,0.042163104,0.90589947
0.05275649,0.0713391,0.87590444
0.059983168,0.04118555,0.89883125
0.0491885,0.05124794,0.8995636
0.057553623,0.04391295,0.89853346
0.057697847,0.04415215,0.8981499
0.04410008,0.39286783,0.5630321
0.05572793,0.26801372,0.6762583
0.022560569,0.9621144,0.015324992
0.06011614,0.101862304,0.8380216
0.05422469,0.047689844,0.8980855
0.065569654,0.0459093,0.888521
0.01691971,0.97666454,0.0064157285
0.090951025,0.099597946,0.8094511
0.04847528,0.032386247,0.91913855
0.08008239,0.06230735,0.8576102
0.06642221,0.06713957,0.8664382
0.054182213,0.047120318,0.89869744
0.050537508,0.048839338,0.9006231
0.05382536,0.043313295,0.9028613
0.06941617,0.051234286,0.87934947
0.97999483,0.010388219,0.009616919
0.055271182,0.041741256,0.90298754
0.060541604,0.046760086,0.89269835
0.044270176,0.04545298,0.9102768
0.051103882,0.036844708,0.9120514
0.05768606,0.03907048,0.9032434
0.014507819,0.97954684,0.0059452816
0.062032536,0.03305803,0.90490943
0.040295593,0.115635306,0.84406906
0.0096767945,0.9841723,0.0061509446
0.06736827,0.036520343,0.89611137
0.047468733,0.03964225,0.912889
0.05124694,0.04964599,0.899107
0.08605239,0.03245514,0.8814925
0.049332995,0.0489013,0.9017657
0.016164528,0.9664596,0.017375909
0.04925871,0.04016454,0.9105768
0.97873014,0.011988073,0.009281775
0.42387882,0.033707127,0.54241407
0.018142713,0.93418574,0.04767149
0.055079862,0.046814196,0.898106
0.0583158,0.054943353,0.8867408
0.012683217,0.98085463,0.0064621577
0.012660003,0.9814525,0.0058874483
0.060602438,0.04142829,0.89796925
0.084869064,0.03979676,0.8753342
0.01532913,0.98039746,0.0042734058
0.015657958,0.98062116,0.003720907
0.099187575,0.039137505,0.86167496
0.0135408,0.98037374,0.006085462
0.05196963,0.03757883,0.9104516
0.05283167,0.040845092,0.90632325
0.05158088,0.03412619,0.9142929
0.05196963,0.03757883,0.9104516
0.05930758,0.04326342,0.897429
0.05415262,0.041479725,0.9043677
0.05158088,0.03412619,0.9142929
0.05673973,0.044361893,0.8988983
0.060909245,0.047090005,0.89200073
0.30271676,0.05124789,0.6460353
0.9872542,0.007263183,0.005482538
0.06594566,0.052141845,0.8819125
0.055931102,0.036968205,0.90710074
0.056654803,0.035212137,0.90813303
0.05135395,0.048101444,0.9005446
0.048857946,0.04044537,0.91069674
0.015239687,0.97277516,0.011985153
0.055881735,0.04179222,0.902326
0.060365554,0.03991868,0.89971566
0.058694575,0.054019198,0.88728625
0.051692817,0.061087728,0.8872194
0.042787574,0.72582024,0.23139215
0.056463655,0.038467284,0.90506905
0.053947043,0.04511848,0.90093446
0.07351804,0.037384693,0.8890972
0.05691305,0.04451914,0.89856774
0.057701916,0.044523314,0.89777476
0.013274175,0.9800251,0.006700798
0.051217634,0.03959725,0.9091851
0.044359006,0.037281148,0.9183598
0.043536875,0.12041477,0.8360483
0.049472775,0.04355311,0.9069741
0.054434564,0.049708653,0.8958568
0.055503126,0.047846686,0.89665025
0.044728085,0.03916522,0.91610676
0.05532189,0.039095238,0.9055829
0.05364912,0.047763135,0.89858776
0.049096033,0.042447604,0.90845644
0.054580647,0.04496263,0.9004566
0.05392317,0.045541085,0.9005358
0.06695791,0.04412701,0.88891506
0.053127516,0.037252333,0.90962017
0.053498518,0.038987756,0.9075137
0.055646162,0.037014075,0.9073398
0.050026834,0.04308373,0.9068894
0.055832207,0.05183845,0.89232934
0.0482223,0.03654257,0.91523504
0.048394892,0.036228403,0.91537666
0.05569416,0.032629192,0.9116767
0.06399188,0.08854078,0.84746736
0.05065101,0.035170693,0.9141783
0.045811005,0.05272814,0.90146077
0.054197304,0.05559103,0.8902117
0.046850167,0.05698314,0.89616674
0.05008148,0.043810006,0.90610856
0.04658562,0.036263205,0.9171511
0.055035938,0.043622125,0.90134203
0.04139057,0.085656755,0.87295264
0.06258411,0.042992387,0.8944235
0.054409433,0.049709972,0.8958806
0.04703822,0.03679474,0.9161671
0.053808257,0.050203815,0.8959879
0.052429844,0.042854723,0.9047155
0.05457123,0.034959644,0.9104691
0.05446827,0.050869267,0.89466244
0.055725098,0.04183819,0.90243673
0.056781463,0.055873867,0.8873446
0.050350167,0.040457495,0.90919226
0.054130584,0.04186974,0.9039997
0.061204195,0.03984578,0.89895004
0.056507442,0.044331547,0.89916104
0.0516727,0.05187494,0.8964524
0.055643253,0.04412503,0.9002318
0.06029494,0.041480552,0.89822453
0.055169012,0.03954319,0.90528786
0.049380913,0.03331505,0.91730404
0.13641824,0.026591552,0.83699024
0.013092966,0.98186904,0.0050379387
0.05848764,0.043869432,0.89764297
0.054288425,0.040402874,0.90530866
0.07311956,0.04432761,0.8825528
0.060150195,0.044656195,0.8951935
0.051667146,0.04406397,0.9042689
0.0558022,0.044035535,0.9001623
0.057159867,0.041696716,0.9011435
0.05767181,0.036658436,0.9056698
0.015782984,0.9688598,0.015357263
0.055196993,0.041705586,0.9030974
0.055646505,0.036121577,0.9082319
0.05088051,0.04724095,0.9018786
0.051415518,0.035441015,0.9131436
0.059416346,0.041947752,0.8986359
0.063141234,0.0532222,0.8836366
0.63964516,0.018979045,0.3413758
0.05269286,0.04336514,0.903942
0.046303865,0.03224648,0.9214496
0.05328466,0.04194632,0.90476906
0.056562684,0.04996517,0.89347214
0.053484216,0.039244696,0.907271
0.05862798,0.04464539,0.89672667
0.056503784,0.042195573,0.90130055
0.052946784,0.03163141,0.91542184
0.05139148,0.040337637,0.90827096
0.05966406,0.044101056,0.8962348
0.054196674,0.038487535,0.90731585
0.6380647,0.074222885,0.28771242
0.056534685,0.043431386,0.90003383
0.061719205,0.05146771,0.8868131
0.054888725,0.049684778,0.8954265
0.9857604,0.00969241,0.004547179
0.056319065,0.039606072,0.9040748
0.05011201,0.62802565,0.32186237
0.05209667,0.039671775,0.9082316
0.05701934,0.038770057,0.9042106
0.059260726,0.042704746,0.8980345
0.055305514,0.037166644,0.9075278
0.04979349,0.045782406,0.904424
0.011053549,0.98485816,0.004088273
0.05977626,0.035260964,0.9049627
0.053491328,0.037342962,0.9091657
0.05663673,0.04258497,0.9007783
0.05194512,0.032237712,0.9158171
0.05886213,0.03509674,0.90604115
0.056348998,0.04438027,0.89927065
0.057158258,0.044798356,0.8980434
0.04967741,0.06545934,0.88486326
0.060926344,0.045078076,0.8939956
0.056332827,0.037161075,0.9065061
0.24678363,0.078282066,0.6749344
0.05216433,0.037535883,0.9102998
0.054437988,0.047020227,0.89854175
0.055200405,0.0456066,0.899193
0.053981304,0.04230839,0.9037103
0.052940227,0.03175128,0.9153085
0.055096585,0.041245293,0.90365803
0.05676318,0.04703536,0.8962015
0.047702268,0.0407223,0.9115753
0.056159426,0.04100694,0.9028336
0.057781126,0.03969296,0.9025259
0.059121482,0.047575083,0.89330345
0.06265544,0.046698187,0.89064634
0.04415899,0.036698576,0.91914237
0.05094386,0.05351921,0.8955369
0.065169126,0.0421998,0.892631
0.058889836,0.039498176,0.9016119
0.065413706,0.03860524,0.895981
0.08467526,0.031479027,0.88384575
0.049071617,0.037587788,0.9133406
0.055015095,0.042222753,0.9027622
0.050059903,0.03800926,0.9119308
0.051384702,0.04090749,0.9077078
0.05047846,0.037567396,0.9119541
0.056858186,0.04456318,0.89857864
0.052318163,0.03958835,0.9080936
0.05162451,0.039543245,0.90883225
0.05419135,0.046081513,0.89972717
0.05938071,0.06972883,0.8708905
0.05209276,0.0441674,0.9037399
0.061729003,0.040423613,0.8978473
0.19126716,0.026431203,0.7823017
0.0709537,0.041125048,0.8879212
0.012147884,0.98405933,0.0037927541
0.051494326,0.03841711,0.9100886
0.073684275,0.046449408,0.87986624
0.05680148,0.045954347,0.8972442
0.05972391,0.037870258,0.90240586
0.044844322,0.02765478,0.92750096
0.054070123,0.04117457,0.9047553
0.057632416,0.045236196,0.8971314
0.060051993,0.041841246,0.89810675
0.0581981,0.048602596,0.89319927
0.053731967,0.041887388,0.9043806
0.054026928,0.043263733,0.90270936
0.055026904,0.043338988,0.9016342
0.046595387,0.0374039,0.9160007
0.04952606,0.040303737,0.91017026
0.05188704,0.0453009,0.902812
0.0555696,0.042752564,0.9016779
0.050751973,0.03503491,0.9142132
0.062387608,0.049473297,0.8881391
0.053031713,0.040760215,0.9062081
0.043518815,0.026916102,0.9295651
0.054743625,0.04343283,0.9018235
0.053542446,0.041739646,0.9047179
0.048122738,0.044311102,0.9075662
0.056849215,0.046466995,0.8966837
0.052635748,0.0377643,0.90959996
0.05617037,0.04170153,0.9021281
0.05605099,0.038448077,0.90550095
0.053367916,0.042217497,0.9044146
0.05645206,0.043072462,0.9004755
0.05821277,0.043112453,0.8986748
0.055464808,0.043238245,0.90129685
0.056366954,0.043196946,0.90043604
0.05393129,0.040988714,0.90507996
0.053282656,0.0397707,0.90694654
0.06307597,0.050313108,0.8866109
0.06032598,0.051023304,0.8886508
0.04332294,0.0312959,0.9253812
0.0454551,0.033045236,0.9214996
0.054625332,0.040653612,0.9047211
0.051426586,0.04587395,0.9026994
0.05669793,0.041990552,0.9013115
0.057949048,0.038227245,0.9038238
0.9268159,0.02112601,0.0520581
0.06503277,0.07791008,0.85705715
0.06424941,0.04142182,0.89432865
0.051457737,0.49012828,0.45841396
0.9856414,0.007794738,0.006563827
0.06309304,0.04047816,0.8964288
0.054128937,0.03791747,0.9079535
0.05751468,0.037959237,0.9045261
0.053630665,0.03927537,0.90709394
0.056111824,0.03961477,0.9042734
0.05584249,0.04026114,0.9038964
0.05908411,0.036329634,0.90458626
0.062094804,0.13264753,0.8052576
0.0549322,0.046302747,0.898765
0.05666175,0.03907635,0.9042619
0.059766002,0.044219572,0.89601445
0.96277803,0.016565511,0.020656416
0.05391435,0.037748713,0.90833694
0.05588413,0.06737622,0.8767396
0.05211134,0.036290865,0.91159785
0.012254171,0.9839829,0.0037629465
0.048353918,0.04016518,0.91148096
0.05682468,0.038524672,0.9046506
0.059320252,0.046994973,0.8936848
0.01995002,0.9030069,0.07704313
0.050319515,0.033915147,0.9157653
0.84450966,0.03094203,0.1245483
0.05686506,0.050134256,0.89300066
0.05572669,0.04445089,0.8998224
0.054135453,0.052316386,0.8935482
0.06812422,0.04540268,0.8864731
0.056470744,0.052380137,0.89114916
0.050860923,0.039649222,0.90948987
0.017167252,0.96894383,0.013888893
0.054190554,0.04301503,0.9027944
0.05348711,0.043612294,0.90290064
0.055368394,0.040056,0.9045757
0.06187699,0.046434328,0.8916887
0.05440609,0.03699319,0.90860075
0.04881608,0.038597845,0.9125861
0.057356175,0.04412707,0.8985167
0.058167655,0.045168493,0.8966639
0.05362186,0.038547013,0.9078311
0.054061413,0.04132906,0.90460956
0.05505236,0.03980792,0.90513974
0.052822705,0.03612764,0.91104966
0.051125556,0.038216557,0.9106579
0.05328857,0.055033848,0.8916776
0.07597306,0.054561265,0.8694657
0.074212715,0.05802313,0.8677641
0.05775385,0.044978738,0.89726746
0.051538892,0.03936218,0.909099
0.05911489,0.042870916,0.8980142
0.070657775,0.057556674,0.87178564
0.05764148,0.04113421,0.90122426
0.055233303,0.04459844,0.9001683
0.054188106,0.043498866,0.902313
0.012649458,0.9815931,0.0057575093
0.07580789,0.059154667,0.86503744
0.050263193,0.039452035,0.91028476
0.056734852,0.0453214,0.8979438
0.054642454,0.03681081,0.9085467
0.056838147,0.03962134,0.9035405
0.058360092,0.044203337,0.89743656
0.04879806,0.07089683,0.8803051
0.05768481,0.051356062,0.8909592
0.051930845,0.05152671,0.89654243
0.29114047,0.02696154,0.681898
0.10126926,0.03176481,0.86696595
0.05778817,0.04616282,0.89604896
0.052557733,0.043614462,0.9038278
0.051977884,0.046275254,0.9017469
0.04480368,0.082125396,0.87307096
0.042257078,0.09140098,0.86634195
0.057109825,0.051720545,0.8911696
0.9870919,0.00835034,0.00455777
0.074964896,0.056146115,0.8688889
0.059044458,0.0656441,0.8753114
0.05960521,0.04197848,0.8984164
0.055555366,0.051758017,0.8926866
0.043902867,0.031514153,0.9245831
0.05290556,0.043924544,0.90316993
0.06644944,0.035741914,0.8978087
0.062469568,0.03730228,0.9002282
0.050258998,0.037752695,0.9119883
0.05703642,0.042448003,0.9005155
0.05280551,0.04397011,0.9032244
0.009731204,0.9753141,0.014954694
0.05775398,0.041904427,0.90034163
0.056736693,0.047917265,0.89534605
0.05101368,0.038544767,0.9104415
0.05921788,0.050380412,0.8904018
0.046928775,0.0323167,0.92075455
0.057528537,0.041254558,0.9012169
0.059293013,0.046996333,0.8937107
0.05383545,0.039156754,0.90700775
0.05235098,0.045616765,0.90203226
0.06218917,0.04772868,0.89008206
0.058976896,0.037196256,0.9038269
0.06002703,0.043553684,0.89641935
0.05370855,0.041421767,0.9048697
0.06177714,0.038358297,0.8998646
0.059160937,0.043878887,0.89696014
0.06344175,0.03956537,0.8969929
0.069513895,0.050758217,0.87972784
0.04503538,0.16906938,0.78589517
0.05567811,0.03955888,0.90476304
0.060019825,0.04323066,0.8967495
0.9766633,0.009172163,0.014164566
0.013993657,0.97720647,0.0087998705
0.061490502,0.051957477,0.886552
0.04993051,0.06848057,0.88158894
0.06048803,0.04585985,0.89365214
0.015494041,0.93272626,0.051779713
0.06264482,0.037681907,0.89967334
0.08844339,0.03108447,0.8804722
0.21380103,0.050230246,0.73596877
0.05759047,0.03225804,0.91015154
0.05904162,0.100041635,0.84091675
0.062170215,0.03928692,0.89854294
0.046846945,0.032656565,0.9204964
0.054790743,0.044370893,0.9008384
0.05154264,0.04548622,0.9029712
0.04837261,0.03443557,0.9171918
0.054136768,0.039107654,0.90675557
0.04652099,0.032667734,0.92081124
0.05073828,0.04329293,0.9059688
0.056960322,0.041087124,0.90195256
0.05687142,0.040823177,0.9023054
0.060215496,0.043181412,0.8966031
0.05345586,0.042848248,0.90369594
0.050031736,0.041660447,0.90830785
0.055313352,0.03968539,0.90500116
0.056117512,0.0404002,0.90348226
0.06113094,0.041871283,0.89699775
0.060204666,0.041600864,0.89819443
0.06716164,0.052896265,0.8799421
0.052647833,0.044182647,0.9031695
0.061475772,0.03998352,0.89854074
0.05263427,0.041779693,0.905586
0.046606,0.034047764,0.9193463
0.050217953,0.03764826,0.9121338
0.049100727,0.04146827,0.909431
0.05640485,0.044750825,0.89884436
0.05997227,0.042236988,0.89779073
0.052013915,0.040311165,0.9076749
0.05984847,0.039828762,0.9003228
0.055556107,0.039898504,0.9045454
0.054233782,0.04313351,0.9026327
0.060906716,0.040572617,0.8985207
0.058121867,0.04065493,0.9012232
0.057539847,0.043264028,0.89919615
0.052682415,0.039131135,0.9081864
0.05343271,0.039727215,0.9068401
0.0555735,0.048828393,0.895598
0.056134563,0.041431475,0.90243393
0.061391838,0.040855866,0.8977523
0.057889372,0.0400988,0.9020118
0.051145535,0.04404717,0.9048073
0.057655584,0.04309778,0.89924663
0.055255238,0.04509801,0.89964676
0.0555239,0.044419076,0.90005696
0.05789968,0.043006383,0.899094
0.049353868,0.042753942,0.9078921
0.06488902,0.05366371,0.8814472
0.05423669,0.03999163,0.9057717
0.058439367,0.043343704,0.89821684
0.05000644,0.040814072,0.90917945
0.053220984,0.039997153,0.9067819
0.058608696,0.04452188,0.89686954
0.0632448,0.05166933,0.88508594
0.05752329,0.046606533,0.89587015
0.052532937,0.04097267,0.90649444
0.06159378,0.039458454,0.8989477
0.048436653,0.042082492,0.9094809
0.05280065,0.04185041,0.9053489
0.052081328,0.0417261,0.90619254
0.055641234,0.041959215,0.90239954
0.043083232,0.02853195,0.92838484
0.055014137,0.045319732,0.8996662
0.055729866,0.04395698,0.9003132
0.051474918,0.038779493,0.90974563
0.058134172,0.050953712,0.89091206
0.06010297,0.03839077,0.9015063
0.05191359,0.038616598,0.90946984
0.05247772,0.039767295,0.9077551
0.058399435,0.0457488,0.89585173
0.057189517,0.042958643,0.89985174
0.0561878,0.043164905,0.9006473
0.0571213,0.04847822,0.8944005
0.047429893,0.03909104,0.9134791
0.04711279,0.031676397,0.9212109
0.055209253,0.043695442,0.90109533
0.050732672,0.038520075,0.9107473
0.058418006,0.038857818,0.9027242
0.05327933,0.03672575,0.9099949
0.056319516,0.04356287,0.9001177
0.06184022,0.046565626,0.8915941
0.05594206,0.048225068,0.8958329
0.04943383,0.037644017,0.91292214
0.05300385,0.04258979,0.9044063
0.050722227,0.04182495,0.9074528
0.064229265,0.036029357,0.8997415
0.055498395,0.04001305,0.90448856
0.056874212,0.04341576,0.89971
0.055875357,0.04234201,0.9017826
0.050380785,0.032290906,0.91732824
0.056902964,0.052115206,0.8909818
0.06316778,0.0519604,0.88487184
0.051558215,0.04871909,0.89972264
0.047692064,0.047136437,0.9051715
0.043152306,0.03059957,0.92624813
0.056151338,0.041585747,0.9022629
0.05386958,0.035884876,0.91024554
0.052884728,0.03677556,0.91033965
0.05461469,0.043927014,0.9014583
0.053318936,0.045739915,0.90094125
0.056031168,0.041436013,0.90253276
0.060527887,0.042607483,0.8968646
0.059990015,0.04458079,0.8954292
0.06042985,0.045905307,0.8936648
0.05243394,0.04233808,0.905228
0.04923596,0.0392735,0.91149056
0.056597807,0.04412148,0.89928067
0.05906537,0.043234255,0.8977003
0.055508308,0.047757782,0.89673394
0.04904719,0.04162581,0.90932703
0.05636181,0.038435414,0.90520275
0.05722876,0.04054166,0.9022296
0.06225567,0.036207177,0.9015371
0.06393053,0.05008173,0.8859877
0.055158336,0.0436978,0.9011439
0.061687395,0.05109072,0.88722193
0.059789997,0.042960104,0.8972499
0.068628795,0.04873644,0.8826347
0.04871748,0.03831355,0.91296905
0.054541808,0.036368176,0.90909
0.049590617,0.04171873,0.9086907
0.048774425,0.03852727,0.91269827
0.046459015,0.03260829,0.92093265
0.050340906,0.039301373,0.91035765
0.05324859,0.04082711,0.9059243
0.059223402,0.043307614,0.8974689
0.047180817,0.37183145,0.5809877
0.07391113,0.043513805,0.8825751
0.05444166,0.039908238,0.90565014
0.06349238,0.048824124,0.88768345
0.05315034,0.038170762,0.9086789
0.064658605,0.050135367,0.88520604
0.07735163,0.048999917,0.8736484
0.055670206,0.03615461,0.9081752
0.05782637,0.031856883,0.91031677
0.05929212,0.037358575,0.9033493
0.012116047,0.9719421,0.015941802
0.05966819,0.039207857,0.90112394
0.052126575,0.041336317,0.9065372
0.05197281,0.04372278,0.9043044
0.06730493,0.036113795,0.8965813
0.06437004,0.0461607,0.8894692
0.056444965,0.04275278,0.9008022
0.05454699,0.044672385,0.9007806
0.06005373,0.033885054,0.9060612
0.057444967,0.05052203,0.89203304
0.05964519,0.047460508,0.8928943
0.039137363,0.7060285,0.2548341
0.055591103,0.044581547,0.89982736
0.06386426,0.045865133,0.89027065
0.04982181,0.09674,0.8534382
0.04222395,0.5224935,0.43528253
0.012674089,0.98302424,0.0043016262
0.016016064,0.97742385,0.0065601547
0.059512056,0.058675293,0.88181263
0.058804266,0.03913385,0.9020619
0.9897641,0.006714723,0.0035211751
0.06528695,0.035652228,0.89906085
0.06114484,0.044278163,0.894577
0.059092525,0.04323301,0.89767444
0.0612573,0.04120661,0.89753604
0.017588057,0.9640337,0.018378204
0.06253978,0.044542655,0.8929175
0.05599278,0.0429731,0.90103406
0.04986969,0.033644803,0.9164855
0.054447778,0.037586186,0.907966
0.055457182,0.035858333,0.9086845
0.07095137,0.03419277,0.89485586
0.017205676,0.96449685,0.01829747
0.08720673,0.09103556,0.8217576
0.095345125,0.07858209,0.82607275
0.05975736,0.042167913,0.89807475
0.019013608,0.97616494,0.0048214984
0.09061108,0.06960975,0.8397792
0.054889444,0.040001415,0.9051091
0.053366493,0.041359417,0.90527403
0.065143146,0.05555688,0.8793
0.01348314,0.9686022,0.017914664
0.9814906,0.008533121,0.00997623
0.05472353,0.044664044,0.9006125
0.04798766,0.037665945,0.9143464
0.055385426,0.03754892,0.9070657
0.053329844,0.046424348,0.90024585
0.05871418,0.037521996,0.9037638
0.053041045,0.04191797,0.9050409
0.05115497,0.036327478,0.91251755
0.060378477,0.043659203,0.89596236
0.06314566,0.04361176,0.8932426
0.057948418,0.052249882,0.8898017
0.058887858,0.040850222,0.9002619
0.057565764,0.04677779,0.8956564
0.0566986,0.041098524,0.90220284
0.050670017,0.040595394,0.90873456
0.048274856,0.03370128,0.9180238
0.048316844,0.04356546,0.90811765
0.061543457,0.04723311,0.8912234
0.05259502,0.03539694,0.91200805
0.05217855,0.04788173,0.8999397
0.052819062,0.048564255,0.8986167
0.056147743,0.042527653,0.90132457
0.052743588,0.043768693,0.90348774
0.05637226,0.040464874,0.90316296
0.050312866,0.040724713,0.9089624
0.055691417,0.049872737,0.8944359
0.055234972,0.049391575,0.89537334
0.0547844,0.050617833,0.8945978
0.050983544,0.041774426,0.907242
0.060406733,0.045397453,0.8941958
0.05138342,0.042702477,0.905914
0.058781587,0.043896582,0.8973219
0.0503888,0.043268513,0.9063426
0.053463086,0.04139384,0.9051431
0.051304676,0.03929826,0.90939707
0.058515947,0.041211337,0.9002727
0.06542899,0.04187447,0.89269644
0.055056635,0.052024867,0.89291847
0.037829597,0.84682167,0.11534872
0.06275039,0.055215027,0.88203454
0.043537363,0.06648386,0.88997877
0.015223578,0.9679584,0.016818084
0.052788205,0.0434012,0.9038106
0.05321908,0.039145596,0.90763533
0.062531,0.054647144,0.88282186
0.06614977,0.052226674,0.8816236
0.060514856,0.07842684,0.86105835
0.012723097,0.975805,0.011471933
0.05524203,0.043127704,0.90163034
0.05426403,0.046120796,0.89961517
0.051249202,0.043878593,0.90487224
0.04974935,0.03731516,0.91293555
0.016597394,0.9783875,0.005015175
0.052641973,0.04296513,0.90439284
0.05932008,0.043061763,0.8976182
0.059169095,0.04855249,0.8922785
0.06270301,0.5406145,0.39668247
0.060970563,0.04743758,0.89159185
0.050072897,0.043973938,0.9059532
0.061834622,0.047087256,0.8910782
0.053056665,0.052183114,0.89476025
0.05059829,0.047255,0.90214676
0.056149695,0.042054176,0.90179604
0.060969796,0.032081794,0.9069484
0.04951107,0.0379244,0.9125645
0.059642937,0.039614532,0.90074253
0.05579602,0.04282209,0.9013819
0.05352413,0.038084242,0.90839165
0.055433564,0.044217072,0.9003493
0.078963846,0.040429372,0.8806068
0.053631805,0.053318474,0.8930497
0.07055107,0.05343707,0.87601197
0.9381159,0.011061205,0.050822858
0.055954874,0.044939052,0.899106
0.06232077,0.04701922,0.89066
0.060585935,0.04649823,0.89291584
0.060794827,0.04495882,0.8942463
0.063111395,0.04369465,0.89319396
0.052870084,0.05333681,0.89379317
0.061558295,0.0819907,0.85645103
0.057841104,0.039137248,0.90302163
0.055605534,0.04652827,0.89786613
0.05168267,0.042450774,0.90586656
0.052223362,0.03778074,0.9099959
0.059403665,0.038635828,0.9019605
0.05240935,0.04411155,0.90347904
0.05242198,0.04167218,0.9059058
0.045268428,0.029818514,0.92491305
0.058536705,0.048315845,0.89314747
0.05871177,0.039765187,0.90152305
0.05395212,0.043267157,0.9027808
0.0540389,0.039075103,0.906886
0.05861984,0.045653176,0.89572704
0.0626832,0.04235149,0.8949653
0.04994417,0.03399251,0.9160633
0.05673852,0.042185076,0.9010763
0.044558987,0.031137576,0.9243034
0.0536663,0.04173418,0.9045995
0.05996095,0.04416928,0.89586985
0.054754063,0.038392846,0.9068531
0.06054527,0.05148456,0.88797015
0.044597764,0.030294463,0.9251078
0.0581113,0.04915014,0.8927386
0.054942053,0.041290585,0.9037674
0.0592601,0.041837443,0.8989025
0.05960609,0.049391065,0.89100283
0.05309795,0.041332535,0.9055695
0.05811904,0.037616197,0.90426475
0.05125587,0.0450788,0.90366524
0.05243161,0.037949923,0.9096185
0.05791907,0.047503557,0.8945774
0.049799062,0.039471317,0.91072965
0.05752049,0.04226823,0.9002113
0.05595221,0.04190627,0.9021415
0.04831605,0.038690567,0.9129934
0.056576952,0.03963231,0.90379065
0.05610772,0.06192389,0.8819683
0.014563406,0.98186064,0.0035758931
0.052722085,0.046800498,0.9004774
0.053208884,0.03932967,0.90746146
0.051900078,0.039754327,0.9083456
0.055799477,0.038350385,0.9058501
0.052677065,0.042327214,0.90499574
0.052154455,0.043918457,0.9039271
0.05311841,0.038748574,0.90813303
0.05345653,0.034413163,0.9121303
0.060195476,0.04086975,0.89893484
0.052856613,0.042161547,0.90498185
0.016315466,0.97834617,0.0053384
0.05694111,0.042730298,0.9003286
0.9919636,0.005784345,0.0022519482
0.9858877,0.008774614,0.005337687
0.9881053,0.008310078,0.0035846063
0.9866035,0.009411425,0.0039850483
0.9840932,0.0111588,0.0047480604
0.9902074,0.007102269,0.0026904575
0.9865666,0.008636087,0.0047973273
0.9916699,0.0059429333,0.002387134
0.9912368,0.005735126,0.0030281073
0.98501104,0.010400684,0.004588312
0.9898958,0.007382869,0.0027213155
0.9881103,0.008811589,0.0030780921
0.9847447,0.010686112,0.004569188
0.9885712,0.0084614325,0.002967343
0.9887856,0.007751177,0.0034631572
0.98213416,0.010410896,0.0074548773
0.9895403,0.007817932,0.0026417966
0.9912799,0.0066142823,0.0021058095
0.98856175,0.007802579,0.00363563
0.984903,0.010213348,0.0048836973
0.98524845,0.010162202,0.004589418
0.98681474,0.00747579,0.0057095406
0.015704354,0.9818475,0.002448059
0.9869991,0.009072211,0.003928674
0.9898397,0.0071483306,0.0030120506
0.98380566,0.011210144,0.0049841963
0.9853094,0.010073899,0.0046166736
0.98634225,0.010223281,0.003434417
0.9859125,0.009914102,0.00417337
0.98022974,0.008870302,0.0109000085
0.9811241,0.011289299,0.0075866813
0.98769134,0.009523559,0.0027850796
0.9877939,0.0084506525,0.0037554512
0.9866311,0.010216292,0.003152521
0.9912826,0.0064045424,0.002312786
0.9851372,0.010700816,0.0041619516
0.9884515,0.008160166,0.0033884016
0.99147624,0.006233008,0.0022907571
0.9861844,0.009984859,0.0038307556
0.9919476,0.005835314,0.0022169992
0.99066424,0.0064759944,0.0028597077
0.9849908,0.010339709,0.004669583
0.987003,0.008883751,0.004113212
0.9921978,0.006075227,0.0017270365
0.98879635,0.0078273285,0.0033763691
0.99190557,0.0060320618,0.0020623512
0.9876288,0.008557189,0.0038139534
0.9911295,0.0062858327,0.002584744
0.9888353,0.007827636,0.0033371646
0.99206275,0.0059919166,0.0019452907
0.9895947,0.0076149083,0.0027904466
0.99283844,0.0047902544,0.002371348
0.99231064,0.005724543,0.0019648713
0.9869472,0.00914735,0.0039055161
0.9913967,0.006430349,0.0021729113
0.99198604,0.005818469,0.0021955394
0.9880177,0.007928829,0.0040536057
0.9825334,0.012835871,0.0046307207
0.98859197,0.008193268,0.0032148028
0.98705566,0.009342466,0.0036018414
0.99106115,0.006548559,0.0023903323
0.98800826,0.008931966,0.003059793
0.21349376,0.02534304,0.76116323
0.9852915,0.009226125,0.0054823356
0.98821265,0.008359821,0.0034275148
0.9875194,0.009134795,0.0033457677
0.9890915,0.007685727,0.0032227158
0.88974845,0.019258086,0.09099344
0.9856389,0.010356622,0.004004548
0.9872967,0.0094549,0.0032484361
0.99208426,0.005689801,0.0022259832
0.98579514,0.009874276,0.004330635
0.9885438,0.008297543,0.0031586327
0.992338,0.005570287,0.0020916525
0.98789316,0.008707017,0.0033997418
0.98991334,0.007722219,0.0023643617
0.9871925,0.009546678,0.0032608062
0.9849058,0.010792745,0.0043014497
0.988458,0.008840552,0.0027014872
0.9902152,0.0073206252,0.002464105
0.99043965,0.006745605,0.002814734
0.98967415,0.007366813,0.0029590724
0.9880117,0.0085814325,0.0034067973
0.98913157,0.0077690477,0.0030993808
0.9864151,0.009474172,0.0041107624
0.98977435,0.0072604218,0.0029651576
0.98840404,0.008167747,0.0034281786
0.9901058,0.006736749,0.0031574506
0.9901001,0.0070807254,0.0028192697
0.98793113,0.008547279,0.0035215253
0.9855709,0.010056912,0.004372139
0.98708576,0.009347313,0.0035669468
0.9898289,0.0073249186,0.002846157
0.9845952,0.010663642,0.0047412133
0.9907239,0.0068204147,0.002455759
0.99296486,0.0050651054,0.0019700106
0.98875284,0.008348071,0.0028991373
0.99016577,0.006466418,0.0033678636
0.9873624,0.008934846,0.0037028382
0.9879062,0.008203592,0.0038902694
0.9916431,0.0060659037,0.0022911425
0.98828286,0.008401336,0.0033158148
0.988941,0.007905298,0.0031537362
0.9903538,0.0072575817,0.0023886263
0.98985404,0.006908232,0.003237823
0.990739,0.0062344586,0.0030265867
0.9911986,0.006170707,0.0026307642
0.98823196,0.008881792,0.002886313
0.98943675,0.0074810283,0.0030822242
0.9852211,0.010382604,0.004396271
0.9863064,0.009436197,0.0042573824
0.9849473,0.010553476,0.004499275
0.9873454,0.009079826,0.0035748605
0.99061614,0.0065905172,0.002793327
0.98988944,0.0069967434,0.0031138954
0.9920568,0.005371087,0.0025720473
0.9893645,0.006607952,0.0040275436
0.98678696,0.009702504,0.003510584
0.9902334,0.0063852803,0.0033812763
0.9892592,0.007724656,0.0030161694
0.9922719,0.0054355785,0.0022925956
0.9882004,0.008516277,0.0032833172
0.9851179,0.010638091,0.0042439555
0.99110633,0.006796447,0.0020972327
0.9895862,0.008193503,0.0022203783
0.9868221,0.009168548,0.0040093553
0.9897927,0.0071479916,0.0030593383
0.9881831,0.008294515,0.0035224233
0.9892847,0.0072639203,0.003451397
0.9902788,0.007020032,0.0027011822
0.7714297,0.0661676,0.1624027
0.99056494,0.006806014,0.0026290822
0.98969275,0.007549022,0.0027582105
0.9887798,0.008275245,0.0029448722
0.9890721,0.0074636783,0.0034641605
0.98726696,0.009566063,0.0031668993
0.9914642,0.006462264,0.0020735476
0.987033,0.009629398,0.0033375947
0.99195427,0.005639273,0.0024065461
0.9891073,0.0070805363,0.00381221
0.9889169,0.0077522057,0.0033309278
0.9879946,0.008631712,0.0033736317
0.9840996,0.0110396445,0.0048606894
0.9885889,0.007995634,0.0034154519
0.9876128,0.0085695945,0.0038176177
0.9899344,0.006908793,0.0031569041
0.9917058,0.0056049223,0.0026892712
0.9872458,0.009831034,0.0029231254
0.9844291,0.010904028,0.0046669203
0.98725486,0.008899044,0.0038461655
0.9926593,0.005332526,0.0020082474
0.98728323,0.008787035,0.0039298045
0.99227434,0.0057299268,0.0019957407
0.9881909,0.008582988,0.003226076
0.9858394,0.009778756,0.0043818797
0.98770696,0.009167812,0.0031252888
0.9895856,0.0068593076,0.0035550888
0.9882917,0.008150884,0.0035573815
0.9853703,0.009976616,0.0046531702
0.99084914,0.0068882173,0.0022626373
0.9906679,0.006234011,0.0030981377
0.99071914,0.0068203816,0.0024605482
0.9911839,0.0066981385,0.0021179793
0.9917917,0.0059785913,0.0022296775
0.9901569,0.0067766877,0.003066447
0.9895671,0.0076370374,0.0027958243
0.9837246,0.006706416,0.009569045
0.99297523,0.005144923,0.0018798171
0.98607105,0.009010728,0.0049182223
0.9897405,0.0070093675,0.0032501225
0.9884243,0.00827227,0.0033033602
0.9873017,0.009035199,0.0036630493
0.98792005,0.0087328,0.0033471251
0.992069,0.0059627686,0.0019682331
0.9883713,0.00834485,0.0032838853
0.99166155,0.0060246917,0.00231367
0.9895176,0.0068856818,0.0035967478
0.9891945,0.00819026,0.0026152092
0.9876996,0.009132002,0.0031682872
0.988908,0.0081004035,0.0029916351
0.9888228,0.00797413,0.0032030174
0.98886234,0.00858882,0.0025487873
0.9888918,0.008021551,0.0030865492
0.9865124,0.009452003,0.00403559
0.9908502,0.00706536,0.0020844413
0.98916936,0.007930323,0.0029003585
0.9897142,0.007274174,0.003011669
0.9864204,0.009595269,0.003984309
0.9896265,0.0071677603,0.003205621
0.9877914,0.008795851,0.0034126965
0.9923609,0.0054894118,0.0021496848
0.98868644,0.007996423,0.003317169
0.013774654,0.98376286,0.0024624346
0.016295105,0.9809496,0.0027552857
0.016802222,0.9789225,0.0042753187
0.01618662,0.97966653,0.0041469308
0.015390069,0.9818948,0.0027151825
0.013554762,0.98234344,0.0041017975
0.015794713,0.9810089,0.0031963803
0.014973236,0.9813033,0.0037234952
0.014735241,0.98091334,0.004351477
0.015652547,0.9802822,0.004065306
0.027213775,0.9680236,0.004762646
0.01611648,0.9813933,0.0024903188
0.015567218,0.9806678,0.0037649472
0.030781807,0.9655758,0.0036424138
0.014238721,0.9827355,0.0030256833
0.015816743,0.9795033,0.004679988
0.018910421,0.97609586,0.0049936655
0.015444345,0.981516,0.003039687
0.014815447,0.98049074,0.0046938653
0.013624262,0.9816118,0.004763921
0.017136121,0.9776325,0.0052313274
0.0139220795,0.983668,0.0024098626
0.012358397,0.9836684,0.003973193
0.02610267,0.9695031,0.0043942607
0.015578617,0.9799493,0.0044720746
0.016670221,0.9793275,0.004002288
0.014738069,0.9815808,0.0036811559
0.053677037,0.9411674,0.0051556323
0.017241037,0.9802618,0.0024971834
0.09020154,0.90176475,0.008033742
0.016302487,0.9799573,0.0037402394
0.017032497,0.9802988,0.0026687423
0.015682066,0.9797363,0.0045816037
0.016906727,0.9797347,0.0033585206
0.019104386,0.97747874,0.0034168756
0.014673755,0.9816016,0.0037246272
0.01631455,0.97924703,0.004438425
0.0169643,0.98019516,0.0028405613
0.016407618,0.9795577,0.0040346263
0.017149497,0.9788735,0.003977061
0.016587598,0.9809184,0.00249398
0.0156571,0.98128605,0.0030568338
0.016304845,0.97962064,0.0040744813
0.014002673,0.98262227,0.0033750045
0.01103463,0.98605716,0.0029082235
0.017871553,0.97813874,0.00398963
0.015415429,0.98111457,0.0034700118
0.027262708,0.96787196,0.004865313
0.017408647,0.9782601,0.0043312395
0.016215084,0.9789964,0.004788492
0.016941277,0.98029983,0.0027588436
0.016458102,0.9811335,0.0024083524
0.04149183,0.95431584,0.0041923453
0.01708992,0.97833496,0.0045750504
0.01739592,0.9794561,0.0031479867
0.016489748,0.98110193,0.002408275
0.0136065455,0.9841723,0.0022212076
0.01828169,0.97740775,0.0043105944
0.018995835,0.9781138,0.0028904357
0.014956936,0.98071367,0.0043294
0.01365719,0.9835038,0.0028390381
0.013957311,0.9813539,0.00468883
0.012274663,0.98370516,0.004020178
0.017126728,0.9806815,0.0021918195
0.014350204,0.98128384,0.0043658926
0.018845974,0.9775308,0.0036232574
0.016225308,0.9800919,0.0036827584
0.014688803,0.9830881,0.0022230984
0.018139856,0.9783862,0.0034739056
0.02131306,0.9751217,0.00356525
0.015893245,0.98160124,0.002505484
0.033770926,0.94773316,0.018495908
0.015203484,0.9821436,0.0026529573
0.017294426,0.97946393,0.0032416028
0.015885364,0.9799177,0.0041968892
0.015615158,0.98033124,0.004053616
0.015592017,0.97983485,0.0045731235
0.015492176,0.9811964,0.0033113847
0.014784386,0.9813058,0.0039098286
0.016783774,0.97737044,0.0058458094
0.0146495355,0.9809389,0.004411494
0.016953845,0.98054826,0.002497913
0.013953607,0.9834916,0.0025548257
0.020434646,0.9750279,0.0045373766
0.015782379,0.9802428,0.003974853
0.015059793,0.9812098,0.0037304193
0.018255724,0.97745025,0.0042939754
0.016354177,0.9809068,0.002739069
0.015005483,0.9819771,0.0030174488
0.01572468,0.98048156,0.003793755
0.01701294,0.98012996,0.0028570641
0.014286584,0.9831544,0.0025589431
0.015612391,0.9820738,0.0023137862
0.016366547,0.97997266,0.0036607971
0.013856859,0.98385215,0.0022909706
0.014725255,0.9816855,0.003589249
0.016045945,0.98068297,0.003271093
0.016110405,0.97839224,0.005497372
0.016097998,0.98098606,0.0029159593
0.015168345,0.96822125,0.016610432
0.044913076,0.08329634,0.8717906
0.016187878,0.9802213,0.0035909016
0.016345218,0.976309,0.0073458147
0.01716676,0.9789024,0.0039308425
0.01344463,0.9834435,0.0031117983
0.013166191,0.9811127,0.0057210713
0.016329804,0.97920585,0.00446432
0.01401121,0.98226166,0.003727132
0.01208848,0.98548305,0.002428497
0.018397495,0.97737545,0.00422708
0.017258143,0.97884184,0.0039000113
0.020512344,0.9749196,0.004567992
0.01432756,0.98213035,0.0035421152
0.020309664,0.9752354,0.0044549103
0.016388133,0.98078614,0.002825669
0.017279936,0.98007786,0.002642212
0.01824538,0.977851,0.0039036805
0.015111453,0.9807371,0.0041514626
0.016490594,0.9811522,0.0023572075
0.016953683,0.9795817,0.0034645905
0.0128954705,0.97750276,0.009601835
0.018261475,0.97775817,0.003980296
0.018871244,0.9778861,0.003242708
0.018253077,0.9773086,0.0044382988
0.019234918,0.97816885,0.0025961816
0.019175777,0.9773064,0.0035178398
0.019146735,0.9739222,0.0069311024
0.014785725,0.98139465,0.003819603
0.020481475,0.9734524,0.0060661486
0.01712992,0.9753719,0.007498138
0.056095798,0.056508165,0.88739604
0.017438019,0.97847635,0.00408565
0.015998835,0.9801937,0.0038074849
0.01805409,0.978049,0.0038968525
0.014572862,0.9815392,0.0038879106
0.015161968,0.9811369,0.0037011146
0.014149142,0.98133296,0.004517923
0.016377406,0.9796656,0.0039570252
0.015518757,0.9800046,0.0044766963
0.015519701,0.9805429,0.0039374297
0.015238865,0.9822686,0.00249254
0.0194187,0.9606438,0.019937526
0.013773594,0.98176783,0.0044585494
0.015614982,0.98079896,0.0035860075
0.015457409,0.97947264,0.005070008
0.018505968,0.9697882,0.011705813
0.017658863,0.9774135,0.004927692
0.017350145,0.9792666,0.0033832442
0.016511278,0.9795091,0.0039796433
0.019604662,0.9774499,0.0029454438
0.013763775,0.98106784,0.005168321
0.015248215,0.9819118,0.002839984
0.059705514,0.04736953,0.892925
0.016569978,0.9801158,0.0033142045
0.016924065,0.97978216,0.0032937205
0.013345642,0.9843397,0.0023145997
0.016828582,0.97902316,0.0041482565
0.018638408,0.97744423,0.0039173285
0.016376253,0.98007524,0.0035485376
0.015378339,0.982105,0.0025165814
0.01642605,0.9797009,0.0038730572
0.016467983,0.9798069,0.0037250856
0.013110668,0.98415726,0.0027320902
0.01793517,0.979227,0.002837756
0.013847863,0.98225373,0.0038983475
0.018884884,0.97716045,0.003954623
0.015311811,0.98120433,0.0034839117
0.016462088,0.9794561,0.0040817615
0.014487959,0.98155516,0.0039569214
0.015758228,0.98065627,0.0035854855
0.016584301,0.98048407,0.0029315944
0.018040914,0.9792459,0.0027131515
0.016224403,0.97764754,0.0061280928
0.016240321,0.98099893,0.002760811
0.018604493,0.97876716,0.0026283911
0.013785235,0.98211795,0.004096853
0.012327875,0.98123896,0.006433201
0.014826425,0.9826555,0.002517992
0.051323038,0.07209491,0.876582
0.016528917,0.97959846,0.0038726518
0.011367113,0.98595923,0.0026736879
0.01845622,0.9757193,0.005824547
0.015101124,0.9810244,0.0038745038
0.015686281,0.9814361,0.0028776836
0.014534896,0.980896,0.004569144
0.017352873,0.9784646,0.004182489
0.011620754,0.9846102,0.003769024
0.013547077,0.983706,0.0027468856
0.017059699,0.9751754,0.0077648684
0.015715752,0.97944653,0.0048377067
0.017581107,0.9778727,0.004546173
0.019075368,0.97694767,0.0039769965
0.016993841,0.97950786,0.003498326
0.014694003,0.98103815,0.004267855
0.014526252,0.9831888,0.002284959
0.015913783,0.9802337,0.003852524
0.01601265,0.98008245,0.0039049543
0.01628575,0.9784733,0.0052409424
0.014393616,0.9799366,0.005669745
0.014616092,0.981571,0.0038128353
0.014558214,0.9824697,0.002972158
0.01600627,0.9811282,0.0028655652
0.016190898,0.9794471,0.0043619783
0.014950785,0.98270667,0.0023425687
0.015253749,0.98130935,0.003436972
0.0168125,0.97904325,0.004144293
0.017689096,0.9795649,0.002746028
0.01639695,0.9810743,0.0025287138
0.012820728,0.9842535,0.0029256719
0.017025087,0.9793941,0.0035808708
0.016997006,0.9796902,0.0033127654
0.014013203,0.98096335,0.0050234706
0.013637017,0.9839712,0.0023918457
0.015961386,0.98028976,0.003748823
0.015947439,0.98039025,0.0036623569
0.017257482,0.97880435,0.003938133
0.01557855,0.97994506,0.0044764243
0.01400221,0.98258984,0.0034080124
0.016943326,0.97946155,0.0035951335
0.016990991,0.9788655,0.0041435403
0.017401401,0.9797648,0.002833774
0.014758642,0.97864085,0.0066004726
0.013901358,0.9826836,0.0034150016
0.015105592,0.9817939,0.003100517
0.01668468,0.9758789,0.0074363886
0.015947003,0.97988486,0.0041681575
0.014484383,0.9808338,0.0046817716
0.010887885,0.98585576,0.0032563908
0.01555858,0.97964513,0.0047963466
0.015237212,0.98120326,0.0035595673
0.015882382,0.9802122,0.0039054714
0.015766352,0.98020416,0.004029412
0.01814788,0.9778636,0.0039885077
0.019116554,0.97714657,0.0037368028
0.016182438,0.9803704,0.0034471224
0.014011108,0.98225456,0.0037343912
0.014242269,0.9829805,0.0027772149
0.016777253,0.97985727,0.0033655076
0.016309418,0.97989535,0.0037951916
0.016032519,0.98034084,0.003626583
0.015110431,0.9825881,0.0023014732
0.012704629,0.9844313,0.0028640032
0.017731242,0.9785485,0.0037203014
0.014130306,0.9824222,0.0034475964
0.015946237,0.9807951,0.003258713
0.015137421,0.98098445,0.0038781313
0.01277519,0.9845962,0.0026285972
0.015716773,0.98046726,0.0038159937
0.017508209,0.9790627,0.0034291032
0.014166502,0.982537,0.0032965366
0.015897313,0.9787412,0.0053614588
0.011662551,0.98429906,0.0040383493
0.014235325,0.98346114,0.0023035181
0.013628686,0.98385024,0.0025210532
0.017290344,0.9792327,0.0034769115
0.016656803,0.9790171,0.004326133
0.016055174,0.9807679,0.0031769257
0.015878227,0.9809132,0.0032085776
0.012741856,0.9844275,0.0028306257
0.01399453,0.9825304,0.0034750195
0.0144828465,0.9826471,0.0028700014
0.04551855,0.047331806,0.9071497
0.014249586,0.9820458,0.0037045432
0.017132593,0.9793423,0.0035251677
0.013850981,0.98343486,0.002714135
0.014089647,0.9824693,0.0034410348
0.017185887,0.97951484,0.0032992593
0.013953187,0.983462,0.0025848637
0.013712267,0.9836204,0.0026673456
0.014282756,0.98289096,0.0028262078
0.015772056,0.9810377,0.003190237
0.015362517,0.98157376,0.003063708
0.016263498,0.9795249,0.0042116265
0.012194411,0.9854196,0.002386028
0.016121855,0.9810018,0.0028764103
0.014416202,0.9829131,0.0026706385
0.015769124,0.9808553,0.0033755216
0.015479802,0.9808915,0.0036286202
0.017245417,0.9790756,0.0036789393
0.016842397,0.98030555,0.002852
0.019126255,0.9752585,0.0056151934
0.059280034,0.29304704,0.64767295
0.01742056,0.9789297,0.0036497654
0.015084842,0.9804452,0.0044699702
0.017522942,0.97797453,0.0045024618
0.014327659,0.98213714,0.003535228
0.015715681,0.9780085,0.006275733
0.012438286,0.9837626,0.0037990233
0.014803176,0.98159385,0.0036029604
0.019302202,0.9746654,0.00603233
0.012561739,0.9805146,0.0069237156
0.01712449,0.9793571,0.003518343
0.014943453,0.9803082,0.004748311
0.012763693,0.9832298,0.004006481
0.012699148,0.98208654,0.005214265
0.013714644,0.9833106,0.0029747018
0.01183995,0.98570234,0.0024576704
0.0117716845,0.98481596,0.0034123994
0.017240047,0.9792489,0.0035110898
0.017187417,0.9786456,0.0041669537
0.0145866815,0.98247004,0.0029432753
0.016391477,0.9795503,0.004058305
0.013891929,0.980101,0.0060070218
0.011635358,0.9853662,0.0029984382
0.013447823,0.98223716,0.0043150047
0.015552764,0.98119354,0.0032536758
0.017405001,0.97853297,0.0040620165
0.014713545,0.981384,0.0039025105
0.015833246,0.9805253,0.0036414627
0.01484405,0.9814247,0.0037312363
0.015405032,0.9804528,0.004142161
0.015309419,0.9805721,0.0041184626
0.015078499,0.9824286,0.002492946
0.016133778,0.9807689,0.0030972802
0.018235656,0.9778071,0.00395724
0.017923836,0.9786082,0.003467914
0.015648978,0.98149556,0.0028554623
0.015547028,0.9808317,0.003621319
0.016020428,0.9805586,0.0034209534
0.0137538975,0.9837204,0.002525649
0.0136703225,0.98204905,0.004280605
0.013321478,0.9835174,0.0031610397
0.011786898,0.98512626,0.0030868305
0.01412705,0.98363554,0.0022374077
0.017903188,0.9774809,0.004615914
0.017669618,0.97800875,0.0043216776
0.012542079,0.98329157,0.0041663423
0.017879624,0.97905856,0.0030618317
0.013535171,0.98188215,0.004582679
0.01397714,0.98083055,0.0051923622
0.016833263,0.980731,0.0024357417
0.013607289,0.9827854,0.0036073339
0.015948921,0.98000276,0.004048302
0.018278446,0.9786669,0.003054635
0.015623553,0.98133737,0.0030391337
0.016423373,0.9804983,0.0030783357
0.016551405,0.9785392,0.0049093375
0.016257191,0.9758042,0.007938612
0.017494723,0.97926426,0.003240942
0.016144576,0.9799888,0.0038666362
0.0142904855,0.9819834,0.003726076
0.017028311,0.97766817,0.0053035337
0.015168376,0.9810724,0.003759151
0.016521463,0.9805921,0.0028864618
0.013114192,0.98442173,0.0024640837
0.015579835,0.9814626,0.0029575357
0.017880635,0.9714944,0.010625008
0.06286978,0.045616284,0.8915139
0.059141785,0.045500834,0.8953573
0.06366071,0.052365877,0.8839734
0.047892988,0.052395094,0.8997119
0.06324249,0.04039614,0.8963613
0.06649313,0.035107918,0.89839894
0.0592062,0.043147307,0.8976464
0.05889773,0.04551264,0.8955896
0.054464597,0.026582835,0.9189526
0.045248855,0.2237582,0.730993
0.15399039,0.05302312,0.7929865
0.05819505,0.034144353,0.90766066
0.012798193,0.978693,0.008508799
0.06523254,0.04605397,0.8887134
0.060045574,0.04588145,0.894073
0.055721175,0.04322651,0.90105236
0.059978586,0.05389588,0.88612556
0.023958428,0.93484676,0.04119481
0.079635486,0.10340883,0.8169557
0.051379066,0.03834984,0.9102711
0.060339604,0.044274922,0.8953855
0.065393925,0.04064368,0.8939624
0.06853363,0.04919449,0.88227195
0.066332236,0.03962813,0.8940397
0.05533098,0.101669915,0.8429991
0.05486433,0.047481123,0.8976546
0.0627667,0.045876276,0.891357
0.07123272,0.036918975,0.89184827
0.050017193,0.037939765,0.91204304
0.06486458,0.051866286,0.8832691
0.06149934,0.038297843,0.9002029
0.060058095,0.04524577,0.8946962
0.052587133,0.039540093,0.90787274
0.05964495,0.049206544,0.8911485
0.05292262,0.039637208,0.90744025
0.057140518,0.041580964,0.9012785
0.078178324,0.03602936,0.8857924
0.083025254,0.039065454,0.87790924
0.98738176,0.008559228,0.004058917
0.087812565,0.05511293,0.85707456
0.060664162,0.0422059,0.89712995
0.0590803,0.042992532,0.89792717
0.050408352,0.029518012,0.9200737
0.063570194,0.047658395,0.88877136
0.056001402,0.052454546,0.891544
0.060875665,0.05929152,0.87983286
0.054082353,0.054987703,0.89092994
0.06768251,0.04555096,0.8867665
0.05489817,0.039406743,0.905695
0.06428092,0.044875313,0.89084375
0.051787306,0.043609284,0.9046034
0.056824923,0.0398449,0.9033302
0.07174589,0.04821497,0.88003916
0.05020828,0.040501393,0.9092903
0.059368547,0.044032868,0.89659864
0.058149848,0.044585034,0.89726514
0.054134477,0.04003337,0.9058321
0.051775165,0.041622836,0.906602
0.052066498,0.03978455,0.90814894
0.053260427,0.0366232,0.9101164
0.052441303,0.031978562,0.9155801
0.053562112,0.034734603,0.9117032
0.05965207,0.041664198,0.8986837
0.062002856,0.0553353,0.8826618
0.051029757,0.035123616,0.9138467
0.053237952,0.037917625,0.90884435
0.059283867,0.045833394,0.8948827
