p0,p1,p2
0.014108471,0.9766028,0.009288775
0.98740524,0.010304499,0.0022902805
0.9879808,0.011137432,0.00088177255
0.9961338,0.0025625196,0.0013037043
0.9950277,0.0042037363,0.0007685536
0.9846836,0.010057675,0.0052587767
0.99014133,0.009335134,0.00052357547
0.9929012,0.0068354034,0.00026348894
0.9937888,0.0060730954,0.00013816114
0.98959863,0.009495472,0.000905929
0.97781223,0.008891737,0.013296038
0.5809047,0.05486921,0.36422604
0.98708946,0.01012171,0.002788824
0.99175996,0.007267886,0.00097214215
0.9564187,0.019985994,0.023595296
0.9878913,0.010090439,0.0020182147
0.9931706,0.0064733857,0.00035604744
0.9853055,0.009307703,0.0053868857
0.98835886,0.009784617,0.0018565169
0.13140413,0.8294864,0.039109424
0.9902982,0.009084774,0.00061702036
0.70438075,0.09994207,0.1956771
0.9904987,0.0069533545,0.0025480236
0.8433015,0.042625867,0.11407273
0.97045434,0.020279292,0.00926642
0.98746467,0.010799671,0.0017356651
0.539367,0.21381332,0.24681966
0.97967577,0.019382492,0.0009417231
0.99898225,0.00074204826,0.00027566322
0.9946016,0.0046420437,0.00075631426
0.9929564,0.005997314,0.0010462559
0.9919269,0.0071007204,0.00097230583
0.98733914,0.01065167,0.0020092227
0.12038307,0.028343279,0.85127366
0.9892286,0.007807842,0.0029635224
0.98619926,0.011915534,0.001885311
0.9976605,0.00192218,0.00041732757
0.99753535,0.002216463,0.00024819502
0.9962404,0.0035580865,0.00020151916
0.99474263,0.00409717,0.0011601831
0.9835384,0.015559514,0.0009021415
0.9819853,0.017296668,0.0007181141
0.16562718,0.23266116,0.6017117
0.9869017,0.0079897875,0.0051084626
0.99501735,0.004634923,0.00034776644
0.9905524,0.0071047437,0.0023428958
0.9989606,0.00073195616,0.00030751782
0.997024,0.0025250458,0.0004509508
0.9914676,0.007825514,0.0007068707
0.9876847,0.008478648,0.0038365836
0.98803747,0.010869438,0.001093168
0.99646735,0.0032340903,0.00029847625
0.9942631,0.0048917434,0.00084509136
0.98757577,0.011724252,0.0006999826
0.99391854,0.005114727,0.00096667634
0.9949173,0.0037021348,0.0013806875
0.99031013,0.00827188,0.0014179186
0.88167024,0.048116013,0.07021378
0.99321073,0.0066013285,0.00018799822
0.9871629,0.012186196,0.0006509101
0.98446184,0.014474212,0.0010639804
0.9919226,0.0051747225,0.0029027562
0.9419193,0.04847861,0.009602102
0.9960867,0.0012488131,0.0026644727
0.99405575,0.004712558,0.0012317476
0.9911411,0.006971467,0.0018873713
0.9883348,0.01110883,0.00055632624
0.9976295,0.0017501104,0.00062037545
0.98670083,0.01206212,0.001237046
0.9897267,0.009331225,0.0009421391
0.99910223,0.0007807973,0.00011696538
0.9898712,0.009063138,0.0010656558
0.98290575,0.016487831,0.0006064628
0.9984108,0.00039004566,0.0011990812
0.9922775,0.00677795,0.0009445672
0.9886517,0.010237214,0.0011110733
0.9933373,0.00621429,0.00044840667
0.99417204,0.0057185036,0.00010955036
0.99213517,0.007356339,0.00050848856
0.98854303,0.010499318,0.0009576997
0.9871017,0.011833624,0.0010647518
0.9988613,0.0008164749,0.00032224393
0.9864348,0.0116195725,0.0019456218
0.9884034,0.010894721,0.00070193876
0.98710257,0.009810427,0.0030869879
0.980734,0.018370794,0.0008951874
0.99786466,0.0018561571,0.00027914526
0.9825953,0.012141663,0.005263021
0.9977677,0.0012656661,0.0009666366
0.99860615,0.00097123545,0.00042264714
0.9927407,0.0067414967,0.0005178217
0.969536,0.0238024,0.0066615283
0.9938048,0.0032698493,0.002925355
0.9893854,0.0093645165,0.0012501404
0.9722898,0.021585822,0.0061243405
0.9891683,0.0071365098,0.0036951483
0.99342406,0.005884086,0.0006918587
0.9870216,0.011479816,0.0014984895
0.9973568,0.0025807428,6.2497675e-05
0.99032766,0.008568013,0.0011042957
0.990159,0.009262652,0.0005784246
0.9938645,0.004629553,0.0015059342
0.9884781,0.010457697,0.0010641562
0.98846567,0.009503144,0.002031255
0.99555284,0.0041569537,0.00029015885
0.9929219,0.0063838856,0.0006942154
0.98782814,0.011190218,0.0009816173
0.99086964,0.0074190553,0.0017113026
0.9802269,0.017988581,0.001784593
0.99537814,0.003836379,0.00078552065
0.98746663,0.010653046,0.0018803743
0.9967437,0.0027082171,0.0005480626
0.9902739,0.008996266,0.00072985527
0.99231875,0.005037154,0.0026440453
0.99093163,0.008148748,0.000919637
0.99342126,0.005581816,0.0009968628
0.99523515,0.003674498,0.0010904307
0.99319756,0.0064357417,0.00036664275
0.99254906,0.006859723,0.00059125683
0.9902312,0.008111242,0.0016575828
0.9944114,0.005117263,0.00047135403
0.9853947,0.011630014,0.0029751898
0.99619246,0.0032969671,0.00051056803
0.99570423,0.003640504,0.00065526104
0.99242836,0.0069941683,0.00057749014
0.99867284,0.00092140643,0.00040568976
0.015503305,0.9838208,0.0006758668
0.012444951,0.9424317,0.0451234
0.027935227,0.97043085,0.0016339844
0.025148228,0.97363585,0.0012159073
0.028785726,0.8985637,0.072650544
0.003986846,0.9947901,0.0012230648
0.012888334,0.9836631,0.003448582
0.005754417,0.9906935,0.0035521246
0.011233195,0.987756,0.0010107271
0.32441482,0.12022288,0.55536234
0.01673209,0.9820026,0.0012652847
0.0083858175,0.99031806,0.001296093
0.019856328,0.9784637,0.001680004
0.054309174,0.9421917,0.0034990998
0.021222394,0.93332016,0.045457404
0.015199817,0.98358613,0.001214023
0.009161113,0.9889149,0.0019240277
0.27143434,0.68221927,0.046346333
0.0071972404,0.9917578,0.001044993
0.027950756,0.9700225,0.0020267242
0.015857998,0.9830177,0.0011243325
0.01842978,0.9790906,0.0024796277
0.0143193845,0.9825289,0.0031517008
0.015690353,0.98313004,0.0011795765
0.012854782,0.9830205,0.0041247155
0.006457577,0.99268204,0.00086038886
0.029211683,0.96924925,0.0015391177
0.028513443,0.97041076,0.0010757649
0.020648066,0.9765901,0.002761856
0.047311973,0.88814634,0.06454162
0.03302352,0.96320564,0.0037708418
0.008809944,0.99082434,0.00036576667
0.019132107,0.9793752,0.0014927001
0.011703093,0.9733576,0.014939276
0.0219524,0.9772816,0.0007659853
0.020508964,0.978574,0.0009170806
0.00771119,0.9904321,0.0018567811
0.008979539,0.9884327,0.0025878001
0.01039884,0.9877258,0.0018753655
0.008639758,0.9879503,0.003409914
0.021007568,0.97532755,0.0036648558
0.019146461,0.9705851,0.010268397
0.01950369,0.9781302,0.0023660662
0.01437058,0.98411775,0.0015116927
0.011520989,0.9876638,0.0008152447
0.016784107,0.9812152,0.0020006644
0.009129765,0.9884226,0.002447663
0.030113097,0.9674723,0.002414574
0.04890583,0.3465075,0.60458666
0.015540289,0.9708788,0.013580981
0.014901516,0.98234195,0.0027565034
0.0063327053,0.9926866,0.0009806821
0.013921899,0.9846164,0.0014616367
0.009211536,0.98854864,0.0022398168
0.008988158,0.9893813,0.0016304837
0.0033108813,0.98777664,0.008912447
0.011577681,0.9857621,0.0026601327
0.019989315,0.9744923,0.0055184024
0.016732924,0.9801354,0.0031317656
0.012679096,0.9819732,0.005347736
0.019673066,0.9779911,0.0023358858
0.0024156664,0.98507464,0.012509727
0.0029118184,0.9950193,0.0020688253
0.017725775,0.96402144,0.018252766
0.018523756,0.97928965,0.0021865726
0.016358102,0.9809028,0.0027390579
0.002843993,0.99683386,0.00032221852
0.015411028,0.9808344,0.0037545708
0.00950019,0.98430586,0.006193977
0.013146722,0.9839766,0.0028766925
0.007943782,0.9850595,0.0069966847
0.014455702,0.9832028,0.002341464
0.009819118,0.9879771,0.0022038165
0.011730119,0.986142,0.002127885
0.015585274,0.9822848,0.0021299364
0.012880466,0.98594695,0.0011726046
0.014805098,0.9836406,0.0015543622
0.021948593,0.9610245,0.01702694
0.021989431,0.97606647,0.0019440642
0.021106016,0.97703165,0.0018623213
0.018028462,0.972853,0.009118553
0.015115179,0.9819374,0.0029474308
0.015283685,0.98323524,0.0014811243
0.011966728,0.9769875,0.011045819
0.04865653,0.94814986,0.003193614
0.013250637,0.98403627,0.0027131438
0.011803079,0.98359275,0.0046041314
0.0129769035,0.98463666,0.0023864617
0.016497051,0.98153645,0.0019664473
0.019493103,0.9795105,0.0009964342
0.044196025,0.9398908,0.015913224
0.08733801,0.04932824,0.8633338
0.016791943,0.98167336,0.0015346789
0.014965276,0.98269904,0.002335698
0.011641826,0.9825499,0.0058083218
0.017260162,0.9808702,0.001869638
0.016011022,0.9828582,0.0011307562
0.012956486,0.98500943,0.0020340604
0.015444948,0.9820338,0.0025213186
0.09541047,0.8829654,0.021624206
0.011845233,0.984218,0.0039367797
0.01643517,0.97976637,0.0037983994
0.016104676,0.9799564,0.00393892
0.012271816,0.9853998,0.0023284338
0.0058012214,0.9737118,0.020486932
0.016130555,0.980573,0.0032963792
0.0142749185,0.9833114,0.0024136985
0.014560247,0.98356676,0.001872948
0.016920224,0.9814749,0.0016048668
0.018286152,0.9800361,0.0016777811
0.019469526,0.97737074,0.003159744
0.08870257,0.42255688,0.48874056
0.020572793,0.9711313,0.008295941
0.019531982,0.97763765,0.0028303843
0.02303903,0.9739212,0.0030398224
0.013809873,0.98435366,0.0018363971
0.016311536,0.9819387,0.0017497112
0.20507164,0.36079168,0.43413666
0.022197112,0.9747575,0.0030454055
0.019822555,0.9767994,0.003378018
0.019040132,0.9784817,0.002478086
0.027401173,0.96970516,0.0028937086
0.013205667,0.98549694,0.0012973626
0.012271139,0.9853454,0.0023835197
0.007873034,0.98972577,0.0024011398
0.01700478,0.97965986,0.0033353854
0.00865264,0.9874928,0.0038546135
0.011860754,0.98166543,0.006473819
0.02548239,0.97127795,0.0032397225
0.007855114,0.9894036,0.002741295
0.021368768,0.97671604,0.001915198
0.018930543,0.9785669,0.002502622
0.009826208,0.98291427,0.0072595566
0.01778529,0.98057324,0.001641416
0.014243872,0.9840516,0.0017045138
0.022530109,0.9740417,0.003428216
0.006245988,0.9925712,0.0011827908
0.023760574,0.97542316,0.0008162243
0.04266317,0.9347228,0.022614025
0.016063442,0.98127294,0.0026635795
0.017521065,0.9802601,0.002218869
0.048961308,0.8167731,0.13426554
0.013568499,0.98142034,0.0050111087
0.013461164,0.9851339,0.0014050083
0.01034789,0.9867334,0.0029187566
0.01569086,0.98124343,0.0030656694
0.015969872,0.9822488,0.001781302
0.011182715,0.9862023,0.0026149482
0.027572487,0.96817434,0.004253226
0.012148372,0.9850604,0.002791257
0.025315939,0.9715523,0.0031317452
0.014585535,0.9823928,0.0030216756
0.019706976,0.97872055,0.0015724775
0.040337116,0.9565065,0.003156363
0.22517724,0.73468655,0.040136192
0.02319812,0.9739656,0.002836324
0.031887658,0.96429646,0.0038158833
0.013862522,0.98329353,0.0028439804
0.019074224,0.9802337,0.00069206994
0.012289824,0.98108035,0.0066298624
0.03449545,0.037701305,0.9278033
0.013233212,0.9837024,0.0030643612
0.019286422,0.97482,0.0058935257
0.009444372,0.9881253,0.002430257
0.02046874,0.97189754,0.0076336847
0.004719262,0.9935276,0.001753157
0.0028600183,0.99659413,0.00054584397
0.01407783,0.9830844,0.0028378274
0.013000833,0.9845276,0.002471579
0.016201051,0.9306258,0.0531731
0.020239772,0.9761597,0.0036005522
0.014741286,0.96799064,0.017268004
0.018479783,0.97696495,0.004555279
0.0135177495,0.9834954,0.0029869059
0.021158868,0.95772356,0.021117585
0.022931295,0.9731609,0.003907787
0.016662816,0.9827237,0.00061349804
0.018372692,0.9798779,0.0017494526
0.0107125295,0.98525304,0.0040343762
0.030029634,0.9544822,0.0154881505
0.010819801,0.9758716,0.013308584
0.002303525,0.99311537,0.0045811064
0.013625764,0.9855623,0.0008119228
0.013678714,0.983612,0.002709327
0.02559198,0.97165203,0.0027559532
0.016502574,0.98090667,0.0025907669
0.01287947,0.98490846,0.0022120415
0.014778092,0.9818463,0.0033756343
0.054810647,0.14913635,0.796053
0.0045358543,0.98715395,0.008310189
0.019234171,0.9740796,0.006686213
0.011318388,0.9865383,0.0021433418
0.012256582,0.9841765,0.0035668688
0.013979589,0.9781325,0.007887921
0.024428593,0.97104377,0.0045276703
0.02546318,0.96865195,0.0058849
0.019749105,0.976989,0.0032619557
0.020551251,0.97676873,0.0026799883
0.017743032,0.97824347,0.0040135044
0.020212108,0.97864085,0.0011469902
0.0124506755,0.98522353,0.002325745
0.020341463,0.9762856,0.0033729454
0.0127465585,0.9852718,0.0019816565
0.019528072,0.9774419,0.0030300275
0.007140504,0.9916569,0.0012026571
0.007538003,0.98151565,0.01094633
0.020474562,0.9769325,0.0025929
0.016553735,0.98202777,0.0014184724
0.010152304,0.9881412,0.0017065903
0.013382478,0.9851306,0.0014868808
0.01821954,0.9802878,0.0014926327
0.018720586,0.97912085,0.0021586167
0.01841982,0.9795176,0.0020626143
0.011392078,0.9861966,0.002411343
0.015410527,0.98272,0.001869509
0.014057047,0.98355216,0.002390827
0.016813507,0.96486413,0.018322323
0.037736673,0.7010852,0.26117814
0.019388229,0.9780537,0.0025581273
0.15304725,0.060168736,0.78678393
0.023534082,0.97085416,0.005611712
0.013265179,0.9851162,0.0016187056
0.01576998,0.98234653,0.0018834557
0.013639808,0.9827319,0.0036283347
0.013585808,0.9836324,0.002781772
0.02482638,0.9725053,0.0026682906
0.02984791,0.9683631,0.001789009
0.037326556,0.93761355,0.025059864
0.0114377765,0.98629236,0.002269896
0.057237316,0.7148319,0.22793078
0.022174403,0.975664,0.002161524
0.017087577,0.97011447,0.012798002
0.07862159,0.0450165,0.8763619
0.016052652,0.9825309,0.00141643
0.053722467,0.03674303,0.90953445
0.06093475,0.012501134,0.92656416
0.11123512,0.022335503,0.8664294
0.036474112,0.043739144,0.91978675
0.03980154,0.036452677,0.92374575
0.024703067,0.022624576,0.95267236
0.13797398,0.04523317,0.8167928
0.036644083,0.100341186,0.8630147
0.052909996,0.054803196,0.89228684
0.04311233,0.02968857,0.9271991
0.061519027,0.084663324,0.85381764
0.011053823,0.9653617,0.023584478
0.038339958,0.039096143,0.9225639
0.08624013,0.1388922,0.77486765
0.047751267,0.029881978,0.9223668
0.055459324,0.036264714,0.90827596
0.02911445,0.042776987,0.9281086
0.09709396,0.047181387,0.85572463
0.17348954,0.021949284,0.80456114
0.027870746,0.06614409,0.9059852
0.3715472,0.06038746,0.56806535
0.010174418,0.965466,0.024359537
0.69300634,0.04914017,0.25785354
0.08046731,0.049768504,0.8697642
0.07430661,0.02045364,0.90523976
0.053416196,0.032021105,0.9145627
0.066707835,0.06567362,0.86761856
0.026826078,0.7167842,0.25638974
0.10994846,0.1702915,0.71976
0.32134375,0.02459254,0.6540637
0.07962302,0.052988593,0.8673883
0.24142708,0.75480545,0.0037674983
0.038438454,0.03572377,0.9258378
0.0334692,0.013870526,0.95266026
0.0747034,0.089758195,0.83553845
0.9764248,0.019000106,0.0045750444
0.9819902,0.008154466,0.009855392
0.905661,0.05719452,0.03714456
0.64179564,0.02115585,0.33704856
0.9943904,0.001350625,0.0042588743
0.8743022,0.017699277,0.10799851
0.9902712,0.004142984,0.0055858935
0.7295803,0.08305947,0.18736027
0.9768957,0.013921067,0.00918331
0.9825117,0.006763879,0.010724534
0.94277674,0.018043308,0.039179962
0.95351714,0.02973676,0.016746098
0.7266434,0.019026974,0.25432962
0.98291725,0.011818033,0.0052647456
0.98265356,0.015067232,0.002279259
0.8675068,0.05409388,0.078399286
0.89807135,0.09978161,0.0021470971
0.11749702,0.031934235,0.8505687
0.8815909,0.07173215,0.046676997
0.7323864,0.043811746,0.22380191
0.9393536,0.014333147,0.04631317
0.123184055,0.031298257,0.84551775
0.13285734,0.01963211,0.8475106
0.98042256,0.008318254,0.011259214
0.1797047,0.03548977,0.78480554
0.9563329,0.008730451,0.034936626
0.64074594,0.066828854,0.29242527
0.2322629,0.24700122,0.52073586
0.008039373,0.989155,0.0028055978
0.44608757,0.19843403,0.3554784
0.03027452,0.9641471,0.00557839
0.023974575,0.9755961,0.00042935682
0.2564677,0.109233424,0.6342989
0.03805652,0.9278964,0.03404708
0.0243983,0.8757493,0.099852405
0.016042687,0.9828804,0.0010768942
0.0543591,0.90075135,0.044889584
0.009660201,0.9587887,0.031551093
0.81872755,0.022748506,0.15852395
0.9565316,0.009665736,0.033802688
0.11509272,0.36327207,0.52163523
0.045133907,0.015889978,0.9389761
0.096818455,0.028369043,0.8748124
0.069899015,0.0048552444,0.9252458
0.034011796,0.016608432,0.9493798
0.058019996,0.026382525,0.9155975
0.025488682,0.022714425,0.95179695
0.22192106,0.042209856,0.73586905
0.075676,0.022877915,0.90144604
0.011086456,0.02447657,0.96443695
0.05039748,0.0684159,0.88118654
0.055059057,0.027229607,0.9177114
0.020071484,0.038916156,0.9410124
0.07243441,0.0206719,0.9068937
0.0549445,0.019362822,0.92569274
0.03763147,0.031750828,0.93061763
0.059712466,0.49113473,0.44915277
0.032452706,0.032931592,0.93461573
0.14836407,0.042507015,0.8091289
0.05484152,0.027495375,0.9176631
0.038218796,0.015715627,0.94606555
0.014896534,0.8889098,0.09619362
0.02057358,0.028900286,0.95052606
0.05846979,0.04809594,0.8934343
0.15548114,0.020655258,0.8238636
0.033417057,0.01911499,0.9474679
0.058382124,0.014891623,0.9267262
0.032893468,0.03811985,0.9289867
0.023295594,0.028738141,0.94796634
0.068764664,0.32518718,0.60604817
0.03461356,0.020668702,0.94471776
0.030988507,0.016218547,0.95279294
0.018835671,0.014134846,0.9670295
0.04980592,0.024995122,0.925199
0.39094225,0.057151645,0.5519061
0.044433534,0.026636321,0.92893016
0.03953823,0.041033037,0.9194287
0.07734669,0.040918365,0.88173497
0.034201037,0.0064639486,0.959335
0.038196433,0.028219348,0.93358433
0.042965956,0.019347372,0.9376867
0.050704334,0.037277658,0.91201806
0.038412277,0.08775502,0.87383264
0.0542654,0.076750994,0.86898357
0.042143553,0.03541919,0.9224372
0.039563365,0.035016984,0.9254196
0.08459915,0.0355775,0.8798233
0.027628243,0.006021889,0.9663499
0.05004134,0.034798287,0.9151605
0.013441648,0.061549537,0.92500883
0.04451663,0.04013895,0.9153443
0.39757118,0.031925384,0.57050335
0.031868026,0.02029615,0.94783574
0.020365633,0.021094346,0.95853996
0.023333024,0.011283113,0.96538395
0.03317492,0.03171762,0.9351074
0.043385692,0.035306785,0.9213075
0.034737974,0.033669196,0.9315929
0.034669332,0.041010343,0.92432034
0.07137205,0.05231899,0.876309
0.033899944,0.016138792,0.94996125
0.037751157,0.0386464,0.9236025
0.07186976,0.06993119,0.858199
0.07928116,0.049855724,0.8708632
0.019059388,0.026025668,0.9549149
0.024381956,0.021454057,0.95416397
0.061973706,0.05102799,0.8869983
0.041160792,0.04104038,0.9177988
0.023281649,0.064723626,0.91199464
0.37192464,0.18250494,0.4455704
0.07442664,0.04332797,0.8822454
0.022031438,0.052082133,0.92588645
0.4818951,0.048578,0.46952686
0.07545959,0.031795967,0.89274454
0.076536074,0.044555992,0.878908
0.059594728,0.019047618,0.9213577
0.060367446,0.04076696,0.89886564
0.18267563,0.055333372,0.761991
0.032079715,0.019362556,0.9485577
0.021867942,0.027161991,0.9509701
0.28192845,0.27755752,0.44051403
0.06370684,0.036870692,0.8994225
0.071208745,0.043317005,0.88547426
0.44461375,0.020024024,0.5353622
0.6747254,0.09649407,0.22878045
0.09808041,0.20987873,0.6920409
0.083428696,0.035257008,0.8813142
0.01919461,0.03124734,0.9495581
0.021312159,0.029908566,0.9487792
0.033157136,0.016591245,0.9502516
0.15773158,0.03456454,0.80770385
0.029302055,0.024674805,0.94602317
0.029873438,0.024310663,0.9458158
0.03602366,0.016589755,0.94738656
0.0457828,0.015592032,0.9386252
0.07271529,0.005692722,0.92159194
0.0446549,0.18929376,0.76605135
0.019526469,0.03225664,0.948217
0.07939893,0.03988532,0.8807158
0.08391737,0.49836197,0.41772065
0.04331254,0.024272416,0.932415
0.43542054,0.026808383,0.53777105
0.042706344,0.026182458,0.9311112
0.060557675,0.07397976,0.8654626
0.017511329,0.08081357,0.9016751
0.18469088,0.055373088,0.75993603
0.06601751,0.008287303,0.9256952
0.02200509,0.015437222,0.96255773
0.029498685,0.09911291,0.87138844
0.032367893,0.027229898,0.9404022
0.04325643,0.04176212,0.9149814
0.028304618,0.010271295,0.9614241
0.012615052,0.021754326,0.96563065
0.026636079,0.026120888,0.94724303
0.03520446,0.027124316,0.9376712
0.014964024,0.11363514,0.87140083
0.07415422,0.028616931,0.89722884
0.08157815,0.026692268,0.8917296
0.025700482,0.041391365,0.9329081
0.010794637,0.09490511,0.8943003
0.07781995,0.22288232,0.69929767
0.008488351,0.016123796,0.9753879
0.19331583,0.058356535,0.7483277
0.031084206,0.006624676,0.9622912
0.1082416,0.32378152,0.56797683
0.039868083,0.10270545,0.85742646
0.028197024,0.031640906,0.9401621
0.05307644,0.027914744,0.91900873
0.042009953,0.026729241,0.93126076
0.052613232,0.103213094,0.84417367
0.19684052,0.06472122,0.73843825
0.050070673,0.03512606,0.9148032
0.035321772,0.03756313,0.92711514
0.13853146,0.32021356,0.54125494
0.10378762,0.030174436,0.86603796
0.45980284,0.067994095,0.47220305
0.027986579,0.024173103,0.9478403
0.04259873,0.038559984,0.91884136
0.097491816,0.16828632,0.73422194
0.040704057,0.053452246,0.9058437
0.4399584,0.044043005,0.5159986
0.04891125,0.036276832,0.91481185
0.0351434,0.026065402,0.9387913
0.04043972,0.046319116,0.9132412
0.37548116,0.063737355,0.56078154
0.01577753,0.96286666,0.021355756
0.04739344,0.05573416,0.8968724
0.047762666,0.046610706,0.90562665
0.053098097,0.040002342,0.9068996
0.42338026,0.46250144,0.1141183
0.039743606,0.042348184,0.9179082
0.028830796,0.07031926,0.9008499
0.05273911,0.0051058982,0.942155
0.054361045,0.042212576,0.9034264
0.13431367,0.060010158,0.8056761
0.2640089,0.04701172,0.6889793
0.025390824,0.025540035,0.9490691
0.020741781,0.032125503,0.94713265
0.061594505,0.03724967,0.9011558
0.07226766,0.033904262,0.893828
0.08166677,0.037756693,0.88057655
0.03428079,0.05842759,0.90729165
0.05027027,0.046401683,0.903328
0.032186415,0.036329795,0.9314838
0.023405831,0.03707512,0.939519
0.031573683,0.035742745,0.93268365
0.0267396,0.030657101,0.94260335
0.03898726,0.041018214,0.9199946
0.31984475,0.03152236,0.64863294
0.021247743,0.020755537,0.95799667
0.048745718,0.03507595,0.9161784
0.032323074,0.02028661,0.9473902
0.24114792,0.34542844,0.4134237
0.02413238,0.014723044,0.9611445
0.023809383,0.011094038,0.9650966
0.7149414,0.026060818,0.25899783
0.046307646,0.06530425,0.8883881
0.062374182,0.017456533,0.92016935
0.03760771,0.014944714,0.9474476
0.05092128,0.021456402,0.92762226
0.046091948,0.024503166,0.9294049
0.3774122,0.08591492,0.5366729
0.7486967,0.04171592,0.20958735
0.042415302,0.046266735,0.91131806
0.9713486,0.015761837,0.012889587
0.07889879,0.05401488,0.8670863
0.0099034915,0.0052391994,0.9848573
0.021751331,0.028647482,0.9496012
0.047728866,0.055204485,0.8970666
0.06242008,0.07463413,0.8629458
0.046814784,0.036459394,0.9167258
0.038345117,0.014314537,0.94734037
0.05798253,0.020734966,0.92128253
0.02963779,0.04384461,0.9265176
0.020781852,0.01059362,0.96862453
0.010298425,0.048987314,0.9407143
0.04743495,0.048749894,0.9038152
0.057138726,0.0966284,0.84623283
0.01784675,0.029395597,0.95275766
0.018162778,0.019754054,0.96208316
0.057519384,0.014164726,0.9283158
0.043828063,0.02456132,0.93161064
0.42323744,0.05131946,0.52544314
0.0325599,0.020535272,0.9469049
0.07318433,0.010532911,0.9162828
0.06360695,0.02557435,0.91081864
0.010941781,0.017484915,0.97157323
0.064612694,0.028062284,0.907325
0.047754727,0.13899493,0.8132503
0.07102912,0.06323633,0.8657345
0.04863021,0.031092899,0.92027694
0.09859198,0.03078192,0.8706261
0.06825513,0.028259134,0.9034858
0.06809803,0.08262462,0.8492774
0.030466286,0.019902382,0.9496313
0.439393,0.05591713,0.5046899
0.05544901,0.035556674,0.9089944
0.07313867,0.0670503,0.85981107
0.18664464,0.40528765,0.40806767
0.028519206,0.042603865,0.9288769
0.058117338,0.82286626,0.11901637
0.060247023,0.037849184,0.9019038
0.021831598,0.007213372,0.9709551
0.048116148,0.02156094,0.930323
0.029990762,0.035199985,0.93480927
0.017028539,0.11467673,0.8682948
0.046286665,0.0075339857,0.9461793
0.06325578,0.064377524,0.8723667
0.038976356,0.018555528,0.9424681
0.05473086,0.015035821,0.93023336
0.029580344,0.068441354,0.9019784
0.059647813,0.04916088,0.8911913
0.75377357,0.20925468,0.03697173
0.007168663,0.010782478,0.9820489
0.042153697,0.021572093,0.9362741
0.02423059,0.0078819,0.96788746
0.039566167,0.0111492565,0.9492846
0.05719262,0.039384726,0.9034227
0.045067575,0.01090496,0.9440274
0.088867754,0.03993866,0.8711936
0.023797821,0.015335046,0.9608671
0.049427833,0.028802857,0.92176926
0.069416165,0.039129533,0.8914543
0.0545698,0.027844321,0.9175859
0.022759872,0.017934347,0.95930576
0.052443273,0.023408318,0.92414844
0.044484895,0.030041255,0.92547387
0.028957076,0.021435179,0.9496078
0.0464463,0.02610495,0.92744863
0.012870225,0.019132737,0.967997
0.015360154,0.016543537,0.9680962
0.03335093,0.12685226,0.8397968
0.017506298,0.017302345,0.9651913
0.04487227,0.023416232,0.93171144
0.045553286,0.017786738,0.9366599
0.05759905,0.12841459,0.81398636
0.07530205,0.04118161,0.88351625
0.025129948,0.015153036,0.959717
0.023128038,0.023699638,0.95317227
0.050556008,0.0409815,0.90846246
0.04714127,0.006925291,0.94593346
0.02045492,0.043685336,0.93585974
0.029291635,0.035126034,0.93558234
0.03007318,0.047081303,0.92284554
0.046279978,0.015039587,0.93868035
0.062393434,0.027876833,0.9097297
0.041281935,0.01638878,0.9423292
0.05100763,0.046624742,0.90236765
0.04793189,0.025307711,0.92676044
0.09510064,0.023511149,0.88138825
0.10184845,0.039535422,0.8586161
0.044877697,0.035053328,0.92006904
0.042661596,0.05493929,0.90239906
0.10375135,0.07458348,0.8216652
0.013396856,0.067373686,0.9192294
0.08655201,0.04779856,0.86564934
0.023813672,0.05870962,0.9174766
0.9737057,0.011880033,0.014414268
0.046894193,0.028526215,0.9245796
0.09395316,0.06701428,0.83903253
0.0391334,0.030180939,0.9306856
0.096206844,0.011063581,0.8927295
0.04620408,0.04548775,0.90830815
0.05951803,0.032804847,0.9076772
0.0622888,0.022383949,0.91532725
0.0638508,0.03293183,0.9032173
0.06510386,0.034847587,0.90004855
0.3813557,0.026978787,0.59166557
0.053265106,0.02175348,0.9249815
0.038550846,0.013665421,0.9477838
0.07145274,0.036996856,0.89155036
0.06051616,0.033551,0.9059328
0.09716765,0.020567318,0.882265
0.07992942,0.020387724,0.8996829
0.26848716,0.027588872,0.70392394
0.060817786,0.04590767,0.89327455
0.082238756,0.027546536,0.8902147
0.019071171,0.9743509,0.00657796
0.025228228,0.022526272,0.95224553
0.08773723,0.07453438,0.83772844
0.042610988,0.022897284,0.93449175
0.025143418,0.010866982,0.9639896
0.052921228,0.045844257,0.9012345
0.07708061,0.055302627,0.8676167
0.050393954,0.026195152,0.9234109
0.2401225,0.042654037,0.7172235
0.03626017,0.052913025,0.91082674
0.024818547,0.0077185184,0.96746296
0.05941069,0.03896248,0.9016268
0.050959926,0.027038194,0.92200196
0.25994858,0.010072537,0.7299789
0.026219541,0.013629113,0.9601513
0.038838413,0.79179496,0.16936669
0.06556645,0.035043817,0.89938974
0.017570296,0.034300335,0.9481294
0.041195124,0.046498206,0.91230667
0.075881265,0.0733315,0.8507872
0.04983652,0.05724956,0.892914
0.071966864,0.06488978,0.8631433
0.39625657,0.49823198,0.10551147
0.9822013,0.017048893,0.000749808
0.13625261,0.1392116,0.72453576
0.99804,0.0014514894,0.0005085265
0.9953603,0.004321712,0.0003179938
0.9799309,0.014966905,0.005102189
0.989377,0.0092553375,0.001367646
0.9899228,0.009648164,0.00042890763
0.98945194,0.007495769,0.0030523178
0.99191916,0.0076179015,0.00046288333
0.96862876,0.029565958,0.0018052971
0.9564187,0.0076378617,0.035943415
0.7439318,0.028460624,0.22760762
0.9985826,0.0013018141,0.000115542556
0.08380878,0.09097356,0.82521766
0.9884051,0.006159328,0.005435588
0.98617166,0.008582196,0.0052461913
0.9932035,0.0051110475,0.0016854445
0.991799,0.0060609356,0.0021400915
0.9921083,0.007046751,0.0008449084
0.9591752,0.021884976,0.01893987
0.9886757,0.0038781213,0.0074461307
0.98743176,0.010969377,0.0015989165
0.98604196,0.008514288,0.0054438156
0.96420383,0.024614459,0.011181621
0.97148347,0.0059136413,0.022602987
0.98943233,0.009094576,0.0014730952
0.9323224,0.040014468,0.027663132
0.96177983,0.026913114,0.011307048
0.9970601,0.0027625086,0.00017729247
0.89797944,0.015548978,0.08647153
0.99078745,0.0089746015,0.00023800008
0.9881315,0.011459105,0.00040932465
0.99020493,0.0075161387,0.0022789005
0.99012053,0.009172281,0.00070729037
0.96600145,0.010421474,0.023577072
0.8067699,0.050024904,0.14320523
0.3779014,0.18372534,0.4383733
0.7177521,0.067606054,0.21464187
0.9893963,0.0007993161,0.009804457
0.97486395,0.009146329,0.015989726
0.8026774,0.10097326,0.09634935
0.9948667,0.0049620927,0.00017112518
0.06383114,0.038943056,0.8972258
0.992461,0.0070630377,0.00047597478
0.99221426,0.0066464283,0.0011392928
0.9864342,0.010046081,0.0035196252
0.9798998,0.00812123,0.01197898
0.993826,0.0058406577,0.00033339148
0.9799352,0.016421957,0.0036428263
0.9931034,0.005001907,0.0018948051
0.8901723,0.043653276,0.06617442
0.9945799,0.001860919,0.0035591004
0.9916117,0.008043614,0.00034455137
0.98805666,0.009242986,0.0027003903
0.10526089,0.014690539,0.8800486
0.99519366,0.004572796,0.00023352072
0.99618644,0.003296947,0.0005165833
0.15353815,0.018062038,0.82839984
0.8215395,0.024699563,0.1537609
0.9698287,0.024279188,0.0058920495
0.047782954,0.11142465,0.84079236
0.99151576,0.0069877366,0.001496518
0.87275547,0.026265007,0.10097946
0.9810647,0.014608552,0.004326722
0.99126714,0.007916157,0.00081662246
0.4195689,0.09951047,0.48092067
0.10744338,0.026562568,0.86599404
0.8355607,0.03047991,0.13395938
0.9643248,0.0035051755,0.032170102
0.98586375,0.008714624,0.005421612
0.9854754,0.009614201,0.004910454
0.94559014,0.009046655,0.04536314
0.9777339,0.0025597897,0.019706346
0.9092859,0.015783241,0.07493086
0.61252373,0.03427057,0.35320568
0.9920744,0.0075671882,0.00035844388
0.96337795,0.035539374,0.0010826701
0.9950547,0.0048480616,9.714241e-05
0.99843246,0.0011025136,0.00046501367
0.9864573,0.0054781125,0.0080645615
0.66396165,0.03500873,0.30102965
0.9008466,0.0208982,0.07825522
0.9918503,0.00477615,0.0033735936
0.99621284,0.0018639743,0.0019231432
0.6913354,0.27725255,0.03141214
0.99341536,0.00501326,0.0015713421
0.14798383,0.033051915,0.8189643
0.99373215,0.0046743625,0.0015934808
0.9491192,0.03559949,0.015281274
0.88734514,0.050898608,0.061756235
0.6886503,0.036653396,0.27469635
0.10967595,0.056236237,0.8340878
0.9365046,0.034346167,0.029149212
0.9835486,0.006385678,0.010065722
0.75924295,0.050470263,0.19028686
0.8714712,0.024649415,0.10387932
0.98779523,0.002291185,0.009913653
0.9912805,0.008344927,0.00037461298
0.025102304,0.015299842,0.9595979
0.8925762,0.019991033,0.087432735
0.9128871,0.01571476,0.07139818
0.103280015,0.009729274,0.8869908
0.9931335,0.0054829665,0.0013836061
0.57337993,0.029245289,0.39737478
0.9955179,0.0026267914,0.0018554121
0.1976397,0.80099905,0.0013612703
0.8407447,0.025252292,0.13400301
0.23960775,0.020002333,0.74038994
0.98777544,0.008612959,0.0036115148
0.98432,0.008031388,0.0076486496
0.9840125,0.012705428,0.0032821987
0.22672938,0.08547049,0.68780017
0.99597895,0.002863841,0.0011570962
0.85147923,0.011875937,0.13664486
0.9963527,0.0026238642,0.0010235141
0.09826205,0.048311856,0.85342616
0.9886567,0.0077426024,0.0036006442
0.97051233,0.025939161,0.0035483974
0.8877436,0.010788997,0.10146741
0.148623,0.06864526,0.78273165
0.100214876,0.046649784,0.85313535
0.99093527,0.0083746705,0.0006901254
0.9435664,0.0159365,0.04049705
0.9903285,0.00912061,0.000550954
0.74636054,0.028609367,0.2250301
0.8037333,0.018151265,0.17811538
0.99175584,0.0075132228,0.00073094753
0.967995,0.015830614,0.016174404
0.98068535,0.0168407,0.0024739841
0.19456434,0.050433986,0.75500166
0.31033602,0.06581675,0.62384725
0.9940399,0.005785142,0.0001750377
0.085174955,0.1211763,0.7936488
0.9984328,0.0012014518,0.0003657071
0.9715488,0.01285453,0.015596641
0.9925402,0.006713858,0.0007459536
0.9934883,0.005872984,0.0006386574
0.966338,0.0033779321,0.030284107
0.9954997,0.0025558916,0.0019444197
0.9778805,0.007978846,0.014140731
0.10990289,0.035715107,0.85438204
0.43327665,0.042070433,0.52465296
0.10769906,0.059129592,0.8331713
0.6995013,0.03232706,0.2681717
0.9808337,0.01240731,0.0067589255
0.35467014,0.14857219,0.49675763
0.14470677,0.03707315,0.8182201
0.4878133,0.025325274,0.4868615
0.030374493,0.032971203,0.93665427
0.86008054,0.04657251,0.093346916
0.69251865,0.040230766,0.26725057
0.97421515,0.022956137,0.002828751
0.99152267,0.007540855,0.0009365036
0.98605746,0.011137483,0.0028050179
0.953644,0.016264768,0.030091291
0.9808209,0.011885319,0.0072937855
0.09358231,0.024151566,0.8822661
0.018302562,0.9799581,0.0017393744
0.030141348,0.56350803,0.40635058
0.011032205,0.9815176,0.007450198
0.10338608,0.53434867,0.36226526
0.0809956,0.030177305,0.888827
0.13148524,0.07225935,0.7962554
0.014413035,0.976479,0.0091079585
0.027211746,0.965827,0.0069613084
0.008787942,0.98161674,0.00959528
0.08528475,0.23456068,0.68015456
0.015036559,0.98257035,0.0023931102
0.089971885,0.85009396,0.059934195
0.01589629,0.97676873,0.0073349336
0.021761974,0.9754496,0.0027884243
0.021015175,0.8148138,0.16417104
0.015689796,0.95938444,0.024925746
0.010900291,0.9697814,0.019318342
0.030788995,0.8632061,0.106004916
0.027879598,0.13313606,0.8389843
0.018667223,0.9649553,0.016377522
0.018679427,0.9798345,0.001486126
0.06573872,0.08507223,0.84918904
0.023528816,0.96685266,0.00961856
0.019971406,0.97647583,0.0035528108
0.087605864,0.35108614,0.561308
0.04215143,0.938054,0.019794598
0.007962566,0.97970474,0.012332663
0.014119021,0.9849984,0.0008825516
0.0027859735,0.9957573,0.00145668
0.01321229,0.9859912,0.0007965652
0.012710716,0.98634666,0.0009425964
0.019048715,0.97701263,0.0039386093
0.018881144,0.9684179,0.012700982
0.022693364,0.9744159,0.002890778
0.014253107,0.97321755,0.012529285
0.010401202,0.98891544,0.00068335905
0.09749573,0.04784155,0.8546627
0.10747836,0.47910434,0.4134173
0.007580958,0.99097216,0.0014468513
0.015917156,0.97996294,0.004119925
0.019022541,0.8997078,0.08126969
0.030137872,0.9692143,0.0006478726
0.024367766,0.29411885,0.68151337
0.013103008,0.98454314,0.0023538328
0.0104993535,0.9789396,0.010561055
0.048773002,0.8529911,0.09823594
0.013243789,0.9523373,0.034418933
0.030665273,0.7854799,0.18385482
0.017692624,0.85372806,0.12857936
0.011371804,0.9786902,0.009938056
0.009913078,0.9896689,0.00041804725
0.056286786,0.855679,0.0880342
0.011781434,0.9789169,0.009301696
0.04319675,0.7423044,0.21449885
0.016894044,0.7994266,0.18367936
0.13475367,0.42491364,0.44033268
0.024498101,0.9681175,0.007384453
0.006073186,0.99186456,0.0020622658
0.01482621,0.98216164,0.003012127
0.04637479,0.39459872,0.55902654
0.009210579,0.9903784,0.00041105747
0.03531896,0.6110935,0.35358748
0.0075203055,0.9878556,0.004624086
0.08099286,0.17348301,0.74552417
0.009870019,0.9872966,0.0028333361
0.0035715557,0.9902934,0.006135042
0.094402514,0.108975425,0.796622
0.0123733785,0.9867863,0.0008403761
0.015483698,0.97683626,0.0076799733
0.03309833,0.20786421,0.75903744
0.016907107,0.9816722,0.0014207311
0.0059925476,0.9806081,0.0133993225
0.053647388,0.9329857,0.0133669395
0.011693327,0.9811307,0.007175963
0.03813137,0.25604016,0.7058285
0.016480183,0.97861964,0.004900161
0.020401103,0.9772373,0.002361599
0.056069095,0.8412061,0.10272479
0.02618987,0.9173829,0.056427166
0.012189507,0.9835814,0.0042290683
0.011461265,0.98638946,0.002149306
0.0021555712,0.9672927,0.030551782
0.011707838,0.9861931,0.0020990996
0.0049539334,0.9883929,0.006653238
0.04195558,0.87669766,0.08134674
0.12098192,0.5712844,0.30773368
0.008731545,0.9897091,0.0015593765
0.014301888,0.96800303,0.017695
0.104355305,0.7272489,0.1683958
0.033617355,0.95968497,0.006697681
0.01352417,0.9858862,0.0005895864
0.018464334,0.6408773,0.34065834
0.022390673,0.9614188,0.016190518
0.009019343,0.9812475,0.0097332075
0.039078176,0.9560687,0.004853144
0.0626317,0.329934,0.6074344
0.014363156,0.9740505,0.011586292
0.98113304,0.012830101,0.0060368828
0.13313067,0.7202249,0.14664443
0.010669481,0.86852944,0.12080108
0.014823929,0.9839304,0.0012456782
0.01847176,0.14338875,0.8381394
0.0070288028,0.98861545,0.0043557673
0.03188508,0.9497332,0.018381722
0.11381418,0.848507,0.037678834
0.0482612,0.5953081,0.35643065
0.02633982,0.07810044,0.8955598
0.011499021,0.98289675,0.005604175
0.027021995,0.8538677,0.119110264
0.0662889,0.04807362,0.8856375
0.0070915674,0.9714874,0.021421073
0.010664405,0.97509676,0.014238851
0.019084396,0.97502655,0.0058890204
0.038824014,0.82867664,0.1324994
0.019650394,0.9692619,0.011087648
0.008458069,0.92468846,0.06685351
0.039963987,0.76332635,0.19670963
0.053630557,0.09131778,0.8550517
0.055239413,0.34270573,0.6020549
0.06864021,0.091467895,0.83989185
0.046084054,0.77253777,0.18137819
0.08436157,0.6784622,0.23717621
0.043536086,0.9557126,0.00075127743
0.048946153,0.42077067,0.53028315
0.048779447,0.51857185,0.43264875
0.03203998,0.8328029,0.13515708
0.0058183037,0.92641395,0.06776778
0.037321635,0.8155002,0.1471781
0.040711295,0.33240664,0.6268821
0.016349507,0.9576767,0.0259738
0.39170808,0.56191844,0.046373483
0.1125294,0.6901681,0.19730248
0.012648443,0.98343325,0.003918305
0.034034755,0.13369302,0.8322722
0.029747257,0.94735545,0.02289728
0.03622818,0.09287397,0.8708978
0.055907678,0.89747083,0.04662147
0.06462659,0.02474603,0.91062737
0.026080808,0.9672732,0.0066459803
0.0374201,0.9556984,0.006881582
0.010453657,0.9852056,0.0043407436
0.016697727,0.98190194,0.0014003988
0.016947996,0.96407115,0.018980853
0.019853786,0.9754764,0.00466986
0.01697773,0.92018825,0.062833995
0.036984604,0.31934226,0.6436732
0.015378208,0.9816172,0.0030045833
0.011418077,0.9865187,0.0020632045
0.021831531,0.97570467,0.002463824
0.0069553535,0.9898164,0.0032282285
0.035417486,0.9619509,0.002631611
0.08749241,0.70587814,0.20662943
0.02326716,0.95984274,0.016890146
0.050195444,0.48209023,0.46771437
0.036396075,0.59403694,0.369567
0.012193493,0.81807745,0.16972901
0.009179287,0.9850877,0.005733042
0.055511754,0.23623733,0.7082509
0.052861694,0.03363377,0.91350454
0.07120414,0.16346611,0.7653298
0.07146127,0.017962677,0.91057605
0.033714682,0.031610213,0.9346751
0.055709247,0.037694763,0.90659606
0.022546,0.07421482,0.9032392
0.073236085,0.06622793,0.860536
0.055078916,0.020581488,0.9243396
0.07900095,0.08032343,0.84067565
0.08153618,0.047839124,0.87062466
0.0450408,0.04141257,0.9135466
0.04276488,0.049997207,0.9072379
0.17554048,0.07797171,0.74648786
0.052035708,0.052239373,0.8957249
0.040564217,0.056704137,0.9027316
0.04696305,0.0423448,0.9106922
0.06077071,0.04533771,0.8938915
0.035029262,0.038322132,0.9266486
0.03794328,0.04367245,0.91838425
0.027027829,0.030388208,0.94258386
0.038320787,0.026883166,0.9347961
0.04900702,0.059113745,0.8918792
0.07256811,0.079312265,0.8481196
0.022786928,0.08197878,0.89523435
0.028194636,0.16731754,0.8044878
0.056642108,0.43690744,0.5064504
0.026711337,0.9573697,0.015918946
0.21614063,0.08033321,0.70352614
0.066549614,0.0645021,0.8689483
0.322357,0.07811478,0.59952825
0.06203102,0.040999997,0.89696896
0.030746426,0.040375967,0.9288776
0.039909314,0.037454735,0.92263585
0.052866176,0.046836834,0.900297
0.06424033,0.06525197,0.87050766
0.041943938,0.28916514,0.66889095
0.0467616,0.11664379,0.83659464
0.06108431,0.0426021,0.8963135
0.038587432,0.030169543,0.9312431
0.05875092,0.030271932,0.9109771
0.07532114,0.09852551,0.82615334
0.06510845,0.038726456,0.8961651
0.05923657,0.051818643,0.88894486
0.03278423,0.062762745,0.904453
0.06971763,0.06757264,0.86270964
0.0575583,0.06465138,0.8777904
0.058048133,0.049748268,0.8922036
0.021904662,0.92959255,0.048502795
0.9876808,0.010759921,0.001559223
0.059792187,0.051644858,0.8885629
0.0538014,0.08211748,0.8640811
0.031777613,0.07773405,0.89048827
0.37331498,0.113300055,0.513385
0.027949717,0.115622304,0.856428
0.007978952,0.99038726,0.0016337361
0.039358392,0.075717255,0.8849244
0.03265992,0.15927325,0.80806684
0.01734306,0.025531452,0.95712554
0.041372105,0.04597398,0.912654
0.0147935245,0.95449436,0.03071215
0.041622262,0.06497143,0.8934063
0.06538361,0.07125102,0.8633655
0.10741935,0.04683647,0.84574413
0.045721587,0.06549315,0.8887853
0.048108444,0.054727364,0.89716417
0.059599046,0.17296155,0.7674394
0.07678952,0.09985943,0.8233511
0.051138703,0.04638079,0.90248054
0.02652566,0.042058017,0.9314163
0.038766786,0.043757264,0.91747594
0.018203896,0.041709844,0.9400862
0.07355102,0.046027053,0.88042194
0.05442352,0.054264303,0.8913122
0.06773182,0.05003996,0.88222814
0.06799908,0.069340244,0.86266077
0.035512704,0.06719412,0.89729315
0.039046455,0.046732485,0.91422105
0.082048595,0.49409205,0.4238593
0.07333184,0.021889577,0.9047786
0.06171928,0.03220771,0.9060729
0.043326862,0.13595548,0.82071763
0.03991927,0.06691751,0.89316314
0.03604698,0.050488077,0.91346496
0.049034152,0.04365449,0.90731144
0.034834385,0.061495524,0.90367013
0.036084246,0.04592765,0.9179882
0.018086763,0.950601,0.03131222
0.049250215,0.05531946,0.8954303
0.6499589,0.16341513,0.18662594
0.9926872,0.006794005,0.0005188061
0.08194338,0.07660372,0.8414529
0.026979553,0.04670762,0.92631286
0.040192816,0.03964705,0.9201602
0.04365113,0.34150353,0.61484534
0.05745081,0.59182113,0.35072806
0.054436594,0.04352797,0.9020354
0.06449273,0.020532751,0.9149745
0.04496108,0.037750266,0.9172887
0.08456657,0.25123942,0.664194
0.029457826,0.10628909,0.86425316
0.04356416,0.051885508,0.9045503
0.063693404,0.050582834,0.8857238
0.06312003,0.026389541,0.91049045
0.018470457,0.03325028,0.9482793
0.06598656,0.06735376,0.8666597
0.06103477,0.05898387,0.87998134
0.11414409,0.1312508,0.75460505
0.049424335,0.06935999,0.88121563
0.05914826,0.07506305,0.86578876
0.031789374,0.39742684,0.57078373
0.035361744,0.045494143,0.9191442
0.029767143,0.22505717,0.7451757
0.06188352,0.19609009,0.7420264
0.057943154,0.047107454,0.89494944
0.103235096,0.05488132,0.8418836
0.09615487,0.11045763,0.7933875
0.14491722,0.036072753,0.81901
0.043731537,0.89263946,0.06362901
0.10456821,0.068913184,0.82651865
0.061544612,0.03582861,0.90262675
0.08915156,0.23351084,0.67733765
0.035592552,0.008964121,0.9554433
0.04148142,0.01808653,0.9404321
0.05028617,0.031870324,0.9178435
0.039371517,0.024279788,0.9363486
0.062121794,0.045716356,0.89216185
0.03882167,0.027934909,0.93324345
0.07917146,0.03401798,0.88681054
0.016685588,0.039715152,0.9435993
0.03525285,0.007267736,0.95747936
0.021107716,0.027208922,0.95168334
0.02800713,0.08353223,0.88846064
0.03643814,0.022891654,0.9406702
0.058095127,0.06368052,0.8782244
0.046318073,0.023358524,0.9303234
0.21623145,0.22071168,0.5630569
0.52240443,0.083264,0.39433154
0.05056456,0.17358187,0.7758536
0.033059277,0.027784383,0.9391563
0.04554216,0.0125237,0.9419341
0.050527148,0.030826362,0.9186465
0.018136526,0.9476475,0.03421601
0.03896603,0.010497812,0.95053613
0.050158795,0.0052609467,0.9445803
0.0710722,0.017987425,0.9109404
0.054767206,0.027917769,0.917315
0.07027921,0.05066967,0.8790512
0.055313237,0.06924297,0.8754439
0.063397266,0.023005856,0.91359687
0.038796887,0.02581907,0.93538404
0.042749237,0.05608317,0.9011675
0.07162757,0.18112992,0.7472425
0.06511064,0.039568808,0.89532053
0.011298656,0.008679916,0.9800214
0.06843138,0.06384738,0.8677212
0.086922646,0.069233134,0.84384423
0.043371346,0.04011194,0.9165167
0.024726372,0.05464398,0.9206297
0.12765974,0.026785081,0.84555525
0.06908063,0.047664195,0.8832551
0.011902359,0.1084943,0.8796033
0.048664324,0.023190327,0.9281453
0.04552963,0.05328153,0.90118885
0.07690166,0.07796025,0.8451381
0.06401996,0.053074416,0.8829057
0.45067072,0.30763102,0.24169825
0.07860071,0.4558634,0.4655359
0.0790199,0.06100224,0.8599779
0.048098646,0.09849945,0.8534019
0.684131,0.042842027,0.2730269
0.041225567,0.07172,0.8870544
0.030248258,0.76783085,0.20192091
0.053675562,0.015125109,0.9311994
0.07892196,0.018745609,0.90233237
0.028332848,0.06316686,0.9085004
0.028173886,0.012034886,0.95979124
0.046816148,0.024718609,0.9284652
0.058652956,0.029665874,0.9116812
0.031849075,0.035564926,0.9325861
0.028227087,0.01951418,0.9522587
0.040669914,0.05247681,0.9068533
0.06693424,0.101962894,0.83110285
0.030562602,0.13650472,0.8329327
0.50863594,0.09388168,0.39748237
0.035097945,0.034621358,0.9302807
0.9017172,0.05804026,0.04024259
0.14573479,0.0382406,0.81602466
0.034341007,0.035674144,0.9299849
0.047022536,0.03756293,0.9154145
0.16487704,0.11101798,0.72410494
0.046538003,0.05101227,0.9024497
0.052118674,0.21867909,0.7292022
0.03482593,0.014660076,0.95051396
0.060041834,0.023398193,0.91656
0.03156967,0.015612864,0.9528175
0.07055305,0.037875123,0.89157176
0.1034123,0.013218206,0.88336945
0.07179672,0.039766245,0.88843703
0.09993128,0.025764922,0.8743039
0.065141335,0.03473171,0.90012693
0.059319597,0.0351457,0.9055348
0.026268698,0.021128116,0.95260316
0.044051316,0.03680625,0.9191425
0.22289746,0.004225492,0.77287704
0.053063493,0.04724176,0.89969474
0.068541795,0.046924382,0.8845339
0.054102555,0.034389675,0.9115078
0.039847873,0.04342375,0.9167284
0.05237733,0.03271294,0.9149097
0.101373956,0.1166807,0.7819454
0.029096851,0.040634364,0.9302688
0.035068657,0.021710927,0.9432204
0.07133766,0.02673515,0.90192723
0.08817096,0.06707693,0.8447522
0.8396917,0.033657566,0.12665074
0.091182046,0.04286155,0.8659564
0.045263775,0.049133364,0.9056028
0.020136196,0.011540683,0.9683232
0.06847185,0.040966343,0.89056176
0.08269377,0.011614493,0.9056917
0.04025414,0.7944378,0.16530801
0.06864733,0.02356226,0.9077904
0.03046205,0.009783912,0.959754
0.047099326,0.03240249,0.92049813
0.048517056,0.33710414,0.6143788
0.057069723,0.04671561,0.89621466
0.04020648,0.011954856,0.9478387
0.10281987,0.05045413,0.84672594
0.024028294,0.0502262,0.9257454
0.046317473,0.057699345,0.8959831
0.11463039,0.023759501,0.86161005
0.038321972,0.35119987,0.6104781
0.51824707,0.037009325,0.44474363
0.061767843,0.17734028,0.7608919
0.12560289,0.02398344,0.8504137
0.048351265,0.03306944,0.91857934
0.029980652,0.029115057,0.9409042
0.009955568,0.034209624,0.9558348
0.025877908,0.032937128,0.94118494
0.03777462,0.027154949,0.9350704
0.049371086,0.038865503,0.91176337
0.031112686,0.022497335,0.9463899
0.048005,0.014712362,0.9372826
0.1528391,0.030945197,0.8162157
0.25788948,0.012456689,0.72965384
0.03824136,0.04066799,0.9210906
0.07608823,0.57787603,0.34603572
0.7690783,0.062060084,0.16886161
0.12765743,0.09034604,0.7819965
0.03677818,0.037576888,0.92564493
0.04329395,0.038244106,0.91846186
0.88385487,0.018325916,0.09781921
0.043848522,0.046585433,0.909566
0.060825117,0.08670356,0.8524713
0.047691863,0.3208619,0.63144624
0.05298136,0.047399517,0.8996191
0.034955155,0.049342833,0.91570204
0.052171227,0.04801547,0.89981335
0.04245798,0.057694133,0.8998479
0.036689512,0.03083538,0.93247515
0.04285321,0.024656639,0.93249017
0.03373394,0.034702957,0.9315631
0.048603307,0.059491888,0.8919049
0.13465324,0.26363826,0.60170853
0.030640375,0.059815444,0.9095442
0.043170787,0.052533604,0.90429556
0.035941068,0.79459125,0.16946761
0.09928625,0.06492303,0.8357907
0.041704137,0.032006912,0.92628896
0.040572442,0.043189142,0.9162384
0.0544733,0.40784788,0.53767884
0.049376827,0.035184793,0.9154384
0.034911476,0.08556702,0.87952155
0.04921871,0.04360536,0.90717584
0.06230108,0.033740453,0.90395844
0.0830293,0.041586988,0.87538373
0.03586052,0.02288355,0.941256
0.33083552,0.0294351,0.6397294
0.01744253,0.76149124,0.2210662
0.04176146,0.016988896,0.94124955
0.01225957,0.02706656,0.96067387
0.075699426,0.038287748,0.8860129
0.033632204,0.040331174,0.9260366
0.074577026,0.03533105,0.8900919
0.055996746,0.035837848,0.90816534
0.048256714,0.06576615,0.88597715
0.06362779,0.064001694,0.87237054
0.013783461,0.04414731,0.9420693
0.048908595,0.04786903,0.9032223
0.01836224,0.032447793,0.94919
0.09947566,0.046623304,0.8539011
0.045939624,0.015891822,0.9381686
0.020367574,0.021936743,0.9576957
0.02185158,0.01762696,0.9605215
0.04566976,0.028026633,0.92630357
0.94850814,0.01339826,0.03809361
0.03335917,0.024501614,0.9421392
0.02711514,0.020769607,0.9521152
0.019565647,0.020990876,0.95944357
0.12775972,0.116099566,0.75614065
0.016155347,0.027320622,0.95652395
0.050690554,0.025890201,0.92341924
0.036490727,0.02972475,0.9337845
0.06272831,0.050798934,0.8864727
0.05133717,0.020742094,0.92792076
0.051326096,0.015501453,0.9331724
0.05254519,0.09025953,0.85719526
0.034155875,0.2887901,0.677054
0.091637,0.034679733,0.8736833
0.38732615,0.023655904,0.5890179
0.06346722,0.014754368,0.9217784
0.042403817,0.04474364,0.9128525
0.79245174,0.11975921,0.08778901
0.01822886,0.034863614,0.94690746
0.026265992,0.009059572,0.9646744
0.015990749,0.039078213,0.94493103
0.048571717,0.03673553,0.91469276
0.046969034,0.025165275,0.9278657
0.03235491,0.04038448,0.9272605
0.020223286,0.119020484,0.8607562
0.070360094,0.056425612,0.87321424
0.0471032,0.02238073,0.93051606
0.18477632,0.09291136,0.7223124
0.017361537,0.029160406,0.9534781
0.03706287,0.017286403,0.94565076
0.046853907,0.061708704,0.8914374
0.04383206,0.16080141,0.7953665
0.06310368,0.026641615,0.9102547
0.33014488,0.027239237,0.64261585
0.037319526,0.06379339,0.89888704
0.05250517,0.014998976,0.9324959
0.036748055,0.05003281,0.9132191
0.051728893,0.05259484,0.89567626
0.038291126,0.021229135,0.94047976
0.0727813,0.07702266,0.85019594
0.07917588,0.026134945,0.8946892
0.042390496,0.029767245,0.92784226
0.05267113,0.08133999,0.86598897
0.047125824,0.020091202,0.932783
0.06735973,0.025195085,0.90744525
0.0452152,0.5844303,0.37035453
0.106363,0.226715,0.66692203
0.058628038,0.04025509,0.9011168
0.070160195,0.049702466,0.8801374
0.044463195,0.04840595,0.90713096
0.027164917,0.01617346,0.95666164
0.11795356,0.05363517,0.8284113
0.07935431,0.02218705,0.8984586
0.07899658,0.04603332,0.87497
0.043298796,0.03813649,0.9185647
0.049508866,0.029911578,0.92057955
0.01973685,0.011478725,0.9687845
0.168377,0.045031298,0.7865917
0.043828193,0.02637627,0.92979556
0.03137864,0.03442906,0.93419224
0.04860097,0.02446198,0.92693704
0.2676471,0.032342687,0.70001024
0.047702104,0.05748356,0.89481425
0.009280008,0.99007857,0.0006414573
0.046013232,0.025262466,0.9287242
0.08951052,0.023950683,0.88653886
0.03666564,0.052163295,0.9111711
0.04179845,0.24325003,0.7149516
0.062059797,0.0903847,0.84755546
0.018748706,0.024310064,0.95694125
0.07379446,0.031584006,0.89462155
0.05220588,0.04474135,0.90305275
0.030583624,0.036389958,0.9330264
0.07064701,0.032661967,0.896691
0.08096503,0.06081792,0.8582171
0.09194877,0.05295666,0.8550946
0.13415702,0.07474258,0.7911004
0.026690394,0.019489007,0.9538206
0.04750939,0.011196653,0.941294
0.07806644,0.03286229,0.8890713
0.23375323,0.13054872,0.6356981
0.21269406,0.016864097,0.7704419
0.10912422,0.02623761,0.86463815
0.016597573,0.015930586,0.9674718
0.031645246,0.013256271,0.9550985
0.059542276,0.027074724,0.913383
0.11295899,0.13519423,0.75184685
0.04098963,0.025179105,0.9338313
0.046750683,0.06334144,0.8899079
0.05602109,0.1223613,0.8216176
0.24614482,0.03074852,0.7231067
0.03207151,0.026073953,0.9418546
0.049514007,0.17519988,0.7752862
0.05551777,0.048470777,0.8960115
0.040718436,0.05223247,0.9070491
0.07204321,0.027720938,0.90023583
0.07740072,0.016673822,0.90592545
0.042362105,0.04121946,0.9164184
0.039382335,0.026751714,0.93386596
0.21512173,0.05730857,0.72756976
0.39295995,0.09317679,0.51386327
0.09284954,0.04578466,0.86136585
0.068603165,0.06488877,0.86650807
0.061743096,0.056714006,0.8815428
0.087669626,0.24135548,0.6709749
0.09290135,0.07095223,0.8361464
0.068904296,0.046215,0.8848807
0.25450814,0.06264459,0.68284726
0.052873235,0.028053353,0.9190734
0.1321502,0.045181923,0.82266784
0.041185398,0.03145483,0.92735976
0.05037863,0.13734512,0.8122763
0.25143138,0.2221042,0.52646446
0.053571556,0.022463184,0.9239653
0.052501686,0.040215146,0.9072832
0.049281277,0.03347589,0.9172429
0.056481507,0.07029237,0.8732261
0.06987555,0.056975108,0.8731493
0.037069224,0.036316756,0.9266139
0.023010222,0.023100281,0.9538896
0.077186815,0.06537978,0.8574334
0.69651186,0.24375366,0.059734397
0.05784979,0.058189753,0.8839605
0.03942811,0.027444737,0.93312716
0.050009504,0.030037526,0.9199529
0.04455231,0.02947605,0.9259717
0.14469737,0.031925783,0.8233768
0.08695897,0.051773667,0.86126745
0.048604388,0.027105303,0.92429036
0.07088605,0.050659973,0.87845397
0.041710164,0.037279375,0.9210105
0.07400944,0.040081363,0.8859092
0.037172846,0.035435956,0.9273911
0.025424734,0.013036509,0.96153885
0.06947018,0.047051806,0.88347805
0.058659974,0.072152995,0.86918706
0.035131045,0.029153118,0.9357158
0.8331135,0.036381718,0.13050482
0.06545953,0.046644963,0.88789546
0.9802909,0.011334923,0.008374187
0.1279577,0.040500294,0.83154196
0.027725283,0.02314273,0.949132
0.07077566,0.036148667,0.89307564
0.021120273,0.252321,0.72655874
0.055853147,0.033876646,0.9102702
0.12436369,0.12681654,0.7488197
0.074659996,0.29370427,0.6316357
0.066128775,0.046481993,0.8873893
0.051461685,0.05181468,0.8967237
0.071865514,0.101247706,0.8268867
0.10509144,0.026937049,0.86797154
0.041536428,0.031383973,0.9270797
0.048582096,0.008409388,0.94300854
0.042665634,0.024381472,0.93295294
0.08339991,0.030412633,0.8861874
0.13726488,0.020653185,0.8420819
0.05805456,0.04088639,0.90105903
0.03624818,0.7923347,0.17141716
0.019273413,0.059308354,0.9214183
0.08053106,0.033146847,0.8863221
0.03016016,0.26367962,0.70616025
0.043869957,0.040771674,0.9153584
0.023387993,0.018357448,0.9582545
0.034870613,0.014324853,0.95080453
0.06495844,0.033048175,0.9019933
0.0637498,0.031374067,0.9048761
0.037547726,0.016515901,0.9459363
0.06638759,0.027837094,0.9057753
0.05483455,0.02312789,0.9220376
0.48679245,0.056075837,0.45713174
0.06345848,0.039750103,0.89679146
0.06729185,0.021740053,0.9109681
0.05571679,0.009238749,0.9350444
0.036539003,0.012788875,0.9506722
0.041804183,0.04139792,0.9167979
0.116228834,0.04197215,0.8417991
0.06535046,0.048233494,0.886416
0.07629303,0.10428022,0.8194268
0.06108716,0.05817604,0.88073677
0.055499952,0.02842977,0.91607034
0.063465774,0.09397972,0.84255445
0.04106265,0.023442537,0.9354948
0.036280468,0.027119795,0.9365998
0.02338496,0.05067996,0.925935
0.05529546,0.037341774,0.90736276
0.007973046,0.016763948,0.97526306
0.0589099,0.007810753,0.9332793
0.069428265,0.05535304,0.8752187
0.050567236,0.10905567,0.8403771
0.045061175,0.019305013,0.9356338
0.041214343,0.042481124,0.9163046
0.0364582,0.016822698,0.9467191
0.06427251,0.015378281,0.9203492
0.065635435,0.033588838,0.90077573
0.08889052,0.025969863,0.88513964
0.047155697,0.044646118,0.9081982
0.059287567,0.009668983,0.9310434
0.030025952,0.0193295,0.9506445
0.053564847,0.030669723,0.9157654
0.05621677,0.06096316,0.88282
0.057207,0.044422522,0.8983705
0.19700067,0.09973764,0.70326173
0.04199622,0.040585056,0.9174187
0.044876497,0.07032539,0.8847981
0.030817704,0.37752753,0.5916548
0.16760188,0.029684778,0.80271333
0.05810941,0.037775606,0.90411496
0.022773216,0.07021498,0.90701175
0.035443593,0.038775407,0.9257811
0.06978886,0.03309495,0.8971162
0.024157112,0.030477868,0.94536495
0.05082747,0.013259138,0.9359133
0.070862666,0.04235537,0.886782
0.067777455,0.03505962,0.8971629
0.03312024,0.02965981,0.93722
0.05028968,0.04161026,0.90810007
0.0368312,0.036189437,0.92697936
0.056217175,0.011332332,0.9324505
0.06649435,0.060602956,0.8729027
0.0367959,0.028937895,0.9342662
0.052008238,0.023419065,0.92457277
0.041782044,0.104120895,0.854097
0.046411958,0.03762227,0.9159658
0.074931055,0.054874297,0.8701946
0.0563748,0.05137999,0.89224523
0.016850604,0.23518509,0.74796426
0.029265398,0.29499334,0.6757412
0.014719579,0.005409745,0.9798708
0.022118555,0.04560647,0.93227494
0.049643643,0.034454376,0.91590196
0.06115171,0.0117052505,0.927143
0.05428413,0.023075309,0.9226405
0.055740774,0.017903026,0.92635614
0.024511384,0.03020846,0.94528013
0.1091381,0.043667253,0.8471947
0.050661433,0.07214519,0.87719333
0.0362765,0.0078223925,0.95590115
0.05429,0.03461007,0.9110999
0.3771546,0.07081336,0.55203205
0.21785447,0.027307658,0.75483793
0.038163695,0.13946074,0.8223756
0.02668095,0.010479065,0.96284
0.02213712,0.023610914,0.954252
0.09765425,0.047546424,0.85479933
0.04484389,0.01947639,0.9356797
0.0749031,0.046690427,0.87840647
0.03389761,0.025437772,0.9406646
0.050236512,0.015654001,0.9341095
0.04562204,0.022695092,0.9316829
0.03269844,0.064333804,0.9029677
0.06233544,0.034090355,0.9035742
0.29497463,0.030645475,0.6743799
0.060419098,0.023545211,0.9160356
0.06608373,0.029641185,0.90427506
0.042248122,0.019380415,0.9383714
0.056887392,0.030360552,0.9127521
0.07135383,0.04482685,0.8838193
0.035052888,0.0221508,0.9427963
0.055733573,0.23044595,0.7138205
0.09098512,0.02357319,0.88544166
0.42185175,0.2236066,0.35454163
0.035092194,0.020132083,0.94477564
0.073303066,0.023156112,0.9035408
0.04139386,0.022904553,0.9357016
0.040456396,0.032444198,0.92709935
0.011683132,0.009954153,0.9783627
0.04356492,0.03852107,0.91791403
0.036290105,0.04048454,0.92322534
0.019174926,0.009745889,0.9710793
0.7005701,0.075240776,0.22418915
0.03448472,0.009492264,0.9560229
0.044461306,0.0395447,0.915994
0.054472815,0.028677141,0.9168501
0.030586759,0.026213389,0.9431998
0.15888579,0.040113814,0.8010003
0.05483041,0.017783454,0.9273861
0.04235356,0.041412864,0.91623354
0.056279536,0.036301333,0.90741915
0.08106433,0.065519795,0.8534158
0.055903375,0.023167847,0.9209287
0.14695756,0.039360434,0.8136821
0.06411725,0.03946294,0.8964198
0.060406502,0.03441859,0.9051748
0.031121729,0.024982601,0.94389564
0.058151476,0.052844208,0.8890043
0.022450909,0.09723701,0.880312
0.11236442,0.70895237,0.17868324
0.16482502,0.02802665,0.80714834
0.04577467,0.054358765,0.8998665
0.04164342,0.02616178,0.93219477
0.06602058,0.04196523,0.8920142
0.031994868,0.028401297,0.9396038
0.0997062,0.02795912,0.8723347
0.03222282,0.03796776,0.92980933
0.11290208,0.023851173,0.86324674
0.036888137,0.051767223,0.9113447
0.06985777,0.062315084,0.8678271
0.09366549,0.014182865,0.8921516
0.053491797,0.05230371,0.89420456
0.048641305,0.047793753,0.903565
0.24786286,0.04845092,0.70368624
0.042513534,0.10399613,0.8534903
0.06460631,0.06397845,0.8714153
0.05672481,0.6013478,0.34192738
0.022501463,0.017904727,0.95959383
0.058735784,0.026063846,0.9152003
0.13342288,0.027426027,0.83915114
0.066799775,0.025354335,0.9078459
0.08459859,0.063485295,0.8519161
0.07215431,0.032364085,0.89548165
0.035553813,0.032151572,0.9322946
0.08559183,0.036348194,0.8780599
0.051380847,0.04980002,0.89881915
0.12554635,0.061365917,0.8130877
0.04882554,0.011733784,0.9394407
0.044826347,0.049521428,0.9056523
0.08695712,0.08519198,0.8278509
0.03698759,0.030276967,0.9327354
0.21113718,0.084148765,0.7047141
0.07121934,0.029228356,0.8995522
0.10216296,0.041601315,0.8562358
0.11300446,0.022121895,0.8648737
0.02252926,0.07666338,0.9008073
0.044703577,0.02527311,0.9300234
0.05784588,0.041259926,0.9008941
0.02421922,0.027985256,0.9477955
0.042245675,0.030369045,0.9273853
0.044496737,0.032490987,0.9230122
0.035965912,0.25075245,0.71328163
0.07476244,0.03206086,0.8931767
0.054397896,0.022831962,0.92277014
0.05200978,0.017956553,0.9300337
0.035295654,0.022766344,0.94193804
0.010492207,0.9878734,0.0016343704
0.13190404,0.07938124,0.7887147
0.028939884,0.027560748,0.9434994
0.06206577,0.03474781,0.90318644
0.041593056,0.057746246,0.9006607
0.28236952,0.025381915,0.6922486
0.1424811,0.32124296,0.5362759
0.038845066,0.056962527,0.9041923
0.11722675,0.017846117,0.8649271
0.038334046,0.032917175,0.92874885
0.06350354,0.056426086,0.8800704
0.060885116,0.06939731,0.8697175
0.13558938,0.100172795,0.7642379
0.48734495,0.090171754,0.42248333
0.053543862,0.031049397,0.91540664
0.080179065,0.029582772,0.8902381
0.14421012,0.03197402,0.82381594
0.073911436,0.032670137,0.8934185
0.027066443,0.026233695,0.94669986
0.99027914,0.007831414,0.0018894166
0.29117435,0.06408756,0.644738
0.04649997,0.061422244,0.8920778
0.014130661,0.056161407,0.9297078
0.053216048,0.04317992,0.90360403
0.037994336,0.016892847,0.9451128
0.11354803,0.12568621,0.76076573
0.043405257,0.062357582,0.8942372
0.03277925,0.15501264,0.8122081
0.063065015,0.06294195,0.873993
0.9713198,0.018088154,0.010592022
0.028640136,0.0061097583,0.9652501
0.06678491,0.053925853,0.87928927
0.03146617,0.04083972,0.9276941
0.09329752,0.0215203,0.8851822
0.064322114,0.010562002,0.92511594
0.1016333,0.07800109,0.82036567
0.06678826,0.072568804,0.8606429
0.06269999,0.03639444,0.90090555
0.055634882,0.038537156,0.90582806
0.047228903,0.08988767,0.8628834
0.061213583,0.06309506,0.87569135
0.054395232,0.046891622,0.89871323
0.2959306,0.01911086,0.6849586
0.058879543,0.03746268,0.90365773
0.06455742,0.043384146,0.8920583
0.06143177,0.030529957,0.90803826
0.024552856,0.10696566,0.8684814
0.035593066,0.065083206,0.8993237
0.96755636,0.026525168,0.0059185647
0.025400268,0.02610439,0.9484954
0.04090001,0.03906519,0.9200348
0.06480164,0.052786358,0.88241196
0.04181964,0.031138472,0.92704195
0.04831756,0.028349003,0.92333335
0.03854479,0.037578434,0.92387676
0.05040794,0.06390856,0.8856834
0.046450667,0.025107248,0.9284421
0.026534535,0.02983358,0.9436319
0.04150174,0.13462502,0.8238732
0.097632565,0.06346871,0.8388987
0.042201996,0.021366056,0.93643194
0.04580953,0.036773063,0.91741735
0.045541994,0.06003946,0.8944186
0.016087877,0.96658486,0.017327325
0.050406314,0.04735235,0.90224135
0.051013954,0.040315967,0.90867
0.067199685,0.037183743,0.89561653
0.06213704,0.049395047,0.88846797
0.05618832,0.060576327,0.88323534
0.036133964,0.041916125,0.92195
0.054404415,0.036135133,0.9094605
0.07161123,0.09186089,0.8365278
0.07583569,0.043463804,0.8807004
0.06033665,0.03641777,0.9032455
0.11812309,0.027193477,0.8546834
0.04498326,0.052385733,0.90263104
0.24921809,0.11222175,0.6385601
0.7100124,0.094334766,0.19565286
0.05693532,0.018775277,0.92428946
0.1399294,0.04255121,0.8175194
0.04195013,0.081894085,0.87615585
0.081379265,0.033397984,0.88522273
0.04341982,0.050171506,0.9064086
0.033739522,0.046296954,0.9199635
0.06825237,0.017648892,0.9140988
0.06522696,0.04178596,0.8929871
0.019740326,0.042948738,0.937311
0.035777368,0.024231829,0.9399908
0.784524,0.119007014,0.09646898
0.11284603,0.061834518,0.82531935
0.06313662,0.07796332,0.85890007
0.04701436,0.06675565,0.88623
0.046728242,0.012874985,0.9403967
0.03968506,0.022023447,0.93829155
0.03673159,0.041500583,0.92176783
0.019804502,0.020353504,0.95984197
0.021186098,0.007605953,0.97120786
0.033753164,0.022244217,0.94400257
0.038283926,0.029641362,0.9320747
0.073052004,0.0635307,0.8634173
0.08069612,0.039366577,0.87993735
0.01864365,0.02884766,0.9525087
0.034194447,0.018755315,0.94705033
0.02247627,0.022741213,0.9547825
0.063709974,0.027996385,0.9082936
0.04892153,0.024384033,0.9266944
0.08228774,0.014264598,0.90344775
0.056062315,0.617359,0.32657868
0.07580115,0.040022496,0.8841763
0.030015811,0.015941275,0.95404285
0.041336272,0.13285002,0.8258138
0.03218068,0.030113094,0.9377062
0.06857068,0.010372865,0.92105645
0.0284497,0.8828861,0.08866422
0.030476226,0.8897766,0.079747155
0.07549664,0.051584892,0.8729184
0.025394062,0.082053125,0.89255273
0.060826104,0.11089734,0.8282766
0.06600505,0.07341856,0.8605764
0.035322744,0.04923271,0.9154446
0.048664633,0.05612216,0.89521325
0.023100493,0.030424394,0.9464751
0.07831788,0.1252739,0.79640824
0.55514956,0.036182866,0.4086676
0.044370893,0.054790743,0.9008384
0.07946953,0.023399567,0.89713097
0.69802123,0.05745817,0.24452055
0.02457707,0.007971219,0.9674517
0.048493437,0.021185214,0.93032134
0.06689956,0.028327057,0.9047735
0.054414414,0.026133832,0.9194518
0.028315932,0.03398917,0.93769485
0.025625879,0.051413037,0.9229611
0.066283494,0.041641492,0.89207506
0.110613786,0.034501597,0.8548847
0.065441035,0.031614326,0.90294456
0.17778118,0.04884057,0.7733783
0.03151502,0.06441251,0.90407246
0.017673485,0.005058595,0.9772678
0.01856048,0.01918709,0.96225244
0.11574533,0.0059411926,0.8783135
0.061615344,0.053063903,0.8853207
0.067173906,0.062551856,0.87027425
0.07143417,0.044615135,0.8839507
0.03507369,0.015099745,0.9498266
0.03218915,0.027105983,0.9407049
0.048227083,0.024752552,0.9270204
0.1254391,0.10258058,0.77198035
0.06767261,0.034800876,0.89752644
0.047323704,0.027793016,0.92488325
0.038557716,0.01810697,0.94333535
0.046708878,0.026048232,0.9272429
0.10314534,0.0066846306,0.89017004
0.0380098,0.036589388,0.92540073
0.15273649,0.031197416,0.8160661
0.04143688,0.02736137,0.93120176
0.033309072,0.02596648,0.94072443
0.020112041,0.04977778,0.9301102
0.023905655,0.08166543,0.8944289
0.03871608,0.07233116,0.88895273
0.035918165,0.044050854,0.9200309
0.028075129,0.07782131,0.8941035
0.07616647,0.056823652,0.8670098
0.04851594,0.08180622,0.86967784
0.0394828,0.036982153,0.9235351
0.042535026,0.01824057,0.9392244
0.04052045,0.026367161,0.9331123
0.041698877,0.16842158,0.7898795
0.06088817,0.047419753,0.89169216
0.060158122,0.081347845,0.858494
0.011903355,0.039721727,0.948375
0.041600723,0.02168781,0.93671143
0.03987358,0.021052983,0.93907344
0.05782571,0.03762791,0.9045463
0.0759581,0.027590916,0.89645094
0.027145829,0.018730057,0.95412403
0.01683558,0.050409224,0.9327553
0.030327346,0.03629708,0.93337554
0.03755169,0.04013002,0.9223182
0.064366646,0.045776702,0.8898567
0.049427684,0.06929698,0.88127536
0.043753292,0.03706048,0.9191862
0.13335057,0.01349682,0.85315263
0.13665174,0.015145879,0.8482023
0.060441606,0.03826924,0.9012891
0.049110785,0.021517862,0.92937136
0.05384979,0.035350062,0.91080016
0.027813386,0.056514755,0.9156718
0.098441094,0.12952481,0.77203405
0.025650032,0.024909465,0.94944054
0.035913512,0.03605407,0.92803246
0.05333588,0.035703264,0.9109608
0.091123536,0.22443436,0.68444204
0.06474351,0.01402914,0.9212274
0.03025475,0.022091655,0.9476536
0.055483412,0.04159576,0.90292084
0.06325379,0.03671589,0.9000304
0.12855648,0.021610197,0.8498333
0.03109973,0.009881998,0.95901823
0.9911253,0.0068498827,0.0020248217
0.044894457,0.023843268,0.9312622
0.06530643,0.036242172,0.8984514
0.1386699,0.031551696,0.8297784
0.48105434,0.25263286,0.26631284
0.04365133,0.033014167,0.9233345
0.69451857,0.07662115,0.22886024
0.04272782,0.08767179,0.8696004
0.06568819,0.062253095,0.8720587
0.12340624,0.038192153,0.8384016
0.048602827,0.036118552,0.9152786
0.15992574,0.035011154,0.80506307
0.037852,0.038787495,0.9233606
0.20387176,0.035688035,0.7604402
0.05694202,0.027643133,0.9154148
0.055252396,0.20943873,0.7353089
0.041991703,0.041583624,0.9164247
0.07782261,0.3213082,0.60086924
0.048703592,0.025119476,0.92617697
0.06170538,0.035957303,0.9023374
0.072054654,0.41667548,0.51126987
0.036143918,0.009586541,0.95426947
0.06400217,0.018176468,0.91782147
0.06950602,0.06998278,0.86051124
0.09650721,0.0450117,0.85848105
0.04166531,0.061818335,0.8965163
0.08810448,0.035011332,0.87688416
0.98251003,0.016194018,0.0012959592
0.02449564,0.035432722,0.94007164
0.088267535,0.04642297,0.8653095
0.11103286,0.11993796,0.7690292
0.016066305,0.009172201,0.97476155
0.04393912,0.028452462,0.92760843
0.05778671,0.024042081,0.9181711
0.07241694,0.03321971,0.8943633
0.061641138,0.029003698,0.9093552
0.043894432,0.02944056,0.926665
0.061203882,0.03500941,0.9037868
0.047224425,0.037908852,0.91486675
0.086324416,0.017223867,0.8964517
0.034398343,0.03406406,0.9315376
0.0467065,0.016998773,0.93629473
0.05702979,0.018050678,0.9249195
0.02182036,0.10486436,0.8733153
0.04996547,0.034475137,0.9155594
0.2385638,0.04642871,0.7150075
0.14185366,0.4363005,0.4218458
0.021559758,0.8408412,0.13759907
0.12221122,0.40861854,0.46917024
0.03390262,0.03443651,0.93166083
0.09796146,0.06563989,0.8363987
0.025001368,0.04866432,0.92633426
0.03803106,0.15041575,0.81155324
0.03914772,0.032549817,0.9283026
0.08350323,0.22632128,0.6901755
0.10254705,0.018904572,0.8785483
0.15428054,0.02741893,0.8183006
0.032057516,0.01725999,0.9506826
0.04099183,0.044976775,0.9140314
0.020001618,0.019085677,0.96091264
0.04235823,0.02232122,0.9353206
0.017632034,0.02250771,0.9598602
0.0581265,0.042776167,0.8990974
0.02851615,0.021609366,0.9498745
0.05389868,0.024628466,0.9214728
0.06562339,0.016003368,0.9183733
0.0474128,0.06666717,0.88592
0.12915912,0.058902815,0.81193805
0.033054624,0.055032674,0.9119127
0.049445108,0.033850603,0.9167043
0.012711287,0.014291684,0.972997
0.10296277,0.011907172,0.8851301
0.061192293,0.059136108,0.8796716
0.016509244,0.02022755,0.9632633
0.01634556,0.04105263,0.94260174
0.06587567,0.061283067,0.8728412
0.024809793,0.0052309753,0.9699592
0.0396919,0.022770891,0.93753725
0.096460395,0.033662964,0.8698766
0.10455221,0.044486884,0.85096097
0.02711238,0.1501905,0.8226971
0.036996577,0.031861912,0.9311416
0.09931283,0.03729214,0.8633951
0.5645551,0.12374411,0.31170082
0.06708509,0.020300576,0.9126143
0.040792536,0.13786468,0.82134277
0.10098736,0.033826526,0.8651861
0.08929155,0.07910793,0.8316005
0.032991275,0.012232002,0.9547767
0.021214437,0.02415677,0.9546287
0.015574106,0.031185256,0.95324063
0.041041017,0.044723965,0.914235
0.09044148,0.025962576,0.88359594
0.0971138,0.019386083,0.8835001
0.08018855,0.100089066,0.8197224
0.013814933,0.982793,0.0033921136
0.3169753,0.018346863,0.6646778
0.060373038,0.031413015,0.90821403
0.09768569,0.076375455,0.8259388
0.07101329,0.04248687,0.8864999
0.058799375,0.0123974485,0.9288032
0.051596973,0.12757908,0.8208239
0.02435462,0.2079407,0.7677047
0.056147974,0.033234105,0.91061795
0.027157271,0.021108838,0.9517339
0.059431657,0.027991403,0.9125769
0.98737633,0.0042954283,0.00832831
0.5344622,0.055876467,0.40966135
0.09284777,0.039894354,0.86725783
0.04469159,0.030063175,0.9252452
0.057119805,0.021013204,0.921867
0.9608861,0.019499619,0.01961421
0.025427103,0.049783852,0.9247891
0.03090994,0.016854748,0.9522353
0.04890554,0.048810117,0.9022843
0.03358933,0.013128102,0.95328265
0.06853152,0.03751552,0.89395297
0.084183864,0.036885113,0.878931
0.09361597,0.052207,0.85417706
0.13045986,0.023804957,0.8457352
0.10822405,0.07871582,0.8130601
0.03365605,0.15411161,0.81223243
0.058841385,0.08781533,0.85334325
0.016180098,0.025830487,0.95798934
0.033792756,0.054637216,0.91157
0.13798577,0.01716166,0.84485257
0.091652624,0.00765672,0.9006907
0.04991573,0.04077984,0.90930444
0.07367905,0.03658079,0.88974017
0.04743825,0.09762254,0.8549392
0.07164871,0.15452096,0.7738304
0.0486865,0.021837834,0.92947567
0.059014738,0.0652596,0.8757257
0.052942097,0.033949114,0.91310877
0.038709063,0.028935181,0.93235576
0.047274284,0.056359332,0.8963665
0.034989797,0.049295362,0.9157148
0.08580815,0.06515202,0.84903985
0.021481343,0.020338122,0.95818055
0.010179112,0.98016465,0.009656232
0.051253848,0.12998962,0.81875646
0.06603813,0.03559013,0.89837176
0.06843028,0.039373033,0.89219666
0.3411555,0.023346653,0.63549787
0.046930183,0.035877354,0.9171924
0.054914642,0.009903511,0.9351818
0.04897287,0.023360161,0.9276669
0.1335509,0.055509433,0.81093967
0.15754414,0.37940788,0.46304795
0.023774996,0.08145736,0.8947677
0.04683345,0.025264755,0.9279018
0.044179607,0.036697786,0.91912264
0.07162114,0.045569647,0.88280916
0.021094805,0.18267675,0.7962284
0.07873923,0.03497446,0.88628626
0.059627548,0.031025125,0.9093473
0.010374251,0.95600617,0.033619564
0.07272129,0.21880843,0.7084702
0.040103506,0.024586711,0.9353099
0.04970419,0.056267254,0.89402854
0.0709659,0.049590588,0.8794435
0.055738375,0.07746068,0.866801
0.05049033,0.069282204,0.88022745
0.036108483,0.04618345,0.9177081
0.28664187,0.039039783,0.6743184
0.012492527,0.01239531,0.97511214
0.057139013,0.05167123,0.89118975
0.057641696,0.12577814,0.8165802
0.7089665,0.06332505,0.22770846
0.042819135,0.03808413,0.91909677
0.07185517,0.049772616,0.87837225
0.067610316,0.14510135,0.78728837
0.047363646,0.040433224,0.9122032
0.9866781,0.012420445,0.000901493
0.927118,0.027616376,0.0452657
0.9037112,0.035714358,0.060574446
0.07106394,0.035282414,0.89365363
0.98710024,0.008164943,0.004734745
0.9332548,0.01635826,0.050386988
0.949487,0.01754398,0.03296908
0.44926456,0.042831343,0.5079041
0.99549,0.0035623573,0.0009476252
0.802407,0.014797407,0.1827955
0.024889212,0.9570432,0.01806763
0.106666856,0.070159085,0.823174
0.11314724,0.033478934,0.85337377
0.035343707,0.06374967,0.9009066
0.07713697,0.04780198,0.87506104
0.6877116,0.010452552,0.30183583
0.18854682,0.10525001,0.7062032
0.9777134,0.0039723474,0.018314214
0.7687607,0.022580117,0.20865926
0.99376994,0.0039827577,0.0022472537
0.98620296,0.008906942,0.0048901434
0.037286557,0.0122838,0.9504296
0.9967512,0.001441146,0.001807602
0.9232234,0.038800675,0.037975956
0.9906025,0.0073737227,0.0020237535
0.97600675,0.02149972,0.0024936388
0.032438718,0.39808953,0.5694717
0.54035515,0.42134303,0.038301844
0.01584571,0.9784266,0.005727738
0.029109165,0.96208215,0.008808705
0.03949058,0.03724317,0.9232663
0.016777527,0.9455611,0.037661336
0.29282516,0.61734337,0.08983146
0.09505448,0.032120332,0.8728252
0.040318917,0.027575782,0.93210524
0.054449137,0.032672208,0.91287863
0.05265362,0.031196237,0.91615015
0.044352397,0.022964822,0.9326828
0.014189142,0.0055402922,0.9802705
0.071791776,0.041998636,0.88620967
0.014521236,0.008371482,0.97710735
0.045717478,0.025198324,0.9290842
0.029533722,0.11533459,0.8551316
0.038731616,0.007178636,0.95408976
0.42153654,0.16427201,0.41419145
0.045783225,0.03643035,0.9177864
0.012116556,0.02157901,0.9663045
0.05875704,0.022128103,0.91911477
0.047882006,0.0362139,0.9159041
0.04701635,0.10688831,0.8460953
0.05132066,0.057029128,0.89165014
0.056653447,0.22759733,0.7157492
0.10782511,0.043650456,0.84852445
0.0723186,0.04752042,0.8801609
0.036039315,0.16310203,0.8008587
0.1373094,0.055369765,0.8073209
0.09355572,0.06069978,0.84574455
0.05361116,0.009011975,0.93737686
0.05474533,0.002887264,0.94236743
0.08523475,0.034370754,0.88039446
0.048230994,0.042605292,0.9091638
0.119992524,0.0667859,0.81322163
0.015362259,0.007861613,0.9767761
0.026666239,0.033316556,0.9400173
0.051774666,0.036749605,0.9114757
0.035255715,0.20688416,0.7578601
0.041521464,0.037146978,0.92133147
0.027008971,0.082063824,0.8909273
0.05855755,0.058386244,0.8830563
0.07171878,0.030785674,0.8974955
0.053396642,0.0138885975,0.93271476
0.23551144,0.19090931,0.5735793
0.055528276,0.029722147,0.9147495
0.6708511,0.075267404,0.25388148
0.59928405,0.06426066,0.3364553
0.050322145,0.03296986,0.916708
0.055082537,0.06026048,0.8846569
0.04400137,0.12534824,0.8306504
0.056954928,0.0247364,0.91830873
0.08219937,0.051589973,0.86621064
0.043205496,0.030309932,0.9264846
0.09047062,0.10944857,0.8000807
0.45876,0.030953383,0.51028657
0.069571875,0.8532685,0.0771596
0.051682822,0.023227124,0.92509
0.014184127,0.010664999,0.97515094
0.045056198,0.0473108,0.90763307
0.020613022,0.026108244,0.9532787
0.05937077,0.17079136,0.7698379
0.9869196,0.0077214534,0.005358951
0.1513554,0.08448913,0.7641555
0.12040635,0.024823,0.85477066
0.85881406,0.030172162,0.11101374
0.10247153,0.03954489,0.85798365
0.023239689,0.023651812,0.9531085
0.1060848,0.03216502,0.8617502
0.0808987,0.059071265,0.86003
0.21125807,0.052458063,0.7362838
0.100541055,0.06704022,0.8324188
0.028554372,0.039605122,0.9318405
0.060896005,0.028374642,0.91072935
0.017850569,0.019836111,0.9623133
0.06503849,0.08408391,0.8508776
0.08536699,0.06603095,0.84860206
0.057485156,0.9093747,0.03314015
0.05319048,0.023124015,0.9236855
0.15903877,0.28518337,0.5557779
0.052481234,0.019081837,0.92843693
0.061870877,0.036018547,0.9021106
0.042249702,0.026646553,0.93110377
0.041464686,0.049626734,0.90890855
0.07241381,0.022719359,0.90486676
0.03746992,0.016708558,0.9458216
0.091279075,0.07464545,0.83407545
0.052110635,0.04648414,0.9014053
0.024622144,0.023040187,0.9523376
0.05204746,0.043233216,0.9047193
0.05897819,0.041577466,0.8994443
0.022446705,0.015609233,0.96194404
0.0851024,0.20256133,0.7123363
0.04278546,0.024378419,0.9328361
0.043280896,0.020424493,0.9362945
0.039691444,0.030077936,0.9302307
0.11732898,0.080089584,0.8025815
0.0627461,0.024167165,0.9130867
0.0639791,0.013138522,0.9228823
0.056917027,0.042255856,0.90082705
0.04214438,0.05058821,0.9072674
0.08394924,0.031400185,0.8846506
0.050982133,0.022099119,0.92691875
0.0454854,0.040023297,0.91449124
0.04349488,0.010975771,0.9455293
0.05323949,0.024928493,0.92183197
0.97483927,0.009556988,0.015603683
0.041786313,0.051599212,0.9066145
0.05102039,0.01682474,0.9321548
0.10397146,0.0233583,0.8726703
0.9260546,0.027410157,0.046535272
0.019599402,0.007022589,0.97337806
0.021978056,0.0072122915,0.97080964
0.020744512,0.009534702,0.96972084
0.08879448,0.038602486,0.87260306
0.07890543,0.0585803,0.8625142
0.049082395,0.037376396,0.91354126
0.98665965,0.008050478,0.0052899537
0.05593502,0.025310565,0.9187544
0.04001818,0.03573221,0.92424965
0.050603036,0.03563847,0.91375846
0.038320787,0.013089022,0.9485902
0.08868169,0.12877934,0.78253895
0.072009854,0.04815665,0.8798335
0.9814997,0.017819487,0.0006808892
0.9923632,0.0070899827,0.0005467208
0.9785386,0.012597787,0.00886365
0.9903319,0.0069930386,0.0026750755
0.99059945,0.008929191,0.00047138485
0.99056774,0.008453718,0.0009785888
0.9909135,0.0075068413,0.001579678
0.98542064,0.013334227,0.0012451307
0.9871661,0.012524052,0.00030988068
0.98958886,0.01017711,0.00023402675
0.9916059,0.0071820966,0.0012120274
0.038356423,0.8794056,0.08223798
0.015455904,0.9827304,0.0018137796
0.009754968,0.9863267,0.0039183367
0.016386094,0.98162216,0.001991745
0.012478014,0.9864231,0.0010988682
0.008033633,0.9903813,0.001585009
0.006511691,0.99127287,0.0022154911
0.012718198,0.98500156,0.0022802474
0.009050846,0.9894945,0.0014546034
0.021707918,0.97683495,0.0014571832
0.016729021,0.9751338,0.008137165
0.019542502,0.9781642,0.0022933497
0.058088183,0.033259653,0.90865207
0.05939902,0.024955401,0.91564554
0.06771846,0.04200631,0.89027524
0.026486928,0.043456852,0.9300563
0.046221625,0.03710387,0.91667455
0.07284922,0.04914805,0.8780027
0.027302288,0.021471707,0.951226
0.055945333,0.042024054,0.90203065
0.037046723,0.024153892,0.9387994
0.040014256,0.040328093,0.9196576
0.052171573,0.03606768,0.91176075
0.06662409,0.033207547,0.90016836
0.043618646,0.02468384,0.9316975
0.016788125,0.006542301,0.97666955
0.06067373,0.05380646,0.8855198
0.0555538,0.024796717,0.9196494
0.03989537,0.043179326,0.91692525
0.032317467,0.02138141,0.94630116
0.026264394,0.03422179,0.9395138
0.037734576,0.02453039,0.937735
0.06618057,0.044867557,0.8889519
0.024521563,0.016787702,0.9586907
0.027024278,0.013802652,0.95917314
0.026695928,0.03315879,0.94014525
0.024053548,0.045601055,0.93034536
0.024789266,0.021079505,0.9541313
0.03649737,0.03862427,0.9248783
0.04984088,0.038664784,0.91149443
0.020765482,0.024515552,0.954719
0.05231303,0.057679497,0.8900075
0.050733663,0.041165695,0.90810066
0.064090356,0.045535717,0.89037395
0.031114737,0.022432998,0.94645226
0.05506598,0.04705446,0.8978796
0.059107054,0.035955425,0.9049375
0.035466224,0.018043755,0.94649005
0.061122723,0.30056292,0.6383144
0.024634978,0.023460994,0.95190394
0.04081483,0.04643028,0.9127549
0.045169316,0.046694256,0.90813637
0.053115897,0.029882735,0.9170014
0.054382775,0.035630282,0.9099869
0.055141788,0.030244727,0.9146135
0.07236474,0.033916667,0.8937186
0.033239685,0.03165564,0.93510467
0.06339983,0.032286733,0.9043134
0.064168654,0.038692877,0.8971385
0.046708982,0.029661058,0.92363
0.048302658,0.0618404,0.889857
0.15837176,0.005107035,0.8365212
0.052799836,0.04407285,0.9031273
0.031694196,0.036622573,0.9316833
0.06195217,0.03475202,0.9032959
0.05827612,0.039431598,0.9022923
0.06512916,0.041479547,0.8933914
0.04257806,0.050612096,0.90680987
0.036886733,0.025625661,0.9374876
0.04342173,0.021812506,0.9347657
0.036367763,0.017415397,0.9462169
0.02682191,0.027673326,0.94550484
0.024820894,0.024483854,0.9506953
0.06164838,0.036847897,0.9015038
0.07023808,0.041736785,0.88802516
0.068262465,0.04433256,0.887405
0.05839515,0.04669327,0.89491165
0.056401487,0.027975345,0.9156232
0.04561929,0.04077324,0.9136074
0.030358737,0.019658584,0.94998264
0.063302256,0.04167712,0.89502066
0.031663105,0.036658175,0.9316787
0.047975175,0.029846702,0.9221781
0.042005513,0.03678126,0.9212132
0.06918054,0.04671856,0.884101
0.20999855,0.17683652,0.61316484
0.062550806,0.03868726,0.8987619
0.008465146,0.0054229763,0.9861119
0.038883023,0.02457116,0.9365458
0.03936231,0.020844012,0.9397937
0.06844076,0.030908976,0.9006502
0.0575615,0.026952198,0.9154864
0.075362906,0.031293448,0.8933437
0.07148616,0.04951702,0.87899685
0.052656718,0.03871304,0.9086304
0.045190614,0.030132849,0.9246766
0.04478626,0.030721055,0.92449266
0.0470166,0.0259904,0.926993
0.03865513,0.029378569,0.9319663
0.029270887,0.034896083,0.93583304
0.048349038,0.028617898,0.9230331
0.033941846,0.027838124,0.9382201
0.043502506,0.032709394,0.9237881
0.054695394,0.0318724,0.91343224
0.017736202,0.0053514405,0.9769124
0.068006866,0.051787447,0.88020563
0.102817275,0.03630436,0.86087847
0.032956835,0.036266766,0.93077636
0.068232395,0.028582716,0.9031849
0.044561643,0.020183822,0.9352546
0.042390425,0.03878584,0.9188237
0.026902214,0.05841654,0.9146813
0.04538429,0.030499345,0.9241164
0.054741796,0.033725444,0.91153276
0.05870256,0.02661481,0.91468257
0.06881926,0.033474386,0.89770633
0.062273152,0.019047963,0.91867894
0.08599759,0.03264101,0.8813615
0.06891467,0.040870484,0.8902148
0.056665573,0.036801048,0.90653336
0.03209191,0.024533736,0.9433744
0.03627894,0.03444899,0.929272
0.019663675,0.022654865,0.9576815
0.022578595,0.03500458,0.9424168
0.057536718,0.0371485,0.9053148
0.045569,0.019276293,0.93515474
0.056661654,0.13355583,0.8097825
0.06608005,0.028811906,0.90510803
0.038568053,0.07760587,0.8838261
0.053690117,0.048790023,0.8975198
0.05781404,0.035168868,0.90701705
0.051223617,0.027418025,0.9213584
0.011587402,0.008544015,0.9798686
0.05156715,0.019081974,0.92935085
0.052329093,0.020115642,0.9275553
0.020711804,0.03536986,0.94391835
0.064092435,0.039834782,0.8960728
0.03647562,0.020045632,0.9434787
0.029968677,0.04498831,0.925043
0.030842274,0.030993238,0.9381645
0.06005469,0.04704549,0.8928998
0.03150356,0.023229266,0.94526714
0.058548402,0.027387539,0.91406405
0.0468392,0.027859924,0.92530084
0.06692557,0.034115538,0.8989589
0.024308765,0.013177783,0.9625133
0.048551716,0.014535222,0.9369131
0.070750214,0.029493079,0.89975667
0.050354276,0.024254806,0.92539096
0.077102534,0.033585064,0.88931245
0.08324592,0.042935103,0.873819
0.04832815,0.03532312,0.9163488
0.05389625,0.030950014,0.9151538
0.04688629,0.025071925,0.9280418
0.0458937,0.029602276,0.9245041
0.06014984,0.037640806,0.90220934
0.056412015,0.04111101,0.90247697
0.04195384,0.028029278,0.9300169
0.053774454,0.047734667,0.89849085
0.046596613,0.035587575,0.9178157
0.030614482,0.025330776,0.9440547
0.03618244,0.036111843,0.9277057
0.05801088,0.027429175,0.91456
0.06663057,0.051387653,0.8819818
0.061679162,0.028404728,0.90991616
0.02504765,0.04053741,0.9344149
0.08477108,0.06945894,0.84577
0.039573908,0.025675898,0.9347502
0.05292292,0.01356521,0.9335119
0.053986497,0.0203315,0.925682
0.0522716,0.039999828,0.9077286
0.049542584,0.040872186,0.90958524
0.057670396,0.014299331,0.9280302
0.047724776,0.046482854,0.90579236
0.013291665,0.015877,0.97083133
0.02090814,0.017813958,0.9612779
0.049754094,0.038559787,0.9116862
0.052361492,0.04277796,0.9048605
0.047683604,0.02674808,0.92556834
0.087145865,0.022337241,0.89051694
0.03689476,0.019903231,0.9432021
0.0440263,0.034658026,0.92131567
0.06503334,0.09324698,0.8417196
0.0698438,0.026175296,0.90398085
0.05153374,0.026945038,0.9215211
0.04539778,0.024778951,0.9298233
0.07527593,0.07534947,0.84937453
0.052294873,0.0627724,0.8849327
0.013090272,0.0052426667,0.98166704
0.05464947,0.039787654,0.9055628
0.051425744,0.033463374,0.9151109
0.079445705,0.02718888,0.8933654
0.043575883,0.027456138,0.9289679
0.048087765,0.03833891,0.9135734
0.077720255,0.03758306,0.88469666
0.04022085,0.01898044,0.9407987
0.07044363,0.032823376,0.896733
0.05870405,0.04603237,0.89526355
0.061011758,0.030085258,0.90890306
0.029126804,0.03600194,0.93487126
0.012964424,0.0033458367,0.9836897
0.027207822,0.007104519,0.96568763
0.060174108,0.07055707,0.8692688
0.023868248,0.02550706,0.9506247
0.04307327,0.022389809,0.93453693
0.040834695,0.06100155,0.8981638
0.06096875,0.033868007,0.9051633
0.06552795,0.047382742,0.88708925
0.062001627,0.031328984,0.90666944
0.06005201,0.050568864,0.889379
0.048330687,0.01993196,0.9317374
0.061688527,0.040614672,0.89769685
0.040782075,0.03283338,0.92638457
0.043478727,0.06469815,0.8918232
0.06146298,0.048478987,0.890058
0.049603466,0.046780527,0.903616
0.04414364,0.023930268,0.93192613
0.031835012,0.018532965,0.9496319
0.025514862,0.0038672446,0.9706179
0.05840632,0.02885681,0.91273683
0.985926,0.006727991,0.0073460825
0.97890717,0.008216656,0.012876219
0.9137266,0.033707716,0.05256564
0.96691364,0.018632183,0.014454188
0.9900141,0.005628243,0.0043576723
0.98969996,0.00981705,0.00048306788
0.9912339,0.0063234377,0.0024426687
0.98914015,0.00969719,0.0011626971
0.93925273,0.017287219,0.043460064
0.9851313,0.011137893,0.003730727
0.9882746,0.010353937,0.0013714691
0.9720694,0.013025737,0.014904942
0.01056659,0.98713475,0.0022986145
0.0044034906,0.9868391,0.008757387
0.015809342,0.98191756,0.0022731079
0.18845443,0.36254668,0.44899887
0.014783189,0.9831445,0.0020722745
0.024926241,0.9735606,0.001513104
0.020749819,0.97757655,0.0016735706
0.015353997,0.9800718,0.0045742295
0.039102137,0.95758957,0.0033083528
0.030568464,0.95235103,0.017080503
0.012517073,0.986616,0.0008669028
0.018199861,0.979229,0.0025712259
0.007944644,0.9851664,0.0068889586
0.017115666,0.98124504,0.0016393354
0.012192346,0.98381054,0.0039971196
0.017687025,0.97992855,0.0023843462
0.019324116,0.979591,0.0010848818
0.0028694947,0.995998,0.0011325235
0.009856524,0.9878743,0.0022691006
0.02744184,0.9711444,0.001413754
0.031237468,0.03968114,0.9290814
0.0462729,0.05202602,0.9017011
0.022656322,0.03995771,0.937386
0.025211481,0.024103994,0.9506845
0.05978918,0.058176473,0.88203436
0.022583377,0.017147003,0.96026963
0.06044612,0.03819742,0.90135646
0.0392598,0.029779905,0.93096036
0.044100534,0.0640407,0.8918588
0.04545145,0.023626003,0.9309225
0.03895677,0.039071064,0.92197216
0.055202607,0.029175077,0.9156223
0.04697153,0.03413099,0.9188974
0.06784401,0.027952103,0.9042039
0.077374235,0.037124563,0.8855012
0.060003042,0.044373278,0.8956236
0.043765306,0.04127462,0.91496015
0.050037574,0.018642977,0.9313194
0.05411899,0.035875417,0.91000557
0.06200783,0.038727794,0.8992644
0.044256028,0.039516184,0.9162278
0.029622778,0.0488397,0.9215376
0.06399586,0.032942247,0.9030619
0.04099463,0.039539814,0.91946554
0.036945302,0.031385705,0.931669
0.075565875,0.04386249,0.8805716
0.051990353,0.042516246,0.90549344
0.035066847,0.0327498,0.9321833
0.025259573,0.00913056,0.96560985
0.06282702,0.026473057,0.9106999
0.02601492,0.03426282,0.93972224
0.029500008,0.018085903,0.9524141
0.034593873,0.03131406,0.93409204
0.021070864,0.017708823,0.9612203
0.06148847,0.054582268,0.88392925
0.029372169,0.016768476,0.95385945
0.04277827,0.034507837,0.9227139
0.05061381,0.026464045,0.92292213
0.023088975,0.02720546,0.9497056
0.04879525,0.03856254,0.9126422
0.02410102,0.025331756,0.9505672
0.056389052,0.021910425,0.9217005
0.048933852,0.053533796,0.8975323
0.053592,0.06527868,0.8811294
0.023370355,0.033021912,0.9436077
0.08216295,0.044366892,0.8734701
0.045860037,0.024885017,0.9292549
0.050213754,0.030575387,0.91921085
0.029468495,0.033884924,0.93664664
0.028118262,0.036175147,0.9357066
0.041113302,0.027710194,0.93117654
0.046440605,0.036132675,0.91742665
0.02117242,0.024226932,0.9546006
0.0677045,0.036098327,0.89619726
0.050099373,0.029194176,0.92070645
0.01908683,0.027420837,0.95349234
0.055808876,0.04479992,0.8993912
0.02808256,0.030069403,0.9418481
0.07172794,0.030223584,0.89804846
0.09274356,0.031616103,0.8756404
0.02682827,0.012549621,0.96062213
0.03563337,0.034537047,0.92982954
0.024382941,0.011108949,0.96450806
0.06335982,0.032455977,0.9041841
0.038748316,0.036117405,0.9251343
0.06286307,0.017870413,0.9192666
0.053306587,0.061655823,0.88503766
0.036478605,0.041822925,0.92169845
0.05839625,0.026346965,0.91525686
0.069658466,0.05136293,0.87897855
0.08136818,0.05866456,0.85996735
0.023288246,0.024405872,0.95230585
0.049427286,0.031510077,0.9190626
0.030098015,0.048096493,0.9218055
0.029109739,0.020926049,0.9499642
0.03086485,0.035768908,0.9333663
0.016456913,0.032664616,0.95087844
0.054867346,0.04391527,0.9012174
0.057480752,0.052541666,0.8899776
0.03397946,0.044927638,0.9210929
0.051876895,0.033955313,0.91416776
0.050087072,0.04547139,0.9044415
0.025511172,0.014380515,0.9601083
0.015419276,0.03434305,0.9502377
0.066353686,0.04627713,0.8873692
0.04955456,0.014505947,0.93593955
0.037701484,0.025385844,0.93691266
0.07853199,0.033187654,0.8882803
0.04371916,0.04139247,0.9148884
0.06354202,0.04154997,0.8949081
0.06844839,0.043465972,0.8880857
0.04290635,0.037023727,0.9200699
0.050953433,0.03790237,0.91114414
0.06924788,0.036669683,0.8940825
0.059723835,0.033896945,0.90637916
0.024722574,0.037550457,0.93772703
0.044094503,0.039448928,0.91645664
0.0377498,0.03687533,0.9253749
0.04692078,0.04719651,0.9058827
0.032351702,0.016636973,0.95101136
0.06840668,0.05224474,0.87934864
0.046997942,0.033587914,0.91941416
0.023124933,0.024761023,0.9521141
0.013173374,0.01898088,0.9678457
0.06283425,0.039167374,0.8979984
0.035339545,0.03888878,0.9257717
0.061197147,0.054323666,0.8844792
0.05660381,0.049274392,0.8941218
0.04784503,0.030680621,0.9214744
0.023353357,0.017940646,0.9587061
0.061739177,0.021211835,0.91704893
0.060853526,0.019223357,0.9199231
0.02235158,0.049251318,0.92839706
0.024064569,0.032350812,0.9435845
0.019301884,0.013633723,0.96706444
0.050237168,0.05405475,0.8957081
0.018406354,0.036605407,0.94498825
0.036834635,0.015966633,0.94719875
0.051215187,0.036530428,0.9122544
0.041193232,0.044758517,0.9140482
0.0555836,0.03853925,0.90587723
0.062626414,0.032237314,0.90513635
0.0312409,0.046806637,0.9219525
0.03411569,0.018242987,0.9476413
0.088942766,0.0088108275,0.9022464
0.09732987,0.023666095,0.87900406
0.059111107,0.008528246,0.93236065
0.030387007,0.046199106,0.92341393
0.068562225,0.030069847,0.90136796
0.02594921,0.048526876,0.9255239
0.02442207,0.053761076,0.9218168
0.045762744,0.059860986,0.8943763
0.0463901,0.016364165,0.9372457
0.024074383,0.0636758,0.91224986
0.037946776,0.030941024,0.93111223
0.027819004,0.017978847,0.9542022
0.04883687,0.029678967,0.9214841
0.06809361,0.041059572,0.8908468
0.042999398,0.022242537,0.934758
0.03489745,0.097872324,0.8672302
0.022937112,0.0418595,0.9352034
0.0524034,0.04289589,0.90470076
0.069546096,0.046873786,0.8835801
0.044745266,0.037900716,0.917354
0.044047676,0.046705704,0.90924656
0.041870654,0.043453638,0.9146757
0.062384214,0.03421713,0.9033986
0.053177904,0.037671976,0.9091501
0.07738248,0.055845473,0.866772
0.05061654,0.043379262,0.90600425
0.07028299,0.055327598,0.8743894
0.034491558,0.04502942,0.92047906
0.08106846,0.043097205,0.8758342
0.06244211,0.0377254,0.8998325
0.03005276,0.03685739,0.9330898
0.021172337,0.031659525,0.9471682
0.05386206,0.038681895,0.90745604
0.054475933,0.036644913,0.9088791
0.0342314,0.02599106,0.9397776
0.04521939,0.030418219,0.92436236
0.06106618,0.045071367,0.8938625
0.034209017,0.029375046,0.93641585
0.06310741,0.03631039,0.9005821
0.055758543,0.04258488,0.90165657
0.056994725,0.038301833,0.9047034
0.0713518,0.034436148,0.894212
0.059747495,0.042325966,0.8979265
0.039253715,0.022629738,0.9381166
0.025584321,0.035694174,0.9387214
0.05696656,0.028117996,0.91491544
0.044869073,0.03253966,0.9225912
0.047535427,0.03157279,0.9208917
0.033258274,0.012660454,0.9540813
0.049119323,0.033073906,0.9178068
0.034019362,0.02836878,0.9376119
0.05638735,0.036229078,0.9073835
0.04008924,0.039429184,0.92048156
0.059966054,0.031754564,0.9082794
0.02121275,0.025166174,0.9536211
0.023779485,0.038334962,0.9378856
0.041848745,0.045737978,0.91241324
0.052830923,0.039529916,0.907639
0.04984368,0.035936132,0.91422015
0.025448754,0.031640574,0.9429106
0.031865522,0.009201229,0.95893323
0.032790188,0.035697844,0.93151194
0.026542626,0.028615464,0.9448419
0.08898873,0.031360243,0.8796511
0.04080396,0.06258424,0.89661175
0.0495202,0.04041721,0.9100627
0.045013882,0.050858196,0.904128
0.047845736,0.027962731,0.9241916
0.039897952,0.03682758,0.9232745
0.039840173,0.022789095,0.9373708
0.02560101,0.048724722,0.9256743
0.039831817,0.040222704,0.91994554
0.05221743,0.06372871,0.8840538
0.0613495,0.03448123,0.9041693
0.06490033,0.04875072,0.8863489
0.027537059,0.03619678,0.9362662
0.025271676,0.016173841,0.95855457
0.035616655,0.012949985,0.95143336
0.04734708,0.013658214,0.9389947
0.038517073,0.0373685,0.9241144
0.05732329,0.038073834,0.9046029
0.0508804,0.036612004,0.91250765
0.06354743,0.04973303,0.8867195
0.03779896,0.04283183,0.9193692
0.052923944,0.03160233,0.91547376
0.027726155,0.03141785,0.9408561
0.041484576,0.03349695,0.9250185
0.06285558,0.048005164,0.88913924
0.0687013,0.04384012,0.88745856
0.07153538,0.03544718,0.8930175
0.040796585,0.048636757,0.9105666
0.032475855,0.034977872,0.93254626
0.062688805,0.053988375,0.8833228
0.038944498,0.033051763,0.92800385
0.029095436,0.04882094,0.9220836
0.043180812,0.03806974,0.91874945
0.04613705,0.02263964,0.93122333
0.04937026,0.02361881,0.9270109
0.033336405,0.037044458,0.92961913
0.05074687,0.015736006,0.9335171
0.07373268,0.039350808,0.8869165
0.041587032,0.041913204,0.9164998
0.0505013,0.013212703,0.9362859
0.062185656,0.05125253,0.8865618
0.047416996,0.026780972,0.92580205
0.031221207,0.013506984,0.95527184
0.04428914,0.037004963,0.9187059
0.052335143,0.013639111,0.9340257
0.047477342,0.04701595,0.90550673
0.053755593,0.034369927,0.9118745
0.04780427,0.022471149,0.9297246
0.05776179,0.028041098,0.91419715
0.04209096,0.014775317,0.94313365
0.039315686,0.010938916,0.94974536
0.03208654,0.009843349,0.9580701
0.06291008,0.035810094,0.9012798
0.06792593,0.03382338,0.89825064
0.061920412,0.035246752,0.9028328
0.06577201,0.042094007,0.89213395
0.060283862,0.04690329,0.8928128
0.04611111,0.012218229,0.9416706
0.051940385,0.033666484,0.9143931
0.026852064,0.033028606,0.94011927
0.05601964,0.031887874,0.9120925
0.06772768,0.053108178,0.87916404
0.05882651,0.04228847,0.898885
0.029996494,0.030439131,0.93956447
0.038062453,0.045156166,0.91678137
0.043834258,0.037972454,0.9181932
0.071089566,0.04405439,0.88485605
0.07907526,0.04422744,0.8766973
0.05504904,0.02381543,0.92113554
0.059089284,0.017500909,0.92340976
0.08300402,0.04486485,0.8721311
0.057528444,0.047832683,0.89463884
0.04892787,0.0501371,0.90093493
0.054589912,0.029277,0.91613305
0.05149972,0.040979035,0.90752125
0.06548624,0.04277949,0.89173424
0.037212443,0.013320437,0.9494672
0.05690653,0.035368584,0.9077248
0.04897909,0.047379535,0.9036413
0.05395789,0.039630942,0.9064112
0.037248425,0.034381945,0.92836964
0.03159992,0.03311643,0.93528366
0.061381325,0.027775016,0.9108437
0.06270202,0.035483144,0.9018149
0.058252797,0.046397842,0.89534926
0.05959142,0.046138708,0.89426994
0.032794587,0.03647798,0.93072754
0.05239995,0.028712803,0.91888726
0.045416217,0.03790963,0.91667414
0.035761584,0.013586829,0.95065165
0.06744959,0.04667536,0.885875
0.032952204,0.032759693,0.934288
0.03323247,0.03186586,0.93490165
0.054386556,0.03556323,0.9100502
0.05426765,0.040328294,0.9054041
0.042113278,0.050403,0.9074837
0.046082698,0.031029234,0.922888
0.033920284,0.025704587,0.94037503
0.049220137,0.03288388,0.917896
0.074668035,0.067456946,0.857875
0.05447983,0.034798987,0.9107212
0.043400228,0.022296932,0.9343028
0.041939143,0.021992723,0.9360681
0.03624474,0.018895563,0.9448597
0.034763638,0.019198304,0.9460381
0.06720828,0.036185406,0.89660627
0.03574449,0.051351838,0.91290367
0.031211395,0.04138878,0.9273999
0.04733129,0.02854016,0.9241286
0.05205367,0.04928342,0.898663
0.050693817,0.009450961,0.9398552
0.025037296,0.027151199,0.9478114
0.06481847,0.06197113,0.8732104
0.026492286,0.020272706,0.953235
0.02423644,0.03742832,0.93833524
0.047683094,0.06568624,0.8866307
0.05843183,0.03642315,0.90514505
0.040816613,0.0109535055,0.9482299
0.08959682,0.020405974,0.8899972
0.040272497,0.015879115,0.9438485
0.05969337,0.058825325,0.8814813
0.08375198,0.046934746,0.8693133
0.06808352,0.042939737,0.88897675
0.047062185,0.042103954,0.9108338
0.015555933,0.0059216893,0.97852236
0.047079917,0.03010168,0.9228185
0.05173389,0.04017253,0.9080936
0.06584188,0.043689154,0.890469
0.061934106,0.039870687,0.8981952
0.0358524,0.026773652,0.93737394
0.02619289,0.023025028,0.9507821
0.02847576,0.042249158,0.9292751
0.059143636,0.040648784,0.9002075
0.030572291,0.04038322,0.9290444
0.075618386,0.019212903,0.90516865
0.040416267,0.017899616,0.9416841
0.04753466,0.016172852,0.9362924
0.036904976,0.026973903,0.93612105
0.061362915,0.028066566,0.9105705
0.052915096,0.046834417,0.9002505
0.03308888,0.018615637,0.9482954
0.027847124,0.047277123,0.92487574
0.050622,0.037951168,0.9114268
0.060555186,0.037343416,0.90210146
0.063601315,0.04545381,0.8909449
0.03626467,0.019278837,0.9444564
0.058637775,0.06097364,0.8803886
0.03740839,0.030235123,0.9323565
0.054881424,0.043669913,0.90144867
0.06416563,0.023720758,0.91211367
0.057949513,0.030240487,0.91181
0.041791383,0.028167216,0.93004143
0.043184508,0.02169334,0.9351222
0.057314042,0.032024924,0.9106609
0.033866487,0.025414415,0.9407191
0.016033716,0.021575727,0.96239054
0.04861163,0.0368376,0.91455084
0.03588421,0.045851804,0.9182639
0.04906419,0.0332634,0.91767234
0.053436182,0.056771535,0.8897923
0.060049716,0.035717525,0.90423274
0.05918214,0.04441203,0.8964058
0.07497177,0.039353322,0.8856749
0.036813803,0.032109566,0.9310766
0.04841282,0.03363297,0.9179542
0.048453886,0.038180746,0.91336536
0.053480268,0.043734655,0.9027851
0.058872204,0.027378118,0.91374964
0.056001198,0.034873955,0.90912485
0.04425411,0.048461445,0.9072845
0.05747983,0.035446897,0.90707326
0.05939225,0.041019462,0.89958835
0.045569163,0.16848528,0.78594553
0.062289875,0.025044795,0.9126653
0.033996236,0.022602191,0.9434016
0.03734998,0.027192725,0.9354572
0.05228227,0.043343525,0.9043742
0.033962015,0.04181481,0.92422324
0.03133051,0.027676094,0.9409934
0.07045208,0.029197216,0.9003507
0.042068485,0.044303186,0.9136283
0.060747653,0.062982775,0.8762695
0.03791988,0.016975388,0.9451048
0.066199616,0.041548204,0.8922522
0.051351946,0.055146426,0.89350164
0.054296583,0.04422911,0.9014743
0.043190736,0.03605199,0.9207572
0.042418387,0.03455332,0.92302835
0.029781835,0.01711898,0.9530992
0.050799944,0.025593758,0.9236063
0.03463096,0.042972848,0.9223961
0.034521878,0.014016372,0.95146173
0.04342192,0.041676976,0.9149011
0.04079834,0.07833427,0.88086736
0.04953581,0.031180888,0.9192833
0.029161839,0.03301244,0.9378257
0.033202875,0.017091377,0.9497057
0.06598359,0.057608154,0.8764082
0.046172652,0.020974874,0.9328525
0.034350544,0.035406355,0.93024313
0.056263518,0.036575634,0.9071609
0.032079503,0.033162523,0.9347579
0.057786062,0.0073144594,0.93489945
0.058302056,0.0568959,0.88480204
0.051662035,0.04944089,0.89889705
0.050157785,0.037020165,0.912822
0.027664004,0.028072223,0.94426376
0.032570824,0.025740495,0.94168866
0.05550336,0.04169206,0.90280455
0.0572215,0.045933884,0.8968447
0.060260605,0.034101542,0.9056378
0.035914123,0.022343181,0.9417427
0.050222725,0.030402184,0.91937506
0.0523766,0.03361931,0.91400397
0.040105212,0.034539107,0.9253556
0.02737007,0.017178005,0.9554519
0.042702395,0.038017407,0.9192802
0.07419679,0.047998708,0.8778046
0.043424502,0.021750083,0.9348254
0.054675285,0.031336114,0.91398853
0.03345108,0.045499496,0.9210495
0.06446445,0.0360203,0.8995153
0.06309454,0.0320999,0.90480554
0.048909403,0.039879728,0.91121083
0.029820736,0.04338891,0.9267903
0.06715085,0.030864228,0.90198493
0.055167202,0.03780491,0.90702796
0.0503763,0.037290536,0.9123332
0.037861727,0.03129665,0.9308416
0.04515978,0.09185101,0.8629892
0.05285605,0.03729799,0.909846
0.024446968,0.033677123,0.9418758
0.06655129,0.14465332,0.7887954
0.044305682,0.4160723,0.53962195
0.042546876,0.02981876,0.9276344
0.034338217,0.036660086,0.9290016
0.027358651,0.047875468,0.9247659
0.055926636,0.038814984,0.9052584
0.020588981,0.014136774,0.9652743
0.037753902,0.052008197,0.9102379
0.04532109,0.039031085,0.91564786
0.034923796,0.04031498,0.9247613
0.06478924,0.02050665,0.91470414
0.053907618,0.030745644,0.9153468
0.047369182,0.02685868,0.9257721
0.045123037,0.023432394,0.9314445
0.054793052,0.03192931,0.9132777
0.059548695,0.040253337,0.9001979
0.054432157,0.054114144,0.89145374
0.045046393,0.012290969,0.94266266
0.056720722,0.04818529,0.895094
0.04614244,0.035171945,0.9186857
0.087128356,0.034623437,0.8782482
0.051697325,0.03640915,0.91189355
0.047825627,0.036454946,0.91571945
0.062843606,0.031538088,0.90561825
0.05246393,0.023926092,0.92361
0.08118138,0.059567824,0.85925084
0.04638168,0.031971164,0.92164713
0.9894504,0.00977631,0.00077325443
0.99505734,0.0025798266,0.0023627628
0.99593973,0.0037716588,0.00028857577
0.17247662,0.44280645,0.38471693
0.07057739,0.85145295,0.07796962
0.9844365,0.011964133,0.003599307
0.33090165,0.044673473,0.6244249
0.9763241,0.013366867,0.0103089595
0.9970391,0.0027463115,0.000214688
0.9905687,0.0049503148,0.00448098
0.9937366,0.0045571914,0.0017062273
0.01654587,0.9815611,0.0018930092
0.98282593,0.015069875,0.0021042258
0.9785023,0.015616496,0.0058812266
0.98165995,0.0125029385,0.005837163
0.97939545,0.0135935,0.0070110136
0.9893959,0.009382923,0.0012211938
0.029060254,0.13769421,0.8332456
0.9940474,0.004890682,0.0010618238
0.9832117,0.014856562,0.0019317043
0.9776613,0.017287904,0.005050758
0.99027365,0.008467731,0.0012586158
0.98827994,0.009519933,0.002200191
0.9934709,0.0024770398,0.004052167
0.9906453,0.00837222,0.0009824958
0.99098164,0.008915207,0.00010318561
0.9883613,0.010476906,0.0011617816
0.9901072,0.005125055,0.004767756
0.9950235,0.004744866,0.00023166381
0.9891671,0.0073343324,0.003498492
0.99441874,0.004760542,0.00082082034
0.65560126,0.039850608,0.30454814
0.96840334,0.016646037,0.014950583
0.55326086,0.37398964,0.072749436
0.9520617,0.033382904,0.014555454
0.9923463,0.0063058534,0.0013478486
0.992599,0.0061613475,0.0012395891
0.99009234,0.008786257,0.0011214192
0.9849332,0.014608978,0.0004578314
0.97438383,0.0131206615,0.012495394
0.85398895,0.03338875,0.11262225
0.7693348,0.04846674,0.18219846
0.98491436,0.0076532685,0.007432304
0.42926094,0.03254289,0.53819615
0.49130446,0.18821622,0.3204794
0.9918269,0.007058525,0.0011146417
0.9937441,0.0059553636,0.00030058163
0.99188,0.0073832325,0.00073677266
0.42793807,0.54573995,0.02632198
0.9949122,0.00462539,0.00046246996
0.48154736,0.02066318,0.4977894
0.99521023,0.004537286,0.0002525003
0.96639574,0.007597889,0.026006307
0.99091804,0.0046429527,0.004438998
0.9863213,0.012986417,0.0006922995
0.9924144,0.0074742883,0.00011129596
0.9435392,0.052559327,0.0039014828
0.7355699,0.1254424,0.13898773
0.9886468,0.010177356,0.0011758157
0.98919684,0.009792914,0.0010102266
0.9916637,0.0074250004,0.0009113726
0.9942532,0.0048916945,0.00085504446
0.9918127,0.005518621,0.0026686306
0.9818428,0.013680805,0.0044763424
0.98691976,0.012017761,0.0010624785
0.97693765,0.011677514,0.011384746
0.44946915,0.29766175,0.2528691
0.24230532,0.7324534,0.025241256
0.99283195,0.0067487042,0.00041938337
0.7811893,0.14271739,0.076093294
0.9731355,0.01588363,0.010980801
0.99463165,0.005168626,0.00019962805
0.98411185,0.012424487,0.003463659
0.9905715,0.0084207915,0.0010076864
0.94560707,0.013808228,0.040584635
0.98582226,0.012004397,0.0021733907
0.9937801,0.0052148793,0.0010050442
0.99484164,0.004913747,0.00024464104
0.95163614,0.030590296,0.017773597
0.9865172,0.012479204,0.001003562
0.9138405,0.047148425,0.039011147
0.9930754,0.00627362,0.00065098313
0.98381746,0.013364639,0.0028178426
0.984011,0.013354219,0.0026347425
0.39743295,0.21660875,0.3859583
0.5877518,0.0993325,0.31291565
0.67221206,0.32150882,0.0062791454
0.97704095,0.009569223,0.013389751
0.99252737,0.005436978,0.002035622
0.98567164,0.013923217,0.0004051282
0.98987764,0.009107559,0.0010148784
0.990849,0.0086229015,0.0005280591
0.98979694,0.0094234655,0.00077959197
0.9924892,0.0070494567,0.00046134368
0.9947359,0.0046245707,0.00063945947
0.9895996,0.009458463,0.000942018
0.95821095,0.01146486,0.030324103
0.91533244,0.04464666,0.040021006
0.9801057,0.011818803,0.00807548
0.9926629,0.0067805825,0.00055658416
0.9826491,0.012454575,0.004896371
0.9791135,0.013418155,0.0074683274
0.9840476,0.014724692,0.0012277103
0.96182746,0.024625836,0.013546657
0.98744375,0.010820556,0.0017356283
0.98433244,0.010093438,0.005574126
0.9735285,0.020126168,0.0063453605
0.99205023,0.0071016033,0.0008481656
0.9963923,0.003489799,0.00011779286
0.9927932,0.0064835767,0.00072318735
0.9923768,0.0068988376,0.00072429737
0.22526924,0.71782935,0.056901388
0.36958745,0.5831486,0.047263898
0.015224157,0.9803626,0.0044132094
0.010440215,0.98682564,0.0027341524
0.017021056,0.96069247,0.022286529
0.98870045,0.009431428,0.0018680723
0.051187545,0.759554,0.18925846
0.007882525,0.9880201,0.0040973956
0.009631411,0.9833906,0.006978013
0.012335456,0.9847231,0.002941395
0.02419193,0.07771213,0.89809597
0.03355205,0.920228,0.046219904
0.012186472,0.98525906,0.0025544232
0.017663257,0.9767022,0.0056344992
0.023373734,0.9708534,0.005772905
0.040221065,0.12137477,0.8384041
0.02269138,0.953621,0.02368765
0.027015276,0.7030554,0.26992938
0.0118955765,0.98647237,0.0016320526
0.021512108,0.97561604,0.0028718144
0.008186511,0.98777664,0.0040368172
0.013057598,0.9859335,0.0010088623
0.02188249,0.9751211,0.0029963816
0.005680753,0.98664504,0.0076742074
0.007804154,0.98683214,0.005363711
0.009559671,0.98084325,0.009597086
0.011593221,0.9803607,0.008046089
0.019600032,0.9772191,0.0031809243
0.0142951505,0.9847051,0.0009997641
0.017550638,0.97999877,0.0024506184
0.010430269,0.98492324,0.0046465187
0.005645486,0.9930472,0.0013073022
0.036602657,0.95792484,0.005472471
0.041506696,0.08351894,0.8749743
0.014289129,0.9785398,0.0071710055
0.9770768,0.022446347,0.00047690657
0.07282876,0.7366002,0.19057104
0.008931943,0.9889712,0.002096806
0.08463639,0.5731836,0.34218
0.011701634,0.98470855,0.0035897691
0.021403955,0.9773695,0.0012265444
0.024159733,0.96364444,0.012195823
0.021673294,0.9554798,0.022846892
0.01442902,0.9642878,0.021283101
0.020396275,0.9760525,0.0035512706
0.015964549,0.97809315,0.0059422585
0.015867244,0.9835909,0.0005418879
0.16743399,0.79244584,0.040120132
0.022650609,0.9668979,0.0104515385
0.013994737,0.98398525,0.0020200743
0.008926861,0.9884085,0.0026646706
0.829473,0.09162146,0.078905545
0.023356492,0.971085,0.005558499
0.052190136,0.93189275,0.015917093
0.012692567,0.98397696,0.0033305117
0.0228743,0.9735903,0.0035354004
0.041707337,0.9035764,0.054716285
0.01306338,0.9729763,0.013960322
0.009358472,0.98778176,0.0028597526
0.016186247,0.9649271,0.018886717
0.014941118,0.98399127,0.0010676342
0.009456263,0.9893694,0.0011743791
0.010473648,0.9861261,0.0034002955
0.022366479,0.96084905,0.016784469
0.9700337,0.022857606,0.00710867
0.020787694,0.97745,0.0017622436
0.98692316,0.011762362,0.0013145553
0.0123277195,0.98122656,0.0064456966
0.8024894,0.076618746,0.120891854
0.009411103,0.98753357,0.0030553378
0.07647275,0.87839526,0.04513197
0.012667459,0.96964216,0.017690377
0.871683,0.045193493,0.08312356
0.02607353,0.970788,0.0031384625
0.054504164,0.28979552,0.6557003
0.45949024,0.26906726,0.27144256
0.0113857435,0.9827648,0.005849443
0.012779554,0.9772677,0.009952727
0.06424674,0.022486748,0.91326654
0.01177141,0.90723383,0.08099478
0.053802464,0.0774457,0.8687519
0.036635056,0.08526228,0.8781026
0.039653275,0.07096627,0.88938046
0.219405,0.065396585,0.71519834
0.06409664,0.044572208,0.89133114
0.9543115,0.013001851,0.032686647
0.04039199,0.03488815,0.9247199
0.020862494,0.9638742,0.015263326
0.066136576,0.09851013,0.83535326
0.03411291,0.020171795,0.94571525
0.36580494,0.00962356,0.62457144
0.29561347,0.018573184,0.6858133
0.04427258,0.040945444,0.91478205
0.058303088,0.0560148,0.8856821
0.20292999,0.14630781,0.6507622
0.11461424,0.014592927,0.87079287
0.09147322,0.054942142,0.85358465
0.096671134,0.04002399,0.8633049
0.049532462,0.041955628,0.9085119
0.045923136,0.029882751,0.92419416
0.046686545,0.047098685,0.9062148
0.08024159,0.029260924,0.89049745
0.047427524,0.023848057,0.92872447
0.06386768,0.13747129,0.798661
0.043595806,0.77850604,0.17789811
0.7632037,0.08804578,0.14875059
0.097245514,0.16720676,0.73554766
0.029985296,0.08899656,0.88101816
0.04835158,0.05258775,0.89906067
0.061428577,0.0314667,0.90710473
0.065051414,0.0034459154,0.93150264
0.094579056,0.024576232,0.88084465
0.07503296,0.038136415,0.8868306
0.0419283,0.027712911,0.93035877
0.038912904,0.12746596,0.83362114
0.07443196,0.079542525,0.8460255
0.07099543,0.0234805,0.90552413
0.045609828,0.053375393,0.9010148
0.06901165,0.052913066,0.8780753
0.088570185,0.049489673,0.8619402
0.068196185,0.038743343,0.89306045
0.06625168,0.021847488,0.91190076
0.02785916,0.015627574,0.9565133
0.06339228,0.018611064,0.9179966
0.07303628,0.04153362,0.8854301
0.03645022,0.020728182,0.94282156
0.025558254,0.03392538,0.9405163
0.07510165,0.020632148,0.9042662
0.02604217,0.024946876,0.94901097
0.031419806,0.044962868,0.92361736
0.0237422,0.026024828,0.9502329
0.063927725,0.06980068,0.8662716
0.05097919,0.031162951,0.91785777
0.05640791,0.025177956,0.91841424
0.065243185,0.02703851,0.9077183
0.07270999,0.03368146,0.8936086
0.041579034,0.03491063,0.9235103
0.06512456,0.040674392,0.8942011
0.032025266,0.013600136,0.9543747
0.0411512,0.052839186,0.9060096
0.03471432,0.22559337,0.7396923
0.039769318,0.8226368,0.13759392
0.039800767,0.6988854,0.26131383
0.011914406,0.97081786,0.017267775
0.056186352,0.018223235,0.9255904
0.082288705,0.039908968,0.8778023
0.028955562,0.02795528,0.9430891
0.04424306,0.028095147,0.9276618
0.03769533,0.06318948,0.8991152
0.032168306,0.030486098,0.93734556
0.058002852,0.030238776,0.91175836
0.09520575,0.06857412,0.8362201
0.04947268,0.033311836,0.91721547
0.045802306,0.051146086,0.9030516
0.048390776,0.022350492,0.9292588
0.1132276,0.08099918,0.8057732
0.040473107,0.085681565,0.8738453
0.034362487,0.03416173,0.93147576
0.041067075,0.016919859,0.94201314
0.037093896,0.021073638,0.9418325
0.09025141,0.066742465,0.84300613
0.1333402,0.11086724,0.7557926
0.049862135,0.04711641,0.90302145
0.08536099,0.054205783,0.8604332
0.045758266,0.03963917,0.91460264
0.05036889,0.04717877,0.90245235
0.05341252,0.03431774,0.9122698
0.040693104,0.02951119,0.9297956
0.045979306,0.0421518,0.9118689
0.071343206,0.04927343,0.8793833
0.08562565,0.047472052,0.8669023
0.019054921,0.020643564,0.96030146
0.08868924,0.04989612,0.86141473
0.05256404,0.03641005,0.9110259
0.0556068,0.042552028,0.90184116
0.17945115,0.0828031,0.7377458
0.8849228,0.02629522,0.088782005
0.096196674,0.12065766,0.7831456
0.06376166,0.049998246,0.88624007
0.06370531,0.043021057,0.8932736
0.05716081,0.07535691,0.86748224
0.47352087,0.0612092,0.46527
0.08157731,0.15940897,0.7590138
0.03823964,0.024377909,0.9373825
0.047402274,0.044097565,0.90850025
0.4362907,0.1749056,0.38880366
0.09322286,0.6084834,0.2982938
0.048191942,0.03267205,0.9191359
0.100719295,0.041013446,0.85826725
0.016580842,0.40191326,0.58150584
0.06131201,0.035071258,0.9036168
0.0684089,0.047478095,0.88411295
0.060769983,0.52037877,0.41885126
0.05370913,0.036093835,0.910197
0.155352,0.017843353,0.82680464
0.064354725,0.0661387,0.86950666
0.13625184,0.04764242,0.8161057
0.3467629,0.07017449,0.5830626
0.064803675,0.049735248,0.88546103
0.10751556,0.0139795635,0.87850493
0.026913779,0.1117726,0.8613136
0.03754485,0.080813,0.8816421
0.13325964,0.014169453,0.8525709
0.07275245,0.050839026,0.8764084
0.022859322,0.042374488,0.93476623
0.07936161,0.06908537,0.85155296
0.023971586,0.045224313,0.93080413
0.23127747,0.09408551,0.674637
0.9908174,0.0014381737,0.007744383
0.98904324,0.00967732,0.001279344
0.91416246,0.07351581,0.012321771
0.9875942,0.010885801,0.0015199985
0.9844758,0.0065368856,0.008987369
0.10538125,0.007303804,0.8873149
0.98355305,0.014588508,0.0018583467
0.9837683,0.013363971,0.0028676698
0.9658933,0.02127694,0.012829721
0.54957837,0.09860618,0.35181537
0.98086697,0.015396498,0.0037364066
0.99435,0.0050376165,0.00061232696
0.99277943,0.0012593385,0.005961214
0.9872966,0.0101436265,0.0025597059
0.9826057,0.013745021,0.0036491887
0.98269373,0.014518937,0.0027872715
0.9852262,0.012597473,0.0021763232
0.99211484,0.006924011,0.0009611601
0.9862705,0.010073883,0.0036556514
0.9869696,0.006540657,0.0064897574
0.9919115,0.007045353,0.0010431155
0.991922,0.0057728165,0.002305255
0.98146844,0.010212579,0.008319
0.98574626,0.013106214,0.0011474472
0.98960155,0.008799071,0.0015993032
0.99407357,0.0053925277,0.0005339326
0.9884316,0.010528935,0.001039456
0.98460466,0.014747422,0.0006479565
0.98932415,0.010046037,0.00062979996
0.9765647,0.014641291,0.008794092
0.988224,0.0075599346,0.0042159637
0.99064565,0.007864974,0.0014893755
0.98797953,0.00042806566,0.0115923975
0.9891516,0.008343284,0.0025051082
0.986602,0.01213179,0.0012662548
0.98284423,0.015487916,0.0016678651
0.3181561,0.049414184,0.6324298
0.7322118,0.08136346,0.18642476
0.9774699,0.019039027,0.0034910475
0.9917567,0.007527917,0.0007154116
0.98569196,0.012902309,0.0014058042
0.98756903,0.011430235,0.0010007154
0.98658204,0.010468262,0.002949827
0.9817499,0.009383436,0.008866724
0.9900503,0.0093891295,0.0005605669
0.9940002,0.004758538,0.0012413389
0.9959494,0.0035849458,0.00046567267
0.9924684,0.0061967396,0.0013349142
0.99258834,0.0066359607,0.00077570666
0.9912208,0.008199026,0.00058017694
0.21671224,0.7541872,0.029100573
0.9937895,0.00504462,0.0011658827
0.99638236,0.0030557397,0.0005619527
0.9972824,0.0024575738,0.00026004016
0.9925504,0.0003721739,0.0070774835
0.5466459,0.07182698,0.38152716
0.98507774,0.0138065405,0.0011157396
0.9884643,0.009671655,0.001863982
0.9898956,0.0070447805,0.0030596566
0.98555344,0.011861306,0.0025853063
0.985658,0.0064244196,0.00791762
0.9919629,0.006133394,0.0019037514
0.99105084,0.007837516,0.0011115964
0.98521835,0.013201933,0.0015798287
0.99812883,0.00026747558,0.0016036602
0.98992527,0.0090813525,0.0009933547
0.8141787,0.016570909,0.16925037
0.029099314,0.9664642,0.0044364533
0.98306674,0.01567403,0.0012592556
0.14964387,0.21709357,0.6332626
0.0781612,0.17189081,0.749948
0.97885495,0.013546254,0.0075987596
0.98257613,0.013852408,0.0035715164
0.9924872,0.0067926366,0.0007201459
0.98885685,0.009713364,0.0014297321
0.9828279,0.016088897,0.0010831648
0.9883471,0.009245703,0.0024071797
0.109929085,0.8884115,0.0016594332
0.037619147,0.96078193,0.0015988904
0.032071322,0.96512634,0.0028023606
0.99535924,0.00035267483,0.004288076
0.9940812,0.0044271518,0.0014916245
0.99367094,0.004399471,0.0019295088
0.97427547,0.020004392,0.005720171
0.9988721,0.00040026085,0.00072761544
0.9865781,0.010175916,0.0032460717
0.98691666,0.010209274,0.002874039
0.99182796,0.0061927405,0.001979319
0.9979248,0.00028300498,0.0017921434
0.9890097,0.009752888,0.0012375212
0.9924084,0.005641855,0.0019497729
0.9963238,0.0003530166,0.0033232635
0.98964334,0.007795875,0.0025607839
0.9863051,0.012960867,0.0007340639
0.9881274,0.010132353,0.0017402257
0.98016435,0.0089044245,0.010931259
0.98953664,0.009834618,0.0006287061
0.9904164,0.008840783,0.0007429051
0.98799896,0.009704937,0.0022961379
0.979326,0.017300436,0.0033735519
0.99306047,0.005211103,0.001728538
0.997416,0.0017395136,0.00084446603
0.9890883,0.009398345,0.0015134043
0.9861311,0.008498444,0.00537038
0.9930112,0.0051702936,0.001818492
0.9985714,0.0012063215,0.00022227707
0.97080886,0.006315288,0.022875872
0.009904218,0.98685515,0.0032406475
0.015838457,0.9808481,0.0033134434
0.06685132,0.8774013,0.05574738
0.011536958,0.9851769,0.0032860828
0.013620368,0.9822901,0.004089576
0.022896016,0.9726131,0.004490916
0.014175591,0.97933435,0.0064900583
0.019864377,0.975044,0.0050916392
0.023568481,0.9732231,0.0032083911
0.029561708,0.96283144,0.0076069175
0.0021449102,0.99209255,0.0057625435
0.008415965,0.98903733,0.00254675
0.021772694,0.96550256,0.012724728
0.014771792,0.9804699,0.0047583785
0.015237834,0.97837275,0.0063894023
0.015056338,0.97907054,0.0058731595
0.046062883,0.854207,0.099730186
0.019670162,0.965511,0.014818845
0.020106202,0.97541624,0.0044775466
0.015242977,0.98349357,0.0012634986
0.027948415,0.96899444,0.0030571092
0.0028218513,0.98233485,0.014843312
0.0023939223,0.9867508,0.010855283
0.023031432,0.96037966,0.016588919
0.015070896,0.9800172,0.004911953
0.025576277,0.97105575,0.003368008
0.0122671155,0.98502237,0.0027105634
0.018285535,0.97713614,0.004578377
0.01570996,0.9795639,0.0047262073
0.014137063,0.98241204,0.0034509297
0.009256761,0.9808702,0.009873035
0.016504502,0.9762429,0.0072526555
0.0026990029,0.9827388,0.014562202
0.015826756,0.98108107,0.0030922205
0.010799301,0.9874308,0.0017698375
0.009144327,0.9871028,0.0037528237
0.011854694,0.98500407,0.0031411813
0.018626781,0.9761193,0.0052539255
0.017643781,0.9775327,0.0048235413
0.014836163,0.982821,0.0023428414
0.015726117,0.97009426,0.014179642
0.0320675,0.67073244,0.29720005
0.024788871,0.9719848,0.0032262884
0.012875171,0.9836187,0.0035061534
0.019539481,0.97705835,0.0034020909
0.015835345,0.97969806,0.004466564
0.022931166,0.9722055,0.004863293
0.0024632125,0.9802372,0.017299632
0.02351327,0.9652708,0.01121588
0.0794523,0.89039105,0.030156692
0.0129949115,0.9831185,0.003886568
0.024543323,0.9261674,0.049289223
0.009912538,0.98575705,0.0043304674
0.00454415,0.99477106,0.0006847254
0.0127011575,0.9798467,0.0074520553
0.014812888,0.98032135,0.004865728
0.023450403,0.96740216,0.009147507
0.08906359,0.90922517,0.0017112127
0.016237216,0.9803326,0.0034301998
0.015259877,0.9826628,0.0020773362
0.015101985,0.979166,0.005732067
0.014427498,0.9803268,0.0052457443
0.013071773,0.98507786,0.001850354
0.021573579,0.97268766,0.0057388023
0.0072992034,0.98828226,0.0044185524
0.023528151,0.9734571,0.0030147291
0.02061132,0.9748521,0.004536558
0.016688544,0.97658175,0.006729625
0.011615695,0.98803353,0.0003507636
0.012163427,0.98628116,0.0015554938
0.016947152,0.9792044,0.0038484787
0.017003898,0.97769755,0.005298517
0.011248494,0.9833227,0.0054288027
0.0128188655,0.9850721,0.0021090347
0.1533372,0.7792811,0.06738172
0.012415117,0.9814509,0.0061339363
0.018168164,0.97943467,0.002397149
0.016867343,0.9822369,0.0008956842
0.03438079,0.95967966,0.005939581
0.014019629,0.98189247,0.0040879208
0.015551167,0.98301077,0.0014380333
0.02221268,0.96974236,0.008044899
0.014741943,0.9813595,0.0038986038
0.011321842,0.9878034,0.00087475346
0.017284224,0.98032117,0.002394637
0.010209266,0.97637093,0.0134198265
0.0023448674,0.99041826,0.007236821
0.013499079,0.98501855,0.0014823624
0.016332041,0.9812546,0.0024133585
0.8064413,0.15833315,0.035225548
0.010144332,0.9883301,0.0015255942
0.026223855,0.9706807,0.003095504
0.021995578,0.9734831,0.0045213476
0.014234825,0.9815077,0.0042574066
0.0085419165,0.98731136,0.004146768
0.0029263026,0.99607027,0.001003433
0.01830825,0.96695185,0.014739853
0.006227702,0.98869926,0.0050729844
0.009851565,0.9893076,0.00084087934
0.19189711,0.7811506,0.026952302
0.01445849,0.9833924,0.0021490625
0.015341449,0.9831035,0.0015550313
0.0138881,0.98510784,0.0010040876
0.012921897,0.98333955,0.0037385162
0.01236316,0.9802111,0.007425763
0.009169225,0.9888244,0.0020063587
0.019848276,0.97615844,0.0039932346
0.07427764,0.21970429,0.70601815
0.015269288,0.9813502,0.0033805247
0.010173812,0.9873378,0.0024883351
0.013470348,0.9838824,0.0026472928
0.18057047,0.8146128,0.004816741
0.36614174,0.6086974,0.025160775
0.015806276,0.98076874,0.0034250296
0.0024636695,0.9813768,0.01615955
0.014421071,0.95345914,0.032119762
0.010178117,0.9858283,0.0039935997
0.0021803328,0.9967276,0.0010920659
0.013255267,0.9834193,0.0033253753
0.19193228,0.504934,0.30313367
0.014411819,0.9850161,0.0005720586
0.0028270523,0.97648674,0.020686245
0.0051102564,0.97194237,0.022947356
0.014442351,0.9832546,0.0023030343
0.023816328,0.97485185,0.0013318679
0.023200268,0.97405577,0.0027439494
0.011696644,0.9871765,0.0011268861
0.010691061,0.9842391,0.0050698654
0.015034323,0.98338413,0.0015815141
0.031946473,0.959025,0.009028533
0.027494524,0.96921533,0.0032901722
0.013805988,0.9840768,0.0021172168
0.026295269,0.97142494,0.0022797743
0.010674153,0.98749256,0.0018332795
0.02006719,0.97828877,0.0016440011
0.016147109,0.9421337,0.041719127
0.022764392,0.97365487,0.0035808068
0.007550339,0.9908326,0.001617007
0.39253026,0.5855292,0.021940548
0.006396621,0.9910239,0.0025794257
0.011911164,0.98583764,0.0022511934
0.017987058,0.9734665,0.008546415
0.016053014,0.9758592,0.008087742
0.011450965,0.98261994,0.0059290905
0.0058767702,0.99218905,0.001934172
0.019792033,0.97720224,0.0030057104
0.011205813,0.98727465,0.0015195068
0.004399372,0.9859161,0.009684478
0.013876306,0.9842712,0.0018524535
0.0147851715,0.9813579,0.0038569423
0.04800013,0.9431554,0.008844515
0.01591169,0.9796265,0.004461878
0.018209403,0.9570467,0.024743894
0.009770605,0.98887306,0.0013563117
0.02132769,0.9710379,0.0076343855
0.033044793,0.9614759,0.0054793637
0.014540921,0.9803447,0.0051143225
0.08918828,0.90142965,0.009382033
0.014424501,0.9810807,0.0044947607
0.014540842,0.98513794,0.00032124904
0.025424084,0.96151423,0.013061662
0.01690917,0.97510356,0.007987327
0.17214686,0.8216678,0.0061853034
0.010542735,0.98394483,0.005512397
0.010036887,0.9864944,0.0034686555
0.011122942,0.98188925,0.0069878018
0.003537086,0.9942365,0.0022264596
0.022255354,0.9754081,0.002336552
0.014271257,0.9849812,0.0007475372
0.0130451415,0.984993,0.0019618433
0.0130451415,0.984993,0.0019618433
0.014980753,0.98371536,0.0013039003
0.01428373,0.982958,0.0027582322
0.0051109125,0.99027175,0.0046173246
0.012963266,0.98360187,0.0034349235
0.017071728,0.98159766,0.0013306479
0.0025961485,0.9916215,0.00578235
0.018415753,0.98025805,0.001326239
0.056413513,0.5007257,0.44286084
0.04841594,0.25742477,0.69415927
0.026875475,0.9377283,0.03539621
0.06779781,0.9182658,0.013936324
0.011905868,0.9863621,0.001732035
0.018167393,0.98035,0.0014825582
0.009894058,0.98873514,0.0013707689
0.013798183,0.98448145,0.001720312
0.013339151,0.9857845,0.0008763823
0.013329366,0.9821797,0.004491016
0.020084804,0.96208626,0.017828938
0.012620411,0.98702013,0.0003594147
0.019283699,0.97849715,0.0022192087
0.021739086,0.9753758,0.0028851607
0.027620468,0.9548229,0.01755664
0.06073093,0.93663436,0.00263467
0.012770625,0.98040706,0.006822285
0.031297408,0.95900714,0.009695484
0.00864991,0.9891111,0.002238904
0.009757106,0.98750687,0.0027360397
0.07615181,0.014072919,0.90977526
0.044710174,0.004928935,0.95036083
0.26356673,0.002994471,0.73343873
0.023034273,0.0127083175,0.96425736
0.061373264,0.014463983,0.9241628
0.884404,0.028582223,0.087013766
0.020354347,0.12590909,0.8537366
0.00852827,0.98669714,0.004774592
0.049041513,0.030569753,0.92038876
0.03706186,0.7805132,0.18242487
0.70320225,0.0040885224,0.2927092
0.10248652,0.019483639,0.8780298
0.013829189,0.002363586,0.9838072
0.07288454,0.038332507,0.8887829
0.07838468,0.023673657,0.8979417
0.013738452,0.015567706,0.9706938
0.0141459005,0.022782378,0.9630718
0.00911299,0.007166852,0.9837202
0.03822073,0.009176264,0.95260304
0.022888878,0.054746933,0.9223642
0.073917985,0.0834335,0.8426485
0.055965,0.050019942,0.894015
0.17046192,0.62291527,0.2066228
0.9890575,0.006916168,0.0040262938
0.033421956,0.011539047,0.955039
0.03184784,0.009751057,0.95840114
0.03295073,0.018090812,0.9489585
0.05119807,0.07776338,0.87103856
0.09718906,0.026363246,0.8764477
0.9833535,0.014528684,0.0021177277
0.15923655,0.6843015,0.15646192
0.012367224,0.009012779,0.97862005
0.13836499,0.21556324,0.64607173
0.011737247,0.013017349,0.9752455
0.025745558,0.0147411795,0.95951325
0.013368372,0.11605038,0.8705812
0.015428227,0.95171833,0.0328535
0.22421776,0.016522244,0.75926
0.009079713,0.012704802,0.9782155
0.08264403,0.08694918,0.8304068
0.44046488,0.020491717,0.5390434
0.025271406,0.007722412,0.96700615
0.5495381,0.10606568,0.34439626
0.01040259,0.010161614,0.9794358
0.06568658,0.03853981,0.8957736
0.98355997,0.0067975973,0.009642484
0.02079527,0.02124688,0.95795786
0.021630686,0.007857101,0.97051215
0.02124867,0.010365892,0.96838546
0.07060175,0.062123556,0.86727464
0.033834472,0.0059256633,0.96023995
0.05724087,0.014416335,0.92834276
0.12266883,0.17485912,0.702472
0.7220775,0.0449816,0.23294091
0.028018227,0.023069683,0.94891214
0.04809069,0.074995235,0.876914
0.12125047,0.3320158,0.54673374
0.12624857,0.12141205,0.7523394
0.019789131,0.011701796,0.96850914
0.15495354,0.01753878,0.8275076
0.020019958,0.0106429085,0.96933717
0.008703078,0.0038506696,0.9874463
0.010930706,0.06383006,0.92523926
0.03922336,0.0076934267,0.9530833
0.5373621,0.42394838,0.03868952
0.050191466,0.0036895091,0.9461191
0.016945442,0.006813229,0.9762414
0.058301255,0.06593507,0.87576365
0.008086715,0.018081876,0.9738314
0.96098423,0.021670802,0.017345091
0.07756447,0.03258728,0.88984823
0.13055766,0.04831173,0.82113063
0.5038932,0.10577658,0.39033026
0.015554901,0.010753541,0.97369146
0.041467294,0.012896246,0.9456364
0.18580706,0.082935914,0.731257
0.018066874,0.0041470625,0.9777861
0.9965797,0.0024414945,0.0009787764
0.9960716,0.0030428772,0.0008855277
0.9917435,0.006669277,0.001587189
0.82790613,0.12646854,0.04562529
0.78007096,0.05445957,0.1654695
0.98629874,0.011800927,0.0019002894
0.9879261,0.010090794,0.0019831182
0.94232136,0.04999,0.0076887077
0.99325585,0.0059991227,0.00074503495
0.9864073,0.0099579,0.0036347988
0.98509467,0.008415224,0.0064900923
0.9927825,0.0067813997,0.00043606802
0.98359054,0.01554515,0.0008642444
0.97462803,0.015358443,0.010013468
0.81482327,0.065839775,0.11933691
0.9791189,0.011102395,0.009778713
0.9914956,0.0051122336,0.003392205
0.98910743,0.009926822,0.0009657622
0.9946471,0.0047245794,0.00062826107
0.98771834,0.0109940125,0.0012876509
0.8751788,0.088601165,0.03622008
0.98189765,0.016977176,0.0011252472
0.91258407,0.045457076,0.041958895
0.8735239,0.05181638,0.07465972
0.9907246,0.008538031,0.00073735317
0.93020487,0.022199133,0.047595993
0.99385154,0.005380804,0.0007676451
0.9868721,0.011245084,0.0018829161
0.9926766,0.0055018943,0.0018214333
0.9885401,0.008841286,0.0026185885
0.006724585,0.9921862,0.0010892154
0.073146574,0.89809674,0.028756723
0.009186699,0.9839596,0.0068536955
0.013214227,0.9775065,0.009279229
0.013640233,0.98564595,0.00071378634
0.016044414,0.9734334,0.010522183
0.0348017,0.9493889,0.015809385
0.020205026,0.91768056,0.062114425
0.023734838,0.9724655,0.0037996643
0.018032117,0.9806819,0.0012859908
0.06351835,0.86726326,0.069218375
0.016088784,0.9818618,0.0020494584
0.022726528,0.97488743,0.0023860198
0.30644435,0.04915399,0.64440167
0.01301996,0.98405206,0.002927931
0.0053555653,0.99306136,0.001583102
0.018812977,0.97820455,0.0029824649
0.022161905,0.9770205,0.00081756094
0.014664878,0.983886,0.0014491864
0.30093297,0.6296529,0.06941414
0.019174783,0.9739212,0.006904074
0.011642037,0.9844887,0.0038692472
0.008825754,0.98199683,0.009177332
0.17301768,0.7641356,0.0628467
0.018544862,0.9775374,0.003917702
0.5371156,0.14820784,0.31467655
0.030004468,0.016313145,0.95368236
0.045045722,0.0685525,0.8864017
0.069025554,0.038456045,0.8925184
0.09726806,0.037905183,0.8648268
0.036329478,0.014750284,0.94892025
0.19225511,0.3151233,0.49262154
0.02005029,0.9708058,0.009143903
0.23469806,0.08343936,0.6818626
0.46090218,0.07797049,0.46112728
0.019780427,0.81540674,0.16481277
0.8442246,0.024077786,0.13169761
0.98533195,0.012199282,0.0024687718
0.97236055,0.0066548884,0.020984609
0.23510909,0.023530366,0.74136055
0.77908516,0.038467728,0.1824471
0.99294513,0.0061755455,0.00087930675
0.9823856,0.007241495,0.010372962
0.9689895,0.027730776,0.003279783
0.9935916,0.005295997,0.0011122716
0.19181155,0.017024243,0.7911642
0.8494047,0.025080103,0.12551513
0.34878966,0.030941727,0.6202686
0.9885048,0.0067258556,0.0047693457
0.98433775,0.012722044,0.0029402438
0.98815376,0.007341143,0.004505114
0.9928867,0.0061032395,0.0010100417
0.99322975,0.005757892,0.001012366
0.84076834,0.012556201,0.14667545
0.8542642,0.11558388,0.030151851
0.86481714,0.027990188,0.10719263
0.9959806,0.0032515065,0.0007677885
0.37938407,0.13821127,0.4824047
0.98032904,0.0038717578,0.01579919
0.5222749,0.27656668,0.20115837
0.06257494,0.017893037,0.919532
0.9971884,0.0025752725,0.000236285
0.98338264,0.011293208,0.0053241244
0.14127824,0.026441902,0.83227986
0.982163,0.015598568,0.002238426
0.9880117,0.004956861,0.0070313737
0.8569851,0.06558534,0.077429496
0.9951566,0.0041960776,0.00064727076
0.47843367,0.084242634,0.43732378
0.9805838,0.0098029105,0.009613305
0.28577688,0.046356604,0.6678665
0.99086285,0.0073612696,0.0017759888
0.7651713,0.10997129,0.12485743
0.063660465,0.037132822,0.89920676
0.9840715,0.0059844204,0.009944025
0.08430898,0.015459123,0.90023196
0.9899978,0.0085651595,0.001436984
0.42448953,0.08764116,0.4878693
0.99019545,0.0059806383,0.0038238652
0.18315391,0.035506006,0.78134
0.2903272,0.6995474,0.010125445
0.9911409,0.0069307364,0.0019283586
0.98474747,0.00210834,0.013144179
0.7197633,0.016418435,0.26381823
0.28815594,0.019580556,0.69226354
0.44656965,0.042415228,0.51101506
0.03890949,0.049186207,0.91190434
0.83881015,0.02966427,0.13152556
0.9841143,0.011390249,0.00449547
0.9912548,0.0066270456,0.0021181311
0.05863644,0.03216151,0.90920204
0.07959792,0.043065842,0.8773362
0.056213263,0.01956004,0.9242267
0.9896712,0.009951898,0.00037693814
0.9916313,0.0020179574,0.0063507324
0.9948777,0.004971849,0.00015043034
0.9919918,0.007693223,0.00031506617
0.91813695,0.0060548657,0.07580816
0.9838816,0.014823194,0.0012952362
0.99174786,0.007919997,0.00033204517
0.99307513,0.0066782315,0.00024660313
0.8114686,0.0633268,0.12520461
0.9315483,0.022814022,0.045637727
0.1316215,0.7691224,0.09925613
0.7384471,0.0440397,0.21751319
0.9782817,0.013981721,0.007736535
0.8319547,0.006290323,0.16175498
0.30762154,0.036436442,0.655942
0.5061143,0.055023946,0.43886176
0.98558563,0.010948868,0.00346546
0.14146842,0.044039384,0.81449217
0.15297931,0.05286824,0.7941524
0.96887803,0.0035562865,0.027565595
0.9760884,0.0132467,0.010664832
0.95764256,0.010997608,0.031359877
0.9926218,0.005995293,0.0013828933
0.9725742,0.004306065,0.023119781
0.8719229,0.028027916,0.10004919
0.31304362,0.16576982,0.5211866
0.35596135,0.024773713,0.6192649
0.08010787,0.01995991,0.8999322
0.99762374,0.001055288,0.001321045
0.90639406,0.01483043,0.07877557
0.9416594,0.018004332,0.040336344
0.9923522,0.006912153,0.00073568505
0.60351866,0.037158012,0.35932326
0.512324,0.046294656,0.44138137
0.688097,0.1683375,0.14356548
0.9955562,0.0033928184,0.0010510461
0.99126387,0.006837473,0.0018986977
0.26896855,0.036100034,0.69493145
0.031265356,0.027862348,0.9408724
0.99562573,0.0038825665,0.00049168855
0.5898152,0.27043292,0.13975179
0.70882505,0.058397368,0.23277757
0.98308736,0.006108268,0.010804426
0.9699081,0.008432422,0.021659484
0.98711246,0.0120436065,0.000843944
0.9455169,0.032751173,0.02173193
0.9867159,0.0074168704,0.005867227
0.7200054,0.031774156,0.24822046
0.99259275,0.002043724,0.0053635035
0.9962884,0.0004843878,0.0032272001
0.13337596,0.020775966,0.8458481
0.9811793,0.0036581527,0.015162622
0.16208425,0.032673154,0.80524266
0.9953511,0.004537928,0.00011097316
0.9940071,0.0054344595,0.0005584274
0.9835864,0.015820755,0.0005928244
0.7470774,0.11494625,0.1379763
0.025954952,0.9140505,0.059994504
0.027460648,0.29856405,0.6739753
0.049233016,0.7874353,0.16333172
0.11399316,0.15220083,0.7338061
0.50510716,0.03945694,0.45543593
0.013258837,0.98560727,0.0011339191
0.03570639,0.3746213,0.5896723
0.03284291,0.9570027,0.010154407
0.4205251,0.11034519,0.46912968
0.018947406,0.97943854,0.0016140982
0.016088305,0.9741917,0.009720006
0.49710894,0.2541465,0.24874452
0.39543694,0.5932408,0.011322238
0.2999585,0.5500941,0.1499474
0.04293253,0.7361446,0.2209228
0.034358434,0.7946969,0.17094463
0.01231482,0.9744733,0.013211873
0.007097176,0.9875665,0.005336344
0.019620344,0.9753702,0.005009483
0.05878878,0.17228435,0.7689269
0.0151522765,0.98242676,0.0024209653
0.014949175,0.98260087,0.0024499372
0.0147747435,0.9720844,0.013140929
0.056855988,0.09615026,0.8469938
0.03176229,0.06504482,0.90319276
0.019617124,0.9742581,0.0061247647
0.0054201717,0.9933321,0.0012477945
0.011971527,0.97642523,0.011603202
0.04793973,0.8220008,0.13005942
0.25115088,0.7358343,0.013014874
0.020892765,0.9364885,0.042618718
0.014664144,0.98095864,0.0043772506
0.018085314,0.97878414,0.0031305037
0.09148041,0.126884,0.7816355
0.017436253,0.98029,0.0022737768
0.07254666,0.588378,0.3390753
0.0154852355,0.9807568,0.0037579415
0.011830105,0.98584497,0.0023249404
0.020159764,0.9751536,0.0046865866
0.01838886,0.9552188,0.026392324
0.008756934,0.9867879,0.004455167
0.03490931,0.8734755,0.09161521
0.023020942,0.76795304,0.20902607
0.012273233,0.979756,0.007970762
0.024965646,0.94972503,0.025309315
0.05367975,0.403578,0.5427422
0.05099255,0.36805856,0.58094895
0.014546913,0.9807488,0.0047042794
0.04473025,0.5847496,0.37052014
0.039299402,0.7752169,0.18548372
0.03554872,0.85749,0.10696124
0.8313051,0.06341844,0.10527653
0.0729648,0.06801067,0.8590245
0.017221203,0.9786563,0.0041224756
0.011959366,0.95750135,0.03053931
0.0066087483,0.93226117,0.06113005
0.042018775,0.7824522,0.17552896
0.015277101,0.98185235,0.0028704822
0.014279672,0.9836389,0.0020814312
0.7225564,0.11190185,0.1655418
0.020687262,0.9391242,0.040188488
0.013866603,0.9759287,0.010204642
0.026095487,0.95281297,0.021091534
0.07320092,0.09435972,0.83243936
0.040046513,0.37133047,0.5886229
0.008238556,0.98535776,0.0064036744
0.005040323,0.992943,0.002016684
0.015608172,0.92774373,0.056648027
0.16208476,0.03227684,0.8056384
0.053123087,0.054489188,0.89238775
0.049085945,0.024730215,0.9261838
0.26489127,0.01250613,0.7226026
0.07877325,0.024981512,0.89624524
0.039385848,0.022093458,0.9385207
0.020942189,0.016214507,0.96284336
0.061655797,0.10611633,0.8322279
0.04150854,0.06403905,0.89445245
0.029565664,0.036189254,0.93424505
0.022331368,0.053727336,0.9239413
0.049538624,0.040948816,0.9095126
0.069353506,0.036511056,0.8941355
0.046295673,0.027456079,0.92624825
0.08168556,0.054149263,0.8641652
0.10436147,0.050367437,0.8452711
0.07238351,0.024893224,0.90272325
0.057964403,0.046758007,0.8952776
0.949717,0.01548626,0.03479673
0.046669222,0.030487102,0.92284375
0.15912637,0.026027452,0.8148462
0.040189847,0.29107904,0.6687311
0.05576247,0.037218437,0.90701914
0.05997869,0.034208216,0.90581316
0.06866529,0.050383992,0.8809507
0.035437014,0.04436125,0.92020166
0.050420642,0.011130159,0.9384492
0.05118115,0.06780401,0.8810148
0.049684774,0.026464807,0.9238504
0.053970143,0.037640456,0.90838945
0.07143198,0.02456599,0.904002
0.028928155,0.056971423,0.9141004
0.06349787,0.030347837,0.9061543
0.038912244,0.032039613,0.9290481
0.060521606,0.020094804,0.91938365
0.03886229,0.032375675,0.9287621
0.07134899,0.038829673,0.8898213
0.021954637,0.040856753,0.9371887
0.039968565,0.043216325,0.9168151
0.52820855,0.030308506,0.44148296
0.06386798,0.037072405,0.89905965
0.04108605,0.05168465,0.9072293
0.43184403,0.054702114,0.51345384
0.045277476,0.22505063,0.72967184
0.311221,0.04777392,0.64100516
0.027873017,0.017005188,0.95512176
0.08166914,0.050957736,0.8673731
0.01860739,0.07160859,0.909784
0.049401294,0.028424237,0.92217445
0.017829336,0.016297333,0.96587336
0.07281492,0.045300204,0.8818849
0.035398923,0.031824484,0.9327766
0.0348685,0.038220834,0.92691076
0.027592584,0.025971508,0.9464359
0.03158393,0.043593764,0.9248223
0.03876619,0.021097405,0.94013643
0.06022101,0.06429301,0.87548596
0.032098383,0.2896035,0.6782981
0.058663454,0.010144524,0.9311919
0.052749682,0.016794084,0.9304562
0.043173913,0.041804742,0.9150213
0.027296625,0.04370516,0.92899823
0.091929704,0.05022596,0.8578443
0.055108212,0.032618664,0.91227305
0.14706622,0.045381367,0.8075524
0.03449247,0.05305903,0.91244847
0.037455358,0.06478029,0.89776427
0.025744952,0.04791039,0.9263447
0.04704114,0.043421052,0.9095378
0.06802048,0.011147499,0.920832
0.06943251,0.046705913,0.88386166
0.07569619,0.042213645,0.8820902
0.042281047,0.03767906,0.9200399
0.07188424,0.02723094,0.90088475
0.12129164,0.1524312,0.7262772
0.029046988,0.013734232,0.9572188
0.03123806,0.043285128,0.92547685
0.05587484,0.09863967,0.8454855
0.13037041,0.049676698,0.8199529
0.028340988,0.04225502,0.92940396
0.07223155,0.037000507,0.890768
0.03527091,0.04075546,0.9239736
0.080612965,0.108794875,0.8105921
0.047288246,0.021272892,0.93143886
0.08081113,0.046134807,0.873054
0.057659507,0.03951283,0.9028277
0.0868592,0.11361812,0.7995227
0.09328281,0.04722729,0.85948986
0.060830574,0.025858097,0.91331136
0.049567536,0.050991368,0.8994411
0.4112036,0.058378052,0.5304184
0.09836036,0.02752791,0.8741117
0.04572777,0.060579453,0.8936928
0.031134635,0.020882405,0.947983
0.040345225,0.059162352,0.90049237
0.062947094,0.04226068,0.8947922
0.038568698,0.043279342,0.9181519
0.040942397,0.037169423,0.9218882
0.03468313,0.04782471,0.91749215
0.095612645,0.047193225,0.8571941
0.03133654,0.048393,0.9202705
0.039757654,0.064156026,0.8960863
0.051727038,0.044722326,0.9035507
0.050813433,0.06505487,0.8841317
0.018998541,0.008463548,0.9725379
0.034229465,0.030623227,0.9351473
0.06448772,0.025953814,0.9095584
0.034864206,0.029244144,0.9358916
0.034037527,0.025097696,0.94086486
0.2922946,0.039615758,0.6680896
0.47057864,0.047183126,0.4822382
0.14792761,0.11554415,0.7365283
0.046559304,0.038149327,0.91529137
0.027994819,0.01738238,0.95462286
0.040519875,0.01998059,0.9394995
0.026912216,0.018824484,0.95426327
0.02821172,0.031136174,0.94065213
0.021156585,0.012769613,0.9660738
0.05011123,0.012633039,0.9372557
0.04976929,0.036483176,0.91374755
0.044608533,0.0127307335,0.94266075
0.029302403,0.007886635,0.962811
0.08011398,0.03729286,0.8825932
0.06919283,0.015356304,0.91545093
0.04255895,0.05545315,0.90198785
0.12103138,0.033494525,0.8454741
0.045503486,0.043208234,0.91128826
0.040211253,0.015533129,0.9442556
0.041420605,0.08157419,0.87700516
0.023668054,0.017900512,0.9584314
0.06928409,0.2699073,0.6608086
0.024604917,0.012505749,0.9628893
0.04022956,0.023351396,0.936419
0.050815772,0.019860914,0.9293234
0.06862571,0.029171683,0.90220267
0.01916754,0.009178741,0.9716537
0.06696853,0.04744145,0.88559
0.03052126,0.01906245,0.95041627
0.09069402,0.28907067,0.6202353
0.065737,0.04781324,0.88644975
0.08257932,0.03866637,0.8787543
0.028796414,0.01573297,0.95547056
0.061190594,0.0483585,0.89045084
0.34671733,0.023539752,0.6297429
0.095474154,0.048573315,0.85595256
0.061595045,0.040316198,0.89808875
0.043179926,0.027259845,0.92956024
0.018136684,0.16133508,0.8205282
0.12495572,0.11888477,0.75615954
0.11361661,0.068710364,0.817673
0.040990625,0.037836157,0.92117316
0.06811301,0.024984071,0.9069029
0.02192345,0.016276224,0.96180034
0.06039761,0.04423101,0.8953714
0.04007692,0.045993302,0.9139297
0.055385627,0.016941221,0.92767316
0.076521106,0.01994224,0.90353656
0.020082692,0.024485974,0.95543134
0.01114794,0.02942833,0.9594237
0.06638208,0.031448677,0.9021693
0.084321976,0.049377073,0.8663009
0.10223599,0.20411631,0.69364774
0.035468798,0.02625541,0.9382758
0.08540815,0.02635506,0.8882368
0.042791817,0.044064026,0.9131442
0.0794822,0.02324386,0.89727396
0.04472358,0.05697932,0.8982972
0.104905605,0.034560427,0.86053395
0.043640077,0.11955642,0.83680344
0.054790195,0.07166954,0.8735403
0.057422366,0.014469108,0.9281086
0.042622875,0.046949413,0.9104277
0.09376651,0.048172683,0.8580608
0.020679178,0.016422601,0.96289814
0.050148446,0.79341,0.15644161
0.025544697,0.013085234,0.96137
0.0059124096,0.003649651,0.9904379
0.0320022,0.03366928,0.93432856
0.03218238,0.04189184,0.9259258
0.06624078,0.025563048,0.90819615
0.14930472,0.024420975,0.82627434
0.06402201,0.016077021,0.91990095
0.6111553,0.018160298,0.37068442
0.03483561,0.007864499,0.9572998
0.028371966,0.013546709,0.95808136
0.12973897,0.010934158,0.85932696
0.06760202,0.03668287,0.89571506
0.078639045,0.06719788,0.8541631
0.048000332,0.041866634,0.91013306
0.06392677,0.026467098,0.90960616
0.4357052,0.033770677,0.530524
0.043790083,0.054925065,0.9012849
0.06257656,0.044416785,0.89300656
0.052754585,0.018518599,0.9287268
0.8348392,0.029937569,0.1352232
0.04138081,0.023212533,0.9354066
0.052760553,0.054862294,0.8923771
0.10087755,0.025543228,0.8735792
0.05502275,0.016153889,0.9288234
0.15178894,0.014115125,0.83409595
0.043286793,0.051756937,0.9049563
0.027117312,0.037282787,0.9356
0.04528997,0.043258216,0.9114518
0.088999614,0.04106658,0.8699339
0.0955049,0.050771825,0.85372335
0.020677041,0.034224104,0.9450989
0.048572775,0.03849935,0.9129279
0.46418062,0.044048585,0.4917709
0.037060693,0.020110233,0.94282913
0.051928625,0.020395206,0.92767614
0.07881016,0.03583611,0.88535374
0.17623167,0.16046076,0.6633076
0.055467024,0.038345918,0.90618706
0.04065751,0.0064707557,0.9528718
0.022558002,0.059490487,0.9179515
0.052759662,0.023850417,0.92339
0.025803626,0.018137395,0.956059
0.55570674,0.031320706,0.4129725
0.04015062,0.042448938,0.9174005
0.022618491,0.038815003,0.9385665
0.32429093,0.041088283,0.63462085
0.09538392,0.01887414,0.8857419
0.029253922,0.10150968,0.86923647
0.04300538,0.04998465,0.90701
0.045929525,0.04318895,0.9108816
0.025042605,0.025091564,0.9498658
0.04836148,0.03376176,0.91787666
0.06259387,0.03890339,0.89850277
0.05431491,0.062211566,0.88347346
0.054832097,0.15712003,0.78804797
0.033951007,0.038509116,0.9275398
0.075631194,0.05117463,0.87319416
0.046358682,0.016115282,0.93752605
0.02883398,0.013514214,0.95765173
0.6484807,0.11899432,0.23252498
0.050904173,0.05904988,0.89004594
0.036977153,0.0075050313,0.95551777
0.30317107,0.02912287,0.667706
0.059162755,0.5694645,0.37137273
0.10078972,0.051177606,0.8480327
0.04243344,0.06610841,0.89145815
0.042525597,0.0193748,0.9380996
0.02202795,0.07279335,0.9051787
0.03313968,0.037296347,0.92956406
0.06031907,0.055460107,0.8842209
0.10024408,0.0069443635,0.8928116
0.037007075,0.0178431,0.9451498
0.023693256,0.019661589,0.95664513
0.05834437,0.029886821,0.91176873
0.05685627,0.081125334,0.86201835
0.06699057,0.019899301,0.9131102
0.40428427,0.061008003,0.5347077
0.030354654,0.029021239,0.9406241
0.03997137,0.03052763,0.929501
0.015065566,0.040952455,0.94398195
0.06672196,0.040548034,0.89273
0.04114755,0.04134895,0.91750354
0.061656248,0.03319615,0.90514755
0.029353583,0.019250551,0.9513959
0.05326807,0.048406493,0.89832544
0.03876669,0.03022103,0.9310122
0.03256057,0.36685878,0.60058063
0.7239884,0.03332828,0.24268343
0.051676717,0.050925255,0.89739805
0.081588365,0.4626812,0.45573044
0.051620036,0.04713848,0.9012415
0.043045036,0.018459281,0.93849564
0.023531035,0.02451624,0.9519528
0.0598101,0.07702301,0.86316687
0.02944238,0.029241797,0.9413159
0.06879373,0.016133813,0.91507244
0.0221583,0.03010986,0.9477318
0.06622372,0.07287472,0.86090153
0.024095798,0.017153354,0.9587508
0.13217427,0.01930363,0.8485222
0.045246538,0.06960178,0.8851517
0.12487029,0.08515414,0.7899756
0.07396109,0.058679696,0.86735916
0.32034594,0.018282367,0.6613717
0.1160854,0.057804145,0.8261104
0.054892555,0.051365744,0.8937417
0.05074031,0.048987463,0.90027225
0.047261443,0.032673165,0.9200654
0.04501387,0.061827824,0.8931582
0.03671001,0.029382324,0.9339077
0.04886929,0.041555908,0.9095748
0.056295723,0.03779516,0.905909
0.050167795,0.032359146,0.9174731
0.037676472,0.04861434,0.9137092
0.08121915,0.052387837,0.86639297
0.07080963,0.03786467,0.89132565
0.04574312,0.045298584,0.9089583
0.18748236,0.031239787,0.78127784
0.06438595,0.047661036,0.88795304
0.05175077,0.058298707,0.8899506
0.042523976,0.033053085,0.92442286
0.045003783,0.039522246,0.9154739
0.050175447,0.03578881,0.9140357
0.037268892,0.040179394,0.92255163
0.055663846,0.05208748,0.8922487
0.038839065,0.024760045,0.9364009
0.053165987,0.054161668,0.89267236
0.35847622,0.05258489,0.5889389
0.96839786,0.019786859,0.011815272
0.041081373,0.02116754,0.93775105
0.041225348,0.03232656,0.92644805
0.039506257,0.053840686,0.90665305
0.04980155,0.0465109,0.90368754
0.03673469,0.19790824,0.76535714
0.043131426,0.04363985,0.9132287
0.028097358,0.02771583,0.9441868
0.053106315,0.038967405,0.9079262
0.03712103,0.025864087,0.9370149
0.018908136,0.04387695,0.93721485
0.04637588,0.032092277,0.9215318
0.046281494,0.052290384,0.9014282
0.044179175,0.037604384,0.91821647
0.08062125,0.04240152,0.8769772
0.09628492,0.073968545,0.8297466
0.043743465,0.061627958,0.8946285
0.21018066,0.02025926,0.7695601
0.052153848,0.03594995,0.9118961
0.037593704,0.045346662,0.91705966
0.021651193,0.012592083,0.9657568
0.232301,0.02256705,0.7451319
0.043015372,0.14256524,0.81441945
0.032158688,0.030776063,0.93706524
0.34250253,0.19231421,0.46518323
0.04077059,0.029480886,0.9297485
0.055134714,0.031261794,0.91360354
0.036689106,0.021695163,0.94161564
0.070631355,0.034188464,0.89518017
0.06305417,0.03624434,0.9007014
0.03719631,0.076024316,0.8867794
0.071711,0.038309235,0.88997984
0.057498343,0.036906835,0.9055949
0.04141646,0.029656876,0.92892677
0.04734027,0.06333113,0.8893286
0.053114522,0.037043717,0.9098417
0.03256274,0.06733843,0.90009886
0.11756055,0.11528673,0.7671527
0.087617375,0.070471324,0.8419113
0.07123276,0.0929958,0.8357714
0.042840943,0.010255424,0.94690365
0.043779682,0.031074775,0.9251456
0.045161054,0.048640367,0.9061986
0.04738826,0.053645518,0.8989663
0.063237526,0.040909037,0.8958534
0.07836859,0.27689275,0.6447387
0.6510955,0.04119852,0.30770597
0.0385466,0.024814751,0.93663865
0.06230973,0.09622487,0.8414654
0.058215905,0.06687535,0.8749087
0.07704668,0.035585936,0.8873674
0.041973483,0.024844192,0.9331823
0.048331186,0.0388352,0.91283363
0.92432165,0.023735,0.051943354
0.029322209,0.049538948,0.9211389
0.014343143,0.011061896,0.974595
0.022291834,0.113816954,0.86389124
0.01745292,0.028718855,0.9538282
0.043323,0.021300333,0.9353766
0.06605694,0.03443763,0.89950544
0.0268203,0.03141741,0.94176227
0.038280364,0.031550135,0.9301695
0.025009096,0.035614587,0.9393763
0.042172167,0.021143464,0.93668437
0.08685573,0.07200593,0.8411384
0.031832095,0.06959562,0.89857227
0.07018916,0.05402653,0.8757842
0.046432186,0.029113324,0.92445445
0.015404008,0.00803061,0.9765654
0.06954779,0.045123216,0.88532907
0.03293553,0.02224181,0.94482267
0.029037746,0.02149489,0.94946736
0.096958,0.0422339,0.86080813
0.043936715,0.03482475,0.9212385
0.039200187,0.031253114,0.9295467
0.036025427,0.015615866,0.94835865
0.052710302,0.1183214,0.8289683
0.021163044,0.022793496,0.9560434
0.11257434,0.052351933,0.83507377
0.07261001,0.027132379,0.9002575
0.12868458,0.027667401,0.843648
0.04080641,0.027719062,0.9314745
0.6561599,0.06890594,0.2749341
0.04619619,0.023206228,0.9305976
0.11717336,0.019137368,0.8636893
0.052802674,0.12605006,0.82114726
0.13696007,0.03545013,0.82758975
0.035045195,0.036978975,0.9279759
0.09313099,0.024129162,0.8827398
0.07584348,0.033853117,0.89030343
0.055020776,0.037704565,0.90727466
0.07357735,0.14154734,0.7848753
0.13865404,0.11698667,0.7443593
0.07162271,0.036014162,0.89236313
0.075142115,0.12807094,0.79678684
0.057555545,0.051743824,0.8907006
0.08009268,0.12761332,0.792294
0.07003999,0.04875275,0.8812073
0.026394593,0.01643686,0.9571686
0.027249295,0.014054159,0.95869654
0.019990189,0.013058777,0.9669511
0.06576035,0.08560032,0.8486393
0.06349704,0.061663758,0.8748392
0.084705986,0.5802753,0.3350187
0.040763922,0.03777417,0.92146194
0.04936199,0.045252893,0.9053851
0.066146344,0.051414307,0.88243926
0.04100694,0.056159426,0.9028336
0.050714336,0.10026827,0.84901744
0.7675181,0.08612366,0.14635827
0.061573133,0.04065763,0.8977693
0.035031807,0.054844324,0.9101239
0.03884701,0.026388077,0.934765
0.105282426,0.028558629,0.8661589
0.039363947,0.038981404,0.9216547
0.11822172,0.20526867,0.6765096
0.17402525,0.31945685,0.50651795
0.051478814,0.043138355,0.9053828
0.059841085,0.029335603,0.9108232
0.06367327,0.022329604,0.9139971
0.19521624,0.055712335,0.7490715
0.059590317,0.021815274,0.9185944
0.06803902,0.05090913,0.8810519
0.18685839,0.017359333,0.79578227
0.061105527,0.033028405,0.90586597
0.033423238,0.027226023,0.9393508
0.07167424,0.024794156,0.9035316
0.03599172,0.014684676,0.9493236
0.16856863,0.015368553,0.81606287
0.01919803,0.011396695,0.9694053
0.03998923,0.02371598,0.9362948
0.03877693,0.011597554,0.9496255
0.16670862,0.027414488,0.8058769
0.076852955,0.034980282,0.8881668
0.04412569,0.041452255,0.91442204
0.21706885,0.03939629,0.7435349
0.051719446,0.051017158,0.8972634
0.064694785,0.042221215,0.89308393
0.20276543,0.03293932,0.7642952
0.07670863,0.047120564,0.8761709
0.1738784,0.032258637,0.793863
0.11469315,0.074268736,0.81103814
0.08628766,0.33304337,0.580669
0.042809095,0.022014724,0.9351762
0.07529502,0.034776893,0.8899281
0.038565543,0.051391285,0.9100432
0.8758575,0.0038589635,0.12028354
0.032912523,0.04659576,0.92049164
0.64806783,0.0419333,0.30999884
0.038772974,0.030972943,0.9302541
0.020328362,0.037719645,0.9419521
0.047336295,0.03920486,0.91345876
0.03392303,0.04020599,0.9258709
0.02965883,0.014667855,0.95567334
0.1503192,0.0330853,0.8165955
0.056110278,0.094426975,0.84946275
0.056120895,0.04474348,0.8991357
0.02416338,0.07088155,0.904955
0.12888648,0.22356749,0.647546
0.03186245,0.08610511,0.8820325
0.038870282,0.01846892,0.94266087
0.9126218,0.017347196,0.070031054
0.045203716,0.022597063,0.9321992
0.08575758,0.038767383,0.8754751
0.018040417,0.004651296,0.9773082
0.13029891,0.027891645,0.8418095
0.37816268,0.08452383,0.5373135
0.057835266,0.096008316,0.8461564
0.031911403,0.049959145,0.91812944
0.043710433,0.008854334,0.94743526
0.030951064,0.02573462,0.9433144
0.0438289,0.009409494,0.9467616
0.3926079,0.051423565,0.5559686
0.45964977,0.012715457,0.52763474
0.019395506,0.014526566,0.966078
0.036695767,0.017831769,0.9454725
0.06364366,0.04045437,0.895902
0.046181474,0.04506765,0.90875083
0.0457749,0.038396053,0.915829
0.024909072,0.027518028,0.9475729
0.025496453,0.018690072,0.95581347
0.047174525,0.027249247,0.92557627
0.07191939,0.034642357,0.89343816
0.05922105,0.02519851,0.9155805
0.023787465,0.03801226,0.93820024
0.030843172,0.033709593,0.9354472
0.0768112,0.016226782,0.9069619
0.07048476,0.063677676,0.8658375
0.03577694,0.111282185,0.8529409
0.047504026,0.04559504,0.90690094
0.042958643,0.057189517,0.89985174
0.21078409,0.043561526,0.7456544
0.078903645,0.020293837,0.9008025
0.104071155,0.18734756,0.7085813
0.04982808,0.054352608,0.8958193
0.11074518,0.054609105,0.8346457
0.03955353,0.025264816,0.93518174
0.03593985,0.016104717,0.9479555
0.05690661,0.03713848,0.9059549
0.05227116,0.048390154,0.8993386
0.054157674,0.052799888,0.8930424
0.06681787,0.025090227,0.9080919
0.048674054,0.038279396,0.9130465
0.30520904,0.06790212,0.6268888
0.053767685,0.02159719,0.9246351
0.9823966,0.015375394,0.0022280526
0.034045532,0.015632914,0.95032156
0.04153795,0.03676467,0.9216973
0.027341241,0.029332869,0.94332594
0.030698422,0.10947493,0.8598266
0.03295504,0.051643424,0.9154016
0.02587242,0.020188855,0.9539387
0.05994967,0.052187,0.8878633
0.016606223,0.010679983,0.9727138
0.035405822,0.033456154,0.9311381
0.029141525,0.061632395,0.9092262
0.06610833,0.048507795,0.8853839
0.03906808,0.053766027,0.90716594
0.04871389,0.05429123,0.8969948
0.034124374,0.043560572,0.922315
0.15592378,0.070006356,0.7740699
0.016203236,0.022561967,0.96123487
0.07091881,0.051936004,0.8771451
0.14185181,0.045029692,0.81311846
0.11965037,0.020093456,0.86025614
0.02004953,0.017676378,0.9622742
0.060568474,0.051554617,0.8878769
0.05542506,0.104665965,0.839909
0.028748807,0.075153574,0.8960976
0.05410444,0.020001335,0.9258942
0.06775345,0.04194601,0.8903005
0.98281455,0.014720609,0.0024648702
0.043152384,0.019679578,0.93716806
0.03457277,0.098681204,0.866746
0.031807266,0.053059474,0.91513324
0.06719792,0.058382563,0.8744195
0.04280298,0.055337105,0.90185994
0.0695361,0.05516897,0.87529486
0.033119068,0.027861832,0.93901914
0.054261,0.08946126,0.85627776
0.043630455,0.03167231,0.9246972
0.030652503,0.07267486,0.8966727
0.06924067,0.029318344,0.901441
0.0716322,0.022716856,0.90565103
0.0707795,0.02996993,0.8992505
0.6735047,0.016406067,0.31008926
0.05155335,0.051002517,0.89744407
0.02301156,0.042407483,0.934581
0.054359946,0.03603515,0.90960497
0.060308024,0.030682238,0.9090097
0.04904482,0.0318518,0.9191034
0.06704313,0.05841898,0.8745378
0.03228059,0.032597378,0.9351221
0.085381694,0.058168422,0.8564499
0.06841615,0.047808833,0.88377506
0.047112785,0.05783664,0.89505064
0.010055621,0.009299929,0.9806444
0.03681141,0.02395364,0.939235
0.033402722,0.023227949,0.9433693
0.029909698,0.073522896,0.89656734
0.08728441,0.043569073,0.86914647
0.07364044,0.023081653,0.9032779
0.15139034,0.0054581375,0.8431515
0.06744199,0.06391519,0.8686428
0.041368563,0.024414506,0.934217
0.68184,0.043628503,0.2745315
0.059562072,0.02048384,0.9199541
0.040142,0.015385704,0.94447225
0.06454469,0.050513502,0.8849418
0.06645215,0.049190525,0.8843573
0.042663924,0.017103638,0.94023246
0.19707473,0.05242399,0.7505012
0.051533464,0.04565612,0.90281045
0.114189975,0.114413224,0.77139676
0.07672816,0.04559331,0.8776786
0.050928753,0.026732938,0.9223383
0.14752804,0.025599003,0.82687294
0.06437196,0.03300666,0.9026213
0.047430824,0.018321963,0.93424714
0.016659884,0.03750698,0.9458331
0.067875415,0.057045307,0.8750793
0.04243997,0.026818883,0.93074113
0.06755277,0.074192196,0.85825497
0.01575839,0.005488667,0.97875285
0.023681462,0.019215325,0.95710325
0.025495794,0.01778156,0.9567226
0.018297212,0.014389724,0.967313
0.08837274,0.053705573,0.85792166
0.30505875,0.07463021,0.62031114
0.03945325,0.018581877,0.94196486
0.04383802,0.039681777,0.91648024
0.052283175,0.033559337,0.9141574
0.12229755,0.10532417,0.7723783
0.032664,0.010887777,0.95644826
0.032759298,0.031137278,0.9361034
0.050774265,0.043941468,0.90528435
0.013381836,0.005375163,0.98124295
0.018591462,0.02970907,0.95169944
0.09205464,0.04092886,0.86701655
0.025841488,0.009187112,0.96497136
0.0652466,0.048015952,0.88673747
0.08364081,0.0456527,0.87070644
0.022920704,0.048004676,0.9290746
0.02121955,0.022988662,0.9557918
0.20277803,0.05149612,0.7457258
0.028821798,0.041568514,0.92960966
0.03894287,0.041212283,0.91984487
0.05326171,0.021815913,0.9249224
0.013947639,0.03462202,0.9514303
0.09804315,0.05126305,0.85069376
0.04788605,0.029849498,0.9222645
0.052638404,0.078099,0.8692626
0.14978048,0.13731214,0.7129073
0.03388276,0.024026472,0.94209075
0.06883495,0.03325392,0.89791113
0.043074362,0.038649336,0.91827625
0.059871428,0.03858047,0.901548
0.03758533,0.021062883,0.9413518
0.033097588,0.04304111,0.9238613
0.024112422,0.02857834,0.94730926
0.046996295,0.039885234,0.91311854
0.056940734,0.0339014,0.9091579
0.2127925,0.015090679,0.7721168
0.032196023,0.04058053,0.92722344
0.082203224,0.013953873,0.90384287
0.049630873,0.031118928,0.91925025
0.032729078,0.02193039,0.9453406
0.04581034,0.06498257,0.88920707
0.059376538,0.053485308,0.8871381
0.03709104,0.19875765,0.7641514
0.038227953,0.041903272,0.91986877
0.01605712,0.09865038,0.8852925
0.039167482,0.03206136,0.92877126
0.054753724,0.040610116,0.90463614
0.0701669,0.04530316,0.88452995
0.021288887,0.0132185705,0.9654925
0.051330138,0.03168541,0.9169845
0.04021958,0.019929588,0.93985075
0.027609944,0.03089149,0.94149864
0.3297091,0.1518389,0.518452
0.072132096,0.038760643,0.8891073
0.0540161,0.058748554,0.88723534
0.020523792,0.010658007,0.9688183
0.09174814,0.005961992,0.90228987
0.107115105,0.027003711,0.8658812
0.14200176,0.04242898,0.8155693
0.17506959,0.04032299,0.7846074
0.012533655,0.12578446,0.86168194
0.056705236,0.08146482,0.86182994
0.07703688,0.044760026,0.87820315
0.043090772,0.06000114,0.89690804
0.06346777,0.034338746,0.90219355
0.02481532,0.043086898,0.9320978
0.038092785,0.029036116,0.93287104
0.018170662,0.03794495,0.9438844
0.046544563,0.032177567,0.9212779
0.07827394,0.029420717,0.8923053
0.078641206,0.024866676,0.8964922
0.047197893,0.037556022,0.9152461
0.025762858,0.95361686,0.020620333
0.036677845,0.019233724,0.9440884
0.07703489,0.049062088,0.873903
0.059011795,0.039271962,0.9017162
0.019651951,0.0072154417,0.97313255
0.06257501,0.04225776,0.8951673
0.07756953,0.02115462,0.9012759
0.030592998,0.0260147,0.9433922
0.052274596,0.040830944,0.9068945
0.047650423,0.041764874,0.9105846
0.033818472,0.04586465,0.92031693
0.037339833,0.03744939,0.92521083
0.05933212,0.07852557,0.8621423
0.061933387,0.021719443,0.9163472
0.036519766,0.029864835,0.9336154
0.03381399,0.027841808,0.93834424
0.0716861,0.039511576,0.88880235
0.036858637,0.019942082,0.9431992
0.056419253,0.007778513,0.9358022
0.022652293,0.025369361,0.95197827
0.031225389,0.021735065,0.9470395
0.045146536,0.022923881,0.93192965
0.01872261,0.013459078,0.9678183
0.024080181,0.017790325,0.9581294
0.049123034,0.017635502,0.9332415
0.066574074,0.03129419,0.90213174
0.046660062,0.018889226,0.93445075
0.045349017,0.015795121,0.9388559
0.036943108,0.039595477,0.92346144
0.06552649,0.046103645,0.8883698
0.026342148,0.044157896,0.9295
0.061489932,0.017999748,0.92051023
0.035444863,0.026912415,0.9376427
0.023605376,0.071373016,0.90502167
0.02562063,0.025100559,0.94927883
0.03862777,0.038215045,0.9231572
0.18386486,0.07278015,0.743355
0.04660617,0.9229479,0.030445911
0.048838407,0.026944805,0.92421687
0.043024357,0.076624334,0.8803513
0.042423833,0.033527255,0.92404884
0.0407695,0.31942675,0.63980377
0.053236656,0.053340737,0.89342254
0.076955475,0.061055396,0.8619891
0.07885876,0.44112933,0.48001182
0.048833802,0.04136384,0.9098024
0.055540297,0.042376798,0.9020829
0.048690166,0.026292035,0.9250178
0.03248327,0.05011493,0.9174018
0.026005113,0.016099706,0.9578953
0.041169256,0.038149774,0.920681
0.04291191,0.02786883,0.9292193
0.25674337,0.043137196,0.7001194
0.038669936,0.24631839,0.71501166
0.036305886,0.041869517,0.9218246
0.026663639,0.04526788,0.9280685
0.048939005,0.06735052,0.88371044
0.89337224,0.03195846,0.07466935
0.089663856,0.043274004,0.86706215
0.029480418,0.030744724,0.9397749
0.091167524,0.27808675,0.63074577
0.04574245,0.1432553,0.8110023
0.043038625,0.034956004,0.9220054
0.051704466,0.16495955,0.783336
0.038820248,0.058447078,0.9027327
0.11168331,0.057827488,0.8304892
0.050476026,0.09411763,0.85540634
0.10855157,0.05821706,0.83323133
0.06293443,0.06275032,0.87431526
0.10843986,0.088333346,0.8032268
0.089952484,0.057851266,0.8521962
0.053048275,0.034688134,0.9122635
0.05744096,0.03343964,0.90911937
0.09065077,0.24164823,0.667701
0.06557586,0.12652428,0.8078999
0.22887293,0.0622656,0.7088614
0.87898856,0.014325952,0.10668549
0.037982535,0.03547283,0.9265447
0.042375438,0.059525967,0.8980986
0.0666597,0.049247876,0.8840924
0.051051766,0.027086923,0.92186135
0.061219815,0.03387489,0.9049053
0.013090007,0.013852832,0.97305715
0.011577552,0.00555497,0.9828675
0.02833148,0.026100183,0.94556826
0.033670705,0.04194481,0.9243845
0.023964604,0.015025986,0.96100944
0.08330826,0.059132114,0.85755956
0.06989726,0.0307153,0.89938754
0.029303795,0.8896277,0.08106856
0.05362384,0.06299949,0.8833766
0.065606914,0.028717568,0.9056755
0.079899475,0.038149457,0.881951
0.093863435,0.091510184,0.8146264
0.06217269,0.07156032,0.86626697
0.058584534,0.05579268,0.88562274
0.64694005,0.046944343,0.30611557
0.08301491,0.04473947,0.87224555
0.04761143,0.032722823,0.91966575
0.051211145,0.020430153,0.9283587
0.109520055,0.018883623,0.8715963
0.05101658,0.036709998,0.91227335
0.0507858,0.024059897,0.92515427
0.061161652,0.035675276,0.90316314
0.025898203,0.037681665,0.93642014
0.024914471,0.012381829,0.96270365
0.03677678,0.028530123,0.9346931
0.060083404,0.083744034,0.8561726
0.050486606,0.03874724,0.9107661
0.025971306,0.016444007,0.95758474
0.043396827,0.044905756,0.9116974
0.06029494,0.041480552,0.89822453
0.030296873,0.39762422,0.5720789
0.19828743,0.031511802,0.7702008
0.06685968,0.060995445,0.8721448
0.075057894,0.039979905,0.8849622
0.034999873,0.02912948,0.93587065
0.0641721,0.056853328,0.87897456
0.05011304,0.049384307,0.9005026
0.0455874,0.038765166,0.91564745
0.032585144,0.08970726,0.8777076
0.03666598,0.029635077,0.93369895
0.08049434,0.033587817,0.8859179
0.052259564,0.050355785,0.89738464
0.05439485,0.026484057,0.91912115
0.015176426,0.11390541,0.87091815
0.030141162,0.027605116,0.9422537
0.05020601,0.042319007,0.907475
0.10152565,0.079377726,0.8190966
0.058368795,0.020529432,0.92110175
0.0481087,0.089092396,0.862799
0.07294978,0.029618645,0.8974316
0.026400816,0.085556425,0.88804275
0.025206087,0.02059271,0.9542012
0.044090867,0.0368393,0.91906977
0.037690476,0.08883932,0.8734701
0.043537177,0.03464314,0.9218197
0.032138083,0.027731828,0.9401301
0.07327585,0.054720525,0.8720037
0.11829813,0.06494875,0.8167531
0.05788262,0.0215238,0.92059356
0.07002187,0.031623032,0.89835507
0.04719081,0.059771404,0.89303786
0.042120554,0.015003887,0.9428755
0.049676828,0.044486556,0.90583664
0.8670397,0.053096764,0.079863526
0.053665556,0.030637491,0.9156969
0.038332354,0.02201242,0.93965524
0.043337483,0.032776807,0.92388564
0.026271679,0.060195226,0.9135331
0.04804945,0.06459449,0.88735604
0.036741037,0.036741037,0.9265179
0.052622113,0.03801349,0.90936434
0.051019054,0.030405423,0.9185755
0.052169982,0.02759925,0.9202308
0.0462994,0.037275344,0.9164253
0.05945337,0.08294685,0.8575998
0.03415446,0.019902673,0.9459429
0.04730341,0.039872378,0.9128242
0.042890664,0.051635068,0.9054743
0.031098451,0.039427467,0.9294741
0.0747448,0.044414755,0.8808404
0.032243766,0.023613092,0.9441432
0.038140222,0.025086358,0.93677336
0.073233716,0.74515676,0.18160956
0.057360947,0.0704175,0.8722215
0.027708702,0.06317858,0.90911275
0.054489408,0.056164216,0.8893464
0.058153957,0.027712483,0.91413355
0.020512767,0.031770796,0.94771636
0.083750695,0.022851491,0.8933978
0.012870758,0.9174145,0.06971468
0.063777275,0.024301868,0.9119209
0.07640524,0.024065467,0.8995293
0.05167033,0.058894232,0.8894354
0.06435268,0.043373447,0.8922739
0.06360693,0.07278342,0.8636097
0.027945997,0.012559398,0.9594947
0.09936035,0.017641209,0.88299847
0.04184858,0.030467939,0.92768353
0.055868607,0.026467891,0.9176635
0.032215834,0.029969871,0.9378143
0.03728317,0.023445413,0.93927145
0.05777984,0.026843892,0.9153763
0.08022353,0.06650764,0.85326886
0.061840106,0.03385251,0.9043074
0.04753029,0.030777901,0.9216919
0.05485276,0.39054498,0.5546022
0.033689704,0.052179635,0.9141307
0.18986796,0.14402138,0.66611063
0.023844881,0.017141312,0.9590138
0.6822212,0.05739465,0.2603842
0.030114964,0.02013941,0.9497456
0.02082884,0.055523552,0.9236477
0.0975442,0.07327158,0.82918423
0.032173697,0.03489013,0.93293613
0.048191532,0.053971957,0.89783657
0.23451252,0.03640536,0.72908205
0.04663085,0.04291642,0.9104527
0.06453854,0.048007835,0.8874537
0.025531018,0.017359708,0.9571093
0.029903399,0.070209794,0.8998868
0.027772285,0.012156533,0.96007115
0.044894442,0.01378595,0.9413196
0.056118064,0.039949413,0.90393245
0.056473408,0.027630664,0.9158959
0.0521707,0.04626584,0.90156347
0.08917841,0.004416148,0.9064054
0.01695545,0.018549317,0.9644953
0.03589744,0.33514148,0.628961
0.13468519,0.093841955,0.7714729
0.05358979,0.016698902,0.92971134
0.2412637,0.03510699,0.7236293
0.014922367,0.022270253,0.9628074
0.036156032,0.05118773,0.91265625
0.05737108,0.04080155,0.9018274
0.0068905414,0.02299387,0.9701156
0.029817885,0.015929222,0.9542529
0.036323346,0.033267137,0.9304095
0.043835737,0.043750204,0.9124141
0.23140357,0.007255508,0.7613409
0.054384444,0.028463347,0.9171522
0.08310037,0.059389155,0.85751057
0.068769276,0.19080748,0.74042326
0.034662377,0.041202813,0.9241349
0.03298148,0.025486117,0.9415325
0.0151623385,0.9830791,0.0017585995
0.066555426,0.07872839,0.8547161
0.040662184,0.04643767,0.9129002
0.058087435,0.036814608,0.90509796
0.028490543,0.14496978,0.82653975
0.033429034,0.013193672,0.95337737
0.04226323,0.01166751,0.9460693
0.04622418,0.061777685,0.8919981
0.027485862,0.025124114,0.94739
0.045318443,0.046212275,0.90846926
0.048377723,0.044134535,0.90748775
0.06151081,0.038118407,0.9003708
0.06010964,0.11131691,0.8285734
0.08279881,0.035680946,0.8815203
0.07878791,0.06082315,0.86038893
0.052134056,0.022864824,0.92500114
0.04310228,0.01070807,0.94618964
0.029219672,0.08630175,0.8844787
0.02777284,0.05610268,0.9161245
0.036668546,0.04224648,0.92108494
0.035930365,0.033786435,0.9302832
0.024116833,0.030249286,0.9456338
0.052074768,0.025778882,0.9221464
0.01896281,0.024444029,0.9565931
0.0415373,0.034977917,0.9234848
0.08209527,0.050676312,0.8672284
0.5711278,0.06180852,0.36706367
0.038928498,0.03435428,0.9267172
0.04814368,0.043451738,0.90840465
0.059442807,0.030479245,0.9100779
0.034639444,0.040934987,0.92442566
0.04836443,0.04084643,0.9107892
0.08317126,0.04762152,0.86920726
0.071042396,0.020175878,0.90878177
0.039255388,0.039834656,0.92090994
0.03851302,0.039272625,0.9222143
0.04397465,0.016723527,0.9393017
0.04142244,0.029516678,0.92906094
0.26983985,0.018358354,0.71180177
0.047103886,0.011397685,0.94149846
0.06046151,0.051063076,0.8884754
0.027463371,0.024071224,0.94846535
0.23577957,0.044323307,0.7198971
0.05242002,0.04435814,0.90322185
0.14414725,0.086242534,0.7696102
0.066787615,0.046990953,0.88622147
0.05839833,0.053172275,0.8884294
0.0350166,0.05035528,0.91462815
0.09720549,0.03725711,0.86553746
0.27112556,0.086192735,0.6426817
0.017131971,0.8083138,0.17455426
0.03057292,0.009935271,0.9594917
0.03900769,0.011296592,0.9496957
0.050859164,0.030757403,0.9183834
0.021793526,0.043341603,0.9348649
0.029184949,0.009049908,0.96176517
0.062646866,0.04682878,0.8905244
0.04873203,0.029964354,0.92130363
0.0672171,0.050392468,0.88239044
0.05436779,0.04385673,0.90177554
0.052517828,0.021115765,0.9263665
0.027618716,0.025049089,0.94733226
0.014818223,0.020653587,0.9645281
0.036100313,0.0364902,0.92740947
0.03347899,0.014512068,0.95200884
0.10422041,0.035842177,0.8599374
0.067696765,0.048807792,0.88349545
0.037459873,0.0388761,0.92366403
0.025350075,0.016870309,0.9577796
0.08827273,0.082762755,0.82896453
0.06268106,0.046308476,0.89101046
0.03855703,0.018124338,0.9433186
0.16813155,0.039876293,0.7919921
0.021120697,0.03309798,0.9457813
0.045524128,0.039205942,0.9152699
0.36649874,0.044396263,0.589105
0.10802597,0.033107318,0.85886675
0.03247356,0.04860598,0.9189206
0.06717328,0.04452909,0.88829756
0.08420314,0.07322843,0.84256846
0.96535414,0.010619898,0.024025977
0.047868025,0.037389033,0.91474295
0.045590013,0.03512617,0.9192838
0.0406782,0.031680215,0.9276416
0.042530634,0.04278057,0.9146889
0.04879839,0.1995172,0.75168437
0.053292934,0.013983991,0.93272316
0.0517606,0.020851996,0.9273874
0.03497673,0.029771458,0.9352518
0.04289103,0.07691085,0.8801982
0.9004461,0.016125944,0.083428
0.03963852,0.03318397,0.9271775
0.050498746,0.01964087,0.92986035
0.017006531,0.20982896,0.7731646
0.038726628,0.023928786,0.9373445
0.16501102,0.04622641,0.78876257
0.085206635,0.09664611,0.8181472
0.09630035,0.087085105,0.8166145
0.061504133,0.07017138,0.86832446
0.034737114,0.011601439,0.95366144
0.04524027,0.02906704,0.92569274
0.032108188,0.29367977,0.67421204
0.050691627,0.014984417,0.93432397
0.05012626,0.03136821,0.9185056
0.049112707,0.15456307,0.79632425
0.045383994,0.038592204,0.9160238
0.08212406,0.03883056,0.8790453
0.02465794,0.0056544486,0.9696876
0.071397446,0.05112521,0.87747735
0.11390658,0.052610606,0.83348274
0.15927501,0.06170655,0.7790184
0.04462546,0.04759643,0.907778
0.08287505,0.02960778,0.88751715
0.03950247,0.044587657,0.9159099
0.05159741,0.025742903,0.9226597
0.043689124,0.051377922,0.90493304
0.05131313,0.06367341,0.88501346
0.06785851,0.04176561,0.8903758
0.045570035,0.04314484,0.9112851
0.07926924,0.025860922,0.8948699
0.04176886,0.03682491,0.92140627
0.115891576,0.050877098,0.83323133
0.07413729,0.024447884,0.9014149
0.016475772,0.004210718,0.97931355
0.11691643,0.03878152,0.844302
0.0690632,0.051776487,0.87916034
0.34940308,0.03211308,0.6184839
0.010920197,0.46394196,0.52513784
0.020224774,0.025072012,0.9547033
0.08166314,0.06863308,0.84970385
0.043584883,0.067637555,0.88877755
0.029796174,0.025912654,0.9442912
0.038755074,0.043150045,0.9180949
0.060738575,0.019280959,0.91998047
0.02154526,0.037850052,0.9406047
0.062291384,0.03741447,0.9002942
0.033357736,0.049059402,0.9175828
0.039384738,0.07466614,0.8859492
0.05224207,0.03521094,0.91254705
0.083109125,0.038952462,0.8779384
0.03124274,0.030400021,0.93835723
0.2359312,0.10592792,0.6581409
0.04024029,0.024005124,0.93575454
0.041878734,0.03338864,0.9247327
0.019536449,0.026186675,0.95427686
0.011175981,0.01374669,0.97507733
0.0690641,0.03442373,0.8965121
0.076389946,0.026015762,0.89759433
0.025385471,0.019236956,0.9553776
0.056215025,0.04005754,0.9037275
0.06493441,0.0499818,0.88508385
0.0371561,0.04218569,0.92065823
0.054334465,0.03559863,0.9100669
0.011373721,0.008814717,0.9798115
0.14240389,0.043303676,0.81429243
0.06341017,0.036094762,0.900495
0.027058939,0.04571523,0.92722577
0.048463564,0.053906847,0.8976296
0.072780766,0.03274085,0.8944784
0.033812508,0.022370538,0.943817
0.035695493,0.038295675,0.9260089
0.05719262,0.039384726,0.9034227
0.044129685,0.049810525,0.90605974
0.051972236,0.057753175,0.8902746
0.042444687,0.079685256,0.8778701
0.057337064,0.09762892,0.845034
0.052531987,0.0667317,0.8807363
0.040066697,0.052461352,0.90747195
0.03829998,0.028323492,0.93337655
0.0392264,0.029696513,0.9310771
0.084259614,0.05723605,0.8585043
0.28695056,0.03403788,0.6790115
0.061453033,0.04077695,0.8977699
0.027280884,0.101360776,0.8713584
0.057173382,0.02638118,0.91644543
0.07925131,0.06621695,0.8545317
0.037876703,0.02085631,0.94126695
0.04811494,0.017944159,0.9339408
0.045353636,0.036549587,0.9180968
0.049214974,0.053370208,0.89741486
0.043031264,0.031513102,0.9254557
0.19573206,0.03277406,0.77149385
0.026459591,0.40594172,0.5675987
0.05509405,0.05050779,0.8943982
0.79151404,0.09773628,0.1107497
0.030511899,0.04227892,0.9272092
0.055005033,0.026391702,0.9186033
0.023989026,0.010257274,0.9657538
0.04800821,0.057570644,0.89442116
0.054067984,0.025168516,0.92076343
0.056793284,0.043459952,0.8997468
0.014075494,0.032313656,0.9536108
0.05319927,0.049635615,0.8971651
0.030808423,0.06266161,0.9065299
0.0598767,0.023402302,0.9167209
0.12079897,0.02582025,0.8533808
0.04477805,0.033602774,0.9216192
0.04249314,0.052063674,0.9054432
0.59892756,0.13025655,0.27081597
0.027775312,0.008290938,0.9639337
0.03841015,0.031905387,0.92968434
0.044872805,0.036056314,0.9190709
0.04602674,0.03669572,0.91727746
0.067668416,0.05092937,0.8814022
0.015001811,0.005655254,0.97934294
0.2651985,0.017078202,0.71772325
0.04321335,0.02103995,0.9357467
0.07718585,0.052739084,0.870075
0.05652449,0.040081866,0.9033936
0.06575294,0.7238513,0.21039574
0.03064145,0.049060624,0.92029786
0.0590401,0.011082479,0.92987746
0.061629526,0.032731198,0.9056393
0.029374756,0.032388125,0.9382372
0.03105757,0.014026111,0.95491636
0.10765679,0.006001356,0.88634175
0.016295021,0.04309969,0.94060534
0.03323877,0.04437958,0.9223817
0.06792213,0.055112556,0.8769653
0.08398191,0.042187538,0.8738306
0.028951487,0.027170856,0.9438777
0.023275513,0.01653708,0.9601874
0.040517822,0.03097521,0.9285069
0.040736422,0.036623027,0.9226405
0.03280539,0.0159413,0.9512533
0.021905169,0.4195985,0.5584963
0.054688066,0.06913219,0.87617975
0.08387296,0.12191532,0.79421175
0.027070824,0.08561185,0.8873173
0.036318373,0.06202143,0.90166026
0.06588193,0.045279946,0.88883805
0.44281372,0.036410533,0.52077574
0.053367104,0.032910645,0.9137222
0.028391367,0.035995353,0.93561333
0.045046814,0.031417046,0.92353624
0.02972808,0.039115,0.931157
0.09322195,0.010137417,0.8966406
0.060196545,0.062962346,0.8768412
0.09640211,0.0764841,0.8271137
0.028116407,0.017784823,0.9540989
0.044089187,0.048469808,0.907441
0.9958696,0.003427192,0.00070310925
0.8447401,0.044183232,0.111076646
0.07315651,0.03037728,0.8964662
0.06438515,0.027503055,0.90811175
0.09869979,0.029722005,0.8715782
0.045882344,0.042392816,0.91172487
0.05052105,0.030943276,0.9185357
0.04808488,0.076390505,0.87552464
0.047909137,0.04634452,0.90574634
0.11068157,0.05576299,0.83355546
0.1488901,0.06964722,0.78146267
0.019045621,0.05608763,0.92486674
0.03971495,0.03584445,0.9244405
0.07501752,0.06140716,0.8635753
0.035947382,0.027859481,0.93619317
0.060630433,0.040546652,0.8988229
0.047677983,0.016867813,0.9354542
0.07977972,0.03355072,0.8866696
0.054596014,0.030956348,0.91444767
0.074578464,0.016869778,0.9085517
0.06399788,0.051675443,0.8843266
0.09643716,0.052380797,0.851182
0.042490676,0.022922002,0.9345873
0.051166568,0.047182903,0.9016505
0.023008034,0.011007081,0.9659849
0.037139665,0.021705728,0.9411546
0.020027703,0.035494655,0.9444777
0.058545522,0.03984667,0.90160775
0.09632938,0.019570502,0.88410014
0.053764593,0.034208246,0.9120272
0.05432633,0.04017525,0.90549845
0.07209064,0.046228126,0.88168126
0.05001974,0.029838998,0.9201412
0.22282398,0.074382015,0.70279396
0.023795908,0.03858687,0.9376172
0.053302746,0.086434454,0.86026275
0.06891642,0.02328789,0.9077957
0.02454376,0.00931576,0.96614045
0.033434723,0.026891803,0.9396735
0.026423538,0.037555423,0.9360211
0.019661179,0.044960953,0.93537796
0.04695749,0.040678028,0.91236454
0.030267814,0.035455838,0.9342764
0.046735793,0.029104056,0.9241601
0.03539723,0.03641402,0.92818874
0.04626952,0.024382323,0.9293482
0.051485263,0.03234476,0.91616994
0.060561694,0.015844814,0.92359346
0.05231321,0.037459657,0.9102272
0.21286722,0.023929734,0.763203
0.10259389,0.1877799,0.7096262
0.04723896,0.025015028,0.927746
0.02181903,0.046781033,0.93139994
0.0859677,0.04239118,0.87164116
0.037438016,0.02398369,0.93857825
0.038480073,0.06319558,0.8983244
0.027403476,0.026199698,0.9463968
0.08491013,0.062121578,0.8529683
0.085656546,0.04203202,0.8723114
0.076926224,0.054230172,0.8688436
0.023392197,0.03027175,0.9463361
0.05871956,0.06052438,0.8807561
0.032889254,0.02637569,0.94073504
0.07747105,0.056458056,0.86607087
0.16542524,0.622786,0.2117888
0.037070695,0.05420156,0.90872777
0.045732193,0.014847069,0.9394207
0.037261702,0.013869396,0.948869
0.048930746,0.021480892,0.9295883
0.018653331,0.015224407,0.96612227
0.06275892,0.0425063,0.89473474
0.12926334,0.029889172,0.8408475
0.080689475,0.021653745,0.8976568
0.039027628,0.04540567,0.9155667
0.026935333,0.008609049,0.96445566
0.028833797,0.018185247,0.95298105
0.028618492,0.044716477,0.926665
0.0502524,0.018076222,0.9316714
0.07978748,0.020371405,0.89984107
0.9624482,0.0029030715,0.034648746
0.034150142,0.02555231,0.94029754
0.036232203,0.08293634,0.8808314
0.05154578,0.027617425,0.9208368
0.035857927,0.04475684,0.91938525
0.039244063,0.028349372,0.93240654
0.022592153,0.020510213,0.9568977
0.04148088,0.051472772,0.9070464
0.011799223,0.044442907,0.9437578
0.043200202,0.055416014,0.90138376
0.23170418,0.04952575,0.71877015
0.025495304,0.028946444,0.94555825
0.060686592,0.02727357,0.9120399
0.037273087,0.0264564,0.9362705
0.05017112,0.044754036,0.90507483
0.2654609,0.024475645,0.71006346
0.20895262,0.049703352,0.7413441
0.021795223,0.055061385,0.92314345
0.055936877,0.018975891,0.92508715
0.30853668,0.0182151,0.67324823
0.052112017,0.054346908,0.89354116
0.22486696,0.054198723,0.7209343
0.07343074,0.04801618,0.87855303
0.09020359,0.048518836,0.86127764
0.101922266,0.10786185,0.7902159
0.0798679,0.06898504,0.8511471
0.03401749,0.044758838,0.9212237
0.048622992,0.041956592,0.9094204
0.0249541,0.024832549,0.9502134
0.47032708,0.07647945,0.45319343
0.065573834,0.044980258,0.8894459
0.23490512,0.06362645,0.7014684
0.02333304,0.09337177,0.8832951
0.052167792,0.04763868,0.9001936
0.032997396,0.017627772,0.94937474
0.12223561,0.037116293,0.8406481
0.33338508,0.033033777,0.6335811
0.03620275,0.009839459,0.9539578
0.07910228,0.04432904,0.8765687
0.6714492,0.051098477,0.27745238
0.023170182,0.096696496,0.8801332
0.05789095,0.04971056,0.8923985
0.05689854,0.046077844,0.8970236
0.041316718,0.015560018,0.94312316
0.04325972,0.017241167,0.9394991
0.07723416,0.034541253,0.8882246
0.07184216,0.036550328,0.8916076
0.09902176,0.018406842,0.8825714
0.059260186,0.047523983,0.89321584
0.07341528,0.030454973,0.8961298
0.06871919,0.054361355,0.87691957
0.10804576,0.007822987,0.8841313
0.0706052,0.034109116,0.89528567
0.06530272,0.021703452,0.9129938
0.0127394125,0.024412397,0.9628482
0.010663596,0.042464636,0.9468718
0.030473206,0.049802177,0.91972464
0.08274022,0.079570495,0.8376893
0.07474543,0.01065825,0.9145962
0.05036987,0.07321619,0.8764139
0.08024497,0.054508973,0.86524594
0.02125639,0.028743604,0.95000005
0.058037616,0.02787396,0.9140884
0.032317895,0.037857313,0.9298247
0.05042427,0.03458844,0.91498727
0.029362947,0.01707715,0.95355994
0.08406703,0.028742371,0.8871906
0.05231922,0.023013355,0.9246674
0.046911836,0.0172579,0.93583024
0.047422297,0.018498437,0.93407923
0.013629124,0.003449349,0.98292154
0.03581801,0.012959761,0.95122224
0.12344956,0.029624047,0.8469264
0.15284567,0.038046293,0.80910814
0.019217808,0.009430256,0.9713519
0.390361,0.0020766247,0.60756236
0.06322421,0.056287717,0.8804881
0.006765973,0.032247145,0.96098685
0.018674042,0.0112932455,0.9700327
0.030409886,0.047284093,0.922306
0.041116957,0.04741785,0.9114652
0.9618463,0.033398233,0.004755417
0.020120198,0.026395896,0.953484
0.01765968,0.021913534,0.9604268
0.02543051,0.0128122615,0.96175724
0.034089293,0.030947853,0.9349628
0.06257425,0.040957123,0.8964686
0.033853512,0.066217266,0.8999293
0.03453879,0.025542028,0.93991923
0.044537935,0.059582207,0.8958798
0.038403023,0.078108355,0.88348854
0.036921103,0.06286628,0.90021265
0.2913271,0.014237678,0.69443524
0.040023565,0.02470601,0.9352703
0.047421988,0.023961991,0.9286161
0.21448065,0.080459245,0.70506006
0.047617067,0.019946907,0.93243605
0.046903074,0.02381579,0.9292812
0.048861545,0.03546968,0.91566885
0.11023451,0.022703791,0.8670616
0.28798556,0.02268933,0.68932515
0.044362426,0.0062004346,0.9494372
0.03595617,0.03581599,0.9282279
0.06656882,0.050544076,0.8828871
0.9927578,0.0056992266,0.0015429403
0.054971557,0.032347683,0.9126808
0.045072604,0.025432019,0.92949533
0.030093076,0.09260272,0.8773042
0.07680531,0.035578534,0.88761616
0.045397025,0.026609462,0.9279935
0.07518552,0.025705798,0.8991087
0.04963375,0.043545734,0.9068205
0.021936709,0.008133358,0.96992993
0.027646162,0.057732202,0.91462153
0.28779757,0.2337494,0.4784531
0.04699893,0.03177003,0.92123103
0.019724231,0.11284198,0.8674338
0.028737428,0.032531984,0.93873054
0.04076961,0.03943816,0.9197923
0.50024945,0.07746859,0.42228198
0.040283166,0.025705757,0.9340111
0.0630915,0.008426676,0.9284819
0.049689524,0.009987177,0.9403234
0.008701524,0.018385181,0.97291327
0.044440854,0.015524221,0.94003487
0.015246836,0.085539766,0.8992134
0.062342893,0.018847128,0.91880995
0.024295291,0.022142729,0.953562
0.064364985,0.021580633,0.9140544
0.027733276,0.07075028,0.90151644
0.06404276,0.014859114,0.9210981
0.044111688,0.023726858,0.9321615
0.040098526,0.041899964,0.91800153
0.8920519,0.010085538,0.09786249
0.040419314,0.026977705,0.932603
0.012743405,0.076254494,0.91100204
0.033222422,0.025747618,0.9410299
0.030049777,0.038773537,0.9311766
0.1037585,0.040951096,0.8552904
0.10769754,0.022137998,0.87016445
0.022035675,0.95080703,0.027157333
0.02772103,0.013043437,0.95923555
0.07025226,0.06211861,0.8676291
0.020206915,0.008069214,0.9717239
0.05495787,0.029017381,0.9160248
0.07885301,0.028364109,0.8927828
0.06850577,0.03437965,0.8971146
0.031793278,0.038163215,0.9300436
0.01706967,0.019494174,0.9634362
0.0396816,0.18875651,0.77156186
0.67066425,0.026452705,0.30288306
0.041441817,0.043473087,0.9150851
0.16874273,0.081439435,0.74981785
0.03575803,0.011826345,0.9524156
0.9951432,0.0033518996,0.0015049295
0.056568738,0.051607117,0.8918242
0.20786417,0.030685764,0.7614501
0.049486052,0.024047023,0.92646694
0.04852203,0.044831738,0.9066462
0.05982687,0.04935663,0.8908165
0.054146882,0.016513865,0.92933923
0.41340816,0.19518486,0.39140698
0.2481912,0.06986894,0.6819399
0.027696239,0.11615092,0.85615283
0.047818296,0.024904903,0.92727685
0.1931112,0.055327293,0.75156146
0.102902964,0.054226052,0.84287095
0.03837971,0.026300795,0.93531954
0.033101123,0.050129328,0.9167696
0.03574379,0.13306396,0.8311922
0.07911292,0.033433154,0.887454
0.8917088,0.022841725,0.085449435
0.08151917,0.038207263,0.8802735
0.029711194,0.047804024,0.9224847
0.061452165,0.055571653,0.8829761
0.07281733,0.1632971,0.7638855
0.08465396,0.015394064,0.899952
0.032599136,0.038599186,0.92880166
0.06894903,0.033406757,0.8976442
0.013117288,0.026914926,0.95996785
0.0354045,0.08304461,0.88155085
0.022309707,0.03183259,0.94585776
0.029072337,0.025882738,0.94504493
0.06503693,0.03364201,0.901321
0.072025925,0.03582994,0.8921441
0.03811166,0.013857151,0.94803125
0.05242047,0.010201945,0.9373776
0.013122378,0.0284111,0.9584665
0.01380944,0.04418734,0.9420032
0.81395626,0.045562916,0.14048079
0.03496047,0.039307117,0.92573243
0.033312514,0.015705016,0.9509825
0.042342406,0.06288433,0.8947733
0.07046813,0.02456812,0.9049638
0.04619522,0.02504243,0.9287623
0.094141796,0.020913767,0.8849444
0.012300962,0.025662456,0.9620366
0.044476844,0.032923523,0.92259955
0.031308006,0.02469422,0.9439978
0.039381538,0.28676087,0.6738576
0.035523277,0.03752006,0.9269567
0.046549402,0.03297625,0.9204744
0.022112718,0.07893414,0.8989532
0.030955018,0.009816824,0.9592281
0.05948472,0.04128442,0.89923084
0.13841295,0.034962118,0.82662493
0.03991427,0.0418298,0.91825587
0.020991346,0.030721715,0.94828695
0.0663361,0.032999486,0.9006644
0.03198933,0.056583356,0.91142726
0.07128468,0.11984662,0.8088687
0.01954161,0.02032006,0.96013826
0.051152945,0.045674432,0.9031727
0.033875998,0.049627382,0.9164966
0.055410538,0.052924763,0.8916646
0.053542748,0.03730593,0.9091514
0.1007611,0.013359725,0.8858791
0.026250357,0.019950725,0.953799
0.07909653,0.027983265,0.89292026
0.045351386,0.023050394,0.93159825
0.06462669,0.039737657,0.8956356
0.020958532,0.049642656,0.92939883
0.03225174,0.020600798,0.9471475
0.030937202,0.019703327,0.9493595
0.04422325,0.03933297,0.9164437
0.049263764,0.064629644,0.8861066
0.056916784,0.020897659,0.9221856
0.056037005,0.031587772,0.9123753
0.05911274,0.055099133,0.8857881
0.08377668,0.02254819,0.8936751
0.09802333,0.08881652,0.81316024
0.071309045,0.040235817,0.88845515
0.045867514,0.034656443,0.91947603
0.026906133,0.0030753198,0.97001857
0.07705348,0.008670526,0.91427606
0.06525534,0.0188426,0.91590196
0.07449085,0.024207266,0.9013019
0.052203283,0.039482143,0.9083145
0.06629633,0.23105824,0.7026454
0.033083215,0.029829876,0.9370869
0.0966735,0.036621526,0.866705
0.2922317,0.08986852,0.6178998
0.042783353,0.04603451,0.91118217
0.03910352,0.032736085,0.9281604
0.07824331,0.06898209,0.85277456
0.052936576,0.032264814,0.9147986
0.04135646,0.07007544,0.8885682
0.036668506,0.035023518,0.928308
0.0350166,0.05035528,0.91462815
0.04237934,0.04351162,0.91410905
0.04151871,0.015363637,0.9431176
0.051715802,0.03873335,0.90955085
0.016450778,0.019940555,0.9636086
0.050913893,0.018877078,0.930209
0.051879033,0.042799737,0.9053211
0.59634286,0.10269697,0.30096018
0.020423595,0.023924284,0.9556521
0.044472277,0.038412448,0.91711533
0.029967653,0.02400924,0.9460231
0.052582934,0.027120294,0.92029685
0.057730906,0.035671335,0.9065978
0.060388558,0.046121,0.89349043
0.04376025,0.12284857,0.83339125
0.042627394,0.025255898,0.93211675
0.052861508,0.022869058,0.9242694
0.04663049,0.022242842,0.9311266
0.063929655,0.030854044,0.90521634
0.07435306,0.011845059,0.91380197
0.02308041,0.011673761,0.9652457
0.0953131,0.021329623,0.8833573
0.037947625,0.04266566,0.91938674
0.038716998,0.0332785,0.92800444
0.69847953,0.033936523,0.26758394
0.06661072,0.071253814,0.8621354
0.04938978,0.03761047,0.91299975
0.06252269,0.06590826,0.87156904
0.05365303,0.03175734,0.91458964
0.06350242,0.026731528,0.9097661
0.04898726,0.022166708,0.9288461
0.05825706,0.04676517,0.8949778
0.7707805,0.029372817,0.19984661
0.12744547,0.5397186,0.33283588
0.044421006,0.03503711,0.9205419
0.055067275,0.05053257,0.8944001
0.047204643,0.031139487,0.9216559
0.1565202,0.043933507,0.7995463
0.02476876,0.009709062,0.96552217
0.040183827,0.8808321,0.07898405
0.06006665,0.038971774,0.9009616
0.09901891,0.06621898,0.8347621
0.17903334,0.02678038,0.7941863
0.11865621,0.026984788,0.854359
0.054559175,0.03606141,0.9093794
0.07154519,0.013688017,0.9147668
0.059287444,0.027679132,0.9130334
0.03522216,0.051048145,0.9137297
0.10431351,0.0845582,0.8111283
0.2306205,0.011725544,0.75765395
0.117042735,0.010913282,0.87204397
0.03248899,0.052631944,0.9148791
0.44171324,0.013376085,0.5449106
0.06996389,0.03766904,0.8923671
0.079540245,0.036451757,0.88400805
0.046262324,0.046944987,0.9067927
0.028204832,0.031372715,0.9404225
0.05722739,0.05628517,0.88648754
0.026376288,0.014312559,0.9593111
0.07989199,0.016885856,0.90322214
0.085551955,0.021233268,0.8932147
0.040236946,0.06256411,0.89719903
0.02419925,0.044379022,0.93142176
0.21963556,0.06134901,0.71901536
0.025828723,0.9711105,0.003060795
0.069707766,0.043792743,0.8864995
0.01237346,0.0075563616,0.9800702
0.035569955,0.01887262,0.94555753
0.08578199,0.04445967,0.86975825
0.04697697,0.8453867,0.1076364
0.014645853,0.015140304,0.9702139
0.027844934,0.017995605,0.95415944
0.09642622,0.029322306,0.8742515
0.04735802,0.048528455,0.9041136
0.074968845,0.025883248,0.8991479
0.038378816,0.046203356,0.91541785
0.025256218,0.03438657,0.9403572
0.078486666,0.03287826,0.88863504
0.102208324,0.03403549,0.8637562
0.06405935,0.03506736,0.90087324
0.04728462,0.025884546,0.9268309
0.04217757,0.02921555,0.92860687
0.02925295,0.008621859,0.96212506
0.089590155,0.097344205,0.81306565
0.06404527,0.057860088,0.8780946
0.031392485,0.021137755,0.94746983
0.061454806,0.0764071,0.86213803
0.04073362,0.052764717,0.9065016
0.033739295,0.048994597,0.9172661
0.02853475,0.028368043,0.9430973
0.11183591,0.16351677,0.72464734
0.03848129,0.014520521,0.94699824
0.028583685,0.0395298,0.93188655
0.06483149,0.053642314,0.8815261
0.03964964,0.041028276,0.9193221
0.0873504,0.036024004,0.87662554
0.029837998,0.09603646,0.87412554
0.047812343,0.04207081,0.91011673
0.107718356,0.021523997,0.8707577
0.045275956,0.04444362,0.9102804
0.061040603,0.04721461,0.89174473
0.050562475,0.052320562,0.89711696
0.015409401,0.018121284,0.96646935
0.07523737,0.030726952,0.8940357
0.06699831,0.026007328,0.9069943
0.04573055,0.038433846,0.9158356
0.0459099,0.031064192,0.9230259
0.051657952,0.058251,0.89009106
0.0239058,0.028611498,0.9474827
0.062121876,0.027674308,0.91020375
0.036028232,0.009965674,0.9540061
0.051879834,0.040128797,0.90799135
0.041702833,0.032037184,0.92626
0.09240106,0.027920496,0.8796784
0.04075305,0.06898561,0.89026135
0.060994476,0.059175633,0.8798299
0.047256842,0.04081759,0.91192555
0.052887656,0.027788304,0.9193241
0.02512452,0.054823432,0.920052
0.076165594,0.044470407,0.8793641
0.05465174,0.050298393,0.89504987
0.06470234,0.02627007,0.90902764
0.060238834,0.03621698,0.9035442
0.08631683,0.027320407,0.8863627
0.09619953,0.016570687,0.8872298
0.022592768,0.014860171,0.96254706
0.016791021,0.013025878,0.97018313
0.016721081,0.0143022975,0.9689766
0.019181188,0.012263956,0.96855485
0.04180932,0.044854853,0.91333586
0.046471674,0.026478762,0.9270495
0.045751937,0.036192764,0.9180553
0.035673346,0.032544453,0.93178225
0.046206485,0.037419155,0.9163743
0.015496798,0.025750292,0.95875293
0.07166776,0.038889058,0.8894433
0.053094056,0.030281637,0.91662437
0.04397199,0.038540777,0.91748726
0.022695092,0.04562204,0.9316829
0.069506995,0.05085241,0.8796406
0.07896404,0.1172725,0.8037635
0.064803615,0.032712843,0.9024835
0.115017615,0.037596885,0.8473854
0.078886196,0.060072087,0.8610417
0.054115172,0.027910564,0.9179742
0.055835344,0.35949916,0.58466554
0.03415233,0.008813975,0.9570337
0.07297073,0.04927813,0.8777512
0.06543091,0.03835232,0.8962167
0.117558226,0.038464904,0.8439769
0.029459575,0.012907696,0.9576327
0.047189306,0.06545191,0.8873588
0.033282798,0.060977776,0.9057394
0.24627234,0.20921284,0.5445148
0.19704661,0.08190095,0.7210525
0.25154054,0.09641095,0.65204847
0.87198806,0.03410912,0.0939028
0.08638716,0.022186054,0.8914268
0.08182319,0.06347553,0.85470134
0.37254196,0.13512354,0.49233446
0.05114364,0.051999792,0.89685655
0.65235966,0.05377822,0.2938621
0.045932632,0.062051028,0.8920163
0.90035003,0.02581681,0.07383309
0.057728548,0.04932965,0.89294183
0.03776909,0.045380604,0.91685027
0.053349026,0.018400956,0.92824996
0.02868097,0.035347167,0.9359719
0.7785436,0.025185607,0.1962708
0.134271,0.068914585,0.79681444
0.044595778,0.03304382,0.9223604
0.03345548,0.029038252,0.93750626
0.06925482,0.019382201,0.9113629
0.086983435,0.020680564,0.892336
0.06469361,0.032593586,0.9027128
0.016468806,0.07287697,0.91065425
0.03511085,0.030624222,0.93426496
0.09518596,0.06835931,0.83645463
0.029776331,0.017300667,0.952923
0.08874959,0.03652962,0.87472075
0.026834683,0.9101605,0.063004784
0.07159422,0.03290651,0.89549935
0.044306394,0.10362083,0.8520728
0.09569496,0.031158755,0.8731463
0.059524637,0.045461196,0.89501417
0.060624518,0.030933753,0.9084417
0.05694221,0.029426059,0.9136317
0.041988797,0.04966854,0.90834266
0.04148589,0.04691794,0.9115961
0.059348144,0.05825711,0.8823948
0.029660761,0.042197626,0.9281416
0.039065313,0.03819765,0.92273706
0.09457041,0.034926675,0.87050295
0.053482182,0.049850877,0.89666694
0.7633791,0.07591302,0.16070788
0.026084188,0.01778787,0.956128
0.029123727,0.036103755,0.9347725
0.047816563,0.035743073,0.9164404
0.038975578,0.051132463,0.90989196
0.02890421,0.017651543,0.9534443
0.066069715,0.027194511,0.9067358
0.047528196,0.027213305,0.92525846
0.06806364,0.055714913,0.8762215
0.035147592,0.035981096,0.92887133
0.050170783,0.06486245,0.8849668
0.17557612,0.05633713,0.76808673
0.04640728,0.055433866,0.89815885
0.02229386,0.018572727,0.9591333
0.03577106,0.030806482,0.93342245
0.028916514,0.9575834,0.01350006
0.011139734,0.027329842,0.9615303
0.053592794,0.051388912,0.8950184
0.028137397,0.12180625,0.8500564
0.05682227,0.024319913,0.9188579
0.045182552,0.04374969,0.9110677
0.091020234,0.07605025,0.8329295
0.07727336,0.06892999,0.8537966
0.04229045,0.061412178,0.89629734
0.20482104,0.079584874,0.7155941
0.031787187,0.011636893,0.9565759
0.9731194,0.015867863,0.011012835
0.9921365,0.007228168,0.0006353019
0.98777765,0.011189646,0.0010326996
0.05035896,0.94649935,0.0031416952
0.9815828,0.0035125907,0.0149045475
0.9965591,0.0030206752,0.00042013638
0.98408645,0.01492798,0.000985569
0.9933882,0.0016956645,0.0049161604
0.9912697,0.005940535,0.002789716
0.97820467,0.020321827,0.0014735464
0.979623,0.018030247,0.0023466486
0.0078200055,0.9907697,0.0014102889
0.98008496,0.008604521,0.011310428
0.98292315,0.016090456,0.0009863283
0.9858292,0.011589781,0.0025809838
0.98935205,0.009058384,0.0015895588
0.99342656,0.0057142153,0.0008593541
0.995,0.004689476,0.00031051505
0.9809168,0.014967339,0.004115889
0.993753,0.0059090713,0.000337956
0.98605937,0.010868884,0.0030717032
0.9859163,0.011935404,0.002148275
0.008028932,0.9878703,0.0041007767
0.059049357,0.7724058,0.16854483
0.014586387,0.98245025,0.0029634044
0.0100712525,0.9889059,0.0010228325
0.02753985,0.9679731,0.0044869846
0.012436109,0.98503244,0.0025314882
0.01591149,0.9824882,0.0016002606
0.0076249945,0.9909054,0.0014695368
0.008057395,0.99040484,0.0015377809
0.0087085655,0.9880689,0.003222529
0.010849906,0.9690768,0.020073304
0.019923614,0.97795177,0.0021246867
0.017435707,0.9802593,0.002305005
0.01753309,0.9799753,0.0024915822
0.36745653,0.48537675,0.14716671
0.01577919,0.97908807,0.005132768
0.01717087,0.97770363,0.00512551
0.009326509,0.9853698,0.005303716
0.017392678,0.958927,0.02368029
0.015907437,0.98127925,0.0028133192
0.9678879,0.028356118,0.0037560146
0.85439134,0.055710282,0.089898415
0.010297194,0.98863435,0.00106849
0.007798042,0.987987,0.0042149522
0.036647405,0.9525619,0.010790719
0.03156213,0.96759105,0.0008468717
0.01963615,0.94473785,0.03562599
0.02091141,0.9775227,0.0015659584
0.009724497,0.9880585,0.0022169505
0.42578804,0.1516342,0.42257768
0.02760374,0.97116673,0.0012295191
0.015406335,0.9834126,0.0011810685
0.43963432,0.54840416,0.011961524
0.018469702,0.9802537,0.001276672
0.008688985,0.9906729,0.00063809264
0.03808845,0.9520913,0.009820207
0.015219766,0.9829554,0.0018248563
0.012364281,0.98606074,0.001575015
0.007712135,0.9876557,0.0046321885
0.012940044,0.98568267,0.0013772548
0.008337171,0.9893925,0.0022703698
0.013069705,0.98588437,0.0010459299
0.017022911,0.9797472,0.0032298989
0.026874384,0.9510625,0.02206313
0.006569773,0.97504073,0.018389432
0.023271276,0.057092953,0.9196357
0.026184665,0.94539213,0.028423188
0.06674611,0.023475895,0.9097781
0.062416114,0.035046473,0.9025374
0.7447769,0.032635454,0.22258766
0.043494564,0.037384972,0.9191205
0.048737973,0.02171199,0.92955005
0.02607505,0.022787528,0.9511374
0.0579604,0.025594493,0.91644514
0.03212371,0.040926673,0.92694956
0.865151,0.013633275,0.12121575
0.039397307,0.09151207,0.8690906
0.02918129,0.6243997,0.34641895
0.23345728,0.037010524,0.7295322
0.030684426,0.086056605,0.88325906
0.14965233,0.024169045,0.82617855
0.05716884,0.17904024,0.76379097
0.092960075,0.02247151,0.8845684
0.5671414,0.044516947,0.38834164
0.1891,0.63010675,0.18079324
0.26381436,0.12757228,0.6086134
0.036429808,0.088680126,0.8748901
0.050803747,0.038952585,0.91024363
0.043982584,0.08289567,0.87312174
0.2629633,0.059773903,0.6772628
0.036116738,0.007533605,0.9563497
0.032324985,0.03491753,0.9327575
0.04982551,0.043842226,0.90633225
0.06465307,0.03363998,0.9017069
0.051058766,0.021535356,0.9274059
0.04675483,0.07319739,0.88004774
0.053998172,0.03625266,0.9097492
0.026784688,0.04728484,0.9259305
0.08336436,0.034279548,0.88235617
0.13203984,0.041955918,0.8260042
0.049822103,0.039916072,0.91026175
0.058450542,0.04096476,0.9005847
0.053958,0.031627476,0.9144146
0.021858359,0.43540758,0.5427341
0.03592926,0.01824366,0.9458271
0.04376382,0.10467682,0.85155934
0.009406386,0.021700306,0.96889323
0.06424186,0.03847311,0.8972851
0.026462624,0.1141653,0.85937214
0.013403534,0.028403006,0.9581934
0.08345015,0.04867604,0.86787385
0.04130034,0.08038972,0.87831
0.05871756,0.25159407,0.6896883
0.03341532,0.025620418,0.9409643
0.07874193,0.037965715,0.8832924
0.036000438,0.013518227,0.95048136
0.0403445,0.035120435,0.92453504
0.06995103,0.026446903,0.90360206
0.04574655,0.02910669,0.92514676
0.034929555,0.007061804,0.95800865
0.054513074,0.089003436,0.8564835
0.55212337,0.1697088,0.27816784
0.051378086,0.034359142,0.9142628
0.01785365,0.007370181,0.9747762
0.06343432,0.0161645,0.92040116
0.102918305,0.03619836,0.8608833
0.07130162,0.04466301,0.88403535
0.08476056,0.04187765,0.8733618
0.12149508,0.024804043,0.8537009
0.08375198,0.041826237,0.8744218
0.056617573,0.030513074,0.9128694
0.063899554,0.17437682,0.76172364
0.041978896,0.032885324,0.92513573
0.020370692,0.043975316,0.9356539
0.029877331,0.035204098,0.9349185
0.04357605,0.036480334,0.91994363
0.030629447,0.053914078,0.9154565
0.07466924,0.01833426,0.90699655
0.033972967,0.020505277,0.94552183
0.029923068,0.021764284,0.9483127
0.034138367,0.04046121,0.92540044
0.06535313,0.028943691,0.9057031
0.107903354,0.019843502,0.8722532
0.05956417,0.026716901,0.9137189
0.72825503,0.04221138,0.22953355
0.10635607,0.7268118,0.1668321
0.09032342,0.02204841,0.88762826
0.016724268,0.036564853,0.9467109
0.12172978,0.3186859,0.5595843
0.030265074,0.14410487,0.82563
0.023046397,0.04733434,0.92961925
0.07748768,0.037875272,0.88463706
0.03026852,0.14037086,0.82936066
0.028941486,0.08640332,0.88465524
0.031088099,0.01956876,0.9493432
0.059357412,0.037181213,0.90346134
0.058838118,0.04778836,0.8933735
0.053137507,0.18223643,0.7646261
0.0504584,0.028554466,0.9209872
0.057038218,0.07140236,0.87155944
0.12719591,0.86541486,0.007389243
0.99153745,0.0077500106,0.00071246503
0.98652786,0.01281276,0.0006594459
0.9941677,0.0054566106,0.00037570405
0.9955961,0.0034598745,0.0009440314
0.15230016,0.17649886,0.67120105
0.99004656,0.008253543,0.0016998915
0.36979437,0.07249753,0.5577081
0.8873924,0.041000333,0.07160733
0.5653291,0.13350925,0.30116168
0.9884702,0.008875263,0.0026544477
0.9922117,0.0076052793,0.00018310056
0.14860941,0.03933914,0.8120514
0.9915987,0.0022821084,0.006119179
0.98737234,0.0051913843,0.0074363146
0.9586831,0.031733006,0.009583969
0.994162,0.003922558,0.0019154395
0.09318191,0.17290075,0.7339173
0.18061264,0.032924138,0.78646326
0.98790926,0.011434172,0.0006565113
0.9695693,0.017195117,0.013235554
0.9925835,0.0060657295,0.0013508063
0.98974425,0.0048127794,0.0054429523
0.07748044,0.0499763,0.8725432
0.990974,0.006471697,0.0025542302
0.99355656,0.0060954397,0.00034793478
0.9885393,0.011111128,0.00034957496
0.9911198,0.0085164495,0.00036373822
0.9880607,0.011269629,0.00066956243
0.93466496,0.052575935,0.012759076
0.9945549,0.0051985984,0.0002464887
0.6746435,0.29710725,0.02824922
0.98528475,0.013489547,0.0012256576
0.98928165,0.007993427,0.002724944
0.05771704,0.03943655,0.90284646
0.9950877,0.004228695,0.0006836069
0.1836378,0.088196464,0.72816575
0.05285187,0.08242007,0.86472803
0.9899693,0.009064036,0.0009666038
0.97443694,0.020988386,0.004574657
0.9937304,0.005103781,0.0011658134
0.9735238,0.02117449,0.0053017214
0.99540776,0.004441726,0.00015051049
0.9314564,0.032232646,0.03631099
0.09068152,0.034553535,0.8747649
0.92025155,0.060490064,0.01925841
0.89168566,0.07482009,0.0334943
0.9889299,0.010300272,0.00076983456
0.9832956,0.014219036,0.0024854187
0.9864113,0.010662465,0.0029263643
0.9560979,0.014803913,0.029098097
0.9827178,0.015186397,0.0020957917
0.98796296,0.00838223,0.0036547796
0.1507669,0.08506957,0.7641635
0.99100775,0.006573835,0.0024183786
0.5544843,0.019234592,0.42628112
0.99438584,0.005218058,0.00039613515
0.10170756,0.081326246,0.8169662
0.27582905,0.42182305,0.30234784
0.741985,0.11352348,0.1444915
0.99508333,0.004261842,0.0006548524
0.9780716,0.01301688,0.008911483
0.9939897,0.002925899,0.0030843355
0.9917434,0.0071971356,0.0010593628
0.7278089,0.049298804,0.22289234
0.98912036,0.008133854,0.002745868
0.98932207,0.0029754024,0.0077025476
0.9948597,0.0048000067,0.00034032066
0.9054418,0.024533134,0.07002503
0.97813797,0.011080447,0.01078157
0.9956161,0.004060916,0.00032308447
0.9928926,0.0047998815,0.002307511
0.99448013,0.0052594827,0.00026032442
0.091094464,0.021966835,0.88693875
0.9968143,0.0025245147,0.0006611365
0.9906275,0.008808194,0.00056418986
0.98985463,0.0097994255,0.00034596203
0.84357417,0.1086717,0.047754142
0.9846497,0.01363976,0.001710554
0.99120414,0.008442644,0.00035326646
0.94385856,0.022393381,0.033748016
0.9864906,0.010375698,0.003133657
0.17283082,0.16204275,0.66512644
0.10946333,0.4141201,0.4764166
0.03996203,0.2929838,0.6670541
0.041918755,0.87592816,0.08215312
0.034061458,0.9215141,0.044424515
0.017117029,0.9784525,0.0044304947
0.078044765,0.89886266,0.023092529
0.00846517,0.98900795,0.002526856
0.031531714,0.5606555,0.4078128
0.068533026,0.72586364,0.2056033
0.79770285,0.15551254,0.04678462
0.05700014,0.12078719,0.82221264
0.0118031185,0.9114561,0.076740846
0.41257444,0.11717019,0.4702554
0.02576341,0.5614705,0.41276607
0.019538302,0.97699946,0.003462213
0.930362,0.02876074,0.040877253
0.08010788,0.71190506,0.20798704
0.07154453,0.1162417,0.8122137
0.35158914,0.4086479,0.23976296
0.036340944,0.9613472,0.0023118826
0.16838914,0.8280314,0.0035794294
0.25905246,0.7327654,0.008182131
0.91596746,0.0426317,0.041400842
0.095886916,0.38053858,0.5235745
0.045032732,0.8738999,0.081067346
0.05384642,0.098076254,0.84807736
0.13841465,0.31760874,0.5439766
0.19008361,0.263905,0.5460114
0.07090165,0.64314604,0.2859523
0.43773273,0.031076966,0.53119034
0.12292113,0.054920074,0.8221588
0.1027208,0.48198503,0.41529423
0.04153,0.10119415,0.85727584
0.060474135,0.029791048,0.9097349
0.043553144,0.055650942,0.90079594
0.3361945,0.17213108,0.49167442
0.7288627,0.17762618,0.09351105
0.03938881,0.036571275,0.9240399
0.059638496,0.051916122,0.8884454
0.39420584,0.07925141,0.5265427
0.03456829,0.05276185,0.9126699
0.042780425,0.061100863,0.89611864
0.042500105,0.021791888,0.935708
0.05722989,0.052774157,0.889996
0.122501716,0.09719116,0.7803071
0.93918604,0.01667255,0.044141322
0.20078442,0.20058843,0.59862715
0.05556768,0.1448371,0.79959524
0.11799508,0.40843883,0.47356606
0.15053615,0.06589295,0.7835709
0.2888134,0.0614469,0.6497397
0.12349979,0.07196648,0.80453366
0.40757692,0.026955724,0.5654674
0.1757996,0.036705934,0.7874944
0.0580864,0.042997856,0.89891577
0.27708158,0.06203693,0.6608816
0.07898111,0.030272033,0.8907468
0.05962357,0.25560096,0.6847755
0.13471834,0.051635105,0.81364655
0.3891142,0.108317226,0.5025686
0.8992821,0.017722571,0.08299533
0.21754107,0.06005605,0.7224029
0.055566516,0.028159741,0.9162738
0.035839867,0.06915065,0.8950095
0.11356752,0.028214036,0.8582184
0.19517477,0.007612219,0.797213
0.029508375,0.03074384,0.9397478
0.062465787,0.05088361,0.8866506
0.04809468,0.042651154,0.9092542
0.049195852,0.0216395,0.92916465
0.09611996,0.034105692,0.86977434
0.0388306,0.011157796,0.9500117
0.040421195,0.01777984,0.9417989
0.058099847,0.020554924,0.92134523
0.99217355,0.0071163713,0.0007101426
0.31429148,0.09349598,0.5922126
0.9749211,0.013504996,0.011574019
0.09688648,0.025974981,0.8771386
0.0654833,0.046298776,0.8882179
0.048102193,0.013634257,0.93826354
0.026580893,0.05632673,0.91709244
0.034905087,0.07797151,0.8871234
0.47963533,0.19360104,0.3267636
0.05637964,0.011210756,0.9324095
0.036582585,0.03818875,0.92522866
0.050339874,0.032629076,0.917031
0.10673559,0.024108432,0.869156
0.032629747,0.0137893455,0.953581
0.036710985,0.9140816,0.04920744
0.036414653,0.22680095,0.73678446
0.08953349,0.06945691,0.84100956
0.060787074,0.039826225,0.89938676
0.10853403,0.043595523,0.84787047
0.08130893,0.015025958,0.9036652
0.050080612,0.04028022,0.9096392
0.07286219,0.10560056,0.8215373
0.04138654,0.046532135,0.9120813
0.06686311,0.042875964,0.8902609
0.038015068,0.10893125,0.8530536
0.08629046,0.06819475,0.8455148
0.4372956,0.07199914,0.49070528
0.09481957,0.048429098,0.8567513
0.29058927,0.06976643,0.63964427
0.07991887,0.049044635,0.8710365
0.085296154,0.029362641,0.8853412
0.027553586,0.043816037,0.9286304
0.023522872,0.96002346,0.016453717
0.035537828,0.04703402,0.91742814
0.035322577,0.0071762167,0.95750123
0.04098513,0.054455783,0.90455914
0.013110178,0.043239232,0.94365066
0.060858414,0.05869868,0.88044286
0.03132343,0.011212426,0.95746416
0.048546378,0.033659946,0.91779375
0.065392196,0.19675621,0.73785156
0.033225205,0.028419025,0.9383558
0.032640766,0.7143532,0.2530061
0.14597651,0.10742632,0.74659723
0.10405674,0.026386857,0.8695564
0.07461066,0.14144795,0.7839413
0.032042567,0.014930309,0.95302707
0.04389087,0.024983853,0.9311253
0.041679032,0.062384613,0.8959363
0.010459699,0.030354938,0.9591853
0.018328553,0.013647255,0.9680242
0.019489096,0.044220615,0.9362902
0.05778329,0.036124565,0.9060922
0.033595793,0.01386871,0.9525355
0.2695514,0.07038539,0.6600632
0.072390735,0.34485137,0.58275783
0.02784981,0.020615533,0.9515347
0.04595462,0.03462068,0.91942465
0.06886649,0.021333843,0.9097997
0.019160919,0.097307175,0.8835319
0.023475895,0.06674611,0.9097781
0.04459204,0.048309755,0.9070982
0.051858243,0.014456876,0.9336848
0.07519997,0.22341211,0.7013879
0.07766474,0.06295627,0.8593789
0.017782746,0.0046525165,0.9775647
0.027317924,0.3819304,0.59075165
0.030113755,0.048499063,0.92138726
0.36665788,0.046923615,0.5864185
0.6100509,0.03489049,0.35505858
0.12624283,0.21983883,0.65391845
0.025399867,0.028894467,0.9457057
0.084354326,0.04008032,0.87556535
0.45251566,0.016498987,0.53098536
0.088112,0.018505385,0.8933826
0.03591044,0.018757882,0.9453317
0.051533617,0.09703258,0.8514338
0.016394375,0.017657436,0.96594816
0.04143263,0.022903629,0.9356638
0.042645596,0.015688438,0.94166595
0.022251947,0.010078831,0.9676693
0.02955279,0.02097654,0.9494707
0.04287243,0.02512967,0.93199784
0.05541148,0.030871268,0.91371727
0.045131024,0.012278038,0.94259095
0.039734524,0.025380429,0.9348851
0.046816997,0.031926416,0.9212565
0.033425614,0.015154641,0.95141965
0.01433859,0.0151741775,0.9704872
0.052271202,0.042662513,0.9050662
0.032339945,0.06406492,0.9035951
0.025510434,0.03664922,0.9378403
0.08701286,0.116632104,0.796355
0.04215083,0.035252746,0.9225964
0.03094801,0.022139154,0.9469128
0.07343261,0.06034506,0.8662223
0.025172964,0.13958324,0.83524376
0.08326488,0.022863608,0.89387155
0.062265936,0.049160298,0.88857377
0.04561401,0.07071739,0.88366866
0.052871786,0.028079992,0.9190482
0.061092675,0.02968709,0.90922016
0.10118013,0.22056653,0.67825335
0.094226375,0.056872804,0.84890074
0.042126022,0.02768093,0.9301931
0.060598496,0.059717286,0.8796842
0.03583057,0.12360397,0.84056544
0.06707407,0.042468656,0.8904572
0.057359077,0.046269704,0.8963712
0.09307472,0.023856925,0.8830683
0.03327605,0.04780559,0.9189184
0.051510643,0.029178409,0.91931087
0.047916453,0.029233588,0.92285
0.05480526,0.060250614,0.8849441
0.048568822,0.055359103,0.89607203
0.04128683,0.047940355,0.91077286
0.030779537,0.019148812,0.95007175
0.039255653,0.012449219,0.9482951
0.01737278,0.41040155,0.5722257
0.05289239,0.025903866,0.9212038
0.08001184,0.05893944,0.86104876
0.029683905,0.035078805,0.9352373
0.029057108,0.022696095,0.9482468
0.033576082,0.0060434206,0.96038055
0.019064158,0.043341,0.9375948
0.059729382,0.03734121,0.9029294
0.046461366,0.063940756,0.88959783
0.037295125,0.024965513,0.9377393
0.041861918,0.024705667,0.93343246
0.07747819,0.022746485,0.8997752
0.05154455,0.026740959,0.9217144
0.030132849,0.1707976,0.7990695
0.2121934,0.04988619,0.73792046
0.052782718,0.048341632,0.89887565
0.1464059,0.04573248,0.8078616
0.045480996,0.0284335,0.9260855
0.08186955,0.07989498,0.8382355
0.019413536,0.014554273,0.96603215
0.056679785,0.0365595,0.9067607
0.08417105,0.027540661,0.88828826
0.03948444,0.0076245666,0.952891
0.0509306,0.02489442,0.924175
0.056751806,0.009255435,0.9339928
0.099218264,0.044503342,0.85627836
0.095953695,0.011271351,0.89277494
0.090287425,0.021571167,0.88814145
0.054357152,0.009957346,0.93568546
0.041228987,0.029522633,0.92924833
0.045892984,0.022366453,0.9317405
0.036286563,0.049549438,0.91416395
0.05248337,0.028064903,0.9194518
0.105242416,0.6500616,0.24469595
0.018921806,0.043185737,0.9378924
0.040763788,0.06350721,0.89572895
0.057720773,0.036725402,0.9055538
0.048907824,0.05140534,0.8996868
0.034264494,0.056658354,0.90907717
0.03209729,0.03353927,0.93436337
0.023861764,0.027626121,0.94851214
0.018544486,0.027514242,0.95394135
0.022750925,0.010799379,0.9664496
0.057607282,0.052196536,0.8901962
0.050318316,0.05602461,0.89365715
0.048712358,0.014024637,0.937263
0.03711154,0.049598824,0.9132896
0.035984043,0.06364928,0.90036666
0.06499405,0.058146615,0.8768593
0.043214045,0.031926334,0.9248597
0.033867598,0.011500386,0.954632
0.045975704,0.011444258,0.94258004
0.03693757,0.022447567,0.94061494
0.05862714,0.08488649,0.8564863
0.037659906,0.020960893,0.94137913
0.08682736,0.060733773,0.85243887
0.09418745,0.26184377,0.6439688
0.043198295,0.013123373,0.9436784
0.06720877,0.017601075,0.9151901
0.10781989,0.03243669,0.8597435
0.0696688,0.038249984,0.8920813
0.031195126,0.026371744,0.9424332
0.037603695,0.025172072,0.93722427
0.051347192,0.026873734,0.9217791
0.055320513,0.042209107,0.9024704
0.03024756,0.046076998,0.9236755
0.04263144,0.057366874,0.9000017
0.05313592,0.06465997,0.8822041
0.06963734,0.039989363,0.89037323
0.028934719,0.026812559,0.9442527
0.037163254,0.024756065,0.9380807
0.1213518,0.03794342,0.8407048
0.08144674,0.026519466,0.89203376
0.053848647,0.019219087,0.9269323
0.017178794,0.014172349,0.9686489
0.015109366,0.018548574,0.9663421
0.072285056,0.5227656,0.40494937
0.039541278,0.014546423,0.94591224
0.11185903,0.07422368,0.8139172
0.10908547,0.029532496,0.86138195
0.07206641,0.07199607,0.85593754
0.058640387,0.027645713,0.9137139
0.077666,0.040410805,0.88192326
0.047239337,0.02862414,0.9241365
0.07379298,0.17342682,0.75278026
0.049410064,0.038106635,0.9124832
0.020434521,0.18221986,0.7973456
0.0642009,0.021399861,0.9143992
0.07261677,0.020866096,0.90651715
0.050955165,0.07747005,0.87157476
0.06785929,0.041319836,0.89082086
0.06599859,0.05094998,0.88305146
0.06663499,0.04570815,0.8876568
0.023434065,0.010781413,0.9657845
0.04087668,0.8483341,0.110789284
0.08337873,0.03152362,0.8850977
0.050022677,0.055913426,0.8940639
0.038428035,0.02140932,0.94016266
0.13881896,0.05212676,0.80905426
0.058940858,0.047871806,0.8931873
0.04363113,0.045993738,0.9103751
0.05186867,0.04475727,0.9033741
0.046570256,0.032543045,0.92088675
0.0582031,0.042832542,0.8989644
0.040316004,0.053671457,0.90601254
0.06536592,0.21495545,0.71967864
0.04120461,0.045387186,0.9134082
0.01568804,0.03528456,0.9490274
0.020649558,0.0055469084,0.97380346
0.04233431,0.04363551,0.9140301
0.05201462,0.04295352,0.90503186
0.055619255,0.020946402,0.9234344
0.060032014,0.04478661,0.8951814
0.06630349,0.028184546,0.9055119
0.039141767,0.016237238,0.944621
0.030395873,0.8422561,0.12734807
0.07335175,0.025152415,0.9014958
0.017553339,0.026870405,0.95557624
0.03591241,0.018704034,0.9453836
0.020506192,0.019039355,0.9604544
0.03645022,0.020728182,0.94282156
0.040452644,0.01977289,0.93977445
0.041982654,0.019146122,0.93887126
0.017734084,0.014962792,0.9673031
0.082057424,0.21577068,0.7021719
0.012555326,0.03943589,0.9480087
0.032795615,0.02086653,0.9463378
0.03584369,0.01965991,0.9444964
0.038002137,0.10002455,0.86197335
0.015431853,0.020463856,0.9641042
0.0345682,0.032032862,0.9333989
0.06974762,0.040643714,0.8896087
0.049675573,0.03204165,0.9182828
0.7986467,0.021314412,0.18003884
0.019095618,0.028834375,0.95207
0.015711749,0.01508036,0.96920794
0.022956736,0.0075481813,0.9694951
0.06744779,0.00871006,0.9238422
0.11954474,0.025979912,0.8544753
0.07391408,0.037421275,0.8886646
0.03772941,0.091307126,0.8709634
0.03447124,0.0834222,0.88210654
0.016823282,0.29321852,0.68995816
0.044518396,0.04633704,0.9091446
0.1197694,0.029150799,0.85107976
0.08248113,0.08874896,0.8287699
0.025489254,0.009589971,0.96492076
0.07027217,0.05803055,0.8716973
0.024556937,0.01817802,0.957265
0.03950278,0.021943709,0.93855345
0.12966941,0.06507465,0.8052559
0.55144995,0.066641726,0.3819083
0.036709864,0.024814894,0.93847525
0.04723996,0.087142505,0.8656176
0.3100329,0.023617107,0.66635007
0.09357282,0.045737546,0.8606897
0.065815106,0.098414995,0.8357699
0.08941341,0.043832697,0.8667539
0.09236718,0.05865484,0.84897804
0.03512397,0.032995917,0.9318801
0.028827213,0.03501077,0.936162
0.012476994,0.013623239,0.97389966
0.06820991,0.028020643,0.90376943
0.113359965,0.027057147,0.85958284
0.30477694,0.56414014,0.1310829
0.3148772,0.6380914,0.047031403
0.22971793,0.68180436,0.0884777
0.98446286,0.0147885615,0.00074860454
0.8576417,0.09335533,0.049003012
0.94630736,0.025144465,0.028548116
0.13782072,0.056782886,0.80539644
0.90392643,0.011913192,0.0841604
0.7416323,0.048579738,0.20978794
0.41712534,0.06041623,0.52245843
0.90512013,0.07591028,0.018969517
0.99233985,0.005652494,0.0020076013
0.99217284,0.0022305343,0.0055966205
0.9697355,0.008267854,0.02199666
0.43858632,0.3023201,0.25909364
0.9889776,0.010742531,0.00027992035
0.7529061,0.18049768,0.0665962
0.07476554,0.25096026,0.6742742
0.98021483,0.002127525,0.01765767
0.982139,0.011546398,0.006314558
0.99422437,0.0032079585,0.0025676177
0.6230441,0.11336785,0.26358813
0.7302606,0.15099241,0.118746996
0.9779403,0.017964154,0.0040953932
0.9807129,0.016195998,0.00309106
0.82958734,0.010607416,0.15980522
0.84481966,0.028809503,0.12637086
0.99400604,0.0053189425,0.00067490817
0.5359212,0.39982158,0.064257175
0.47197562,0.28100508,0.2470193
0.98631555,0.013113784,0.00057058
0.29905412,0.21624365,0.4847022
0.9963529,0.002603446,0.0010437014
0.98944455,0.0064239576,0.0041314485
0.9717577,0.014052191,0.014190093
0.98231953,0.011571098,0.0061094607
0.9394351,0.01673407,0.043830827
0.9950604,0.004572184,0.00036733045
0.96392095,0.019830482,0.016248515
0.98241675,0.009417359,0.008165979
0.98128843,0.017284393,0.0014271269
0.28906605,0.38369897,0.327235
0.5920273,0.13850632,0.2694663
0.44089076,0.23210633,0.32700288
0.9929016,0.006802112,0.0002962487
0.9829738,0.015919354,0.0011068521
0.92640907,0.0179829,0.05560803
0.42626977,0.41436702,0.15936317
0.94148916,0.011956222,0.046554647
0.911666,0.044598293,0.043735687
0.98686767,0.004201962,0.008930369
0.99473155,0.0037670834,0.0015013717
0.9701644,0.029239263,0.0005962676
0.26145485,0.09651319,0.64203197
0.47592562,0.43122447,0.0928499
0.96440655,0.01949476,0.016098717
0.99437994,0.0053209434,0.00029901674
0.99388653,0.006020545,9.294748e-05
0.9851022,0.0075507853,0.0073471162
0.8332919,0.022468241,0.14423989
0.61570555,0.1599902,0.22430423
0.98985744,0.004720231,0.005422352
0.98345494,0.015558193,0.000986862
0.7110233,0.26539826,0.02357845
0.9931986,0.006022256,0.00077922153
0.2699921,0.048383288,0.6816246
0.99349314,0.0060831583,0.000423781
0.21855603,0.040271185,0.7411728
0.99570554,0.004125237,0.00016927409
0.75842303,0.079625554,0.16195136
0.97222024,0.010821507,0.016958248
0.98932135,0.009146995,0.0015316048
0.19650994,0.78684753,0.016642556
0.9156647,0.040685862,0.043649558
0.05270245,0.032980353,0.9143172
0.99309033,0.0055582025,0.001351496
0.9872017,0.009735059,0.0030632725
0.98366606,0.004993232,0.011340676
0.9970547,0.002353674,0.0005916252
0.8797187,0.053414837,0.06686649
0.99238306,0.00728667,0.00033031672
0.9882614,0.00870176,0.0030367596
0.980876,0.008695974,0.010428065
0.1260471,0.047192443,0.8267605
0.45073968,0.02473101,0.5245293
0.9493735,0.023069633,0.027556859
0.9840322,0.013631207,0.0023365836
0.99588424,0.0028524045,0.001263277
0.9930721,0.0039644446,0.0029634382
0.7116313,0.03500017,0.25336856
0.989925,0.008836397,0.0012386666
0.580135,0.36277342,0.057091616
0.9914454,0.0075845784,0.00096993765
0.9759379,0.0075465785,0.01651547
0.16718027,0.059030667,0.773789
0.84852636,0.055219904,0.09625371
0.95036507,0.0052725296,0.044362433
0.97186565,0.015816497,0.012317901
0.87776875,0.08254714,0.039683986
0.85880625,0.0418282,0.0993655
0.49457243,0.31146634,0.19396125
0.9574186,0.014284323,0.028297015
0.028386736,0.90094256,0.070670724
0.9860487,0.012982829,0.00096843345
0.9892096,0.008409214,0.0023812114
0.99398345,0.0055849752,0.00043150896
0.9926535,0.0065207602,0.0008257896
0.89814156,0.015117532,0.08674088
0.7986207,0.16051605,0.040863197
0.76676494,0.09500442,0.13823062
0.98656577,0.011418623,0.0020155068
0.9707333,0.017538173,0.011728669
0.08548548,0.56139606,0.35311848
0.3288762,0.04381851,0.62730527
0.99175936,0.0069350614,0.0013056069
0.9768456,0.011837147,0.011317167
0.57888067,0.037637584,0.3834818
0.31137618,0.0613136,0.6273102
0.50227666,0.07579541,0.42192796
0.162733,0.056348972,0.780918
0.54718256,0.055314466,0.39750302
0.7023412,0.07617122,0.22148761
0.99410546,0.005662551,0.00023190258
0.8541602,0.12423068,0.02160915
0.90665406,0.088120595,0.005225294
0.9879749,0.009351166,0.002673926
0.9798038,0.01569847,0.0044976873
0.92158425,0.07382372,0.0045920955
0.91205674,0.06930754,0.018635664
0.9791823,0.012170592,0.008647114
0.9748691,0.016513498,0.008617436
0.9950328,0.004278305,0.0006889305
0.9865129,0.012589313,0.0008978281
0.8565287,0.070824996,0.07264631
0.6753922,0.14344865,0.1811591
0.3130101,0.20830616,0.47868374
0.98831,0.010016156,0.0016738678
0.94341993,0.04874589,0.007834177
0.9842784,0.012524052,0.0031976514
0.9939407,0.005084959,0.00097427977
0.98549485,0.01419528,0.0003099609
0.9901506,0.009226464,0.00062298257
0.99404186,0.002824971,0.0031330711
0.98559165,0.013935688,0.0004726803
0.050896645,0.33777335,0.61133
0.99281025,0.004827688,0.0023620357
0.019713666,0.97905284,0.0012334656
0.07186362,0.90924263,0.018893778
0.9901507,0.0088730045,0.0009762683
0.014476858,0.9817614,0.0037617907
0.019690728,0.93541247,0.0448968
0.025591325,0.9025659,0.07184277
0.029426463,0.96405864,0.0065148342
0.018795699,0.9154084,0.06579591
0.08818023,0.8142131,0.097606614
0.057566863,0.8974246,0.04500859
0.028317207,0.83526325,0.13641958
0.023792816,0.8506866,0.12552056
0.03102189,0.9473213,0.02165677
0.01759822,0.9702593,0.012142407
0.014602054,0.9844663,0.0009316567
0.87248397,0.052001674,0.075514354
0.013259553,0.98566055,0.0010799402
0.5661493,0.23646753,0.19738317
0.007014027,0.9655682,0.027417824
0.060370427,0.9193288,0.020300703
0.057256073,0.91956514,0.023178773
0.3248458,0.66918993,0.005964302
0.009819537,0.98801917,0.0021612833
0.017320067,0.967124,0.015555961
0.016488126,0.82972765,0.15378425
0.24678731,0.4045064,0.3487063
0.026285475,0.97011524,0.003599285
0.019580655,0.9781616,0.0022577886
0.0908538,0.8749303,0.034215856
0.026016813,0.9677308,0.0062523778
0.040177178,0.9453,0.014522818
0.024329444,0.9689932,0.0066773323
0.0057784277,0.9928861,0.0013354761
0.015708888,0.9747259,0.009565214
0.023266694,0.9362168,0.04051654
0.013684031,0.98303384,0.0032821381
0.17901297,0.44588265,0.37510437
0.020974997,0.97571915,0.003305788
0.010810285,0.98843515,0.0007545669
0.2182187,0.6367,0.14508136
0.041933887,0.0557708,0.9022953
0.009381044,0.98726755,0.0033514537
0.03859009,0.91910976,0.042300217
0.5271295,0.07691043,0.3959601
0.042895805,0.93387306,0.023231123
0.016212637,0.9826797,0.0011076019
0.017850975,0.9794008,0.0027482503
0.060132414,0.91928834,0.020579252
0.07348352,0.17835572,0.7481607
0.833868,0.10672859,0.059403405
0.013055944,0.98388505,0.0030589495
0.04466773,0.936566,0.01876632
0.02041699,0.9760901,0.0034929349
0.01424778,0.98240095,0.003351257
0.054891217,0.77420586,0.17090291
0.014495659,0.9772932,0.008211124
0.014056648,0.98544717,0.0004962604
0.041012105,0.9435124,0.015475498
0.030570308,0.95287365,0.01655599
0.10539036,0.32068652,0.5739231
0.022592902,0.9207194,0.056687724
0.017678801,0.98138785,0.0009332893
0.043577276,0.9450104,0.011412304
0.63205326,0.36224946,0.0056972825
0.5571189,0.43077093,0.012110142
0.043855626,0.5345319,0.42161253
0.039324872,0.5481905,0.41248465
0.040581226,0.67189276,0.28752604
0.63931507,0.16331019,0.1973748
0.0078537,0.9911595,0.0009868534
0.011120626,0.9589441,0.029935228
0.008172226,0.97647035,0.01535745
0.012036617,0.98077595,0.007187392
0.014138656,0.9825227,0.0033386054
0.016553873,0.98299545,0.00045072607
0.026700197,0.021920128,0.9513796
0.019773245,0.9677316,0.012495211
0.015084324,0.9837683,0.0011473836
0.016139546,0.9830378,0.0008225962
0.006687515,0.9905786,0.0027338506
0.008701869,0.98923934,0.002058817
0.018851545,0.9802099,0.00093856314
0.047488976,0.039678525,0.91283244
0.12963061,0.6317093,0.23866014
0.034079924,0.068776146,0.89714396
0.061314516,0.03943329,0.8992521
0.45291615,0.50501776,0.042066094
0.048975974,0.03500155,0.9160224
0.018390281,0.97985864,0.0017511277
0.1221931,0.53677714,0.34102976
0.007100667,0.9919194,0.0009799242
0.018370591,0.9674059,0.014223445
0.008369884,0.9903689,0.0012611977
0.12732136,0.46007165,0.412607
0.035791762,0.6934693,0.270739
0.60431623,0.36546406,0.030219644
0.024770556,0.9035535,0.07167598
0.019778632,0.9755873,0.0046340455
0.81663024,0.13882495,0.044544782
0.3442661,0.05300154,0.6027324
0.022256387,0.5380723,0.43967134
0.050419204,0.9347639,0.014816815
0.027494589,0.96167505,0.010830309
0.094102025,0.42754158,0.47835645
0.023812,0.91696423,0.059223734
0.04556081,0.635081,0.31935826
0.0137988245,0.98452723,0.0016739874
0.03009642,0.9276263,0.04227729
0.71937835,0.24430843,0.036313202
0.014071591,0.9836088,0.0023196668
0.011377995,0.98401594,0.004606113
0.07953698,0.9156018,0.004861273
0.011803203,0.9826431,0.005553702
0.017276658,0.97989196,0.0028313755
0.021468703,0.97745824,0.0010730472
0.024245642,0.96848875,0.007265657
0.024510382,0.86402076,0.11146885
0.01927853,0.97919065,0.0015307977
0.039294776,0.91376734,0.046937924
0.0023631768,0.9952317,0.0024050844
0.019293103,0.97897434,0.0017325449
0.023239072,0.8931556,0.08360542
0.015599868,0.98128605,0.0031140817
0.005940159,0.9902395,0.0038203027
0.72152495,0.27345914,0.005015921
0.053344034,0.9191431,0.027512839
0.020788025,0.9623114,0.016900547
0.0075296913,0.9382809,0.05418948
0.014336258,0.98176736,0.003896417
0.24830203,0.1357928,0.6159052
0.048930746,0.021480892,0.9295883
0.006888608,0.9909053,0.0022060357
0.91827035,0.056234084,0.025495641
0.075686105,0.6115215,0.31279245
0.38223308,0.22913513,0.38863173
0.099043705,0.019051079,0.88190526
0.026159167,0.021496942,0.9523439
0.97925764,0.018076401,0.002665908
0.06869465,0.04219774,0.8891076
0.037004672,0.022510318,0.940485
0.07447843,0.031382546,0.894139
0.055880714,0.02536018,0.9187591
0.33025292,0.0380062,0.63174087
0.036920894,0.032934465,0.9301446
0.009998187,0.98846555,0.0015362692
0.0649247,0.0370653,0.89801
0.038402036,0.034829136,0.9267689
0.041096218,0.22456342,0.73434037
0.051573407,0.010757718,0.93766886
0.045130365,0.014131728,0.9407379
0.06333704,0.04289786,0.89376515
0.059226636,0.0242118,0.9165615
0.13639879,0.030094802,0.83350646
0.056269698,0.15491112,0.78881913
0.6192461,0.088884756,0.29186913
0.124021314,0.01719928,0.8587793
0.05347391,0.030528085,0.915998
0.048599012,0.061315037,0.89008594
0.043807503,0.8630891,0.09310345
0.06106225,0.14590967,0.7930281
0.08111072,0.058707826,0.86018145
0.33712998,0.04339828,0.6194717
0.013930822,0.025522811,0.9605464
0.05560447,0.031962156,0.9124334
0.013003919,0.98283976,0.004156302
0.016736733,0.97463113,0.008632175
0.09252709,0.6043844,0.30308852
0.5951271,0.037228588,0.36764434
0.02809203,0.58543265,0.3864753
0.017080884,0.026352251,0.9565668
0.052587643,0.043511625,0.9039007
0.905665,0.012607042,0.08172795
0.83958644,0.011201133,0.14921235
0.02767313,0.010061771,0.96226513
0.061693884,0.037897307,0.9004088
0.039345667,0.055921465,0.9047329
0.6718874,0.05189901,0.27621368
0.05491457,0.027992891,0.91709256
0.04482571,0.03347469,0.9216996
0.07550525,0.04247887,0.8820158
0.15450951,0.027973881,0.8175167
0.033176072,0.018811082,0.9480128
0.04702419,0.034843184,0.91813266
0.043886926,0.8604422,0.09567082
0.045109533,0.02372467,0.93116575
0.07221978,0.040196363,0.8875839
0.102326326,0.026563395,0.87111026
0.09198556,0.045447305,0.86256707
0.039498348,0.032080587,0.92842114
0.08089189,0.03961653,0.8794916
0.057398226,0.03060328,0.9119985
0.092114136,0.04115578,0.86673015
0.015450606,0.9833534,0.0011960858
0.049184334,0.038946025,0.91186965
0.64534223,0.0071586105,0.34749913
0.6168571,0.011594332,0.37154853
0.21481186,0.021752387,0.7634357
0.79965174,0.103010334,0.097337924
0.030346673,0.9514616,0.018191747
0.9159187,0.02501165,0.059069615
0.03471975,0.027789338,0.93749094
0.80879945,0.09546027,0.09574035
0.24678646,0.14241122,0.61080235
0.05256731,0.03723942,0.91019326
0.45725873,0.3888291,0.15391219
0.9221788,0.022817332,0.05500385
0.54783654,0.06840257,0.38376096
0.08966619,0.044518217,0.8658155
0.036052555,0.013019172,0.9509283
0.16457413,0.039089784,0.79633605
0.17218386,0.07640612,0.75141007
0.30080932,0.14753628,0.55165446
0.050642524,0.022297602,0.9270599
0.027675997,0.96518844,0.007135603
0.029990474,0.34896842,0.6210412
0.04067364,0.014417905,0.94490844
0.05502989,0.04899242,0.8959778
0.9901209,0.005980188,0.0038989906
0.029671643,0.042752437,0.92757595
0.07147822,0.10909775,0.81942403
0.49487707,0.0683954,0.4367275
0.047361497,0.05330199,0.8993365
0.04662463,0.42640337,0.52697194
0.03408246,0.07568912,0.8902285
0.4282003,0.06043589,0.5113638
0.04608649,0.030047685,0.9238658
0.059282936,0.03220011,0.908517
0.023398913,0.1983229,0.77827823
0.041193478,0.06679835,0.8920082
0.04681434,0.040042426,0.91314316
0.8534093,0.015524251,0.13106641
0.043533396,0.032924976,0.9235416
0.023412794,0.054065526,0.9225216
0.03548535,0.031285144,0.9332295
0.016061224,0.016124083,0.9678146
0.059937872,0.28151438,0.65854776
0.1346417,0.032483827,0.8328744
0.08364748,0.09070985,0.82564265
0.6799653,0.049876697,0.27015802
0.016982814,0.040265024,0.9427522
0.028707782,0.033530038,0.93776214
0.05507204,0.06989005,0.87503785
0.062259454,0.0374684,0.90027213
0.50974643,0.103687756,0.38656577
0.08178701,0.04234775,0.8758652
0.03318181,0.036980852,0.9298373
0.052308887,0.079218134,0.86847305
0.040354744,0.028532084,0.9311132
0.047840163,0.07810859,0.8740512
0.019559184,0.031562217,0.94887865
0.030953573,0.03755655,0.9314898
0.18791693,0.47081116,0.34127197
0.04011194,0.043371346,0.9165167
0.040427778,0.21224052,0.7473318
0.019711783,0.41149253,0.5687957
0.15169905,0.08175563,0.7665453
0.046501484,0.023132581,0.9303659
0.17145471,0.15249498,0.67605025
0.03775131,0.060918435,0.9013303
0.05418772,0.07552663,0.8702856
0.2558518,0.1626293,0.5815189
0.08476215,0.09075907,0.82447875
0.08986048,0.021871235,0.88826835
0.0553404,0.02405867,0.92060095
0.034734342,0.023709904,0.94155574
0.042973325,0.06995725,0.88706946
0.16249225,0.1726346,0.6648732
0.4079026,0.06203679,0.5300606
0.9207495,0.03172243,0.047528088
0.115922816,0.13806565,0.74601156
0.03347616,0.04478392,0.92174
0.08105525,0.030765103,0.88817966
0.48980853,0.094191775,0.41599968
0.03875122,0.08013596,0.8811128
0.0715687,0.13515198,0.7932793
0.028174184,0.01483226,0.95699364
0.02213712,0.05747542,0.9203875
0.016466,0.022793902,0.9607401
0.030470751,0.24131502,0.7282143
0.081529446,0.12310944,0.79536116
0.10798189,0.14991799,0.7421001
0.06994553,0.3220067,0.6080478
0.06393545,0.24532911,0.69073534
0.16630639,0.20636618,0.6273274
0.16041727,0.6126944,0.22688834
0.075562574,0.020819679,0.90361774
0.08080659,0.11631667,0.80287665
0.048962925,0.4602575,0.49077955
0.057086285,0.25974506,0.6831686
0.5751749,0.17114583,0.25367925
0.7355884,0.111274354,0.15313728
0.08983176,0.035523847,0.8746444
0.032977674,0.035657372,0.931365
0.068932444,0.05142674,0.8796409
0.03757788,0.0157261,0.946696
0.07115736,0.040544238,0.88829845
0.10997154,0.028828207,0.8612003
0.04836098,0.044465292,0.9071737
0.042346243,0.031684913,0.92596895
0.8878694,0.062064867,0.05006571
0.25124806,0.1293314,0.61942047
0.016702922,0.008733326,0.9745637
0.10657178,0.051484443,0.8419438
0.033631265,0.012827471,0.9535413
0.014717452,0.023564398,0.9617182
0.054115355,0.040372517,0.9055122
0.11747961,0.04811946,0.83440095
0.05977767,0.18702777,0.7531946
0.057014808,0.05155891,0.89142627
0.101043664,0.39401639,0.5049399
0.0720033,0.069042325,0.8589544
0.9195716,0.030512799,0.049915608
0.25921056,0.11547417,0.62531525
0.9840396,0.014854559,0.0011058901
0.7843542,0.01839228,0.1972535
0.735413,0.018134126,0.24645282
0.99110705,0.0069034803,0.0019895034
0.99381644,0.0046022837,0.0015812144
0.99311125,0.0038727608,0.0030161093
0.94331175,0.00799558,0.048692726
0.99166673,0.007556695,0.00077650155
0.20922472,0.5995284,0.19124688
0.9929952,0.006697286,0.00030747784
0.89862204,0.03372191,0.06765604
0.97653174,0.007913559,0.015554639
0.9082561,0.0137642315,0.07797968
0.9907789,0.0036867359,0.005534446
0.9896941,0.009731088,0.0005747754
0.9928054,0.006521758,0.0006727777
0.9433081,0.0053627193,0.05132922
0.95152694,0.015141556,0.033331584
0.9909147,0.005812185,0.003273101
0.9899978,0.007983606,0.0020185718
0.9897626,0.007043834,0.0031935622
0.9942135,0.004393284,0.0013932505
0.9423909,0.019501483,0.038107548
0.9898142,0.007812464,0.0023733778
0.9885484,0.008644989,0.0028066167
0.98982984,0.008171545,0.001998616
0.98581076,0.01224102,0.0019481922
0.98491895,0.009304051,0.005777017
0.99491775,0.0011948859,0.0038873907
0.99327236,0.005906213,0.000821477
0.49275455,0.22648244,0.28076306
0.9938048,0.005486673,0.000708537
0.9871831,0.010567108,0.0022498672
0.9094755,0.017457042,0.073067494
0.9969409,0.0029749833,8.406476e-05
0.18654409,0.014928573,0.79852736
0.9873099,0.009547813,0.0031423909
0.99922514,0.00057354977,0.00020133491
0.99183613,0.002601787,0.005562036
0.9970804,0.0026671307,0.00025248117
0.98901933,0.008180817,0.0027997396
0.9900175,0.007354989,0.002627629
0.024415532,0.05491389,0.92067057
0.98901623,0.010141467,0.0008422751
0.9671698,0.0164472,0.01638308
0.99347633,0.005759321,0.0007643637
0.4639553,0.23882374,0.29722092
0.9935828,0.004994557,0.0014226044
0.15921678,0.7811137,0.059669517
0.99768853,0.0019871297,0.00032438998
0.8296848,0.015181374,0.15513381
0.9883592,0.008685641,0.0029551405
0.98866177,0.009893323,0.0014448882
0.9833018,0.015555771,0.0011423684
0.98812497,0.008125668,0.00374938
0.98566157,0.012504964,0.0018334578
0.98251665,0.0074869697,0.009996416
0.9909831,0.0062604025,0.002756418
0.99436027,0.0045069256,0.0011328718
0.15947187,0.603459,0.23706916
0.98166555,0.015774446,0.002560063
0.87315655,0.024576787,0.10226665
0.89190906,0.046650354,0.061440624
0.6881626,0.07761605,0.2342213
0.97379816,0.011800219,0.014401564
0.99123013,0.0062742042,0.0024957063
0.99513924,0.004147119,0.0007136579
0.93966043,0.01428193,0.046057634
0.9901682,0.0077242074,0.0021075604
0.98883003,0.00848848,0.0026814728
0.995876,0.0030601576,0.0010637771
0.98900163,0.009197775,0.0018005682
0.9969043,0.0019169752,0.0011787098
0.99098563,0.007898468,0.0011158736
0.9883216,0.011000727,0.000677634
0.9920907,0.0034476926,0.0044616456
0.9892769,0.008609219,0.0021139046
0.97887087,0.008152412,0.012976728
0.9590675,0.007532913,0.033399455
0.99151784,0.006812562,0.0016694901
0.98703325,0.010300617,0.0026661654
0.993512,0.0017225819,0.0047654994
0.983002,0.013108074,0.0038899044
0.9854673,0.0014557741,0.01307694
0.985886,0.010835183,0.003278828
0.9821929,0.014711299,0.003095725
0.46433744,0.26547736,0.2701852
0.9273746,0.008334833,0.06429053
0.6469526,0.026266482,0.32678086
0.98546547,0.010264188,0.0042704013
0.9916539,0.0074539883,0.0008919924
0.99096453,0.0075513446,0.0014840466
0.9895298,0.007308417,0.0031617829
0.9893937,0.006165488,0.0044408347
0.9914567,0.007964199,0.0005791827
0.99352384,0.00510272,0.0013733783
0.9912452,0.006045732,0.0027091047
0.98879457,0.008131174,0.0030742134
0.98513246,0.008164597,0.0067029097
0.99081504,0.005755123,0.0034298352
0.98684585,0.006968423,0.0061857495
0.9989899,0.00034374173,0.00066647324
0.989711,0.008429926,0.0018590566
0.9825926,0.009263964,0.008143547
0.9980312,0.0008047188,0.0011640186
0.2972951,0.07144614,0.6312588
0.9864741,0.011066281,0.0024595945
0.97413087,0.005131777,0.020737346
0.9801871,0.016346168,0.0034667316
0.98988754,0.005897594,0.0042148205
0.9905571,0.0053629675,0.0040799305
0.98589396,0.009386308,0.004719732
0.98199344,0.017145453,0.00086115743
0.9847398,0.0055114655,0.009748789
0.98788714,0.010595318,0.0015174828
0.99028707,0.0072146947,0.0024982064
0.9918282,0.0072968337,0.00087489345
0.9889347,0.008775984,0.0022893525
0.9066284,0.024879133,0.06849253
0.99031246,0.007516955,0.002170535
0.46531913,0.46645653,0.068224356
0.9787133,0.013703949,0.0075828345
0.99416816,0.005056408,0.00077542535
0.9821362,0.010179685,0.0076840296
0.99226075,0.0055644168,0.0021748052
0.97938114,0.014134797,0.0064840335
0.98596305,0.012981701,0.0010552472
0.9886184,0.007301686,0.0040799067
0.99329185,0.0062261545,0.0004819886
0.9872531,0.011606521,0.001140258
0.9955603,0.003432826,0.0010068446
0.98617584,0.008277667,0.0055465195
0.969763,0.0040890053,0.026147941
0.98423934,0.013292257,0.0024684437
0.56573176,0.16755693,0.26671132
0.7012116,0.26090652,0.037881948
0.9858915,0.012980759,0.0011276195
0.9942675,0.0047971494,0.000935435
0.983136,0.012595324,0.004268636
0.9836932,0.014477042,0.0018297965
0.9846966,0.0120729385,0.0032304036
0.8867918,0.07426426,0.03894389
0.9927174,0.0060428972,0.0012397369
0.9800975,0.0072599906,0.012642524
0.2824035,0.6723429,0.045253597
0.13563815,0.10208554,0.7622763
0.98418266,0.006592628,0.009224745
0.012655222,0.97821176,0.009133034
0.011973138,0.9813368,0.0066901376
0.012235992,0.9854058,0.002358197
0.025793249,0.9716727,0.002534003
0.0076378537,0.9829306,0.009431491
0.09735126,0.6654376,0.23721117
0.01905832,0.9794165,0.0015251811
0.47531274,0.22093304,0.30375427
0.012937086,0.9825745,0.004488436
0.014191244,0.9727861,0.013022618
0.012135957,0.9869409,0.0009231171
0.020518532,0.97712016,0.002361316
0.029443743,0.9245053,0.04605089
0.01346607,0.98357004,0.0029638861
0.013631145,0.98402774,0.002341141
0.020851543,0.97758394,0.0015645281
0.008579526,0.98875743,0.0026630093
0.0102185765,0.9849261,0.0048552793
0.011030305,0.9871155,0.0018541814
0.013377853,0.98382896,0.0027932178
0.011151008,0.987255,0.0015939536
0.014787266,0.98245585,0.002756823
0.010121808,0.9842114,0.005666741
0.013525464,0.9811779,0.0052966475
0.009479009,0.9840315,0.006489422
0.01889184,0.97943145,0.0016767461
0.015136364,0.9823538,0.0025098552
0.012804693,0.9839829,0.0032123385
0.017132888,0.9793591,0.0035080572
0.01275176,0.98567384,0.0015743971
0.017746309,0.936358,0.045895763
0.045494173,0.36811838,0.58638746
0.016590757,0.97942996,0.0039793216
0.016496288,0.97575694,0.0077467696
0.012203127,0.97797227,0.009824658
0.015715064,0.9808396,0.003445406
0.019270048,0.97494406,0.0057859174
0.017886946,0.9804165,0.0016965597
0.010262627,0.987242,0.0024953936
0.015923727,0.98132527,0.0027509627
0.011543271,0.9876431,0.0008136369
0.011022274,0.9815922,0.0073855654
0.010177263,0.98767275,0.0021500015
0.016847586,0.9772614,0.005891002
0.016115468,0.97965586,0.0042286753
0.01634981,0.98040545,0.003244719
0.019308593,0.9730856,0.0076057883
0.022485238,0.96547925,0.012035482
0.02057108,0.9767568,0.0026721156
0.026135856,0.97120976,0.002654347
0.01164669,0.98680764,0.0015457215
0.02089735,0.9768654,0.0022372496
0.05964783,0.9239816,0.016370634
0.022390673,0.9614188,0.016190518
0.018356211,0.9780433,0.0036004607
0.0070640882,0.98488414,0.008051701
0.032875787,0.96453154,0.0025926933
0.02281205,0.974741,0.0024470105
0.016052462,0.9739217,0.010025773
0.0071954564,0.991512,0.0012925965
0.011235181,0.977375,0.011389842
0.013768727,0.98333955,0.0028917242
0.013592179,0.97262853,0.013779284
0.05901054,0.83862936,0.10236014
0.0128630595,0.98557645,0.0015604661
0.015911639,0.9824974,0.0015909264
0.004969198,0.99240714,0.0026237024
0.019450722,0.94916207,0.03138719
0.27221572,0.27435073,0.45343357
0.012396858,0.9848044,0.0027987189
0.012256528,0.9851339,0.0026095656
0.016804608,0.97953975,0.003655608
0.022946335,0.97379917,0.0032544823
0.012660895,0.9853631,0.0019760428
0.011125897,0.9840702,0.0048039174
0.01295589,0.9811241,0.0059200646
0.015617825,0.9700224,0.0143597415
0.008875379,0.9904157,0.00070888444
0.014419159,0.98359483,0.0019860263
0.009369811,0.9899448,0.0006854077
0.016463773,0.98147154,0.0020647114
0.0116951205,0.98704785,0.0012569685
0.007900865,0.9903189,0.0017802217
0.0064948127,0.99257314,0.0009320187
0.015239633,0.98327774,0.0014826356
0.01906848,0.9799385,0.0009929833
0.00811043,0.9901321,0.0017574326
0.007854704,0.9912861,0.00085917895
0.012447873,0.98692757,0.0006246038
0.54131484,0.093038626,0.36564657
0.018706018,0.9793147,0.0019793164
0.017757041,0.9771056,0.005137404
0.025412792,0.9705189,0.0040682848
0.012324096,0.9771139,0.010561967
0.024897527,0.97054166,0.0045608217
0.010360299,0.98888177,0.0007578624
0.047060665,0.9498655,0.0030738227
0.029537404,0.96297973,0.007482826
0.017995734,0.98061657,0.001387682
0.018162595,0.98009104,0.0017464189
0.010004922,0.988166,0.0018291629
0.05324391,0.06146317,0.8852929
0.0061774673,0.9893818,0.0044407817
0.016917014,0.9698564,0.01322655
0.01433537,0.98266566,0.0029989935
0.024931606,0.97377014,0.0012983031
0.012348691,0.98577964,0.0018716704
0.016122214,0.9819822,0.0018956715
0.015209991,0.9842445,0.00054543454
0.035889193,0.9634063,0.00070452754
0.025961371,0.9722925,0.0017461111
0.012949583,0.97777766,0.009272742
0.085609525,0.48406464,0.43032587
0.033918936,0.85995805,0.10612296
0.004896182,0.99322355,0.0018802872
0.009128044,0.98823625,0.00263574
0.00851873,0.9884851,0.002996202
0.0042483835,0.9765623,0.019189265
0.020889467,0.97554374,0.0035667932
0.3423765,0.54338884,0.11423467
0.029380174,0.96819866,0.0024211106
0.033833727,0.8980867,0.068079546
0.007868671,0.9911112,0.0010201202
0.01585967,0.9716675,0.012472734
0.021838568,0.962766,0.015395391
0.003856016,0.99268746,0.0034565108
0.020721456,0.9762404,0.0030381475
0.020405898,0.9613736,0.018220417
0.0078512635,0.99085194,0.0012967917
0.01032378,0.98828727,0.0013890092
0.0146874515,0.9834778,0.001834763
0.004727,0.99127686,0.0039961124
0.020343184,0.9763682,0.0032886607
0.011586983,0.98462915,0.0037838484
0.015374854,0.96618783,0.018437264
0.01507739,0.9804395,0.0044830586
0.21205147,0.77185035,0.016098145
0.015486906,0.9770387,0.0074743666
0.0068188747,0.9924367,0.0007444205
0.027447445,0.4411446,0.53140795
0.6278993,0.32666576,0.04543493
0.02305095,0.9725238,0.0044252044
0.018257186,0.9794397,0.0023030776
0.02061927,0.97047776,0.008902946
0.020234067,0.9711311,0.008634841
0.022112269,0.9569113,0.020976406
0.020087916,0.9783433,0.0015688044
0.018705653,0.9792956,0.0019987014
0.0043682083,0.9943481,0.0012836963
0.0077748024,0.9908312,0.0013939452
0.041968163,0.8186654,0.13936642
0.027060404,0.9708283,0.0021112713
0.011034485,0.9874895,0.0014759569
0.017918756,0.98024356,0.0018376806
0.03255126,0.9653247,0.0021240485
0.022913193,0.96294284,0.014144005
0.020482736,0.972562,0.0069553014
0.02159171,0.97350514,0.0049031978
0.014493748,0.97907466,0.0064315605
0.015138843,0.9758213,0.009039816
0.023715064,0.9707069,0.005578081
0.019916937,0.97762394,0.0024590462
0.0072885007,0.9906955,0.002016053
0.014611115,0.974552,0.010836872
0.024307806,0.9719205,0.0037716636
0.021953214,0.9763639,0.0016829598
0.012884251,0.985274,0.0018417077
0.01373411,0.9837451,0.0025207838
0.008486631,0.98476046,0.0067529306
0.030914944,0.9607969,0.008288205
0.04057547,0.93757844,0.021846116
0.11374612,0.35849628,0.5277575
0.013626543,0.9836955,0.0026779894
0.013400249,0.948649,0.037950736
0.015588799,0.9786764,0.005734798
0.013750504,0.9743959,0.011853676
0.0133383935,0.9704462,0.016215362
0.016003693,0.9814493,0.002547032
0.026395204,0.96752834,0.006076521
0.015637232,0.9836363,0.00072638056
0.021111736,0.97729653,0.0015918044
0.018614272,0.9659841,0.015401663
0.021298153,0.9763447,0.0023571388
0.01271497,0.9799549,0.00733017
0.017880188,0.98004603,0.0020738286
0.013833797,0.9831744,0.0029917683
0.02929344,0.112953134,0.8577534
0.018225161,0.9710608,0.01071402
0.022956723,0.96854836,0.008494936
0.06237468,0.6885078,0.2491176
0.08957379,0.87469167,0.035734534
0.020028828,0.032669123,0.947302
0.01936374,0.97491235,0.0057239104
0.017344521,0.9799058,0.0027496675
0.0072992113,0.9873187,0.005382101
0.023120845,0.97261894,0.004260252
0.009136668,0.98820436,0.0026589218
0.012593848,0.985905,0.0015011857
0.022549868,0.97394437,0.003505738
0.012631944,0.98599446,0.0013736603
0.020906705,0.97539586,0.003697467
0.011740793,0.98031497,0.007944217
0.010677532,0.9878051,0.0015173568
0.01602813,0.98103,0.0029418326
0.018563362,0.9794686,0.001968062
0.018277679,0.9786258,0.0030965542
0.024388745,0.9723041,0.0033071106
0.022360768,0.97525465,0.0023845888
0.012891388,0.9858197,0.0012889463
0.022193935,0.95390224,0.023903808
0.039882425,0.9578075,0.0023101282
0.01419748,0.97797716,0.0078252945
0.74298686,0.041529376,0.21548375
0.9591327,0.016358381,0.024508921
0.034389872,0.79232305,0.17328711
0.9787627,0.017839344,0.0033980552
0.020743476,0.2303174,0.74893904
0.050726525,0.051878784,0.8973947
0.09685924,0.032222755,0.870918
0.027619798,0.0072686593,0.96511155
0.11430916,0.07460063,0.8110903
0.82036203,0.017704314,0.16193372
0.07125763,0.013639659,0.91510266
0.031948406,0.040743094,0.9273085
0.062215466,0.06113139,0.87665313
0.03297198,0.038548145,0.9284799
0.05991072,0.04976483,0.8903244
0.0409025,0.045274936,0.9138226
0.019184368,0.022450713,0.9583649
0.078937724,0.039886665,0.8811756
0.03722692,0.03221721,0.9305558
0.035180073,0.03690442,0.9279156
0.052060515,0.059629418,0.8883101
0.854128,0.008332789,0.13753924
0.07858981,0.047111787,0.8742984
0.98349804,0.014111288,0.0023906957
0.22789578,0.11571776,0.6563865
0.050445795,0.03819021,0.911364
0.6999707,0.19112791,0.10890138
0.02643021,0.06788853,0.90568125
0.025669299,0.048902422,0.92542833
0.17741963,0.025886277,0.7966941
0.042413373,0.09775112,0.85983545
0.06985537,0.043501448,0.8866432
0.032404684,0.030710112,0.93688524
0.052673526,0.024543354,0.92278314
0.024345115,0.029423224,0.9462317
0.023140166,0.009115071,0.96774477
0.04000637,0.01963129,0.9403624
0.06975994,0.021151284,0.90908885
0.11695008,0.045486305,0.8375636
0.06760632,0.054376286,0.87801737
0.50653046,0.01429481,0.47917473
0.9857245,0.011101152,0.0031743268
0.034668904,0.009817087,0.95551395
0.018610073,0.007098161,0.97429174
0.07907722,0.3605082,0.56041455
0.06408909,0.023995163,0.9119157
0.04757395,0.029887542,0.9225386
0.04707329,0.03203856,0.9208882
0.08947658,0.07352958,0.8369938
0.028977953,0.05980831,0.9112137
0.025529565,0.011791468,0.9626789
0.04209282,0.032974564,0.9249326
0.032117397,0.018210802,0.9496718
0.07579056,0.05173517,0.87247425
0.087833636,0.10011344,0.81205297
0.05187982,0.042343076,0.9057771
0.06797939,0.04179917,0.8902214
0.07947849,0.09112253,0.82939893
0.041974135,0.7953848,0.16264106
0.055416226,0.046710733,0.89787304
0.10553697,0.47949484,0.4149682
0.00920371,0.98097986,0.009816452
0.036504578,0.004398338,0.95909715
0.15070646,0.061188955,0.7881046
0.046400063,0.05382502,0.8997749
0.049323224,0.05128804,0.8993888
0.049874544,0.062617816,0.88750756
0.027193718,0.037314884,0.9354913
0.048037305,0.041128628,0.9108341
0.027597772,0.030399155,0.9420031
0.98756474,0.0071040974,0.005331125
0.046107713,0.06283741,0.89105487
0.13101524,0.028724073,0.8402607
0.04266231,0.056684203,0.9006535
0.052901197,0.038252436,0.9088463
0.064536266,0.031421766,0.90404195
0.06100442,0.045601044,0.8933946
0.038849544,0.037215583,0.9239349
0.04782047,0.03117821,0.92100143
0.04373759,0.044556703,0.91170573
0.023656003,0.68031055,0.29603344
0.081421405,0.32757863,0.591
0.15270644,0.026993802,0.8202997
0.9798716,0.00910397,0.011024465
0.061474167,0.8446973,0.0938285
0.20965399,0.27397496,0.5163711
0.037277747,0.30893862,0.6537836
0.01713047,0.0656678,0.91720176
0.03800723,0.04832798,0.9136648
0.05329767,0.11217198,0.8345304
0.29625416,0.040270217,0.6634756
0.026975961,0.017434007,0.95559007
0.034932002,0.22110067,0.7439673
0.038013615,0.018239131,0.9437473
0.060154743,0.0851638,0.8546815
0.06984692,0.07799601,0.8521571
0.026510911,0.36082613,0.61266303
0.0653232,0.051222716,0.88345414
0.03455162,0.018730436,0.94671804
0.04494997,0.11923973,0.83581036
0.04275439,0.014098901,0.9431467
0.06851584,0.027200542,0.90428364
0.02516419,0.028710358,0.9461254
0.050488718,0.10179101,0.84772027
0.032043993,0.03332048,0.9346355
0.9349275,0.025894824,0.039177623
0.4954978,0.026355157,0.47814706
0.17253944,0.019453142,0.80800736
0.08267738,0.76746696,0.14985564
0.097240575,0.039442517,0.86331695
0.23343104,0.020367121,0.7462018
0.072048016,0.03640534,0.89154655
0.40643552,0.34292215,0.2506423
0.9173843,0.02231408,0.0603016
0.052600548,0.030383462,0.9170161
0.038438294,0.018388944,0.9431728
0.15115827,0.027287083,0.82155466
0.11431945,0.089818045,0.7958625
0.027183179,0.039512686,0.9333042
0.045185715,0.033842538,0.9209718
0.060326893,0.031266626,0.9084065
0.051259674,0.04102773,0.90771264
0.045566455,0.03202871,0.9224048
0.10143411,0.5242599,0.37430596
0.042690475,0.8223003,0.13500921
0.09553957,0.06489832,0.83956206
0.047152285,0.030414091,0.92243356
0.4416925,0.42187774,0.13642968
0.46992117,0.15248659,0.37759227
0.097656816,0.7838543,0.118488856
0.05516689,0.5142887,0.43054438
0.06119164,0.093671285,0.84513706
0.086634465,0.25289816,0.6604674
0.07700411,0.024349025,0.8986469
0.03887457,0.029344065,0.9317813
0.052935533,0.27763337,0.66943115
0.062466927,0.06546479,0.8720683
0.039674103,0.036836162,0.9234897
0.06048349,0.038483206,0.90103334
0.9860729,0.010493558,0.0034334792
0.062769026,0.049316112,0.88791484
0.04904441,0.038121294,0.9128342
0.054292113,0.038124736,0.9075832
0.061861433,0.04841355,0.889725
0.04312719,0.03297003,0.9239027
0.06846695,0.010971451,0.9205617
0.11435397,0.32291353,0.5627326
0.037534557,0.026050258,0.93641514
0.032489993,0.025402265,0.9421077
0.063546,0.036670018,0.899784
0.031616155,0.03261976,0.93576413
0.04242696,0.028932676,0.92864037
0.06469297,0.05092707,0.88438004
0.03397836,0.02587463,0.9401471
0.65235704,0.065651335,0.28199163
0.037482806,0.03376383,0.9287534
0.08703698,0.0555406,0.8574225
0.029660577,0.025744403,0.944595
0.029777104,0.026536081,0.94368684
0.06189402,0.050516427,0.8875896
0.05601265,0.032008685,0.91197866
0.08270746,0.08969047,0.8276021
0.042780746,0.025396306,0.9318229
0.037931718,0.016668519,0.9453998
0.021022666,0.06654943,0.91242784
0.03789108,0.0241557,0.93795323
0.04516193,0.036147155,0.9186909
0.031272415,0.023036327,0.9456913
0.09998613,0.019659616,0.8803543
0.040608317,0.062711395,0.89668036
0.051832017,0.019501064,0.928667
0.014781137,0.018395422,0.96682346
0.032818723,0.013680881,0.95350045
0.055536013,0.05860046,0.8858635
0.036869235,0.09396519,0.86916566
0.11062439,0.03691007,0.85246557
0.1224088,0.05485163,0.82273954
0.08011379,0.051826477,0.86805975
0.049662005,0.060550783,0.88978726
0.05544713,0.044422686,0.90013015
0.026947694,0.03050593,0.94254637
0.019672286,0.059830498,0.92049724
0.04622159,0.03620895,0.91756946
0.04750667,0.017665477,0.9348278
0.050073743,0.044842,0.90508425
0.10618356,0.057393715,0.8364227
0.061623894,0.11546637,0.8229098
0.06333854,0.22411647,0.71254504
0.11717858,0.07419285,0.8086286
0.03788895,0.020539602,0.94157135
0.07423499,0.0436405,0.8821245
0.062641,0.03817966,0.8991794
0.010794715,0.24052317,0.74868214
0.051211055,0.052939966,0.895849
0.043241467,0.040305477,0.916453
0.041418176,0.019583676,0.9389982
0.028642623,0.026541885,0.9448155
0.026128614,0.029120123,0.94475126
0.011868201,0.0068086823,0.9813231
0.08070683,0.049916644,0.86937654
0.4188176,0.07660827,0.5045741
0.0689119,0.040039252,0.8910488
0.04464319,0.03741022,0.9179466
0.011412128,0.0035456847,0.98504215
0.04667725,0.041963983,0.9113588
0.19119284,0.049294557,0.7595126
0.028467827,0.0370566,0.9344756
0.08054054,0.06657512,0.8528843
0.041719884,0.05663584,0.9016443
0.01172602,0.010148023,0.9781259
0.96042484,0.009388129,0.030187104
0.055175666,0.029648995,0.9151754
0.07889988,0.0645221,0.85657793
0.026615448,0.02872201,0.9446625
0.057316884,0.03818128,0.90450186
0.043611445,0.03209431,0.92429423
0.026884511,0.057248972,0.9158665
0.062171318,0.044955585,0.8928731
0.047731042,0.035679147,0.9165898
0.9935143,0.0056924406,0.0007932919
0.07147503,0.10089442,0.8276305
0.04424764,0.041485704,0.9142667
0.053551838,0.03447452,0.91197366
0.033921406,0.01086313,0.9552155
0.056356415,0.12912717,0.81451637
0.032574262,0.016395373,0.9510304
0.021737698,0.014311725,0.96395063
0.010272016,0.016902646,0.97282535
0.036153436,0.023206042,0.94064057
0.02090224,0.026500432,0.9525973
0.044829704,0.035187237,0.9199831
0.0163248,0.008585779,0.9750894
0.017890293,0.039075997,0.94303375
0.04428085,0.020896377,0.9348228
0.0630381,0.0629151,0.8740468
0.18823637,0.053146385,0.7586172
0.056386076,0.027346523,0.91626734
0.026058529,0.011262491,0.962679
0.06784566,0.022614757,0.9095396
0.031469237,0.020597758,0.947933
0.061688747,0.01301936,0.92529196
0.099168554,0.029804891,0.8710266
0.09375276,0.027537908,0.8787093
0.021736464,0.015308455,0.9629551
0.08159767,0.069794185,0.8486082
0.051592547,0.17199731,0.77641016
0.049143534,0.050358094,0.9004984
0.04027206,0.038653694,0.92107433
0.0141466325,0.01896216,0.9668912
0.059637707,0.051060677,0.88930166
0.051319532,0.03278035,0.9159001
0.035938315,0.018919675,0.94514203
0.011935766,0.013604476,0.9744597
0.04874539,0.026091529,0.9251631
0.022414772,0.019819641,0.9577656
0.05259522,0.13782768,0.8095771
0.07541338,0.03586711,0.8887195
0.031338703,0.017256245,0.951405
0.015456023,0.007547391,0.9769966
0.034662172,0.024820369,0.9405175
0.0071566105,0.0028245498,0.99001884
0.031114664,0.021510446,0.94737494
0.0522963,0.06662721,0.88107646
0.04611333,0.023141999,0.93074465
0.010305318,0.033526883,0.9561679
0.06492577,0.036171943,0.89890224
0.034612138,0.037169684,0.92821825
0.03030879,0.069989964,0.8997013
0.054954834,0.06759559,0.8774495
0.05364595,0.038115047,0.908239
0.091583684,0.05003691,0.8583794
0.06864415,0.043335624,0.8880203
0.055768948,0.041524988,0.902706
0.038500197,0.03054552,0.93095434
0.054441694,0.031019945,0.9145383
0.051788762,0.032918945,0.9152924
0.056357272,0.034082416,0.90956026
0.052396324,0.017949233,0.9296545
0.046976175,0.01956347,0.9334603
0.05462727,0.24315456,0.7022182
0.05227647,0.021100985,0.9266225
0.03453708,0.020066762,0.94539607
0.087085105,0.042359076,0.8705558
0.04154519,0.026640851,0.931814
0.02682738,0.09254585,0.8806268
0.014000328,0.008327385,0.9776723
0.08256022,0.030700227,0.8867396
0.09577794,0.038811326,0.86541075
0.038168784,0.053199515,0.90863174
0.053877115,0.043716315,0.9024066
0.052162457,0.021428345,0.92640924
0.03519372,0.034715835,0.93009037
0.053870082,0.042077154,0.9040528
0.044153094,0.032779764,0.9230672
0.039428435,0.044591095,0.9159805
0.06304705,0.014095203,0.92285776
0.049524717,0.041218124,0.90925723
0.04415739,0.029072464,0.92677015
0.043070152,0.01971895,0.93721086
0.044479642,0.040936567,0.91458374
0.050563905,0.036384266,0.91305184
0.06063118,0.021015052,0.9183538
0.084694296,0.052793708,0.862512
0.05745349,0.031451184,0.9110954
0.17016466,0.01921352,0.8106219
0.05927897,0.039334357,0.9013867
0.036768556,0.028747454,0.934484
0.013858134,0.034332722,0.9518091
0.07382074,0.044252906,0.8819263
0.026054502,0.015167802,0.9587777
0.030935481,0.045363877,0.9237007
0.11508071,0.17564857,0.70927066
0.057534065,0.041602425,0.9008635
0.062344268,0.03483562,0.9028201
0.054482386,0.13980661,0.805711
0.047328796,0.03398993,0.91868126
0.07258973,0.050824486,0.8765857
0.047336083,0.055125736,0.89753824
0.058784466,0.024361847,0.91685367
0.04736074,0.028838173,0.92380106
0.05046934,0.0037317371,0.945799
0.06441999,0.01356926,0.9220108
0.048672274,0.055099078,0.89622855
0.06491799,0.046758678,0.88832337
0.04356704,0.025837837,0.93059516
0.05816229,0.032026306,0.9098113
0.08649066,0.059386082,0.85412323
0.012360093,0.018142588,0.9694974
0.09580133,0.063568644,0.84063
0.06606408,0.0767855,0.85715044
0.04895485,0.0743562,0.87668896
0.049521822,0.054495417,0.89598286
0.029437661,0.043083247,0.927479
0.021393789,0.029906074,0.9487002
0.02759492,0.0193965,0.95300853
0.056790378,0.050510406,0.89269924
0.13195302,0.02011743,0.8479295
0.060784295,0.053380672,0.88583505
0.05029073,0.0254861,0.9242232
0.051430367,0.047565315,0.9010043
0.08969073,0.40809667,0.50221264
0.043330424,0.013795241,0.9428744
0.0768606,0.03834718,0.8847922
0.046630543,0.027681697,0.9256878
0.08553251,0.019709943,0.89475757
0.061025765,0.040453915,0.8985203
0.060050435,0.034822475,0.90512717
0.04422576,0.067042254,0.888732
0.043112963,0.04404924,0.91283774
0.0412955,0.048185125,0.9105194
0.038143896,0.035002805,0.92685336
0.04967502,0.04805274,0.9022722
0.034465514,0.015626116,0.9499083
0.054051064,0.044158295,0.9017906
0.055316787,0.016351612,0.92833155
0.042919893,0.026780006,0.9303001
0.052392848,0.058849365,0.8887578
0.047782023,0.022926064,0.92929184
0.08061174,0.041657776,0.8777305
0.11616868,0.015760152,0.8680712
0.03578534,0.009208402,0.9550063
0.04796421,0.03991936,0.9121164
0.048461102,0.038037553,0.9135013
0.08061275,0.10721253,0.8121747
0.07855201,0.044149827,0.8772981
0.057321157,0.038109623,0.90456927
0.059039615,0.04932944,0.891631
0.028608369,0.03778906,0.93360263
0.07709892,0.0213887,0.9015123
0.06971398,0.050606925,0.879679
0.03396422,0.008680245,0.95735544
0.041122787,0.029303156,0.929574
0.1008151,0.06327358,0.8359114
0.049257826,0.03750999,0.91323215
0.02709121,0.029957967,0.9429508
0.041722275,0.03339409,0.92488366
0.012716231,0.010098738,0.9771851
0.033824813,0.013679813,0.9524954
0.04786246,0.033024106,0.91911346
0.059093196,0.048466537,0.89244026
0.009757984,0.016056806,0.9741853
0.049023677,0.043858793,0.9071176
0.06789553,0.00846499,0.9236395
0.10356441,0.07062479,0.8258108
0.046989195,0.022023393,0.9309875
0.05577001,0.12629482,0.81793517
0.07560297,0.00829807,0.916099
0.029827308,0.032251008,0.93792176
0.03266957,0.031051992,0.9362784
0.06567316,0.013460095,0.9208667
0.035462093,0.013525777,0.95101213
0.070606105,0.033221934,0.89617187
0.026217567,0.0108865,0.9628959
0.038600042,0.8325909,0.12880911
0.053421143,0.023406442,0.92317235
0.024433006,0.013786216,0.9617807
0.050525267,0.040677562,0.9087972
0.032455012,0.022768153,0.9447768
0.018563144,0.016222717,0.9652142
0.02987866,0.022290837,0.9478305
0.044385683,0.10159984,0.8540145
0.025787262,0.0571557,0.91705704
0.022114608,0.0457768,0.9321086
0.05269872,0.039277267,0.908024
0.063004255,0.055276226,0.8817196
0.019484706,0.024107441,0.9564079
0.059254464,0.04412027,0.8966253
0.037195485,0.02939533,0.93340915
0.022403965,0.026814036,0.950782
0.28581563,0.031888064,0.6822964
0.04416002,0.023568006,0.93227196
0.31270704,0.06706861,0.62022436
0.0573135,0.08595377,0.8567328
0.028358025,0.031635664,0.9400063
0.04645402,0.05008183,0.9034641
0.054041162,0.025652187,0.9203066
0.03374876,0.024213552,0.94203764
0.058551185,0.025554154,0.9158947
0.0425038,0.04338446,0.91411173
0.94159895,0.0060009356,0.052400053
0.14513743,0.048900638,0.80596197
0.093751416,0.1627808,0.7434678
0.09047681,0.03630689,0.8732164
0.25362015,0.11543739,0.6309424
0.022216067,0.018256601,0.9595273
0.03833543,0.008066993,0.95359755
0.06631895,0.046343327,0.88733774
0.094872296,0.017226988,0.8879007
0.18495883,0.06817558,0.7468656
0.037454233,0.038118433,0.9244274
0.05813673,0.028892407,0.91297084
0.051699944,0.024709195,0.92359084
0.027415194,0.19414726,0.77843755
0.08509972,0.04359221,0.87130815
0.07891262,0.07929888,0.8417885
0.06555839,0.024117583,0.910324
0.0812813,0.037578482,0.8811402
0.08465278,0.045222957,0.8701243
0.041376766,0.049424876,0.9091983
0.054243177,0.032771885,0.91298497
0.11802956,0.08009711,0.8018733
0.019896043,0.07954024,0.9005637
0.028896881,0.037249554,0.9338535
0.07124037,0.03332454,0.89543504
0.020224381,0.024158183,0.95561737
0.09739623,0.05047918,0.85212463
0.15732956,0.056648098,0.7860224
0.02254421,0.005655711,0.97180015
0.062408287,0.024084046,0.9135077
0.043411504,0.022042891,0.9345456
0.051767852,0.04308503,0.9051471
0.06110623,0.044445086,0.89444876
0.27529126,0.08798838,0.6367204
0.0410861,0.018303204,0.9406107
0.067834705,0.039490428,0.8926748
0.033611834,0.01896533,0.94742274
0.064053364,0.025428953,0.91051775
0.042734396,0.025542807,0.9317228
0.02569018,0.017795067,0.9565148
0.117572986,0.01324942,0.86917764
0.10568027,0.028277285,0.86604244
0.01584389,0.0925207,0.8916355
0.0406973,0.032131393,0.9271713
0.025109053,0.19396195,0.78092897
0.038551953,0.051725563,0.90972245
0.03813917,0.031495214,0.9303657
0.048178848,0.03383191,0.91798925
0.020090811,0.0109338565,0.9689753
0.152679,0.05279022,0.79453075
0.012728691,0.0110373,0.976234
0.035313092,0.048598357,0.91608864
0.18320331,0.042652123,0.77414453
0.020667447,0.057456072,0.9218765
0.040696602,0.046522386,0.9127811
0.022987647,0.93406576,0.04294658
0.045656368,0.040886156,0.9134575
0.05307201,0.03514704,0.91178095
0.0306188,0.022423081,0.9469582
0.09563675,0.03430073,0.8700625
0.054692626,0.028346466,0.91696095
0.03938991,0.022908716,0.93770134
0.05355196,0.03090283,0.9155451
0.041512206,0.05252762,0.9059602
0.017853392,0.0073844837,0.97476214
0.055502594,0.06734234,0.877155
0.036117025,0.028766897,0.93511605
0.07032188,0.04146139,0.8882167
0.060910165,0.071559764,0.86753005
0.06842946,0.032386985,0.8991835
0.104020484,0.03852949,0.85744995
0.06868356,0.028353324,0.90296316
0.13629486,0.033270277,0.83043486
0.08698956,0.053960327,0.85905004
0.05685987,0.034386363,0.90875375
0.05840656,0.029743884,0.9118496
0.01802533,0.018743375,0.9632313
0.051429387,0.030709887,0.9178607
0.1015822,0.044551667,0.8538662
0.026053209,0.023606168,0.9503407
0.10509607,0.14407077,0.7508332
0.007849378,0.0034695608,0.9886811
0.04470691,0.044969637,0.91032344
0.04736687,0.03858428,0.9140488
0.07903287,0.06000771,0.8609594
0.03552599,0.063331924,0.90114206
0.0847642,0.04736304,0.86787283
0.08773785,0.06258106,0.84968114
0.082075715,0.030341757,0.88758254
0.98054034,0.011348884,0.008110682
0.9708467,0.0127079915,0.016445363
0.065040305,0.023856996,0.91110265
0.46718425,0.09500697,0.4378088
0.015272504,0.9518222,0.03290525
0.057654727,0.03162305,0.91072226
0.1304662,0.027055003,0.8424788
0.04182787,0.0354642,0.92270803
0.054456852,0.0253743,0.9201689
0.06591598,0.033864435,0.90021956
0.032135233,0.024138795,0.943726
0.021172183,0.01769002,0.96113783
0.039950456,0.011786289,0.9482633
0.031810693,0.009970655,0.95821863
0.038208183,0.044192605,0.91759914
0.05862895,0.055076804,0.8862942
0.017240077,0.074887484,0.90787244
0.037037857,0.02255252,0.9404096
0.053456776,0.014600005,0.9319432
0.08499745,0.04261437,0.87238824
0.034042858,0.02126191,0.9446953
0.10395637,0.022647412,0.8733962
0.048333146,0.035223424,0.9164435
0.02349297,0.048110384,0.9283966
0.021816567,0.01826406,0.9599194
0.05013451,0.052489225,0.8973762
0.0681513,0.045888864,0.88595986
0.05487655,0.030454049,0.91466945
0.031760953,0.031854138,0.9363849
0.059551828,0.055889156,0.884559
0.045585316,0.0352256,0.9191891
0.06824847,0.022157038,0.90959454
0.07848526,0.06818917,0.8533256
0.0425848,0.019842489,0.93757266
0.029184936,0.010926935,0.9598881
0.06445335,0.01755187,0.9179948
0.038721748,0.054659773,0.9066185
0.08874779,0.022340566,0.8889116
0.02197906,0.013781035,0.96423995
0.056540467,0.032723114,0.9107364
0.057004046,0.01668661,0.9263093
0.037019596,0.018433722,0.9445467
0.07494746,0.027038349,0.8980142
0.04053718,0.044914406,0.91454846
0.043966528,0.020566488,0.93546695
0.053528856,0.016909529,0.9295617
0.07464598,0.03964418,0.8857099
0.014584414,0.007883082,0.9775325
0.060731348,0.039828587,0.89944005
0.048156135,0.049394503,0.90244937
0.04202805,0.0452218,0.9127501
0.03941302,0.0314535,0.92913353
0.07942287,0.07210378,0.8484733
0.064573616,0.049655575,0.88577086
0.038389646,0.03242217,0.92918813
0.050207157,0.029804911,0.91998804
0.091319785,0.03162097,0.87705916
0.04578794,0.06457135,0.8896407
0.025986068,0.015884966,0.958129
0.053743802,0.02112875,0.92512745
0.060738843,0.04409167,0.89516944
0.014421091,0.018993225,0.96658564
0.019759364,0.013188309,0.9670523
0.02476746,0.020076897,0.9551557
0.042133797,0.048165318,0.9097009
0.020240279,0.0064313873,0.97332835
0.056775004,0.01973622,0.92348874
0.031767163,0.08926739,0.87896544
0.14040591,0.057510033,0.802084
0.0440394,0.042435076,0.9135254
0.051601157,0.037312385,0.91108644
0.3005632,0.01895808,0.68047875
0.06797151,0.0234674,0.90856105
0.12492964,0.02133124,0.85373914
0.08321707,0.26446334,0.65231955
0.13516495,0.042490028,0.82234496
0.035397954,0.17491677,0.7896853
0.07641228,0.014259632,0.9093281
0.010971182,0.032753896,0.9562749
0.016193923,0.03431603,0.9494901
0.09428586,0.055862527,0.8498516
0.047473423,0.03463069,0.917896
0.026323676,0.024656467,0.9490199
0.05088964,0.045306407,0.903804
0.047086608,0.059233118,0.8936802
0.018301442,0.03657491,0.9451236
0.031061599,0.049587842,0.91935056
0.0453123,0.046341576,0.9083461
0.073165104,0.018808711,0.9080263
0.02724646,0.005694461,0.9670591
0.04657857,0.02695761,0.9264638
0.056760397,0.05013982,0.8930997
0.049784124,0.02722622,0.92298967
0.04587325,0.040800516,0.9133262
0.032174457,0.042127643,0.9256978
0.06879905,0.032881446,0.8983195
0.054086328,0.020329354,0.92558426
0.07069714,0.015170349,0.9141325
0.06033313,0.041750744,0.89791614
0.013767724,0.049822155,0.9364101
0.045616247,0.06025492,0.89412886
0.087934524,0.020482304,0.89158314
0.040367436,0.06215704,0.89747554
0.082866125,0.074063405,0.84307045
0.054861177,0.035179727,0.9099591
0.066286564,0.03985302,0.89386046
0.08285169,0.032476887,0.8846714
0.05353336,0.040133808,0.90633285
0.050873134,0.04296516,0.9061617
0.06573849,0.04562475,0.8886368
0.027437193,0.03145689,0.94110596
0.057605576,0.050048593,0.89234585
0.045508303,0.056360126,0.89813167
0.01326369,0.010349967,0.97638625
0.046293426,0.022060508,0.93164617
0.03844673,0.030983454,0.93056977
0.037743077,0.011399123,0.95085776
0.044326317,0.110677175,0.8449965
0.08491838,0.0083426265,0.906739
0.038379155,0.13136548,0.83025527
0.49500903,0.03879015,0.4662009
0.048178848,0.03383191,0.91798925
0.060135383,0.010148251,0.9297164
0.102385044,0.041610394,0.8560046
0.024576146,0.023936609,0.9514872
0.029057657,0.0077447593,0.9631976
0.054725595,0.029551087,0.9157233
0.05123514,0.09478963,0.85397524
0.02230872,0.0075531877,0.97013813
0.068694435,0.020226872,0.91107863
0.037201796,0.040107056,0.92269105
0.06345837,0.050199702,0.886342
0.056166355,0.049663536,0.89417005
0.032101233,0.037972536,0.9299262
0.027331235,0.064927064,0.90774167
0.051786713,0.016271558,0.93194175
0.035595145,0.02094575,0.9434591
0.1884977,0.06652527,0.74497706
0.026352376,0.020805769,0.95284194
0.043808263,0.03405134,0.9221404
0.018625112,0.009148347,0.97222656
0.044163268,0.031654667,0.924182
0.04801646,0.04862993,0.90335363
0.02530032,0.006587105,0.9681125
0.05507318,0.038560078,0.9063668
0.009977737,0.03765559,0.9523666
0.031045984,0.0464692,0.9224849
0.21038479,0.07545584,0.71415937
0.06275674,0.023109471,0.9141338
0.06432285,0.039013777,0.8966634
0.044948533,0.0344296,0.9206219
0.06162595,0.013120921,0.92525315
0.040340587,0.017901028,0.94175845
0.05667,0.038494915,0.9048351
0.080379784,0.052920666,0.8666995
0.12680483,0.025888061,0.8473071
0.041237354,0.026598848,0.9321638
0.08635459,0.018629953,0.8950154
0.05626812,0.031165382,0.91256654
0.05619515,0.040396873,0.90340793
0.07309522,0.010843435,0.91606134
0.034727585,0.013732975,0.95153946
0.046992626,0.07450961,0.8784977
0.06347404,0.062857196,0.87366873
0.07364463,0.024788605,0.90156674
0.01978454,0.02414602,0.95606935
0.02461226,0.030840555,0.9445471
0.058472816,0.03308983,0.9084374
0.03694299,0.06888391,0.894173
0.048095558,0.054980513,0.8969239
0.041711852,0.07770003,0.88058805
0.04441725,0.026993092,0.9285897
0.07893685,0.047181405,0.8738818
0.06557616,0.025629885,0.9087939
0.035476606,0.029699763,0.93482363
0.046718556,0.03306378,0.92021763
0.06488345,0.032403182,0.9027133
0.029137403,0.011601382,0.9592611
0.037675377,0.024230221,0.9380944
0.06172782,0.025857937,0.91241425
0.07851362,0.038602274,0.88288414
0.07371392,0.05419423,0.8720919
0.052374832,0.030970516,0.9166547
0.017335718,0.038012892,0.94465137
0.98644966,0.0115970755,0.001953266
0.06656288,0.03497356,0.89846355
0.9275363,0.01936353,0.053100184
0.8614799,0.043037407,0.095482655
0.9842126,0.014400062,0.0013873407
0.94296914,0.011881827,0.045149133
0.98375595,0.01249298,0.003751073
0.98446554,0.013974247,0.0015602299
0.9944711,0.0046687108,0.00086025766
0.9917869,0.006656555,0.0015565581
0.6749447,0.32147875,0.003576542
0.6672645,0.028467631,0.30426782
0.9931722,0.0022284244,0.0045993
0.7038561,0.019295933,0.27684796
0.9908524,0.00431055,0.004837026
0.9893356,0.009670731,0.0009937331
0.9908607,0.0075064413,0.0016329217
0.9307907,0.06402519,0.0051841442
0.984235,0.011171312,0.00459366
0.053079747,0.10023702,0.8466832
0.99526876,0.0038359575,0.00089524395
0.9907414,0.007989602,0.0012690864
0.12356812,0.07947053,0.79696137
0.93489647,0.028066492,0.037037104
0.6035659,0.04807512,0.348359
0.89218616,0.10368226,0.0041316417
0.95883566,0.007642223,0.033522073
0.9900531,0.009297911,0.000649002
0.98106474,0.008646833,0.010288443
0.8344911,0.024442038,0.1410669
0.9822965,0.0129081905,0.004795259
0.054943804,0.8354668,0.10958939
0.9881378,0.0048711114,0.0069911866
0.95499945,0.03502446,0.00997605
0.82277787,0.06557177,0.111650325
0.0789523,0.04742162,0.87362605
0.99507564,0.0013074167,0.0036169502
0.8554435,0.01362589,0.13093054
0.99473983,0.002167501,0.0030926974
0.14155653,0.09328945,0.765154
0.10478504,0.058037575,0.83717734
0.9924366,0.0036856984,0.0038776963
0.9757465,0.016544512,0.007708954
0.09524509,0.34015545,0.5645995
0.971305,0.026317712,0.002377252
0.9835122,0.01563526,0.0008524411
0.99330235,0.0046997974,0.0019978082
0.9917835,0.007099694,0.001116772
0.99865216,0.00052192353,0.0008259263
0.92857105,0.026136542,0.045292396
0.9758951,0.020795204,0.0033096145
0.9721548,0.021000665,0.006844602
0.98921096,0.010465451,0.00032352368
0.9943857,0.0048828004,0.00073145574
0.99224335,0.006256132,0.0015005443
0.04431983,0.9057526,0.049927548
0.98731726,0.011449662,0.0012329931
0.9868248,0.011443951,0.001731156
0.9946069,0.0050685294,0.00032465372
0.9869903,0.012327688,0.0006820287
0.9935573,0.0058963797,0.0005463105
0.9925867,0.006419233,0.000994082
0.98708063,0.010607365,0.0023119957
0.9899672,0.009099493,0.00093321
0.9896327,0.008138067,0.0022291734
0.98731184,0.012046039,0.00064216834
0.9920036,0.0073410124,0.0006553808
0.9873071,0.011652584,0.0010403034
0.992784,0.006888201,0.00032787857
0.9949634,0.0047538555,0.00028271676
0.99435294,0.005269091,0.00037798236
0.997059,0.0027463662,0.00019471745
0.99230206,0.00730032,0.00039762814
0.9818804,0.013260399,0.00485921
0.99007964,0.008549153,0.001371293
0.98967373,0.009608131,0.0007181044
0.99653566,0.0032981029,0.00016613844
0.99187964,0.0050843353,0.0030359952
0.98105204,0.0155353425,0.003412662
0.5483415,0.416139,0.0355195
0.994514,0.0051983846,0.0002876004
0.9912259,0.007538598,0.001235459
0.9882151,0.011085812,0.000699069
0.99225205,0.0045149727,0.0032330134
0.9903037,0.0028253624,0.006870992
0.9929594,0.0036233843,0.0034171767
0.9871788,0.008294182,0.0045271176
0.99127156,0.002254777,0.00647364
0.98856515,0.009541298,0.0018935286
0.9910836,0.007108554,0.0018078862
0.041402142,0.020879384,0.93771845
0.9965006,0.0022402636,0.0012591308
0.08946539,0.1053131,0.80522156
0.99255157,0.0069677653,0.00048068957
0.9901502,0.008566478,0.0012832797
0.9802981,0.0133559005,0.0063459557
0.9340518,0.033939872,0.032008346
0.87742925,0.029228404,0.09334233
0.9112149,0.030816803,0.05796828
0.57383776,0.074267164,0.35189506
0.06438871,0.029221343,0.90638995
0.9100707,0.06848456,0.021444656
0.9963595,0.0031465155,0.0004939767
0.1805903,0.78440064,0.035009027
0.9870331,0.0118791135,0.0010877993
0.18378167,0.80457234,0.01164596
0.98913455,0.008641671,0.0022237038
0.98963416,0.008217941,0.002147969
0.13624746,0.05283676,0.81091577
0.99259734,0.006636021,0.0007666764
0.9674106,0.011362144,0.02122728
0.9847365,0.009921636,0.005341877
0.98772836,0.01123288,0.0010387165
0.9905173,0.008653752,0.000828855
0.99401903,0.004383854,0.0015970571
0.9899983,0.005761621,0.0042400635
0.99043745,0.009121614,0.00044102655
0.988689,0.010728914,0.0005820958
0.11662094,0.3700781,0.51330096
0.981327,0.01452709,0.004145854
0.9871137,0.011741677,0.0011445592
0.99670815,0.0028715406,0.00042019924
0.98043764,0.017713502,0.001848846
0.1523354,0.106036134,0.7416284
0.46315014,0.4447552,0.09209466
0.9960998,0.003523012,0.0003771702
0.97321564,0.025583148,0.0012012229
0.99509853,0.0032869207,0.0016144812
0.994239,0.005499801,0.00026127993
0.9935114,0.0062519046,0.00023679716
0.013787461,0.90050775,0.08570473
0.022787854,0.9765638,0.0006483383
0.009767967,0.98860604,0.0016260272
0.26298124,0.48558965,0.25142905
0.013611586,0.98165673,0.004731682
0.01181537,0.985579,0.0026056506
0.015422672,0.98253447,0.0020428668
0.0080324635,0.9902372,0.0017303698
0.01230588,0.924648,0.063046105
0.07602367,0.2392548,0.6847215
0.01716388,0.921687,0.061149098
0.008259629,0.81897974,0.17276064
0.012854104,0.9848903,0.0022556286
0.004299292,0.994072,0.0016286429
0.016501071,0.9400243,0.043474533
0.01076178,0.9859239,0.003314367
0.0069321976,0.97884387,0.014223946
0.032289673,0.052206982,0.9155034
0.013725619,0.98217726,0.004097101
0.044489633,0.9410667,0.014443669
0.005388532,0.9865696,0.008041886
0.009859921,0.95781064,0.03232944
0.021673277,0.20076884,0.7775579
0.023860242,0.8703481,0.10579162
0.031019883,0.8859666,0.08301352
0.042194143,0.12832756,0.8294783
0.013972785,0.9834018,0.0026254086
0.009309071,0.9893072,0.0013836699
0.053065635,0.94429237,0.0026419826
0.06268695,0.36268124,0.57463175
0.04266491,0.48217335,0.47516173
0.0118769575,0.98685396,0.0012690545
0.1626638,0.7030089,0.13432728
0.044152617,0.8164866,0.1393608
0.0063225077,0.9662406,0.027436918
0.015878458,0.9794916,0.0046299286
0.07412459,0.14799131,0.777884
0.012646757,0.9823423,0.0050109196
0.009452006,0.9879589,0.0025890868
0.026774595,0.97189754,0.0013278315
0.018221438,0.9803899,0.0013887166
0.042278565,0.37848437,0.5792371
0.020901626,0.89967537,0.07942299
0.008545376,0.9896423,0.0018123226
0.03298243,0.86044496,0.10657261
0.011449468,0.9873006,0.0012499449
0.0384065,0.9591045,0.0024890434
0.05752795,0.8790426,0.063429385
0.027250703,0.8923415,0.08040776
0.0128077725,0.96235955,0.024832705
0.048185054,0.5530667,0.39874822
0.014908781,0.94424707,0.040844124
0.007542492,0.9917379,0.00071960216
0.0065098503,0.9929301,0.0005600056
0.019254085,0.979861,0.0008848343
0.042098362,0.7757476,0.18215403
0.12404969,0.08693959,0.7890107
0.009121204,0.9855688,0.00530997
0.028333228,0.13837574,0.833291
0.009565703,0.98915976,0.0012745064
0.012930645,0.98496675,0.0021026402
0.015291856,0.9666194,0.018088732
0.019848432,0.9742614,0.0058901487
0.015559335,0.98064995,0.0037907027
0.011188658,0.98769045,0.0011208858
0.019890953,0.9744435,0.0056655593
0.008668393,0.99025714,0.0010744327
0.0018150333,0.97385263,0.024332354
0.006248833,0.9843338,0.009417324
0.0125452215,0.9840184,0.003436378
0.048243627,0.92824435,0.023512065
0.032870594,0.9415797,0.025549697
0.024739036,0.9068208,0.0684402
0.030748388,0.9668852,0.0023664345
0.01612273,0.9762763,0.007600977
0.043631587,0.60538375,0.35098463
0.062004667,0.16904067,0.7689546
0.062196095,0.61398166,0.3238222
0.0066114436,0.9908545,0.002534047
0.0070972247,0.9895041,0.0033986415
0.035214722,0.9620645,0.0027207767
0.01318541,0.98398525,0.0028293543
0.005964361,0.9933035,0.00073208817
0.008911017,0.99051595,0.00057300995
0.010011952,0.9888603,0.0011277064
0.018885827,0.9791197,0.0019944431
0.014996324,0.9799412,0.005062536
0.0061608395,0.9925171,0.0013220063
0.011913673,0.97170657,0.016379755
0.030294364,0.69890267,0.27080294
0.019333754,0.97625864,0.0044076294
0.010846902,0.9811863,0.007966823
0.02033173,0.9786814,0.000986879
0.8919139,0.057521492,0.05056463
0.06405484,0.052127093,0.8838181
0.8979849,0.080247395,0.021767689
0.017682336,0.9796688,0.002648858
0.006084855,0.969802,0.024113119
0.025054175,0.093909316,0.8810365
0.007577029,0.9827507,0.009672257
0.029676702,0.9684665,0.0018568434
0.031945724,0.9533999,0.014654412
0.013058702,0.97834367,0.0085976245
0.058748815,0.5568492,0.38440204
0.03220022,0.549098,0.41870177
0.0057152105,0.99359953,0.0006852561
0.01307236,0.9841606,0.0027670057
0.0148593085,0.9833935,0.0017471773
0.014727744,0.9465455,0.038726725
0.0091672465,0.98764604,0.0031867328
0.020574037,0.97785175,0.0015741532
0.07779394,0.3866729,0.53553313
0.04703212,0.9391464,0.013821445
0.012860958,0.98445374,0.0026852933
0.094977394,0.8638529,0.04116965
0.020174338,0.95745105,0.022374613
0.008467457,0.9796612,0.011871266
0.027349072,0.951926,0.020724962
0.024554616,0.5761433,0.39930207
0.007716979,0.99117565,0.001107402
0.008625711,0.9767587,0.014615626
0.023237105,0.80133384,0.17542905
0.023644311,0.9754015,0.0009542418
0.009564992,0.9890863,0.0013486786
0.0077240476,0.99014777,0.002128199
0.016456835,0.98010033,0.0034428092
0.016037257,0.9825477,0.0014150718
0.2378608,0.4926076,0.26953158
0.0040118634,0.9951841,0.00080399204
0.010505174,0.9871645,0.002330327
0.008133458,0.99100596,0.00086061546
0.95206225,0.030753788,0.017184056
0.009085547,0.98459643,0.0063180067
0.028472966,0.84191054,0.12961648
0.020378582,0.9714038,0.008217625
0.037188753,0.83288294,0.12992832
0.01257546,0.98062736,0.006797214
0.007780901,0.99160844,0.0006106387
0.016613014,0.9826613,0.00072566053
0.059188172,0.89343816,0.047373615
0.05393013,0.5581364,0.38793346
0.0057057026,0.9938858,0.00040850436
0.009809897,0.9889789,0.0012111798
0.012894267,0.98507756,0.0020282504
0.027439069,0.9476261,0.024934808
0.011850429,0.9856117,0.002537929
0.010279282,0.9811488,0.008571902
0.013925978,0.9499527,0.036121238
0.012538994,0.9825698,0.0048911967
0.08886409,0.52210045,0.3890355
0.005536832,0.989272,0.0051912228
0.013213156,0.98221153,0.0045752716
0.0080531165,0.9840957,0.007851216
0.0039895894,0.98772776,0.008282602
0.01865854,0.9796951,0.0016463645
0.013542431,0.96906877,0.017388826
0.00227626,0.9968148,0.0009089774
0.019062817,0.9796475,0.0012896622
0.0103308195,0.9575984,0.032070745
0.046977535,0.12113857,0.83188397
0.015194029,0.9822519,0.0025540986
0.025488144,0.9714973,0.003014542
0.019325638,0.9777566,0.0029177351
0.0075217686,0.98804784,0.004430465
0.010624567,0.9743043,0.015071091
0.009379468,0.9890315,0.0015890438
0.010257243,0.9886531,0.0010895847
0.004720305,0.99374723,0.0015324588
0.008488156,0.99072546,0.00078644353
0.010133806,0.9882691,0.0015971499
0.039875988,0.7760991,0.18402492
0.016849088,0.94450754,0.038643345
0.012839932,0.98572785,0.0014321841
0.020503584,0.9726017,0.0068947203
0.01350076,0.9822594,0.0042399135
0.036517788,0.09965415,0.863828
0.013011834,0.9834379,0.003550296
0.06433093,0.6817317,0.2539373
0.04975605,0.88734645,0.06289753
0.018925864,0.8877356,0.09333849
0.013437792,0.98534596,0.001216195
0.015874662,0.9821306,0.0019947237
0.011740923,0.9870503,0.0012088179
0.019703882,0.97952306,0.00077300833
0.0119757,0.9873148,0.0007094309
0.007140571,0.99166614,0.0011933091
0.0114644235,0.9876252,0.0009103242
0.081682794,0.9078203,0.010496959
0.07923115,0.9027765,0.017992366
0.01946327,0.97896695,0.0015698044
0.021260226,0.9774655,0.0012742846
0.020086564,0.97827744,0.0016359745
0.15176179,0.8230245,0.025213769
0.016855394,0.97866964,0.004474966
0.016371837,0.9788544,0.0047737905
0.010341466,0.98901397,0.0006445332
0.023074413,0.9754169,0.0015086049
0.018637551,0.9795492,0.0018132129
0.028552381,0.96983993,0.0016076722
0.012609706,0.9852203,0.0021699436
0.018064324,0.9814745,0.00046115095
0.018903386,0.9800301,0.0010664561
0.019911524,0.9792691,0.00081944256
0.0155543275,0.98321056,0.0012350802
0.01914335,0.97899425,0.0018624212
0.016896522,0.98105764,0.0020457811
0.010400481,0.98788166,0.0017178452
0.019203907,0.9782623,0.0025338077
0.022347739,0.9746864,0.0029659397
0.009775083,0.98932624,0.0008986317
0.01940105,0.97870034,0.001898584
0.020055233,0.9757981,0.004146722
0.018287588,0.9791564,0.0025560143
0.024327401,0.972704,0.0029685916
0.0259874,0.97136813,0.0026444297
0.015088491,0.9840401,0.00087142084
0.009555615,0.9900484,0.00039595098
0.017809588,0.9809545,0.0012358614
0.02069167,0.97769713,0.0016112283
0.021983746,0.9767675,0.0012487454
0.018220428,0.9803356,0.0014439569
0.0061692833,0.9919382,0.001892582
0.015728138,0.98357475,0.00069714664
0.010443256,0.98904294,0.0005138817
0.02655874,0.9716233,0.0018179659
0.02269746,0.9745917,0.002710825
0.013863367,0.985276,0.0008606676
0.022329412,0.9767444,0.00092615606
0.017602496,0.9809764,0.0014211112
0.024737364,0.9728109,0.0024517237
0.014185343,0.9848049,0.0010096777
0.017288413,0.9815166,0.0011950182
0.00802862,0.99169827,0.00027311928
0.022748271,0.97582006,0.0014317023
0.019418545,0.97958297,0.0009984563
0.0100128725,0.9870215,0.002965586
0.030406088,0.96456194,0.0050319857
0.009206583,0.98994863,0.0008447174
0.016252263,0.9617923,0.021955404
0.021880865,0.97124743,0.006871686
0.019888602,0.9762332,0.0038782388
0.016071584,0.98177034,0.0021581259
0.07754139,0.16936596,0.75309265
0.010459333,0.9867035,0.0028371704
0.032735337,0.9218162,0.045448516
0.015428943,0.9791019,0.0054692184
0.013096652,0.97165155,0.015251845
0.016550874,0.9789858,0.0044633164
0.006583196,0.992419,0.000997804
0.8824354,0.0830468,0.03451778
0.021980733,0.9699802,0.008039018
0.021281414,0.97748464,0.0012338976
0.094232745,0.8518649,0.05390234
0.009436335,0.98921484,0.0013488538
0.010210121,0.9879629,0.0018270019
0.0175192,0.98015577,0.0023251073
0.016894363,0.9780627,0.0050429725
0.024846379,0.83534825,0.13980535
0.032519046,0.91662014,0.050860755
0.04749925,0.46397007,0.48853073
0.007233363,0.989945,0.0028215821
0.0075965286,0.9891362,0.0032672265
0.0705018,0.057936586,0.87156165
0.014547286,0.9846125,0.0008401641
0.009812454,0.98923665,0.0009509136
0.031552892,0.96730787,0.0011392569
0.022265658,0.9758597,0.0018746763
0.013114482,0.9806055,0.006280119
0.030781183,0.93083614,0.038382698
0.016157437,0.9413564,0.042486116
0.01357712,0.9830034,0.0034194503
0.026348175,0.8768025,0.09684935
0.0062196064,0.9922472,0.0015331372
0.0259889,0.9610448,0.012966343
0.25413853,0.6123316,0.13352983
0.16075589,0.58830774,0.25093636
0.009372386,0.9701164,0.020511193
0.02159332,0.97167814,0.006728608
0.019691542,0.97890955,0.0013988606
0.013071545,0.9860232,0.00090530433
0.020820491,0.9780366,0.0011429286
0.011516391,0.94944793,0.039035615
0.011920189,0.9827383,0.00534146
0.023314022,0.9683732,0.008312871
0.016844988,0.97997755,0.0031774673
0.011929925,0.9816218,0.0064482926
0.011284614,0.9864803,0.0022351304
0.060338352,0.9374204,0.0022411724
0.011238942,0.9882614,0.00049962546
0.024062179,0.34942904,0.6265088
0.03068903,0.9509857,0.018325256
0.01773871,0.97229135,0.009969968
0.029645266,0.9655529,0.004801796
0.01297712,0.9722315,0.014791417
0.013223852,0.98108864,0.005687508
0.009735885,0.9892157,0.0010484396
0.01792919,0.98081446,0.0012563706
0.013800114,0.9712493,0.014950654
0.008135525,0.88682395,0.10504047
0.016498942,0.9316784,0.051822666
0.010603984,0.9886952,0.00070077594
0.009526996,0.98611975,0.0043532653
0.009259413,0.98210984,0.008630722
0.008917711,0.9845068,0.006575507
0.013777536,0.9801326,0.006089909
0.015250684,0.96873546,0.016013827
0.019441482,0.9547524,0.02580613
0.008974854,0.9831049,0.007920282
0.018121444,0.96365064,0.018227937
0.00942726,0.97961557,0.0109571945
0.018098105,0.9794764,0.0024255095
0.05829295,0.8181803,0.12352675
0.020978058,0.9768151,0.002206757
0.013890023,0.9852443,0.00086569745
0.01554448,0.9835481,0.0009074519
0.009008619,0.9896986,0.0012927548
0.007908864,0.9903538,0.0017373469
0.0021202986,0.99420905,0.0036707094
0.015208974,0.9727127,0.012078377
0.026254445,0.951157,0.022588586
0.010575203,0.97929436,0.010130424
0.0071137943,0.9918142,0.0010719267
0.019303825,0.97569966,0.0049965153
0.02052625,0.9784428,0.0010309633
0.029461332,0.96992546,0.00061324437
0.00843429,0.99022335,0.0013423407
0.014077354,0.98113304,0.0047895787
0.020836249,0.97782135,0.0013424639
0.014652742,0.97923917,0.0061081713
0.033025056,0.9660767,0.000898323
0.010142798,0.9814485,0.008408675
0.004611866,0.99394256,0.0014455304
0.010666506,0.9867851,0.0025484057
0.85985047,0.13771902,0.002430522
0.024763715,0.9728967,0.0023396572
0.014658812,0.98443997,0.0009012065
0.032695513,0.9658224,0.0014821412
0.016867746,0.98130155,0.001830703
0.02596575,0.97245646,0.001577746
0.011564135,0.9874977,0.000938183
0.011227677,0.98246187,0.0063104685
0.058424,0.10354355,0.8380324
0.016892793,0.98179954,0.0013077308
0.048067104,0.63849604,0.31343693
0.028177949,0.9684037,0.003418373
0.030859848,0.12605049,0.8430896
0.034111235,0.023906684,0.94198203
0.4927841,0.46451283,0.04270305
0.041433662,0.04008052,0.9184858
0.05788033,0.042887177,0.8992325
0.42264032,0.39664632,0.18071336
0.05596949,0.07235921,0.8716712
0.29702243,0.45334765,0.24962994
0.054802705,0.057264727,0.8879326
0.024335934,0.9431078,0.032556262
0.03066961,0.021726783,0.94760364
0.11770859,0.34461603,0.5376754
0.123695865,0.025613483,0.85069066
0.037865788,0.05541816,0.906716
0.027258413,0.05495607,0.9177856
0.019473948,0.009593344,0.9709327
0.046156403,0.03308328,0.92076033
0.118494496,0.093007386,0.78849816
0.34768215,0.07515483,0.577163
0.056267954,0.06954953,0.8741825
0.026357252,0.72696775,0.24667498
0.083199516,0.040906157,0.8758943
0.045055334,0.231507,0.72343767
0.025132757,0.3977282,0.5771391
0.05581934,0.012888044,0.9312926
0.04937434,0.04412939,0.9064963
0.82407063,0.09546299,0.080466434
0.051826492,0.07373227,0.8744412
0.9515105,0.0057751173,0.042714357
0.035553835,0.46718794,0.49725828
0.09843022,0.24337932,0.6581904
0.17129198,0.63193685,0.19677116
0.9900399,0.005661465,0.0042986115
0.06961647,0.29510677,0.6352768
0.036703497,0.039531223,0.92376524
0.97905195,0.008453931,0.012494101
0.05704187,0.049801417,0.89315677
0.06936368,0.53804785,0.39258847
0.046041965,0.029180443,0.9247776
0.06425603,0.9250685,0.010675524
0.012694926,0.96418244,0.02312263
0.03389768,0.19157514,0.7745272
0.071893714,0.051833697,0.87627256
0.03281694,0.8672774,0.09990563
0.05488102,0.041914687,0.9032044
0.16137725,0.06042016,0.77820265
0.29304406,0.030415187,0.6765408
0.2926028,0.25948498,0.4479122
0.021102736,0.03392025,0.944977
0.05067052,0.034352414,0.914977
0.9687584,0.0060723736,0.025169292
0.06839318,0.8275232,0.10408366
0.21852739,0.17068863,0.610784
0.2293276,0.06936281,0.70130956
0.7803373,0.07800304,0.14165965
0.09928936,0.02989954,0.8708111
0.7865411,0.025357505,0.18810137
0.045655783,0.042680725,0.9116634
0.022796208,0.023843609,0.95336014
0.04395829,0.045088712,0.910953
0.035688683,0.07394705,0.89036417
0.021164233,0.035721406,0.94311434
0.06856454,0.076340035,0.8550954
0.025810745,0.7249611,0.24922821
0.02274492,0.8172007,0.16005437
0.026030833,0.023516897,0.95045227
0.029819712,0.8203613,0.14981894
0.088407636,0.12131186,0.7902805
0.023144845,0.644866,0.3319891
0.021357935,0.34185016,0.6367919
0.063695475,0.01841016,0.91789436
0.14284286,0.048292316,0.80886483
0.049774095,0.04261564,0.9076103
0.1556536,0.33372867,0.51061773
0.045275915,0.03820068,0.9165234
0.030722693,0.049238764,0.9200386
0.04629678,0.01559861,0.93810457
0.014186094,0.9771928,0.008621122
0.03398252,0.026673185,0.93934435
0.025005713,0.010650306,0.9643439
0.037143145,0.06208169,0.90077525
0.065019004,0.2680527,0.66692835
0.055013157,0.016325505,0.9286614
0.03911269,0.03703115,0.92385614
0.08270566,0.022899348,0.89439493
0.034589637,0.03143277,0.93397766
0.057629086,0.042659335,0.8997116
0.0111166565,0.9803766,0.008506806
0.057413775,0.013256181,0.92933005
0.03127515,0.03214213,0.93658274
0.049121775,0.25965178,0.6912264
0.040398084,0.080106154,0.8794958
0.019823875,0.10622908,0.8739471
0.060977872,0.050799873,0.8882222
0.06346965,0.03694928,0.899581
0.038297713,0.04464358,0.91705865
0.048330445,0.047720753,0.9039487
0.05376844,0.043884523,0.902347
0.039708484,0.10421005,0.8560815
0.051651668,0.053135373,0.89521295
0.14964174,0.23313166,0.6172266
0.68378246,0.12062113,0.19559632
0.03270175,0.46644646,0.5008518
0.09570169,0.5404689,0.36382943
0.04092991,0.025688432,0.9333817
0.14254832,0.051829647,0.80562204
0.019765384,0.028814686,0.95141995
0.049451623,0.10675389,0.84379447
0.036430784,0.23965569,0.72391355
0.045148507,0.41335744,0.54149413
0.043136764,0.050629366,0.90623385
0.08476498,0.15008046,0.76515454
0.049648356,0.0271785,0.9231732
0.04235131,0.28751716,0.6701315
0.07588484,0.10827625,0.815839
0.48913902,0.41250014,0.098360844
0.020344947,0.559021,0.42063406
0.045137268,0.03577633,0.9190864
0.021882249,0.11674501,0.8613727
0.058176816,0.2444556,0.69736755
0.011409497,0.03500671,0.9535838
0.03851962,0.1906213,0.77085906
0.018466694,0.95832556,0.023207707
0.05594353,0.042935304,0.90112114
0.043872327,0.06801718,0.8881105
0.037509356,0.079097725,0.88339293
0.01292943,0.07085801,0.9162125
0.06195157,0.049199536,0.88884884
0.013404604,0.980037,0.0065584504
0.050504632,0.09234954,0.85714585
0.15190294,0.08714538,0.76095176
0.11289251,0.06787358,0.81923383
0.19180079,0.05035284,0.7578464
0.053609714,0.03876476,0.9076255
0.062374458,0.07151267,0.8661129
0.064882964,0.042055544,0.8930614
0.064779356,0.032193616,0.9030271
0.03166895,0.057177298,0.91115373
0.024724469,0.02642207,0.94885343
0.040326577,0.031932116,0.9277413
0.79582775,0.024505904,0.17966636
0.069378436,0.05046181,0.88015985
0.027737318,0.017138604,0.955124
0.83671856,0.044290364,0.11899105
0.09183731,0.025702316,0.8824604
0.035180606,0.4882688,0.47655064
0.19110103,0.46655706,0.34234193
0.048668586,0.0383874,0.9129439
0.07758009,0.041041844,0.88137805
0.029133432,0.041245524,0.929621
0.12911281,0.114164405,0.7567228
0.036002368,0.04000696,0.92399067
0.03981606,0.07063407,0.8895499
0.03964327,0.04833536,0.91202134
0.3197481,0.034737054,0.6455148
0.04612476,0.047126442,0.90674883
0.047359798,0.35062838,0.6020118
0.08655795,0.12520531,0.78823674
0.036142197,0.033556897,0.93030083
0.95690924,0.026003728,0.017087
0.7179595,0.2134756,0.06856487
0.02493132,0.025722727,0.94934595
0.22249734,0.08289796,0.6946047
0.036241494,0.13243648,0.831322
0.053944044,0.05218234,0.89387363
0.044808928,0.03023054,0.92496055
0.018218523,0.9678674,0.013914167
0.0296974,0.018047597,0.9522551
0.049917858,0.04162655,0.9084556
0.049988512,0.062211707,0.88779986
0.025618775,0.020525042,0.95385617
0.0463028,0.06279591,0.89090127
0.053956676,0.043186378,0.902857
0.053992864,0.06088392,0.88512325
0.08179556,0.059609603,0.85859483
0.052410204,0.028522773,0.919067
0.13380821,0.040491622,0.8257002
0.10622448,0.038023744,0.8557518
0.023645947,0.07507332,0.9012807
0.18283446,0.077795915,0.7393696
0.03153973,0.33628103,0.6321792
0.07031661,0.042400014,0.8872833
0.061831553,0.03575043,0.902418
0.48855934,0.43031082,0.08112984
0.025105985,0.053723387,0.9211706
0.04673295,0.057594895,0.8956722
0.031458635,0.023699889,0.9448415
0.028891735,0.024568034,0.9465402
0.049495798,0.09766812,0.85283613
0.04401018,0.0559064,0.90008336
0.04679875,0.0053883293,0.9478129
0.02095946,0.013519237,0.9655214
0.045259055,0.024130981,0.9306099
0.038586654,0.0108945,0.9505188
0.028466942,0.14527468,0.82625836
0.050849594,0.025543826,0.9236066
0.009083001,0.010434071,0.98048294
0.01642437,0.009222239,0.97435343
0.03863293,0.021713478,0.9396536
0.024624156,0.02202988,0.9533459
0.034148842,0.033816986,0.93203413
0.035102904,0.022597836,0.94229925
0.07356235,0.014372559,0.912065
0.020815073,0.008064206,0.9711207
0.01307037,0.0134326955,0.973497
0.028619101,0.009661384,0.9617195
0.04551279,0.015914207,0.938573
0.029566064,0.010277804,0.9601562
0.015336452,0.0076218084,0.97704166
0.010598761,0.0050457665,0.98435545
0.028824026,0.024083378,0.94709253
0.006342437,0.0023538496,0.9913037
0.025640301,0.015029061,0.95933056
0.0060378676,0.0040064063,0.9899558
0.050608546,0.02476117,0.9246302
0.035114106,0.06808196,0.8968039
0.0368649,0.01793146,0.94520366
0.06968285,0.051030874,0.8792862
0.014342375,0.004430063,0.9812276
0.03941989,0.033097766,0.9274823
0.041042145,0.04201543,0.9169425
0.016072718,0.05615411,0.9277732
0.036653914,0.043527596,0.9198185
0.069587216,0.020914288,0.9094986
0.060156755,0.5715183,0.36832494
0.018938117,0.02384669,0.9572152
0.038097143,0.053203475,0.90869933
0.1789538,0.014514741,0.80653137
0.027605362,0.016228354,0.9561663
0.018656198,0.035611294,0.9457324
0.02341431,0.0134983305,0.96308744
0.031405408,0.017024875,0.9515697
0.07906296,0.02490257,0.8960344
0.07570401,0.03476151,0.8895345
0.055840466,0.04293999,0.9012195
0.050840188,0.00843013,0.9407297
0.059136506,0.028374005,0.9124895
0.068870336,0.030561024,0.90056854
0.018800981,0.2561403,0.7250588
0.045526616,0.043611825,0.9108615
0.040920045,0.030468645,0.92861134
0.09022126,0.025748052,0.8840307
0.05216143,0.03670015,0.9111385
0.015953567,0.022718918,0.9613275
0.052525967,0.8914512,0.056022916
0.034850292,0.04862167,0.9165281
0.048900757,0.041827038,0.9092722
0.037738528,0.6212714,0.3409901
0.029539112,0.037966024,0.9324948
0.052358963,0.016833274,0.93080777
0.04570529,0.023642225,0.93065244
0.049135968,0.03453772,0.9163263
0.053578056,0.01963342,0.92678857
0.031087572,0.9120677,0.056844737
0.030492174,0.027386444,0.9421213
0.052435953,0.030735329,0.91682863
0.050460633,0.030308492,0.9192308
0.058784645,0.0341551,0.9070602
0.055642348,0.045458328,0.8988994
0.08021659,0.033899564,0.88588375
0.032878734,0.020236231,0.94688505
0.027931362,0.018679122,0.9533896
0.02187923,0.0395795,0.9385413
0.07542846,0.063022844,0.8615487
0.049832642,0.06556777,0.88459957
0.14773948,0.034648523,0.81761205
0.05414432,0.031860903,0.91399485
0.018606085,0.03635787,0.94503605
0.031814545,0.49608624,0.47209924
0.056772362,0.03852681,0.9047009
0.040377945,0.046885,0.912737
0.03745797,0.023463499,0.9390785
0.02537652,0.017715665,0.9569078
0.023679648,0.015544664,0.9607756
0.03502319,0.030310042,0.93466675
0.031903036,0.026603974,0.941493
0.9930912,0.005334846,0.0015739005
0.15436828,0.29566985,0.54996186
0.016977333,0.9081152,0.074907504
0.053118635,0.028936565,0.9179448
0.0595674,0.031115135,0.90931755
0.06395766,0.038792282,0.89725006
0.045870703,0.022841087,0.9312882
0.05385297,0.03083469,0.91531235
0.035838258,0.3055405,0.6586213
0.06545913,0.042304885,0.89223605
0.031200426,0.018813457,0.9499862
0.027393227,0.029331299,0.94327545
0.08094056,0.038608816,0.88045055
0.04893141,0.038557023,0.9125115
0.08663084,0.036289874,0.87707925
0.08252494,0.034569904,0.8829051
0.05944017,0.10260315,0.83795667
0.05813839,0.105275035,0.8365866
0.026825085,0.022001162,0.9511738
0.9935895,0.0058850655,0.0005253988
0.060794402,0.064400084,0.8748055
0.11278004,0.057940915,0.829279
0.034538325,0.045532975,0.91992867
0.025216682,0.04592984,0.9288535
0.030235134,0.031012654,0.9387522
0.027620846,0.015676526,0.95670265
0.0811431,0.052852415,0.8660045
0.04388711,0.036812574,0.9193003
0.041065995,0.038766768,0.9201672
0.037465625,0.042329922,0.9202044
0.030369801,0.02669677,0.9429334
0.056501966,0.03427017,0.90922785
0.052744407,0.076667756,0.8705879
0.026577612,0.03469761,0.93872476
0.048204955,0.028812617,0.92298245
0.032672882,0.021764832,0.9455623
0.050435856,0.025385518,0.92417866
0.06251667,0.018807605,0.9186757
0.058745664,0.040971052,0.9002833
0.05258029,0.048486564,0.89893305
0.05273481,0.038619306,0.90864587
0.034221474,0.029936075,0.93584245
0.051082663,0.046104297,0.9028131
0.06127302,0.031264648,0.9074623
0.046680365,0.031156622,0.922163
0.032003324,0.024466017,0.9435306
0.0522815,0.031803366,0.9159152
0.034771178,0.027265571,0.9379632
0.03517769,0.03333811,0.9314842
0.05122248,0.036393188,0.9123843
0.0740843,0.04858567,0.87733006
0.046205685,0.04634125,0.9074531
0.03958379,0.7005269,0.25988927
0.05080495,0.046895217,0.9022999
0.05461664,0.05090831,0.89447504
0.06489934,0.059091523,0.8760091
0.0527287,0.011719495,0.93555176
0.06547273,0.050346963,0.88418025
0.06295068,0.04916988,0.8878794
0.07079969,0.04795228,0.88124806
0.038957894,0.04532454,0.9157176
0.03635367,0.032460175,0.93118614
0.050548404,0.023210645,0.926241
0.03468131,0.03251651,0.9328022
0.0649283,0.03261613,0.90245557
0.07700096,0.044347666,0.8786514
0.018540563,0.018360386,0.96309906
0.0662016,0.0384645,0.8953339
0.061970755,0.035344373,0.90268487
0.033902943,0.031693738,0.93440324
0.053070188,0.03518017,0.9117496
0.05531646,0.061891034,0.8827924
0.07747774,0.059753336,0.8627689
0.013573556,0.026446285,0.95998013
0.027469067,0.040398903,0.93213207
0.02960847,0.071514234,0.8988772
0.054575045,0.04681747,0.89860743
0.06973769,0.05157222,0.8786902
0.06232639,0.046498325,0.8911754
0.062705584,0.037188128,0.9001064
0.054125685,0.05292352,0.8929508
0.037222117,0.025959864,0.93681806
0.04563687,0.02872665,0.9256364
0.05729077,0.04082409,0.90188515
0.041114364,0.04480389,0.91408175
0.045358166,0.03913939,0.9155024
0.05971349,0.031405404,0.90888107
0.041552074,0.023745121,0.9347028
0.046274114,0.017910086,0.9358158
0.073426716,0.045060523,0.8815127
0.054286703,0.036446366,0.9092669
0.045871586,0.021001542,0.93312687
0.046787184,0.024415515,0.92879736
0.04695045,0.016449,0.9366005
0.046525892,0.031665992,0.9218081
0.46909085,0.07066668,0.46024248
0.37619257,0.12761863,0.49618882
0.1668864,0.035775896,0.7973377
0.05643952,0.47661766,0.46694282
0.03767158,0.022494728,0.9398336
0.034787234,0.03229885,0.9329139
0.048516616,0.063773885,0.8877095
0.048550993,0.021840945,0.92960805
0.046932075,0.05401849,0.89904946
0.045307398,0.031691495,0.9230011
0.045993946,0.053353913,0.9006522
0.05725548,0.059710965,0.8830336
0.011769162,0.023612395,0.9646185
0.06663555,0.043530285,0.88983417
0.039941818,0.01661774,0.94344044
0.02731723,0.045703094,0.92697966
0.12459222,0.035125695,0.8402821
0.039800614,0.035572674,0.92462677
0.06106983,0.0484993,0.8904309
0.058660146,0.030881554,0.9104582
0.046539567,0.41764796,0.5358125
0.057053305,0.058292326,0.8846543
0.068863004,0.057089437,0.8740475
0.03327601,0.07520866,0.8915153
0.020866742,0.91365546,0.06547782
0.047609225,0.042593364,0.9097973
0.52907795,0.050671905,0.42025015
0.044085287,0.04766756,0.90824723
0.052408587,0.03570467,0.9118867
0.031339873,0.036532838,0.93212724
0.040479545,0.040007945,0.9195125
0.034973506,0.03077372,0.9342528
0.035361327,0.025544537,0.93909407
0.115181595,0.5921246,0.29269385
0.050270878,0.16604353,0.78368556
0.06209473,0.045696445,0.8922088
0.05986715,0.031578597,0.9085542
0.037618816,0.019270182,0.94311094
0.03611386,0.015054495,0.9488316
0.05346156,0.039651737,0.90688676
0.037576243,0.013918348,0.94850546
0.043721367,0.026935952,0.92934275
0.041336194,0.014174235,0.9444896
0.061245307,0.035238985,0.90351576
0.042304974,0.017142903,0.9405522
0.056219894,0.015826607,0.92795354
0.050674226,0.045825083,0.9035007
0.027765585,0.041926023,0.93030834
0.07103127,0.014096588,0.9148721
0.04851035,0.09789795,0.8535917
0.05284531,0.05072167,0.89643306
0.06211337,0.059675545,0.87821114
0.03353982,0.010856932,0.95560324
0.050185513,0.02391523,0.9258992
0.053331215,0.014186674,0.9324821
0.040669654,0.045370277,0.9139601
0.05256731,0.03723942,0.91019326
0.041534584,0.024156034,0.93430936
0.056778554,0.031325486,0.91189593
0.08998,0.06337069,0.8466494
0.0191689,0.0166705,0.9641606
0.018212171,0.011419168,0.9703686
0.034326997,0.013092833,0.9525802
0.025677297,0.025727497,0.9485952
0.040705707,0.09236094,0.8669333
0.015674602,0.28207654,0.7022488
0.025552552,0.07763864,0.89680874
0.055904698,0.037422843,0.9066725
0.21541855,0.06966351,0.71491796
0.03172294,0.014566432,0.9537106
0.04288709,0.05259771,0.9045152
0.04784783,0.036901794,0.91525036
0.044998895,0.04408546,0.9109157
0.06971054,0.050653864,0.87963563
0.23960866,0.07576526,0.68462604
0.17322993,0.032772206,0.7939979
0.03373762,0.01807609,0.9481863
0.025362212,0.038597297,0.9360405
0.060812842,0.043801848,0.8953853
0.08286989,0.023580872,0.8935492
0.070278056,0.038584482,0.8911374
0.047651354,0.030112088,0.9222365
0.085371874,0.013667018,0.9009611
0.042855397,0.0363709,0.92077374
0.053721357,0.007891939,0.93838674
0.026749076,0.016399356,0.9568516
0.057123955,0.044055842,0.8988202
0.020882722,0.90679663,0.07232064
0.043315724,0.05333131,0.903353
0.038290326,0.035830192,0.9258795
0.066334136,0.049585033,0.8840808
0.052721526,0.03797389,0.90930456
0.056695297,0.035409782,0.90789497
0.036763176,0.04157685,0.92165995
0.064123996,0.043728765,0.89214724
0.05271128,0.03460268,0.91268605
0.06608604,0.033132937,0.90078104
0.037059233,0.020148758,0.942792
0.030078314,0.015757557,0.9541641
0.04977302,0.041749682,0.9084773
0.035362296,0.031915985,0.9327218
0.07209375,0.035793703,0.8921125
0.061598368,0.05935439,0.87904716
0.047369327,0.036747444,0.9158833
0.03670905,0.025752487,0.9375384
0.06721381,0.02553641,0.90724975
0.03827457,0.042531904,0.9191935
0.076802425,0.092641406,0.83055615
0.687497,0.1634943,0.1490087
0.006650216,0.9812134,0.012136432
0.054048076,0.0638087,0.88214326
0.03934528,0.09862466,0.86203
0.057058908,0.06465622,0.8782848
0.02644613,0.4146983,0.5588556
0.033142786,0.020719983,0.94613725
0.051714703,0.026233343,0.9220519
0.040691644,0.022253677,0.9370547
0.05837605,0.03645952,0.9051645
0.027284341,0.09140473,0.881311
0.16013314,0.061797146,0.77806973
0.06107991,0.036082786,0.9028373
0.059410393,0.039847318,0.90074223
0.07949194,0.03962129,0.88088673
0.054090828,0.039923042,0.90598613
0.028063882,0.026107373,0.94582874
0.053311225,0.046317596,0.9003712
0.05395095,0.030860636,0.91518843
0.035637133,0.026225904,0.938137
0.05063794,0.034973267,0.9143888
0.04235083,0.037888963,0.91976017
0.05769267,0.033651836,0.9086555
0.052520696,0.03185541,0.91562396
0.048507836,0.03978473,0.9117074
0.037579022,0.026725704,0.93569523
0.042543,0.03802374,0.9194333
0.051597275,0.0102999685,0.9381028
0.059238523,0.03558081,0.9051807
0.068176664,0.03596168,0.8958616
0.062201392,0.040121038,0.89767754
0.045053855,0.03216711,0.9227791
0.050464567,0.04536887,0.9041666
0.065765075,0.028147431,0.9060874
0.029164562,0.014423413,0.95641196
0.039530378,0.02674759,0.933722
0.048842248,0.014144671,0.9370131
0.058519125,0.025193354,0.91628754
0.045191247,0.036418725,0.91839
0.046412133,0.034931224,0.9186566
0.07360753,0.044863753,0.8815286
0.061108638,0.061708327,0.8771831
0.034004096,0.027889177,0.93810666
0.035038996,0.012360049,0.9526009
0.048789494,0.04356412,0.9076464
0.053292356,0.030246686,0.91646093
0.05122124,0.03284562,0.9159331
0.08546864,0.061801698,0.8527296
0.06530752,0.031828344,0.9028641
0.042383656,0.03534377,0.9222726
0.043514933,0.03513638,0.9213487
0.037568897,0.026074091,0.936357
0.04440051,0.036380477,0.919219
0.05068407,0.0340942,0.9152217
0.06838137,0.046997786,0.88462085
0.029412339,0.015423718,0.95516396
0.037099767,0.023674347,0.9392259
0.05252393,0.033582438,0.91389364
0.035536073,0.0077379295,0.956726
0.036137916,0.010682348,0.9531797
0.057123467,0.040546186,0.90233034
0.035595506,0.031016646,0.9333879
0.06535287,0.032478638,0.9021685
0.021944921,0.019066079,0.9589889
0.025844466,0.028663144,0.9454924
0.03168855,0.023048393,0.945263
0.036674753,0.016546758,0.9467785
0.03002647,0.036789197,0.93318427
0.037444286,0.021065969,0.94148976
0.113188386,0.053309996,0.8335016
0.047162358,0.052459497,0.90037817
0.03866431,0.041806083,0.91952956
0.028335802,0.025951657,0.9457125
0.043811314,0.027658444,0.9285303
0.0347806,0.020566612,0.94465286
0.05126764,0.037325505,0.9114069
0.08929647,0.047193997,0.86350954
0.056783583,0.046254978,0.89696145
0.019331148,0.01873639,0.9619325
0.035044495,0.015919678,0.9490359
0.051428977,0.036970623,0.9116004
0.040835235,0.03428612,0.9248786
0.029277816,0.019926779,0.95079535
0.05206634,0.046854638,0.90107906
0.046579204,0.033256162,0.9201646
0.077176265,0.035264928,0.8875588
0.037385844,0.039874826,0.9227394
0.0744899,0.047673445,0.8778366
0.034042146,0.021282239,0.9446756
0.05173773,0.023093395,0.9251689
0.200601,0.028913429,0.7704856
0.02171767,0.02922432,0.949058
0.033370372,0.029680224,0.9369495
0.027731122,0.02940454,0.9428644
0.0678375,0.04379918,0.88836324
0.038241297,0.037064735,0.92469394
0.043246027,0.03120984,0.9255442
0.029517455,0.023997521,0.94648504
0.058111,0.054803893,0.88708514
0.047378495,0.043689765,0.9089318
0.073991865,0.08086834,0.84513986
0.044907514,0.05486088,0.90023154
0.03992216,0.036243204,0.9238346
0.042988688,0.02794597,0.9290654
0.03837569,0.025488937,0.93613535
0.061429165,0.038516544,0.9000542
0.06837622,0.05309568,0.8785281
0.019726448,0.0119998,0.96827376
0.03734419,0.020927748,0.941728
0.041360237,0.019121924,0.93951786
0.02543959,0.0096369395,0.9649235
0.021858023,0.010746791,0.96739525
0.058247317,0.023465198,0.9182875
0.03861109,0.03501874,0.92637014
0.01205778,0.016888352,0.97105384
0.040400125,0.036498472,0.92310137
0.042340897,0.025456328,0.9322027
0.03898468,0.040182922,0.9208324
0.028115215,0.011282186,0.9606027
0.052357342,0.048139732,0.8995029
0.038709577,0.030741645,0.9305488
0.070636906,0.05485115,0.874512
0.09493926,0.034994483,0.8700662
0.047952697,0.03209974,0.91994756
0.05039284,0.030714408,0.9188928
0.041003644,0.035729107,0.9232673
0.03614862,0.020576756,0.9432746
0.049823496,0.035433806,0.9147427
0.027335886,0.00621369,0.96645045
0.035300903,0.039036397,0.9256628
0.05342856,0.034027655,0.9125438
0.055188064,0.03566691,0.909145
0.03892154,0.028171353,0.93290704
0.064493656,0.039966885,0.8955394
0.038205866,0.02797932,0.9338148
0.06983392,0.50049734,0.4296687
0.02417097,0.05543607,0.920393
0.047433026,0.04081004,0.91175693
0.055708747,0.060000688,0.8842905
0.08333903,0.041864593,0.8747964
0.053941213,0.03904257,0.9070163
0.036895562,0.049794074,0.9133103
0.05843334,0.026622424,0.9149443
0.047840483,0.04859386,0.9035657
0.043812282,0.026729653,0.929458
0.0733945,0.042894334,0.88371116
0.045027666,0.046140507,0.9088318
0.06848113,0.036476765,0.8950421
0.06234489,0.08036574,0.8572894
0.026943317,0.02419905,0.9488576
0.047755618,0.020740999,0.93150336
0.03304907,0.046243962,0.9207069
0.06049709,0.038266983,0.901236
0.05187862,0.033923298,0.91419816
0.056864686,0.1296571,0.8134782
0.017354067,0.029577974,0.95306796
0.05559116,0.21836944,0.7260394
0.03685191,0.03201749,0.93113065
0.037057627,0.028440828,0.9345015
0.077761166,0.044393603,0.8778453
0.13716617,0.20114091,0.6616929
0.06553378,0.38776433,0.5467019
0.18353495,0.64404994,0.17241514
0.04585446,0.49418694,0.4599586
0.03616581,0.03745988,0.92637426
0.14069591,0.7840685,0.07523559
0.08581804,0.045756,0.8684259
0.06537965,0.032082062,0.9025382
0.070816234,0.047729854,0.8814539
0.04864014,0.0299956,0.9213642
0.053346995,0.034612004,0.91204095
0.040499445,0.02504864,0.9344519
0.042875085,0.018675942,0.9384489
0.14962848,0.02230554,0.82806605
0.030123863,0.05535219,0.91452396
0.023446338,0.032647524,0.94390625
0.05461893,0.06128989,0.8840912
0.057834376,0.8324152,0.10975037
0.038400527,0.77073056,0.19086891
0.05577559,0.2223269,0.72189754
0.06758268,0.07963186,0.8527854
0.08969162,0.10776695,0.8025415
0.26262385,0.32461405,0.41276208
0.051649548,0.05010937,0.8982411
0.026755337,0.0582112,0.9150334
0.06081994,0.019764636,0.91941535
0.17596255,0.16052894,0.66350853
0.69207156,0.04042625,0.2675022
0.050680425,0.03326951,0.91605014
0.03708238,0.02596363,0.93695396
0.040024534,0.024682494,0.93529296
0.048023336,0.028872747,0.9231039
0.031703223,0.038166765,0.9301301
0.025586748,0.04108764,0.9333257
0.07265777,0.046500884,0.8808414
0.05466847,0.026983686,0.91834784
0.054920692,0.05000586,0.8950735
0.06527486,0.048036743,0.88668835
0.040640317,0.05625842,0.90310127
0.04733605,0.023918567,0.92874545
0.04569853,0.033728905,0.9205726
0.07668442,0.037961543,0.8853541
0.050856717,0.046805676,0.9023376
0.049958624,0.057558205,0.8924832
0.058239445,0.10535507,0.8364055
0.09176864,0.038404584,0.86982673
0.043522242,0.026839474,0.9296383
0.070600495,0.034173522,0.89522594
0.042170566,0.09157086,0.86625856
0.05317122,0.029768156,0.91706055
0.033314828,0.033120196,0.9335649
0.04545195,0.03176157,0.9227865
0.049386974,0.034986425,0.9156266
0.038987365,0.023785993,0.9372266
0.055813782,0.032779206,0.91140705
0.019483607,0.023227913,0.9572884
0.0423332,0.026543234,0.9311236
0.0398989,0.02865403,0.9314471
0.054347504,0.046850476,0.898802
0.054719903,0.033221725,0.9120584
0.86057997,0.030116325,0.10930367
0.060307413,0.053481612,0.886211
0.08292371,0.047064308,0.87001204
0.04279408,0.027819457,0.9293865
0.03388241,0.28203654,0.684081
0.05419928,0.03355465,0.91224605
0.042255286,0.031958323,0.9257864
0.040372316,0.044340316,0.9152874
0.02339921,0.9719115,0.0046892865
0.027836053,0.018308891,0.9538551
0.053108245,0.03091732,0.9159744
0.63933295,0.1201271,0.24053998
0.040837537,0.0122976275,0.94686484
0.07006332,0.098805115,0.8311315
0.06427999,0.3299663,0.6057537
0.036225248,0.028600615,0.9351742
0.035894614,0.025627682,0.9384777
0.041257318,0.0653521,0.8933906
0.013606746,0.06723688,0.9191564
0.019468365,0.950023,0.03050863
0.015842518,0.090856306,0.8933012
0.065518536,0.023822112,0.9106594
0.8626334,0.007128433,0.13023816
0.0495784,0.9097985,0.040623084
0.0343606,0.04326652,0.9223728
0.014430004,0.041713845,0.9438561
0.041795146,0.03801777,0.9201871
0.050840925,0.061086774,0.8880724
0.06681417,0.054799058,0.8783868
0.022655006,0.030814894,0.9465301
0.019663608,0.06472684,0.9156095
0.04331631,0.023276296,0.9334074
0.03556478,0.043617457,0.92081773
0.0519241,0.083462074,0.86461383
0.037375633,0.071134575,0.89148974
0.16132784,0.06336225,0.77530986
0.081796914,0.057495143,0.8607079
0.020900695,0.05587857,0.92322075
0.06343136,0.051468708,0.88509995
0.6632846,0.06721507,0.2695003
0.04506604,0.027387373,0.92754656
0.04079488,0.036142264,0.92306274
0.04274081,0.026306145,0.930953
0.038450472,0.03542224,0.92612725
0.032727763,0.02289233,0.94437987
0.04194226,0.1270642,0.8309936
0.064424776,0.06171516,0.87386
0.041815653,0.023047738,0.93513656
0.051375166,0.017292757,0.931332
0.046569962,0.027137503,0.92629254
0.07171449,0.06606649,0.862219
0.032176837,0.02839596,0.93942726
0.04321187,0.030166749,0.92662126
0.04701633,0.0394759,0.9135078
0.033553984,0.032585215,0.9338608
0.09331315,0.04481588,0.86187094
0.046064883,0.0457064,0.9082287
0.0967064,0.024787797,0.8785058
0.05323136,0.043786917,0.9029817
0.052593037,0.03632356,0.91108346
0.038846202,0.020915065,0.94023865
0.06276004,0.028398884,0.908841
0.05292131,0.02986062,0.917218
0.053830147,0.028561069,0.9176088
0.06250026,0.04471056,0.8927891
0.04392653,0.04444432,0.91162914
0.060400456,0.0318599,0.90773964
0.046335563,0.023898136,0.9297663
0.062937655,0.044585917,0.8924764
0.04694548,0.022024402,0.93103015
0.051448464,0.016801028,0.9317505
0.036987975,0.031177428,0.9318346
0.04119176,0.03582299,0.92298526
0.047883257,0.029906107,0.92221063
0.01794372,0.02037265,0.9616837
0.04460157,0.02930761,0.9260908
0.03981025,0.02717476,0.9330151
0.05585856,0.041308362,0.90283304
0.034250002,0.051717483,0.9140326
0.23114543,0.09768216,0.6711724
0.06716059,0.04557646,0.88726294
0.06298649,0.040786456,0.89622706
0.041877434,0.031610742,0.92651176
0.07795667,0.09692394,0.82511944
0.024383007,0.9598125,0.015804468
0.038604464,0.018759273,0.9426362
0.036753405,0.028234906,0.9350117
0.038112815,0.03939952,0.9224876
0.0448266,0.050399903,0.9047735
0.066552326,0.058503244,0.87494445
0.08556959,0.048518598,0.8659118
0.04739872,0.04150371,0.9110975
0.060191233,0.05659968,0.88320905
0.14177369,0.014419586,0.8438067
0.030346686,0.021900631,0.94775265
0.043488912,0.84260243,0.11390863
0.023501584,0.016406748,0.96009165
0.9900592,0.006619052,0.0033217745
0.9902428,0.008239072,0.0015181331
0.99099284,0.008598924,0.00040811163
0.9851666,0.011764381,0.003068922
0.991939,0.007783495,0.00027748762
0.9924028,0.0074305343,0.00016674706
0.98876697,0.010898729,0.00033429588
0.9920425,0.0060387887,0.0019188366
0.99424404,0.0047042533,0.001051713
0.990132,0.007428026,0.0024399532
0.99489343,0.0035602225,0.0015462594
0.9966017,0.0024751583,0.0009230944
0.98644173,0.011665132,0.0018931553
0.9899548,0.008077364,0.0019678788
0.98670954,0.010137595,0.0031527716
0.98822355,0.007150612,0.0046258084
0.99374455,0.0047759344,0.0014795153
0.9882732,0.01033372,0.0013930645
0.99661654,0.0025687737,0.00081464
0.99500024,0.004772638,0.00022717772
0.98848176,0.008468933,0.003049325
0.85929257,0.029360333,0.111347094
0.021923192,0.9721763,0.005900547
0.99214643,0.0049388693,0.002914775
0.9874428,0.00934613,0.003211066
0.9874135,0.009456019,0.0031304683
0.97810537,0.018339457,0.0035552657
0.98532015,0.013074988,0.0016048732
0.9916992,0.0071687573,0.0011320489
0.97455704,0.012957445,0.012485416
0.99185854,0.005772447,0.0023690076
0.994538,0.0042511956,0.0012108721
0.99522024,0.0043977327,0.00038202456
0.98651797,0.012178235,0.0013037899
0.99069536,0.007593657,0.0017110016
0.9890962,0.0069164387,0.0039873216
0.9975956,0.0022691619,0.00013521327
0.9870985,0.0085735,0.0043278993
0.98954433,0.009682222,0.00077332783
0.98625773,0.0085161505,0.0052261944
0.99621636,0.0035372144,0.00024641873
0.97883624,0.014632417,0.006531252
0.9934808,0.005759347,0.0007599014
0.99310666,0.005623813,0.0012696341
0.9964954,0.0034026587,0.000101951766
0.9905595,0.008019402,0.0014210485
0.99395615,0.0055089854,0.00053491327
0.9909362,0.0074050766,0.0016587629
0.98415285,0.015342833,0.0005043975
0.9913584,0.0075469716,0.0010947022
0.99920017,0.0003280697,0.00047177743
0.99400926,0.003991505,0.0019992301
0.9823553,0.013661237,0.003983419
0.98097736,0.011532741,0.007489854
0.9886774,0.007972958,0.003349691
0.9903088,0.008239621,0.0014515418
0.99080527,0.008605695,0.0005890664
0.998041,0.001889407,6.963289e-05
0.9898705,0.0051438846,0.004985624
0.978732,0.008643137,0.012624911
0.99444515,0.0048073865,0.00074738526
0.99102485,0.0071638827,0.0018113132
0.99228466,0.0050764866,0.0026387954
0.36069176,0.63258475,0.0067234533
0.99117506,0.007938646,0.00088635297
0.9874615,0.0109269405,0.0016115054
0.9944173,0.005097343,0.00048537037
0.90682167,0.08052431,0.012653997
0.99275947,0.0056108776,0.0016296724
0.98426545,0.011616685,0.004117858
0.9929986,0.0052006114,0.0018007968
0.99062777,0.00687324,0.0024990658
0.99699795,0.0018186748,0.0011834342
0.98693603,0.011912796,0.0011510781
0.99224114,0.0074003604,0.00035850413
0.9921961,0.006063362,0.0017405786
0.9966132,0.0032472233,0.0001396405
0.99747366,0.0023272303,0.00019902886
0.98793006,0.010350328,0.001719608
0.9916073,0.0070431926,0.0013494778
0.99051625,0.0077118455,0.0017719036
0.96874624,0.021867186,0.009386607
0.9853917,0.014138458,0.00046982346
0.9952081,0.002181265,0.0026106325
0.9974076,0.0021989325,0.00039347762
0.99176663,0.007155256,0.0010781742
0.9867496,0.010770793,0.0024795774
0.98416984,0.013046976,0.002783292
0.99013066,0.009426643,0.0004426156
0.98145044,0.011150591,0.0073989364
0.99138194,0.006932422,0.0016856424
0.99467975,0.0043953443,0.0009249201
0.99175185,0.007812484,0.0004356153
0.99186486,0.0059907218,0.0021444177
0.99372137,0.0059902235,0.0002884959
0.98990065,0.008061162,0.002038181
0.99543023,0.00263684,0.001932925
0.9245591,0.013317549,0.062123336
0.991154,0.0080085555,0.00083752687
0.99209094,0.007157596,0.00075146393
0.9839855,0.012266177,0.0037482858
0.98363924,0.013840337,0.0025205126
0.99008906,0.007799386,0.002111512
0.9862113,0.012305934,0.0014827087
0.989824,0.009847086,0.0003288221
0.98826504,0.009482675,0.0022523329
0.99563533,0.004222766,0.00014197736
0.9861369,0.012462217,0.0014009556
0.9875196,0.011677879,0.0008024883
0.9917697,0.0071832826,0.0010470485
0.98746246,0.006250356,0.0062870868
0.90466434,0.008347959,0.086987734
0.9869245,0.012496554,0.00057879166
0.990316,0.008304305,0.0013796809
0.98810184,0.010191632,0.0017065223
0.99259806,0.0068333168,0.0005686342
0.9938069,0.0045932587,0.0015998379
0.9933355,0.0056361062,0.0010284178
0.9855474,0.010852638,0.0035998512
0.9946366,0.0036083001,0.001755114
0.9848742,0.01203979,0.0030860407
0.98803455,0.011368814,0.0005966696
0.98826575,0.007969638,0.0037645905
0.9978721,0.0020148545,0.00011300622
0.9901932,0.00820654,0.0016002594
0.9954425,0.0044854716,7.207733e-05
0.99743736,0.0015054557,0.0010571536
0.995887,0.0034473923,0.000665702
0.98950714,0.009402324,0.0010905259
0.9851,0.011948835,0.002951154
0.9615716,0.01728803,0.021140406
0.9893344,0.008996514,0.0016690703
0.99081343,0.0068477276,0.0023389407
0.9974437,0.002282149,0.00027416556
0.99431205,0.0046862336,0.0010016619
0.9903348,0.00841878,0.0012464614
0.9867684,0.010708072,0.002523597
0.9935456,0.005759723,0.0006946515
0.9890865,0.009907244,0.0010061758
0.9922603,0.004291456,0.003448282
0.9980609,0.00079536723,0.0011437701
0.99542,0.004164525,0.00041557784
0.9874414,0.010778344,0.0017802571
0.9924561,0.0073443605,0.00019958083
0.99353963,0.005306073,0.0011542623
0.9817932,0.01719225,0.0010144846
0.9935241,0.005389547,0.0010864319
0.99896395,0.00034039235,0.0006957169
0.9903976,0.008927372,0.00067509006
0.9927152,0.006688862,0.0005959939
0.9865978,0.010255931,0.0031462638
0.9937575,0.0059206504,0.00032185213
0.99138147,0.006411439,0.0022070957
0.9947773,0.004743692,0.00047895295
0.98931247,0.008167274,0.0025202397
0.99063325,0.007431786,0.0019349145
0.98789865,0.009876038,0.0022252672
0.99276346,0.0062107,0.0010258202
0.9906811,0.008194562,0.0011242798
0.9920472,0.005055485,0.002897456
0.9969247,0.0025897212,0.00048564476
0.9756771,0.018819422,0.0055035716
0.9858764,0.011321846,0.0028017652
0.9915804,0.007366601,0.0010530007
0.98713917,0.007898604,0.004962166
0.9946004,0.0049899165,0.00040959727
0.9861855,0.012845893,0.0009685678
0.9870056,0.009107779,0.003886723
0.98852545,0.010811272,0.0006633674
0.9933094,0.005325606,0.0013650601
0.9902692,0.0069111297,0.0028197514
0.99411017,0.0053091203,0.0005807328
0.987444,0.012071204,0.000484799
0.9890348,0.008657693,0.0023075414
0.98972803,0.009367759,0.0009042796
0.9877325,0.008012148,0.00425522
0.9901703,0.008079123,0.0017506486
0.9964289,0.0032977497,0.00027335223
0.9915884,0.0069610043,0.0014505814
0.9964044,0.0034626836,0.00013295803
0.9929054,0.0061512236,0.0009433207
0.99497837,0.0024471118,0.0025745886
0.99135613,0.0064238096,0.0022200095
0.9968995,0.0025795596,0.0005210075
0.9930146,0.006092115,0.00089321635
0.9953584,0.0038891125,0.0007524678
0.9928597,0.0068752845,0.0002650263
0.9963517,0.0035584841,8.9783614e-05
0.99110657,0.0061042076,0.0027892569
0.9930864,0.006360051,0.0005535685
0.98905843,0.007655507,0.003286168
0.9959489,0.003508745,0.0005423037
0.027694061,0.9705458,0.0017600788
0.013293495,0.97858036,0.00812615
0.018641466,0.9797549,0.0016036198
0.019794611,0.97637546,0.003829873
0.018752815,0.97793716,0.0033100685
0.015746472,0.9837601,0.0004934794
0.0070452522,0.9918972,0.0010574597
0.01329618,0.9826089,0.0040949006
0.017888756,0.97860247,0.0035087725
0.019663917,0.97753626,0.0027998523
0.023603676,0.97467643,0.0017198926
0.021347014,0.97667515,0.0019778407
0.0031940197,0.99183965,0.004966357
0.017317552,0.9812526,0.0014298648
0.008216771,0.9914278,0.00035542264
0.02366003,0.96940047,0.0069394647
0.020758614,0.9770363,0.0022051022
0.023569,0.9751473,0.0012837378
0.022595836,0.97592974,0.0014744328
0.0069969934,0.9812624,0.011740668
0.017835254,0.97662884,0.0055359057
0.013149014,0.98414814,0.0027028734
0.0054535377,0.983952,0.010594417
0.018085942,0.9778627,0.0040513137
0.030035796,0.96782,0.0021441462
0.009681124,0.9875015,0.0028173677
0.0028449686,0.9952301,0.0019250021
0.049772114,0.9409669,0.0092610195
0.013861743,0.9841989,0.001939317
0.018456245,0.97858334,0.002960401
0.017758034,0.97907054,0.0031714276
0.017495193,0.97976893,0.0027358916
0.021552125,0.97266984,0.005778061
0.012572609,0.9842424,0.0031850683
0.00903674,0.9898839,0.0010792848
0.014490193,0.97692466,0.008585155
0.020215753,0.9750013,0.004782943
0.019980937,0.97503567,0.004983372
0.029536162,0.9610603,0.009403519
0.01959594,0.9789251,0.0014789582
0.01449744,0.9821975,0.003305066
0.011128313,0.9871718,0.0016999287
0.013570377,0.98443604,0.0019935572
0.015078002,0.9814372,0.0034847388
0.018130057,0.9764263,0.0054436303
0.021887654,0.9753513,0.0027610476
0.016885655,0.97946966,0.0036446534
0.017931713,0.9780828,0.0039855074
0.011396896,0.9875777,0.0010254566
0.015503141,0.9838104,0.00068650284
0.012073659,0.982834,0.005092378
0.015070755,0.97714114,0.007788123
0.015962642,0.98180413,0.002233242
0.012219636,0.98697597,0.0008043998
0.017174821,0.9807978,0.0020273423
0.02563164,0.97125894,0.0031094707
0.018149935,0.9774968,0.0043532928
0.010792545,0.98874235,0.0004650197
0.021813575,0.9768082,0.0013782489
0.02245525,0.9746051,0.0029397407
0.0058950493,0.99333316,0.00077175343
0.011258797,0.9880755,0.00066566066
0.0046326946,0.9906617,0.004705649
0.016689029,0.98139036,0.0019206088
0.023452992,0.97319454,0.0033524304
0.022707803,0.97408414,0.0032080952
0.016877683,0.9809214,0.0022009367
0.009551803,0.98483294,0.0056152144
0.010349764,0.9878762,0.0017740973
0.009555504,0.98907053,0.0013739148
0.010770741,0.9867448,0.0024844133
0.022680134,0.97289723,0.004422582
0.008532076,0.9900337,0.0014342322
0.01118128,0.98703915,0.0017795318
0.020780183,0.9761431,0.003076657
0.008826215,0.9887843,0.0023895036
0.009096955,0.9762522,0.014650906
0.0108948825,0.98841804,0.0006870291
0.012889605,0.98472136,0.0023889989
0.013398998,0.9844222,0.0021787984
0.057135567,0.92844653,0.014417946
0.016690437,0.98147315,0.0018363955
0.015532731,0.9780175,0.006449762
0.01657121,0.98114634,0.00228244
0.01883947,0.97576296,0.005397598
0.0048685195,0.9934157,0.0017156998
0.016120242,0.98090357,0.0029761265
0.013156266,0.98565304,0.0011907156
0.015402564,0.98221225,0.0023852393
0.093260214,0.24403402,0.6627058
0.02003095,0.97652197,0.0034470297
0.019102288,0.9788042,0.0020935698
0.017636402,0.9799907,0.002372883
0.014113504,0.9807749,0.0051115723
0.016695052,0.97887254,0.004432397
0.0021554595,0.99697196,0.00087258697
0.01995666,0.97670823,0.003335093
0.016926475,0.9808791,0.0021944034
0.021659262,0.97559774,0.0027429308
0.07289231,0.86047876,0.06662896
0.014407143,0.9684839,0.017108904
0.01041709,0.9884935,0.0010894088
0.01347843,0.98543453,0.0010870986
0.009329011,0.9894918,0.0011791214
0.011330638,0.9866419,0.0020275074
0.009570488,0.98965454,0.000774926
0.009851804,0.9893316,0.0008166213
0.014732752,0.98074764,0.00451964
0.016851507,0.9822735,0.00087496825
0.008299354,0.98972553,0.0019751233
0.009740305,0.9877336,0.0025260653
0.014866318,0.9838574,0.0012763698
0.0071835,0.9917997,0.0010168491
0.011966703,0.9865731,0.0014602569
0.014426186,0.982154,0.0034198337
0.012446297,0.9858394,0.0017142938
0.01899679,0.97816294,0.002840214
0.0046649785,0.9917372,0.0035977818
0.0110489875,0.9858948,0.003056231
0.005882046,0.9930797,0.0010382428
0.02574854,0.9624399,0.011811587
0.020848477,0.97744024,0.0017113471
0.011392136,0.9871652,0.0014427011
0.02267621,0.97367936,0.0036443986
0.01735282,0.9813324,0.0013147898
0.0199773,0.97581065,0.0042120777
0.017410943,0.981739,0.0008500736
0.010785692,0.9881146,0.001099678
0.023314586,0.9740874,0.0025980035
0.017305586,0.98153275,0.0011616689
0.025549497,0.21528554,0.75916505
0.017434645,0.982116,0.00044944414
0.023083473,0.96820617,0.008710312
0.015295491,0.9839947,0.00070981245
0.001173117,0.99800473,0.000822173
0.017863082,0.98006505,0.0020718444
0.0177064,0.9790878,0.003205736
0.007838908,0.99122673,0.00093439734
0.017589709,0.9802639,0.0021464138
0.014992633,0.9835345,0.0014729195
0.015463808,0.9822733,0.0022628552
0.0143129015,0.9189858,0.066701256
0.023298824,0.9667973,0.009903955
0.007668043,0.98777986,0.0045520472
0.01744159,0.98059,0.001968392
0.011053446,0.98532987,0.0036166734
0.015331471,0.98246413,0.0022043982
0.013108213,0.98589665,0.0009951259
0.020734861,0.97782624,0.001438855
0.012614342,0.9855825,0.001803126
0.01814777,0.9802478,0.0016044265
0.014850382,0.98376286,0.0013867068
0.0549378,0.64324695,0.3018152
0.012981279,0.98689425,0.00012443737
0.015035027,0.984391,0.00057393307
0.016163578,0.9682921,0.01554436
0.023527242,0.9677326,0.008740125
0.020077934,0.9769026,0.0030194966
0.017439442,0.9795122,0.0030483296
0.02544362,0.97169614,0.002860276
0.00984551,0.9886996,0.001454855
0.017893054,0.98075116,0.0013557223
0.01706906,0.9824033,0.0005276643
0.017850462,0.9803295,0.0018199813
0.019875592,0.9775019,0.0026224314
0.10522234,0.89314365,0.0016340088
0.014649159,0.9837917,0.001559162
0.009058113,0.98835677,0.0025850753
0.026635874,0.96686214,0.0065019545
0.011951084,0.9862481,0.0018008231
0.011620777,0.986537,0.0018422685
0.021548921,0.97252524,0.0059257667
0.0066602025,0.9923304,0.0010094757
0.010668795,0.98699677,0.002334486
0.10965084,0.85774595,0.0326032
0.029324671,0.96731377,0.0033615886
0.014007059,0.9838905,0.0021023948
0.011695296,0.98417515,0.0041295607
0.0102092745,0.9859534,0.0038373459
0.009852067,0.989358,0.0007899732
0.019292379,0.9779821,0.0027255737
0.020370571,0.97863775,0.0009916653
0.02879313,0.9685129,0.002693917
0.01850887,0.9794587,0.0020324981
0.027694866,0.970574,0.0017311503
0.0026921849,0.9966659,0.00064195273
0.025542632,0.96977836,0.0046789944
0.0104042655,0.9815087,0.00808704
0.04117467,0.9435593,0.015266115
0.0350193,0.9557917,0.009189015
0.028680641,0.9656718,0.005647553
0.020677408,0.97893333,0.00038921842
0.0074099097,0.9906151,0.001974969
0.01068835,0.9888059,0.00050579343
0.0114180865,0.9855564,0.0030254915
0.019618377,0.97717905,0.003202612
0.014844838,0.9824358,0.002719333
0.012341897,0.9852373,0.0024207889
0.017718496,0.9778451,0.0044364007
0.0036577897,0.9945872,0.0017550268
0.0055051898,0.9932713,0.001223585
0.011459738,0.9852953,0.0032450184
0.01016466,0.9893439,0.0004914574
0.012035657,0.9864609,0.0015034997
0.0042590373,0.99248815,0.0032527861
0.025147382,0.97360307,0.0012495713
0.015636465,0.9835881,0.0007754587
0.01202328,0.98448455,0.0034921467
0.015368099,0.9838501,0.00078174885
0.009422982,0.9868507,0.0037263052
0.010019606,0.98672116,0.0032592493
0.027637444,0.9572776,0.015085029
0.031931773,0.96751827,0.0005499533
0.022642808,0.97509766,0.0022595255
0.027508965,0.9697244,0.0027666492
0.017219879,0.98241097,0.00036909213
0.018079134,0.9803626,0.0015582861
0.0066212825,0.99232906,0.0010496873
0.022351785,0.9758153,0.0018329553
0.021010572,0.97832906,0.0006603831
0.01028776,0.98869365,0.0010186263
0.021743001,0.9755515,0.0027055563
0.024481228,0.9721861,0.003332644
0.013616391,0.98392314,0.0024604318
0.010386613,0.9846395,0.0049738274
0.028781494,0.9690674,0.0021511072
0.025968924,0.97067755,0.0033535704
0.010793196,0.98494697,0.0042598266
0.0152360555,0.9763498,0.008414149
0.011344947,0.98596036,0.002694661
0.004518884,0.99505335,0.00042777546
0.0181887,0.9805417,0.0012695864
0.011688286,0.98550826,0.0028034556
0.01163825,0.987056,0.0013057754
0.009808222,0.98688066,0.0033111102
0.029501066,0.908167,0.06233189
0.023229517,0.9629805,0.013789942
0.01494734,0.98440105,0.00065162947
0.025288591,0.97240025,0.0023112197
0.017822267,0.97973734,0.002440413
0.011951041,0.9862446,0.0018043374
0.029459609,0.92139715,0.049143218
0.014507591,0.9838455,0.0016468934
0.0026665437,0.996861,0.00047251512
0.014174073,0.983062,0.002763917
0.017527178,0.9796449,0.0028278986
0.01414113,0.9817355,0.0041233487
0.017461378,0.9807443,0.0017942745
0.012131968,0.9866165,0.0012515208
0.014270599,0.9839744,0.0017550518
0.030725196,0.9511771,0.018097725
0.01308507,0.98415595,0.002758898
0.022663876,0.9750523,0.0022838223
0.01503014,0.98311055,0.0018593254
0.022818418,0.9750131,0.0021685364
0.01942518,0.97705096,0.003523796
0.017924285,0.9815041,0.0005716913
0.015644202,0.98119605,0.003159744
0.011161844,0.9824409,0.0063972007
0.00476057,0.9924843,0.0027552065
0.021471236,0.9766194,0.0019094063
0.030551663,0.55087554,0.41857275
0.0068857158,0.9924258,0.00068846886
0.010645833,0.9887272,0.0006269661
0.011652525,0.98441374,0.0039337194
0.016971992,0.98063964,0.0023884077
0.013637667,0.98449856,0.0018637698
0.020071238,0.97848606,0.0014426408
0.013255009,0.98340017,0.0033448518
0.014707083,0.98383105,0.0014618979
0.020453995,0.97690463,0.0026413843
0.015907312,0.98318994,0.00090270303
0.014459881,0.9767869,0.0087532485
0.015605287,0.9777999,0.006594801
0.012630652,0.98396987,0.0033994936
0.0121637555,0.9863078,0.0015284314
0.017197985,0.9821207,0.00068132
0.02996486,0.967422,0.0026131915
0.027373658,0.9640128,0.008613504
0.011823583,0.98530143,0.0028749448
0.016023295,0.9807341,0.0032426382
0.21773897,0.11541467,0.6668464
0.024573963,0.9739646,0.0014614394
0.02544132,0.96971256,0.004846087
0.013361788,0.9855306,0.0011075657
0.002821021,0.9965371,0.0006418698
0.018223947,0.97289443,0.008881642
0.016164616,0.9807262,0.003109267
0.007816311,0.9903016,0.0018820931
0.0170874,0.9815398,0.0013728061
0.015261017,0.9836964,0.00104259
0.018821847,0.98057896,0.0005991476
0.009803488,0.9883328,0.0018637341
0.016869504,0.9814038,0.0017266974
0.025995528,0.9726213,0.0013831047
0.0116630895,0.98530626,0.003030637
0.022896485,0.97453463,0.0025689148
0.014387864,0.98050195,0.0051101497
0.012884381,0.98144275,0.0056729163
0.024472147,0.9737254,0.0018024325
0.013606897,0.98131853,0.005074605
0.0043064747,0.99379,0.0019035364
0.015394206,0.9816792,0.002926581
0.0092592295,0.98979306,0.0009477391
0.02224252,0.97484565,0.0029118906
0.015234054,0.98291785,0.0018481006
0.0071437405,0.9921063,0.00075000926
0.018109472,0.97913504,0.0027555653
0.020245273,0.97737896,0.0023758214
0.018347943,0.9737915,0.007860586
0.009364599,0.9884284,0.0022069777
0.022428777,0.9753591,0.0022120918
0.015412026,0.9837759,0.0008120355
0.050663516,0.9485112,0.0008253222
0.03146807,0.9665935,0.0019384023
0.0670855,0.9315289,0.0013855333
0.009524631,0.9887677,0.0017076724
0.021240959,0.97562647,0.0031326176
0.013242065,0.9843605,0.0023974702
0.015770994,0.9814507,0.002778314
0.023745153,0.9738386,0.002416263
0.027579969,0.97033036,0.0020896816
0.016633065,0.98192763,0.0014392571
0.019587854,0.97185487,0.008557299
0.013303047,0.98503834,0.00165858
0.010987373,0.9871219,0.0018907641
0.023816576,0.9748619,0.0013215169
0.01910644,0.9799733,0.0009201875
0.02142124,0.97720397,0.0013747738
0.016875902,0.9808178,0.0023063181
0.016243648,0.9816791,0.0020772843
0.0045773145,0.9942333,0.0011894087
0.027206887,0.96943396,0.0033591008
0.011258956,0.9880895,0.0006515211
0.028323852,0.9705704,0.0011057681
0.016324356,0.9827104,0.00096515485
0.025895597,0.97267455,0.0014298772
0.017553048,0.9810908,0.0013561918
0.048450865,0.9496905,0.0018585713
0.019158076,0.9787909,0.0020510447
0.007622763,0.9906155,0.0017617281
0.024244769,0.9741451,0.0016100848
0.075881794,0.9226257,0.0014925197
0.013713698,0.985165,0.0011213002
0.020784056,0.977279,0.0019369979
0.0102997115,0.98887604,0.00082425546
0.04549781,0.02444854,0.93005365
0.025513059,0.029193792,0.9452931
0.05955741,0.030389259,0.9100534
0.024725614,0.02080073,0.9544736
0.024033394,0.0168931,0.9590735
0.3580913,0.008277791,0.633631
0.7323166,0.03353517,0.23414819
0.03486105,0.017375845,0.947763
0.07012098,0.2247015,0.70517755
0.061604146,0.034895916,0.9034999
0.024506556,0.06393872,0.91155475
0.0504443,0.049275756,0.9002799
0.031532772,0.03608196,0.93238527
0.017374529,0.97301155,0.009613885
0.023850089,0.017862892,0.95828706
0.042568296,0.29955012,0.65788156
0.036048062,0.02146231,0.9424896
0.09444398,0.010371094,0.8951849
0.044549078,0.043901257,0.9115497
0.93928957,0.009898561,0.050811958
0.13951951,0.023985807,0.8364946
0.038770057,0.031953726,0.9292762
0.02669315,0.031421516,0.94188535
0.017158307,0.010612299,0.97222936
0.060599066,0.03576378,0.9036371
0.07726221,0.0522272,0.87051064
0.047177345,0.024475284,0.92834735
0.0226278,0.008613744,0.9687584
0.019674314,0.028653927,0.9516718
0.038429275,0.081354775,0.8802159
0.042484306,0.012053668,0.94546205
0.036466103,0.030379437,0.93315434
0.042558588,0.035872944,0.92156845
0.026291046,0.009998464,0.9637104
0.027051987,0.022122353,0.95082563
0.035875622,0.014159285,0.9499651
0.040567484,0.028879244,0.9305533
0.8512199,0.039870445,0.10890961
0.03716086,0.033934616,0.92890453
0.18066421,0.07123442,0.7481014
0.015168574,0.9825234,0.0023080737
0.043966595,0.022390248,0.9336431
0.057398647,0.05085238,0.891749
0.067826405,0.053445928,0.87872773
0.024827154,0.013967631,0.9612052
0.041520577,0.015319381,0.94316006
0.04810299,0.12910797,0.822789
0.039386373,0.48394188,0.47667176
0.020446317,0.079924636,0.89962906
0.07918829,0.057316367,0.86349535
0.0310413,0.021044655,0.94791406
0.07344975,0.040012013,0.8865382
0.03026596,0.026346931,0.94338715
0.034385063,0.030792482,0.9348224
0.018732555,0.026083881,0.9551835
0.060923327,0.030604267,0.9084724
0.026832445,0.022661477,0.9505061
0.06260223,0.037018217,0.9003796
0.024526093,0.018477142,0.9569968
0.027208202,0.023917545,0.94887424
0.030573161,0.027566653,0.9418602
0.05535888,0.019225162,0.925416
0.0373861,0.027165914,0.93544793
0.04590161,0.02672193,0.92737645
0.014526644,0.006091192,0.97938216
0.028299244,0.007638985,0.96406174
0.05411756,0.03856293,0.9073195
0.081389554,0.14186998,0.7767405
