p0,p1,p2
0.0121605825,0.9822062,0.005633149
0.9910262,0.006957058,0.002016726
0.98778194,0.011299504,0.00091850606
0.99607337,0.0027490153,0.0011777272
0.99522734,0.004067267,0.0007054059
0.9892491,0.0060335575,0.0047173304
0.9906284,0.008842676,0.0005289736
0.9941399,0.005596774,0.0002633029
0.99223596,0.0075758146,0.0001881809
0.98953664,0.009329434,0.0011340014
0.985352,0.009482464,0.005165606
0.52846956,0.049631648,0.4218988
0.97861826,0.020429932,0.00095179543
0.9947502,0.005019996,0.00022979785
0.9675703,0.016151529,0.016278205
0.9945873,0.0052395426,0.00017309372
0.9944988,0.005077887,0.0004233822
0.99055815,0.0067662057,0.0026756867
0.988653,0.009430977,0.001916019
0.12470414,0.8410368,0.03425909
0.9894554,0.00970028,0.00084429653
0.95042014,0.031336855,0.018242959
0.98582494,0.01030812,0.0038669389
0.73428166,0.05262928,0.21308905
0.9686355,0.017178556,0.014186
0.99114215,0.0076417266,0.001216202
0.2895976,0.5028291,0.20757334
0.9771527,0.021863934,0.0009834149
0.99887747,0.00085067324,0.00027189148
0.9949668,0.004170767,0.00086236914
0.9928229,0.00597313,0.0012040713
0.990564,0.008257857,0.0011780958
0.9877499,0.010247872,0.0020022222
0.10849029,0.028108574,0.86340106
0.9948001,0.0039404375,0.0012594395
0.9855033,0.012502956,0.0019937702
0.99704057,0.0025349706,0.00042446432
0.996951,0.0026408685,0.0004081667
0.9950288,0.00469878,0.0002724355
0.9944041,0.0043344586,0.0012613994
0.9847542,0.014101742,0.0011440556
0.98812324,0.011204497,0.00067222555
0.23691666,0.16849197,0.5945914
0.9918407,0.0059207836,0.0022385148
0.9935893,0.005989427,0.00042134593
0.9913816,0.006512405,0.0021060256
0.99866915,0.0010080179,0.00032281177
0.9956086,0.0038598173,0.0005316329
0.9910812,0.008102363,0.00081646926
0.9885555,0.007372872,0.0040716864
0.99037206,0.0082401475,0.0013878673
0.99483585,0.004743971,0.00042022983
0.99518245,0.004004029,0.00081346784
0.985421,0.013570694,0.0010083378
0.9946061,0.0045080394,0.00088595354
0.9947324,0.0038488954,0.0014186978
0.98912877,0.00905634,0.0018149235
0.8984103,0.042535283,0.059054397
0.9916209,0.008138505,0.00024053783
0.98753536,0.0117466925,0.00071795366
0.9856655,0.01333754,0.0009968376
0.99058163,0.0061970507,0.0032212732
0.93534094,0.055165887,0.009493232
0.99595875,0.0012437848,0.0027974434
0.9966941,0.0030626717,0.0002431892
0.9915047,0.0066937674,0.001801603
0.98924226,0.010143784,0.00061395945
0.99710065,0.0022328733,0.0006665133
0.9903852,0.008468685,0.0011461118
0.9872728,0.011606752,0.0011204119
0.99839586,0.00148354,0.000120592944
0.99343467,0.00543133,0.00113403
0.9808888,0.018337844,0.00077333057
0.998021,0.0004549421,0.0015240927
0.9917828,0.0072822627,0.0009349215
0.99208647,0.0067766453,0.0011369234
0.9949222,0.0045359726,0.00054174464
0.99431735,0.005532557,0.00015005225
0.99480563,0.0046702814,0.000523991
0.9916203,0.007424676,0.00095506845
0.99024385,0.00855057,0.0012056439
0.99858725,0.0010338551,0.00037885128
0.98762065,0.01041806,0.0019613225
0.9907855,0.008406177,0.0008082934
0.9917041,0.007781652,0.000514259
0.98070556,0.018227303,0.0010671911
0.9968641,0.00280546,0.00033051465
0.88221043,0.08482868,0.032960873
0.99758744,0.0014480003,0.0009645762
0.9983581,0.0011621278,0.00047973907
0.9924919,0.0068861744,0.00062202115
0.77320147,0.17043135,0.056367192
0.99338865,0.0036178776,0.0029934736
0.99178326,0.006591841,0.0016248932
0.9718769,0.022066772,0.006056331
0.9823415,0.008915493,0.008743052
0.99199766,0.007018496,0.0009838371
0.9890932,0.008709084,0.0021977047
0.996049,0.0038690737,8.1883845e-05
0.9930869,0.005768319,0.001144758
0.9905552,0.008859309,0.00058547716
0.99479795,0.0039327405,0.0012693147
0.9881592,0.010577557,0.001263309
0.98912257,0.0087263705,0.002151056
0.9946412,0.0049901213,0.0003686128
0.99434495,0.0048826,0.0007725395
0.9906448,0.008339576,0.001015665
0.9887145,0.0087569095,0.002528574
0.98819923,0.010765569,0.0010351603
0.99638844,0.003097823,0.00051366945
0.98864764,0.009284711,0.0020676572
0.99523526,0.0041637523,0.0006010181
0.9903184,0.0089615965,0.000719977
0.9934738,0.0042883204,0.0022378257
0.9932053,0.0059521347,0.00084254495
0.9881571,0.009868979,0.00197392
0.9939236,0.0047211433,0.0013552746
0.99176955,0.0077973795,0.00043307804
0.9938333,0.0056169466,0.0005496737
0.99313724,0.0054297037,0.0014331191
0.9938362,0.0055623776,0.0006013466
0.984005,0.0130066285,0.0029884535
0.9964238,0.0031528703,0.00042337403
0.9950063,0.0043796464,0.00061392906
0.99324095,0.0061293133,0.00062982837
0.9982122,0.001281156,0.0005066314
0.015832117,0.98333204,0.0008358003
0.013617672,0.9528097,0.033572663
0.03283333,0.96611226,0.0010543955
0.015805576,0.98360276,0.0005916775
0.0268131,0.93646604,0.036720812
0.0048154877,0.9941771,0.0010074115
0.016116261,0.97970414,0.0041796165
0.0066441307,0.9899358,0.003420105
0.012613855,0.9865074,0.00087873964
0.5534451,0.10542073,0.34113416
0.01570002,0.9827755,0.0015244455
0.012461662,0.986093,0.0014453623
0.020765191,0.97830087,0.00093399495
0.033221904,0.96333086,0.003447276
0.017340085,0.94304556,0.0396144
0.017875591,0.9807514,0.0013730437
0.012673423,0.9853755,0.0019511391
0.33936572,0.6167665,0.04386777
0.009813693,0.9893616,0.0008246602
0.028105464,0.9696932,0.00220139
0.016040804,0.982765,0.0011942035
0.004400556,0.9939161,0.0016833626
0.017113673,0.9801733,0.0027130703
0.016106501,0.98294306,0.00095041643
0.0132815465,0.9815275,0.00519098
0.005715062,0.9935737,0.00071114476
0.026042705,0.97248524,0.0014721013
0.019241588,0.9801819,0.0005765239
0.026686616,0.9705978,0.002715581
0.048400346,0.7363724,0.21522725
0.021028476,0.9772521,0.0017193928
0.0125711765,0.9870176,0.00041126588
0.01842112,0.9805437,0.0010351968
0.010234973,0.96083516,0.02892983
0.021452812,0.977689,0.00085822045
0.020313721,0.9787699,0.00091636897
0.010017924,0.9884843,0.001497782
0.01108356,0.9860866,0.0028298637
0.012694312,0.98507375,0.0022319437
0.012333123,0.9835759,0.004090932
0.024269063,0.9722686,0.0034623127
0.015045203,0.97548443,0.009470375
0.018902155,0.97805405,0.0030437917
0.018030234,0.98057944,0.0013903423
0.01438043,0.98479223,0.00082728954
0.02171192,0.97606134,0.002226693
0.009855361,0.9877577,0.0023870226
0.0251288,0.9728837,0.0019875548
0.042460777,0.33251542,0.6250238
0.020073943,0.9634459,0.016480155
0.018180031,0.97911775,0.0027022203
0.010236481,0.9885809,0.0011826467
0.01903725,0.97928953,0.001673232
0.009410859,0.98847276,0.0021163155
0.010352843,0.98817015,0.0014769742
0.0049427,0.9851891,0.009868205
0.016501045,0.9808157,0.0026832197
0.0046453523,0.99336845,0.001986269
0.019151343,0.9784469,0.0024017578
0.016647803,0.9780105,0.0053417827
0.022800237,0.97518796,0.0020118135
0.003406061,0.986834,0.009759985
0.0035389124,0.99474984,0.001711306
0.01953137,0.948455,0.03201365
0.004940608,0.99443614,0.00062323967
0.019980775,0.97788846,0.0021307827
0.0034087757,0.99633896,0.00025229342
0.019568652,0.9756545,0.0047768084
0.014140353,0.9797661,0.0060935793
0.008630477,0.98881835,0.002551164
0.008987888,0.9864573,0.00455484
0.012613369,0.9845446,0.0028420424
0.009284141,0.98858684,0.002128998
0.01588655,0.9809483,0.0031651221
0.0077947495,0.991435,0.00077027874
0.01668717,0.98223984,0.0010730441
0.018343756,0.98024726,0.001409004
0.017013898,0.971608,0.011378058
0.0072022886,0.9924535,0.00034417096
0.020313436,0.97780085,0.0018857571
0.015716016,0.9770747,0.007209383
0.01273425,0.9852821,0.0019836135
0.014509898,0.984002,0.001488081
0.013510768,0.9762908,0.010198463
0.041378263,0.95659554,0.0020261838
0.006797672,0.9912849,0.0019173713
0.016427321,0.9783426,0.0052300175
0.014983273,0.98292047,0.0020962239
0.01978511,0.97781473,0.002400206
0.017616889,0.9817785,0.00060458534
0.07017296,0.90735453,0.022472475
0.09208812,0.053609714,0.8543022
0.004364665,0.995484,0.00015140655
0.006815951,0.99201113,0.0011729242
0.014903219,0.97862405,0.006472697
0.015350573,0.98272806,0.0019213493
0.019102229,0.97975737,0.0011404757
0.012831935,0.98511386,0.0020542396
0.01990017,0.97775537,0.002344463
0.08309053,0.89746076,0.01944874
0.015656518,0.98101,0.0033334652
0.015244833,0.98169404,0.0030610925
0.018730052,0.9786597,0.0026101982
0.013491149,0.98443985,0.0020689345
0.0063497755,0.97420585,0.019444421
0.016803224,0.980416,0.0027808112
0.007651969,0.99053407,0.0018139556
0.019733239,0.9781125,0.0021542888
0.01693602,0.9814323,0.0016316618
0.018601399,0.97956043,0.0018381942
0.02243896,0.97484946,0.0027115422
0.0971423,0.3979527,0.504905
0.027630271,0.956095,0.016274754
0.01964872,0.9786904,0.0016608161
0.034105964,0.96323043,0.002663571
0.016787644,0.98142207,0.0017902621
0.019631805,0.9788032,0.0015649502
0.24635951,0.2942784,0.45936212
0.022180285,0.9759228,0.0018968971
0.01888452,0.97714156,0.0039739027
0.00745555,0.9918617,0.00068272284
0.015883302,0.98266506,0.0014516346
0.013833488,0.9850745,0.0010920207
0.006029054,0.99237967,0.0015913121
0.012111952,0.9849887,0.002899404
0.016352097,0.9795855,0.0040624165
0.010555962,0.98614186,0.0033021753
0.015421553,0.97863287,0.0059455377
0.025847293,0.97086024,0.0032925394
0.011437993,0.9853483,0.003213656
0.015766393,0.98308253,0.0011510713
0.021991309,0.97614986,0.0018588244
0.011635734,0.9829952,0.005369009
0.02126088,0.97749555,0.001243589
0.013521587,0.9847357,0.0017427411
0.025147442,0.9726552,0.002197359
0.007396487,0.9917218,0.0008816607
0.014153436,0.98547274,0.0003738758
0.045291625,0.9303707,0.024337744
0.01909616,0.9784902,0.0024136205
0.020599501,0.9771516,0.002248859
0.05974789,0.82675976,0.11349233
0.018815424,0.9773769,0.0038076828
0.015552685,0.98310673,0.0013405251
0.012681203,0.9830959,0.0042228545
0.003381705,0.996179,0.0004392724
0.015337686,0.9828624,0.0017999067
0.01500652,0.9825246,0.0024689606
0.037726942,0.9579059,0.004367211
0.015194462,0.98132116,0.0034843266
0.028897386,0.9682302,0.002872427
0.007942833,0.99072975,0.0013273804
0.009605729,0.9894264,0.0009679624
0.032628782,0.96573555,0.0016356342
0.23121004,0.7240989,0.044690985
0.0068065515,0.9925799,0.00061362924
0.033890843,0.9627796,0.0033295339
0.015218106,0.98188883,0.0028931028
0.024449868,0.97474086,0.0008093059
0.013429116,0.98182917,0.0047417656
0.035888284,0.05021674,0.91389495
0.016461296,0.97940904,0.004129678
0.017044544,0.97716767,0.005787798
0.009520136,0.988301,0.0021788555
0.01956823,0.97468114,0.0057505635
0.00434192,0.99417216,0.0014859451
0.0032523824,0.9962489,0.000498769
0.016752893,0.9793904,0.003856735
0.014858062,0.98331106,0.0018308725
0.013538265,0.94402146,0.042440295
0.01780551,0.97881615,0.0033783873
0.013259352,0.9741624,0.012578245
0.021786867,0.9737084,0.004504763
0.01791142,0.97984225,0.00224626
0.015430239,0.9574359,0.027133854
0.0068056406,0.992447,0.0007473418
0.012236191,0.98734844,0.00041544109
0.019701023,0.9784249,0.0018741055
0.014425631,0.9811576,0.004416788
0.028046675,0.96201146,0.009941925
0.012692481,0.9772669,0.01004058
0.0032782964,0.99248755,0.004234153
0.017296812,0.98199344,0.0007097537
0.008350726,0.9890674,0.0025818862
0.024675123,0.9722605,0.0030644196
0.018816402,0.9793386,0.0018449706
0.017242158,0.9808044,0.0019535008
0.0165054,0.98107463,0.0024199956
0.05305388,0.12108626,0.82585984
0.006546198,0.984916,0.008537852
0.02184834,0.9726491,0.0055025886
0.014555386,0.98323846,0.0022061355
0.013218479,0.98356736,0.0032141192
0.010946105,0.98533696,0.003716958
0.025130684,0.9701103,0.00475895
0.021495538,0.9729624,0.005542117
0.01821216,0.9798907,0.0018971841
0.021267409,0.97588784,0.0028446985
0.020350585,0.9767234,0.0029260593
0.018331932,0.9805726,0.0010955556
0.015486303,0.9827419,0.0017717843
0.020558387,0.9771079,0.0023337763
0.012418906,0.9855929,0.0019881185
0.024482159,0.97317296,0.002344897
0.00845391,0.9905902,0.0009559416
0.008949593,0.9832139,0.007836525
0.019858379,0.9785648,0.0015768403
0.02053835,0.97806394,0.0013976522
0.010401165,0.9879467,0.0016521444
0.01853241,0.9797472,0.0017204193
0.025134584,0.97310764,0.0017578446
0.021796077,0.9760247,0.0021792825
0.015700892,0.98283005,0.0014689926
0.012792208,0.9849454,0.0022623732
0.019622775,0.978353,0.0020242648
0.00835377,0.9903948,0.0012514157
0.017328355,0.97137386,0.011297821
0.04238564,0.7546123,0.20300202
0.021846361,0.9763674,0.0017862669
0.1317416,0.08530833,0.7829501
0.030319912,0.96559274,0.0040873564
0.016379556,0.98218924,0.0014312296
0.016861381,0.9809312,0.002207416
0.0072373305,0.98759043,0.005172287
0.01611563,0.980623,0.0032613247
0.023338335,0.9750796,0.0015820019
0.030643873,0.9673701,0.0019859644
0.033718508,0.9398155,0.026465962
0.014750221,0.9828699,0.0023798544
0.052780684,0.6714773,0.275742
0.021434888,0.9759186,0.0026464602
0.018281633,0.97122014,0.010498259
0.10874981,0.109175436,0.78207475
0.017626466,0.9813535,0.0010199894
0.045133,0.036764603,0.9181024
0.055697404,0.010495937,0.9338067
0.26114768,0.009746205,0.7291062
0.028196264,0.041712094,0.93009174
0.021849101,0.023349278,0.9548016
0.023509365,0.017954983,0.9585356
0.10762428,0.038789067,0.8535866
0.026483122,0.13667707,0.83683985
0.052865826,0.05079094,0.8963433
0.042559206,0.029537536,0.92790323
0.06406351,0.10108176,0.8348547
0.010094649,0.97108287,0.01882249
0.05798935,0.041524142,0.90048647
0.1169564,0.13660242,0.7464412
0.02563312,0.04481214,0.92955464
0.029273877,0.054690804,0.9160353
0.041098833,0.05050308,0.90839815
0.09679078,0.051405203,0.851804
0.14112242,0.014423603,0.84445393
0.030415192,0.07549919,0.8940857
0.36609796,0.07730241,0.5565997
0.009621228,0.97375476,0.016623992
0.8129315,0.024789307,0.16227925
0.08398541,0.054013647,0.86200094
0.10819208,0.026565442,0.86524236
0.050591864,0.034065425,0.91534275
0.06127722,0.068093166,0.87062967
0.027748145,0.7726522,0.19959961
0.16112535,0.18098125,0.6578934
0.8827102,0.00777237,0.10951734
0.04616297,0.068224445,0.88561255
0.6498507,0.33652136,0.013627894
0.03748157,0.033795703,0.9287227
0.029121324,0.010272584,0.9606061
0.09074112,0.24665995,0.6625989
0.934033,0.048901338,0.017065696
0.9782898,0.008316386,0.013393779
0.8892876,0.06982465,0.040887766
0.57294744,0.025309127,0.40174338
0.99336994,0.0015081274,0.005121898
0.9370024,0.012703845,0.05029377
0.99146676,0.0038512745,0.0046819593
0.779969,0.049861748,0.1701692
0.9773029,0.0156737,0.007023416
0.9774212,0.009378626,0.013200177
0.9507695,0.0072521293,0.04197837
0.9461559,0.034904044,0.018939972
0.60299677,0.011038881,0.3859643
0.9808084,0.013091601,0.0061000623
0.98898286,0.009415715,0.0016014281
0.83988243,0.067955814,0.092161745
0.5108945,0.4748129,0.014292673
0.17060459,0.037440274,0.7919551
0.8910679,0.075428285,0.033503804
0.74990416,0.047323454,0.20277238
0.93353915,0.014610731,0.051850155
0.8382886,0.017313378,0.144398
0.120557636,0.024433047,0.85500926
0.98609966,0.0059792115,0.007921168
0.12904367,0.033993404,0.8369629
0.96180123,0.009910675,0.028288085
0.6119586,0.07791585,0.31012553
0.2253395,0.26473808,0.5099224
0.0076806736,0.9903736,0.0019457752
0.520267,0.29993355,0.17979947
0.025319718,0.9716974,0.0029829466
0.02166727,0.9778665,0.0004662355
0.22707093,0.09111992,0.6818091
0.036052417,0.92121786,0.04272977
0.022393381,0.8953744,0.08223218
0.019336063,0.9792398,0.0014241476
0.053280223,0.9220869,0.024632849
0.011783066,0.96011597,0.02810097
0.8515047,0.021621004,0.12687424
0.8927599,0.014873649,0.092366375
0.15437394,0.3001904,0.54543567
0.045253128,0.018790765,0.9359561
0.08860039,0.03044059,0.8809591
0.07245849,0.0065100417,0.92103153
0.03386439,0.019946769,0.9461888
0.059420384,0.02728445,0.91329515
0.028939676,0.023874974,0.9471854
0.37182117,0.038058184,0.5901207
0.077493146,0.015499604,0.9070073
0.011338353,0.027040388,0.9616213
0.05597329,0.06588827,0.8781384
0.053622536,0.028730119,0.91764736
0.019270543,0.040359847,0.94036955
0.07256428,0.02068875,0.9067469
0.0470699,0.020343605,0.9325865
0.030369055,0.038615685,0.9310153
0.06135007,0.56775725,0.37089267
0.032221552,0.03436672,0.9334118
0.1767497,0.047571536,0.7756788
0.05089982,0.032671396,0.9164288
0.048413195,0.017346753,0.93424
0.014763363,0.8805331,0.10470354
0.022905705,0.03492703,0.9421673
0.069287516,0.055133037,0.87557936
0.17886236,0.022267329,0.7988703
0.028671375,0.020935496,0.95039314
0.19357613,0.0136144245,0.7928095
0.032620076,0.03888891,0.928491
0.030271618,0.03350763,0.9362207
0.08239303,0.42626256,0.4913444
0.035077084,0.012217393,0.9527055
0.030263243,0.019963756,0.949773
0.018883023,0.0135479085,0.96756905
0.05109078,0.030837182,0.91807204
0.47530642,0.054293472,0.47040018
0.042427395,0.028015424,0.92955714
0.038000572,0.041329872,0.92066956
0.05808158,0.025349196,0.9165693
0.032993287,0.00656052,0.9604462
0.040656354,0.031294312,0.9280493
0.040865093,0.02449717,0.9346378
0.053424463,0.04120267,0.90537286
0.038835082,0.07121969,0.88994527
0.04886812,0.08745781,0.86367416
0.025716232,0.01492708,0.95935667
0.04212154,0.035923064,0.92195535
0.08082399,0.030498104,0.88867784
0.030926006,0.006054114,0.96301985
0.047027186,0.040145997,0.9128268
0.012761484,0.05330974,0.93392885
0.034506626,0.042361062,0.92313224
0.37328878,0.03130684,0.5954044
0.03550668,0.022459486,0.9420338
0.022990158,0.02951995,0.94748986
0.023834685,0.010043082,0.9661222
0.03219199,0.035252556,0.9325555
0.04778375,0.03550987,0.9167064
0.030381003,0.040962037,0.928657
0.03492421,0.027573418,0.9375024
0.05380371,0.033505496,0.9126907
0.04013781,0.018251237,0.941611
0.04698622,0.040982112,0.91203165
0.057995398,0.05148153,0.8905231
0.07489477,0.05533191,0.8697732
0.018347638,0.03136315,0.95028925
0.02184872,0.020565098,0.95758617
0.06041504,0.058271047,0.881314
0.049029768,0.035731096,0.91523916
0.019550309,0.07808178,0.90236795
0.35387105,0.17595041,0.47017846
0.06871339,0.044538334,0.8867483
0.018158596,0.04226125,0.93958014
0.4178868,0.04880094,0.53331226
0.05885432,0.024993604,0.91615206
0.06371813,0.04413626,0.8921455
0.057857387,0.024642324,0.9175003
0.06275469,0.03290832,0.904337
0.16025321,0.05326038,0.78648645
0.030184222,0.018815164,0.95100063
0.021883622,0.025534624,0.9525817
0.21190917,0.25561127,0.5324795
0.05819286,0.037719186,0.90408796
0.057120476,0.035294153,0.9075853
0.4713386,0.023937074,0.5047243
0.75805235,0.087110564,0.15483707
0.09201435,0.20255409,0.7054315
0.053400323,0.026486754,0.9201129
0.025615798,0.03542536,0.9389589
0.02324045,0.03656236,0.9401972
0.03848476,0.016279569,0.9452356
0.19237313,0.036679216,0.77094764
0.036774483,0.027677631,0.9355479
0.030500391,0.022511553,0.946988
0.03988183,0.015330834,0.9447873
0.046862192,0.02194243,0.9311953
0.07583945,0.0069890264,0.9171715
0.04149238,0.18980888,0.7686988
0.021905854,0.034733042,0.94336116
0.07083721,0.04139976,0.88776296
0.08499413,0.47313416,0.44187173
0.043938942,0.027550045,0.928511
0.3743433,0.02986266,0.595794
0.04356377,0.03134718,0.925089
0.04722559,0.07250437,0.8802701
0.018763756,0.07005704,0.9111792
0.1250071,0.05345078,0.821542
0.052999362,0.0066466173,0.94035405
0.024911074,0.015332288,0.95975655
0.02746993,0.09940722,0.8731228
0.03132615,0.031479485,0.9371944
0.075575195,0.0433145,0.8811103
0.02999512,0.012888148,0.95711666
0.013636616,0.02662109,0.95974225
0.021340957,0.023947466,0.9547116
0.031315528,0.032722384,0.9359621
0.017875366,0.13667466,0.8454499
0.095694244,0.0493073,0.8549984
0.07630491,0.02884917,0.89484584
0.026821254,0.046889246,0.92628944
0.010283062,0.102996744,0.8867201
0.06947078,0.20023665,0.73029256
0.008092808,0.019243756,0.9726635
0.14213607,0.046688765,0.81117517
0.030913364,0.0074001555,0.96168655
0.09004329,0.3514639,0.5584928
0.035112053,0.09953772,0.8653503
0.028402513,0.030116444,0.941481
0.051575206,0.012552943,0.9358719
0.05221022,0.026849287,0.9209405
0.04974522,0.09854449,0.8517103
0.15921992,0.066958666,0.7738214
0.049281795,0.03793355,0.9127847
0.03357169,0.03298672,0.9334417
0.11938751,0.30264193,0.5779706
0.097993925,0.03792789,0.8640782
0.4634897,0.06904314,0.4674672
0.027906738,0.031560775,0.94053257
0.045182563,0.023054471,0.931763
0.10493784,0.21743146,0.6776307
0.04173189,0.07078066,0.8874875
0.6163009,0.04786461,0.33583453
0.04693059,0.036764365,0.91630507
0.033678193,0.029004076,0.93731767
0.028455626,0.03472864,0.9368157
0.5276042,0.07413918,0.39825657
0.011091748,0.9753184,0.013589895
0.03170307,0.062375423,0.90592146
0.05799757,0.049704935,0.89229745
0.040491078,0.015159991,0.94434893
0.30599976,0.5784216,0.11557868
0.01216783,0.040842902,0.94698924
0.044858158,0.1349721,0.8201698
0.04367184,0.0041665738,0.95216155
0.04937156,0.03796555,0.9126629
0.16894147,0.16231084,0.66874766
0.1508938,0.035371013,0.8137351
0.033628125,0.026784508,0.9395874
0.026733963,0.029940616,0.9433254
0.052752525,0.034293216,0.91295433
0.08489117,0.036977712,0.8781311
0.07744121,0.04189897,0.8806598
0.04491438,0.0630309,0.89205474
0.06038704,0.045271993,0.8943409
0.029941883,0.042224824,0.92783326
0.023972027,0.03331438,0.9427136
0.02952635,0.040200394,0.9302733
0.026490243,0.033291165,0.9402186
0.030731793,0.039925553,0.9293426
0.7538612,0.011116288,0.23502243
0.026716877,0.023166733,0.9501164
0.04607313,0.0276192,0.9263077
0.0440025,0.023415238,0.93258226
0.21090795,0.3708786,0.4182135
0.02224239,0.01333352,0.9644241
0.024722675,0.01249219,0.9627851
0.7172001,0.024249403,0.25855055
0.042651743,0.07906384,0.87828445
0.06186242,0.019257888,0.91887957
0.022673158,0.010410985,0.96691585
0.089866675,0.017455509,0.8926777
0.044768326,0.029302495,0.9259292
0.43117434,0.09758,0.4712457
0.76193506,0.043811847,0.19425313
0.040842872,0.043989502,0.9151677
0.97540617,0.016171405,0.00842245
0.07232932,0.05380311,0.8738676
0.0119370865,0.0058518588,0.98221105
0.027770907,0.02893363,0.9432955
0.055258293,0.061584916,0.88315684
0.055317163,0.08064335,0.8640394
0.025213083,0.044250336,0.9305366
0.046409246,0.017787825,0.935803
0.051617015,0.027173704,0.9212093
0.020692643,0.048158843,0.9311485
0.020193985,0.012489847,0.96731615
0.009387267,0.04885068,0.94176203
0.045493897,0.04607514,0.9084309
0.059102528,0.104439676,0.83645785
0.02235412,0.034521453,0.9431244
0.01849961,0.023340065,0.9581604
0.05370396,0.0182362,0.92805976
0.03461555,0.023376351,0.94200814
0.41650867,0.045737702,0.5377536
0.03524315,0.025137998,0.9396188
0.07196607,0.013708165,0.9143258
0.061141614,0.029798042,0.90906036
0.010924844,0.019005915,0.9700693
0.09256438,0.0304947,0.8769409
0.04394666,0.15841264,0.79764074
0.05942385,0.07541279,0.8651633
0.042327303,0.024858652,0.932814
0.09279706,0.03532513,0.87187785
0.077583745,0.03104204,0.8913742
0.07106448,0.078278065,0.85065746
0.031004624,0.022201324,0.9467941
0.4385262,0.057902545,0.5035713
0.05545904,0.04069375,0.9038472
0.068334244,0.054534044,0.8771317
0.26747364,0.4019178,0.33060858
0.02908803,0.047260664,0.9236512
0.058248356,0.8021575,0.13959415
0.053527515,0.03935325,0.9071193
0.027444536,0.007932404,0.96462303
0.084317505,0.01139443,0.9042881
0.029470444,0.033821043,0.9367085
0.017444735,0.13086611,0.8516891
0.050446134,0.009712805,0.9398411
0.04740921,0.118374765,0.834216
0.035007387,0.016961563,0.948031
0.047182687,0.017996186,0.9348211
0.036819592,0.06719458,0.8959858
0.049002245,0.039838545,0.9111593
0.35214263,0.51562715,0.13223018
0.0077291857,0.011093193,0.98117757
0.04035874,0.025703734,0.9339376
0.025189409,0.008114163,0.96669644
0.037894867,0.013927135,0.94817793
0.052789163,0.034959722,0.9122511
0.04353885,0.012744986,0.94371617
0.09046768,0.04277566,0.8667567
0.0180798,0.016721083,0.9651991
0.02869795,0.017237032,0.95406514
0.06757013,0.03099634,0.9014335
0.063034,0.036552604,0.90041333
0.023847839,0.022622822,0.9535293
0.048663132,0.025025183,0.9263117
0.034753434,0.027762024,0.93748456
0.03885675,0.02431593,0.93682724
0.033937145,0.024301201,0.94176173
0.014428805,0.022238916,0.9633323
0.018965777,0.020546986,0.9604873
0.02831983,0.10771618,0.86396396
0.008957963,0.00690867,0.9841335
0.044271775,0.021097116,0.93463117
0.045580585,0.018113006,0.9363064
0.076836735,0.21173908,0.7114242
0.06468945,0.04230027,0.89301026
0.028144777,0.018657142,0.9531981
0.024902944,0.021259053,0.95383793
0.043151677,0.03782179,0.91902655
0.050834715,0.008536915,0.9406284
0.021774307,0.04873487,0.9294908
0.03801955,0.035438117,0.9265424
0.026416019,0.03965514,0.93392885
0.04178277,0.018324982,0.9398923
0.06037259,0.038487747,0.9011396
0.040672652,0.01904428,0.940283
0.04527718,0.047080822,0.907642
0.04108128,0.022999546,0.93591917
0.30648234,0.007847399,0.6856703
0.09287199,0.02684316,0.8802848
0.046051025,0.033494815,0.9204542
0.036238436,0.0667178,0.89704376
0.10262894,0.07761984,0.81975114
0.014433637,0.07230473,0.9132616
0.09611477,0.051396314,0.8524889
0.023941224,0.057264,0.91879475
0.9763281,0.012804726,0.010867231
0.050386786,0.027234774,0.92237836
0.08287491,0.064858966,0.8522661
0.037905637,0.029262615,0.93283176
0.079328954,0.012799224,0.90787184
0.04540972,0.057966582,0.89662373
0.055454817,0.034567446,0.90997773
0.076073244,0.030053698,0.89387304
0.061221838,0.033842944,0.9049352
0.062759124,0.043812934,0.89342797
0.34065157,0.031531192,0.62781733
0.031957295,0.012899313,0.9551434
0.037869986,0.013648793,0.94848126
0.0825055,0.03565887,0.88183564
0.057697505,0.032682985,0.90961957
0.10645495,0.024555236,0.8689898
0.10392716,0.023348348,0.87272453
0.24190609,0.020932103,0.7371618
0.082953304,0.086173594,0.83087313
0.045126036,0.016978031,0.93789595
0.01907991,0.97384596,0.007074158
0.031775706,0.023134366,0.94508994
0.08798358,0.10981859,0.8021978
0.04314397,0.03439737,0.9224587
0.026436584,0.0129979,0.9605655
0.043892194,0.047412455,0.9086954
0.050657663,0.038163796,0.9111786
0.040804088,0.016795095,0.9424009
0.32411742,0.041136544,0.634746
0.03197487,0.057899013,0.91012603
0.027167108,0.008590352,0.96424264
0.059473284,0.039271068,0.9012556
0.031646036,0.01695545,0.9513986
0.2922143,0.0062863226,0.7014993
0.023761915,0.012124552,0.96411353
0.031933032,0.83123976,0.13682723
0.04675629,0.03944972,0.9137939
0.01747448,0.037723105,0.94480246
0.0223168,0.033370875,0.94431233
0.07690109,0.075487375,0.84761155
0.05303774,0.06466667,0.8822956
0.06945628,0.06601726,0.86452645
0.16201974,0.7648809,0.07309937
0.98016596,0.019110195,0.0007238178
0.14116314,0.13562275,0.72321415
0.9975067,0.0021066575,0.00038665987
0.9970456,0.0026722518,0.00028220392
0.98221624,0.014611424,0.0031723098
0.98887247,0.009789702,0.0013378939
0.99172485,0.007812272,0.00046279267
0.99145997,0.006190443,0.0023496272
0.99196035,0.0072127837,0.0008268263
0.9820108,0.017466862,0.00052232767
0.9653796,0.0074213226,0.027199142
0.7371228,0.026125468,0.23675178
0.9977848,0.0021113646,0.00010389398
0.10734727,0.09128256,0.8013702
0.98819774,0.006206334,0.005596014
0.9719989,0.017837586,0.01016355
0.9938207,0.005144277,0.0010349668
0.9980217,0.0014401674,0.00053815125
0.97767067,0.017906664,0.004422634
0.9443302,0.024427041,0.031242661
0.9896735,0.0036970356,0.006629409
0.9844789,0.011756169,0.003764843
0.9892371,0.0072777714,0.0034850992
0.9733609,0.017551333,0.009087744
0.9720292,0.00598671,0.021984186
0.9899507,0.00846497,0.0015843199
0.953683,0.030536573,0.015780402
0.9613775,0.028220449,0.010402019
0.996626,0.003209433,0.00016453881
0.89528936,0.01606494,0.08864565
0.99123925,0.008517476,0.00024327957
0.9938625,0.0058181006,0.00031938122
0.98896223,0.008069266,0.0029685167
0.9896388,0.009458837,0.00090243376
0.97513944,0.010896482,0.013964058
0.8929233,0.03952071,0.06755605
0.39447194,0.1785855,0.4269426
0.8240187,0.050045058,0.12593618
0.98750126,0.0009345288,0.011564177
0.9792797,0.009071855,0.011648492
0.87482893,0.07436166,0.050809387
0.9959007,0.0039370996,0.00016218645
0.04171976,0.055757616,0.90252256
0.9917494,0.0076913433,0.0005593397
0.98956645,0.00936623,0.0010674105
0.98936623,0.007854817,0.0027789264
0.98655313,0.0050274874,0.008419457
0.9966318,0.0028769341,0.00049122504
0.9718688,0.024497151,0.0036340717
0.9944641,0.0042343065,0.0013015191
0.9036202,0.044900816,0.05147904
0.9957889,0.0020028094,0.002208265
0.9944068,0.0052181683,0.00037506118
0.9734741,0.013237049,0.013288857
0.086940214,0.015926031,0.89713377
0.9960343,0.0033746166,0.0005910198
0.9961643,0.003401528,0.00043414836
0.13786778,0.018414004,0.8437182
0.7753714,0.025107492,0.19952114
0.98039037,0.016461704,0.0031479138
0.044101007,0.10154144,0.85435754
0.9940527,0.003876432,0.002070856
0.848134,0.03320845,0.11865755
0.982589,0.013597928,0.0038130642
0.990437,0.008858251,0.0007047581
0.37785298,0.107257,0.5148901
0.10502691,0.025838686,0.8691344
0.8392679,0.025717672,0.13501441
0.97270346,0.004037817,0.023258734
0.97877306,0.012849335,0.008377568
0.9858562,0.010677299,0.0034664113
0.9346748,0.010063839,0.055261344
0.97162265,0.0029107786,0.025466554
0.8808569,0.022508724,0.09663434
0.609258,0.033385713,0.35735634
0.9925591,0.007022468,0.00041845
0.9565188,0.041253906,0.0022273231
0.9954522,0.0044332575,0.00011450746
0.99779654,0.0017165474,0.00048701977
0.9835359,0.0041796044,0.0122845415
0.74690986,0.032681007,0.22040914
0.9625133,0.010892807,0.02659387
0.9939752,0.004257096,0.0017677031
0.99584925,0.0026534523,0.0014971988
0.89077204,0.08590323,0.023324642
0.9927528,0.0057103396,0.001536917
0.13512951,0.03183075,0.8330397
0.9953259,0.0028619631,0.0018120821
0.9626902,0.025355939,0.011953927
0.9212744,0.04231711,0.03640845
0.65708524,0.045556802,0.29735795
0.13677974,0.061953228,0.80126697
0.9079093,0.042880196,0.04921042
0.9824363,0.004977259,0.01258636
0.7796234,0.05181239,0.16856423
0.8639807,0.022744955,0.113274276
0.98737955,0.002554926,0.010065533
0.99437356,0.004844743,0.00078166847
0.034693476,0.018407581,0.94689894
0.91077626,0.022502214,0.066721536
0.90562505,0.015627857,0.07874718
0.102330714,0.011938547,0.88573074
0.9919666,0.0060147857,0.0020186396
0.60355115,0.03609594,0.36035287
0.99423075,0.0036280237,0.0021411527
0.11347657,0.88388836,0.002635047
0.89208907,0.018103495,0.08980741
0.29966462,0.02338004,0.67695534
0.98945075,0.0071107172,0.0034385184
0.98133284,0.00710769,0.011559475
0.97913045,0.013750015,0.007119494
0.30152243,0.07638585,0.62209177
0.99728584,0.002185819,0.00052838435
0.85988814,0.014466584,0.12564525
0.99630666,0.0030022666,0.0006911611
0.10855767,0.047518056,0.84392434
0.9851483,0.010648814,0.0042028422
0.972932,0.024668066,0.0023999102
0.91158247,0.007825359,0.08059212
0.3519942,0.29669842,0.3513074
0.22343238,0.18833275,0.58823484
0.994528,0.0045253285,0.0009467095
0.938584,0.015545736,0.045870297
0.98806447,0.011435969,0.00049952586
0.49462974,0.09219242,0.41317776
0.73639166,0.019225825,0.24438255
0.99091244,0.008180482,0.00090713176
0.9694047,0.016549729,0.014045572
0.98287624,0.011123254,0.0060005453
0.15095326,0.05073613,0.7983105
0.39615303,0.07310225,0.5307447
0.99336445,0.0062632007,0.00037247915
0.075005636,0.11742566,0.8075687
0.99780744,0.0019112315,0.0002813185
0.97094506,0.012234337,0.016820626
0.9946626,0.0040254546,0.0013119888
0.99269605,0.0064829425,0.0008210004
0.96343386,0.0037277928,0.03283837
0.9963566,0.0017719382,0.0018715397
0.977783,0.006958579,0.015258422
0.1001854,0.03265274,0.86716187
0.5253354,0.049961545,0.4247031
0.19057502,0.06881978,0.7406053
0.8106631,0.029434832,0.15990207
0.9863137,0.008475152,0.0052112015
0.2955328,0.11859257,0.5858747
0.18292817,0.0351691,0.78190273
0.45184436,0.027069198,0.52108645
0.034784522,0.038729224,0.9264862
0.89884937,0.035783347,0.065367274
0.6221034,0.039086312,0.3388103
0.97565585,0.021724105,0.002620036
0.9925627,0.0064568007,0.0009805597
0.9886551,0.008799245,0.0025457658
0.945611,0.018044608,0.036344476
0.9773451,0.0152218295,0.0074330303
0.06062724,0.019283243,0.9200894
0.012686293,0.98541325,0.0019004381
0.027931962,0.5689598,0.40310827
0.014464656,0.9657259,0.019809494
0.09455493,0.55567133,0.3497737
0.08080004,0.032518893,0.886681
0.15995713,0.262184,0.57785887
0.013906584,0.9758793,0.010214095
0.022767026,0.9718675,0.00536556
0.009917187,0.97187793,0.018204907
0.10097696,0.30561137,0.5934117
0.018216996,0.9791942,0.0025887706
0.19564727,0.64056367,0.16378902
0.016049935,0.97567207,0.008277949
0.021176942,0.976493,0.0023300312
0.024360549,0.7853343,0.19030517
0.013967311,0.9734634,0.01256922
0.014426314,0.92085624,0.06471743
0.04377521,0.8402147,0.11601008
0.026178064,0.13523467,0.8385872
0.012454912,0.97598106,0.011563994
0.020492163,0.97777236,0.0017354947
0.083999775,0.16034031,0.75565994
0.0050756466,0.9882526,0.006671812
0.021483352,0.9762166,0.0022999865
0.042112853,0.5620212,0.39586598
0.03654819,0.9523052,0.011146569
0.009378927,0.98032033,0.010300737
0.0037785664,0.9958169,0.0004045296
0.0031136738,0.9956357,0.0012506882
0.011726407,0.9877573,0.0005162296
0.008472916,0.99088,0.0006470117
0.0120860245,0.98576397,0.0021500417
0.01967941,0.96974576,0.010574857
0.022747535,0.9738845,0.0033679376
0.013252849,0.98036355,0.0063836738
0.00940421,0.98970556,0.0008902399
0.091659196,0.04925366,0.85908717
0.15682468,0.4147951,0.42838025
0.007434991,0.99106044,0.0015046211
0.013967822,0.9830525,0.0029797351
0.016185012,0.9143974,0.069417596
0.02921125,0.9701819,0.0006068525
0.023041485,0.2890481,0.6879104
0.0030180681,0.99569905,0.0012829321
0.009182829,0.98450595,0.006311259
0.03601637,0.9243501,0.03963358
0.0103145875,0.9514368,0.038248565
0.025201453,0.7934294,0.18136916
0.017774379,0.86229205,0.11993354
0.01182747,0.9798671,0.008305427
0.009988173,0.98940605,0.0006057229
0.046082098,0.89623076,0.057687122
0.008705015,0.98766613,0.0036287906
0.043477535,0.77329636,0.18322611
0.015515337,0.83275473,0.15172997
0.1229344,0.44313633,0.4339292
0.021682953,0.97190756,0.006409468
0.0074485783,0.99093425,0.0016171727
0.01300591,0.98491204,0.002082091
0.029702857,0.84277695,0.12752017
0.011261565,0.98831844,0.00041993015
0.037113544,0.69237614,0.27051026
0.0077808807,0.9887051,0.0035139744
0.06303268,0.23753466,0.6994327
0.0037973511,0.9891082,0.0070943856
0.003836527,0.9915358,0.004627735
0.1403081,0.13336095,0.72633094
0.010937333,0.9884007,0.00066198944
0.013553757,0.98131186,0.0051343874
0.033232085,0.25796717,0.70880073
0.020480677,0.97817904,0.0013403345
0.0062565454,0.9845867,0.009156716
0.05940221,0.9264886,0.014109261
0.004325638,0.9731861,0.022488346
0.033346985,0.42793414,0.5387189
0.015717687,0.9790891,0.0051932763
0.020142432,0.9771739,0.0026837194
0.043547023,0.82087004,0.13558294
0.015792903,0.92733467,0.056872424
0.013454444,0.9827208,0.0038247646
0.014195952,0.98361844,0.0021855403
0.00248253,0.9650393,0.032478143
0.014027977,0.9834372,0.002534804
0.0058022747,0.9892251,0.0049726516
0.0445759,0.8665142,0.08890986
0.13153392,0.5377899,0.33067623
0.010022372,0.9889233,0.0010542893
0.007063724,0.95826906,0.034667157
0.104079515,0.74784905,0.14807136
0.031021297,0.9631613,0.005817356
0.013059349,0.98606575,0.00087492185
0.019723125,0.70277303,0.27750385
0.020854928,0.9682408,0.010904252
0.011052976,0.9804889,0.008458075
0.034690384,0.96078575,0.004523803
0.05715204,0.37817743,0.5646705
0.0153286755,0.97654617,0.008125112
0.97848845,0.013201692,0.008309956
0.17915611,0.66564566,0.15519817
0.012011488,0.86035734,0.12763117
0.016036628,0.98250914,0.0014542417
0.019208655,0.14096688,0.8398245
0.007901903,0.98948216,0.0026159694
0.025595423,0.95765144,0.016753135
0.11910615,0.8387557,0.04213812
0.041192938,0.6379482,0.32085884
0.027639566,0.07037363,0.9019868
0.010864156,0.98466843,0.004467358
0.026580531,0.8564837,0.11693572
0.06687645,0.059481144,0.8736423
0.0060155704,0.9814958,0.0124886455
0.009766579,0.9817315,0.00850194
0.004838836,0.9902558,0.004905446
0.0332417,0.8661508,0.100607514
0.020672377,0.967293,0.012034562
0.007075809,0.94687414,0.046050046
0.028886667,0.8294825,0.14163083
0.054403495,0.11449933,0.8310972
0.055562325,0.43511516,0.5093225
0.071525894,0.16118608,0.767288
0.053605333,0.7726773,0.1737174
0.0831516,0.5360958,0.3807526
0.019061867,0.98055583,0.00038232288
0.046437718,0.4670048,0.48655754
0.043989405,0.5690723,0.38693827
0.032125685,0.86617714,0.101697184
0.005914299,0.94353986,0.050545845
0.046883952,0.8236653,0.12945074
0.04778458,0.38205343,0.570162
0.016355569,0.9570967,0.02654771
0.1855769,0.7484472,0.06597591
0.124469124,0.6627654,0.21276549
0.0030532416,0.99556786,0.0013788943
0.031969436,0.13624944,0.83178115
0.029622193,0.94891644,0.02146145
0.036733165,0.086245306,0.8770216
0.049842313,0.91018635,0.039971273
0.065935336,0.029173035,0.90489155
0.028835995,0.96428806,0.006875956
0.03452426,0.9599272,0.0055485526
0.010539004,0.9864825,0.0029784741
0.020874817,0.9777198,0.001405371
0.020634366,0.94869083,0.030674824
0.015486112,0.979855,0.004658865
0.018667253,0.9252751,0.056057625
0.037940428,0.324095,0.6379646
0.015436921,0.98152333,0.0030397098
0.010512096,0.9878149,0.0016730293
0.004466326,0.9950729,0.0004607414
0.008327783,0.989244,0.002428261
0.03270817,0.9652533,0.0020385408
0.06639854,0.817636,0.11596545
0.020878742,0.967455,0.011666252
0.044502206,0.49616852,0.45932922
0.03496445,0.6182296,0.346806
0.008801886,0.9326706,0.058527537
0.025308039,0.68968636,0.28500563
0.044268806,0.22361127,0.7321199
0.055202562,0.043371323,0.9014262
0.04835458,0.11111794,0.8405275
0.06480988,0.018405858,0.9167842
0.03512508,0.034783736,0.9300912
0.04584559,0.041824494,0.9123299
0.023617575,0.07706184,0.8993206
0.06365983,0.06523316,0.871107
0.054462638,0.022570767,0.9229666
0.079130016,0.09045762,0.8304123
0.074884325,0.057584267,0.8675314
0.04412728,0.036941804,0.91893095
0.03732097,0.052272454,0.91040665
0.17173815,0.06959207,0.7586698
0.04547438,0.05925188,0.8952737
0.041714475,0.051460225,0.90682524
0.05262739,0.05026647,0.8971061
0.042844858,0.050879527,0.9062756
0.03049658,0.031835537,0.93766785
0.0559867,0.05008823,0.8939251
0.030871479,0.030992305,0.9381363
0.027317362,0.019070592,0.95361197
0.057928327,0.06551331,0.8765584
0.08201903,0.08637593,0.83160496
0.02552306,0.08263117,0.8918458
0.03016864,0.1729317,0.7968997
0.054618724,0.45198908,0.49339226
0.02540521,0.9598626,0.014732152
0.22096793,0.076625936,0.7024061
0.0788067,0.073527694,0.84766567
0.6160542,0.082493104,0.30145273
0.059323423,0.054332014,0.8863446
0.035573203,0.03797858,0.9264482
0.042013783,0.03569147,0.92229474
0.053779446,0.05027503,0.89594555
0.0565258,0.070416234,0.87305796
0.04479969,0.24372701,0.7114733
0.05202526,0.11241947,0.83555526
0.042445663,0.09706425,0.8604901
0.03829403,0.03392663,0.9277794
0.10657848,0.07812692,0.8152946
0.07323874,0.10439864,0.82236266
0.07091336,0.042969145,0.88611746
0.05093883,0.05317531,0.8958858
0.034168836,0.06458826,0.901243
0.06203723,0.057825048,0.8801377
0.07317572,0.06867513,0.85814905
0.042622447,0.08183661,0.875541
0.038210876,0.51400924,0.4477799
0.9787458,0.014588264,0.0066659614
0.059352998,0.114071205,0.8265758
0.05275596,0.07774017,0.8695039
0.034309536,0.079538696,0.88615173
0.37467283,0.12446225,0.5008649
0.031072412,0.10750434,0.8614232
0.009000362,0.98975754,0.0012420907
0.042102646,0.073820315,0.884077
0.033246357,0.15097718,0.8157765
0.019537702,0.027986465,0.95247585
0.04501612,0.04282902,0.9121548
0.015107933,0.96719456,0.017697494
0.052298322,0.06702134,0.8806803
0.054976553,0.077453695,0.86756974
0.05674684,0.09540503,0.8478482
0.053158574,0.09016125,0.8566801
0.04953833,0.067644775,0.88281685
0.05353105,0.3694083,0.5770607
0.083536245,0.10747236,0.80899143
0.02427314,0.050540194,0.92518663
0.029881978,0.047751267,0.9223668
0.037906237,0.04011524,0.92197853
0.020319385,0.041815,0.9378657
0.0730058,0.07250844,0.85448575
0.053814124,0.05272175,0.89346415
0.054060776,0.064450026,0.8814893
0.039847743,0.09475329,0.86539894
0.040474437,0.067980796,0.89154476
0.035879467,0.050450135,0.9136704
0.036976464,0.7496144,0.21340917
0.06794312,0.020320693,0.91173613
0.07831634,0.07516914,0.8465146
0.031007756,0.14952739,0.8194648
0.055711903,0.07195589,0.8723323
0.03450577,0.046432596,0.9190616
0.050150394,0.03894291,0.9109067
0.034519076,0.05499996,0.910481
0.03360724,0.047347546,0.9190452
0.0083444845,0.9486113,0.043044124
0.06184479,0.053002074,0.8851532
0.6379179,0.15401763,0.20806453
0.972193,0.021689322,0.0061177537
0.073772416,0.06529495,0.8609326
0.029514544,0.049621016,0.9208645
0.042017546,0.036505476,0.921477
0.052732617,0.38926393,0.5580034
0.055163566,0.6277019,0.31713453
0.061952755,0.05351102,0.8845362
0.066725366,0.024667043,0.9086076
0.04448364,0.03367653,0.92183983
0.07104421,0.30086502,0.62809074
0.03432437,0.13325983,0.8324158
0.044463195,0.04840595,0.90713096
0.049492452,0.05330547,0.8972021
0.04436216,0.019098569,0.93653935
0.020919105,0.036821894,0.9422589
0.06007354,0.06444951,0.8754769
0.04932195,0.0643908,0.88628715
0.09329915,0.38351747,0.5231834
0.044273794,0.0638543,0.891872
0.045773976,0.063117914,0.8911081
0.025944265,0.4305367,0.5435191
0.0379287,0.048511554,0.91355973
0.032627318,0.2265891,0.7407836
0.07782332,0.14525118,0.77692544
0.056234058,0.052878622,0.89088726
0.15241557,0.07298711,0.77459735
0.07888873,0.118310414,0.8028009
0.25233638,0.009077618,0.73858607
0.03455494,0.8968585,0.0685866
0.10319803,0.08488838,0.81191355
0.035743937,0.038799677,0.9254563
0.102481596,0.22614744,0.671371
0.036815498,0.010914571,0.95227
0.045550626,0.02149559,0.9329538
0.07301618,0.04524832,0.88173544
0.03581057,0.033379123,0.93081033
0.055071592,0.025213612,0.91971487
0.038838495,0.027513733,0.9336478
0.08196454,0.029054616,0.8889809
0.017231127,0.0401419,0.94262695
0.040433053,0.008246624,0.9513203
0.024371812,0.029283406,0.94634473
0.028122887,0.078872584,0.8930045
0.040531445,0.025191136,0.9342774
0.04268891,0.07093413,0.886377
0.050548136,0.025023142,0.9244288
0.17681961,0.19476813,0.62841225
0.56021374,0.08282229,0.35696396
0.046804268,0.23932211,0.7138736
0.03670307,0.026826328,0.9364706
0.04581618,0.0148743335,0.93930954
0.06798226,0.032143917,0.89987385
0.015125567,0.9654907,0.019383715
0.03905252,0.012015488,0.948932
0.04799635,0.006617248,0.94538635
0.081341125,0.019039262,0.8996196
0.056430634,0.026577963,0.9169914
0.045627486,0.045051888,0.9093206
0.057676435,0.07255471,0.8697689
0.06355496,0.02414631,0.91229874
0.03880824,0.024619887,0.93657196
0.0462893,0.07602061,0.87769014
0.069217205,0.17232099,0.7584618
0.06625436,0.039446548,0.8942991
0.0145748975,0.010436573,0.9749885
0.067026965,0.07889997,0.8540731
0.064607814,0.049584925,0.8858073
0.045884017,0.03878944,0.91532654
0.023941107,0.05816549,0.91789347
0.12035589,0.033947937,0.84569615
0.076517634,0.048211962,0.8752705
0.014942708,0.11319655,0.87186074
0.06982131,0.04136776,0.888811
0.03868702,0.059919637,0.90139335
0.092907764,0.39692828,0.51016396
0.053483106,0.055073168,0.8914438
0.44446412,0.30413598,0.25139996
0.081932716,0.41812533,0.499942
0.0970636,0.08165598,0.82128036
0.049847104,0.09168285,0.8584701
0.73441046,0.04372951,0.22185999
0.04191598,0.07102351,0.8870606
0.033192605,0.83642244,0.13038495
0.05036352,0.01863658,0.93099993
0.078484334,0.020674782,0.9008409
0.031598397,0.063705966,0.9046956
0.03218952,0.014145198,0.9536652
0.047047254,0.025355317,0.92759734
0.056809254,0.027230773,0.91596
0.032782782,0.037732754,0.9294844
0.030289274,0.023751117,0.9459596
0.051517494,0.055595007,0.8928875
0.064602144,0.1237964,0.8116014
0.030974608,0.12238737,0.846638
0.5696738,0.09594287,0.33438334
0.03297997,0.035590272,0.93142974
0.9157275,0.023814742,0.06045779
0.28870338,0.0424949,0.6688017
0.036064114,0.04286904,0.9210668
0.048798915,0.037598565,0.91360253
0.15292032,0.11909447,0.7279852
0.04427104,0.054720845,0.9010081
0.05461436,0.2966876,0.64869803
0.034458723,0.013963432,0.95157784
0.06264901,0.023002312,0.9143486
0.030176407,0.01906923,0.95075434
0.056082085,0.03835687,0.9055611
0.1052987,0.00959549,0.8851059
0.07692992,0.0383443,0.8847258
0.08883052,0.03136569,0.8798039
0.046675447,0.041110568,0.9122139
0.07017683,0.034740053,0.8950832
0.028520945,0.021444807,0.95003426
0.04588543,0.045439515,0.908675
0.20739576,0.004243323,0.7883609
0.050616995,0.08823038,0.8611526
0.04276825,0.033832468,0.9233992
0.056695916,0.036285315,0.9070187
0.04879909,0.046473563,0.9047273
0.040122088,0.020472353,0.93940556
0.043859534,0.26476532,0.6913752
0.031387787,0.041419946,0.9271923
0.046612166,0.02444324,0.9289445
0.071505494,0.030604335,0.89789015
0.09585197,0.08335901,0.820789
0.7999191,0.042105347,0.15797555
0.12562414,0.10163422,0.7727416
0.04949369,0.040042087,0.91046417
0.020768574,0.01122571,0.9680056
0.04652634,0.037936628,0.915537
0.05663124,0.0113601945,0.9320086
0.03226746,0.8560935,0.111638986
0.042008184,0.017631734,0.94036007
0.035884116,0.011138114,0.9529778
0.049826473,0.03179559,0.91837794
0.03738952,0.29023963,0.67237085
0.05192034,0.056084484,0.8919952
0.04078631,0.016303085,0.9429106
0.091217294,0.057586234,0.8511964
0.024650548,0.054850087,0.9204993
0.03814058,0.08355111,0.87830824
0.11878051,0.025965521,0.855254
0.04457412,0.36032164,0.5951043
0.47032467,0.043353613,0.48632178
0.0613544,0.20959614,0.72904944
0.12652421,0.019747201,0.8537286
0.043040592,0.028587338,0.92837214
0.039852913,0.03249525,0.9276518
0.010581906,0.03500303,0.9544151
0.028270653,0.03370363,0.9380257
0.039888974,0.036142413,0.92396855
0.041778933,0.03298537,0.9252357
0.03286624,0.028891278,0.93824255
0.056486577,0.014793077,0.92872036
0.1330559,0.0333637,0.8335804
0.32644674,0.008940671,0.6646126
0.041553214,0.052476913,0.90596986
0.058585413,0.6265551,0.31485948
0.7730222,0.06311362,0.16386423
0.13572681,0.078629404,0.7856438
0.040465485,0.04392487,0.9156096
0.09861331,0.051159915,0.8502268
0.9234896,0.016250448,0.06025993
0.19819993,0.09109769,0.7107024
0.036159135,0.14965606,0.8141848
0.0501253,0.35775843,0.59211636
0.043543424,0.0407856,0.91567105
0.026434079,0.04082213,0.9327438
0.08083382,0.0234094,0.8957568
0.04577892,0.062146083,0.89207506
0.031784326,0.029309701,0.938906
0.05595874,0.02310038,0.92094094
0.052267462,0.029376706,0.91835576
0.047225904,0.0634254,0.8893487
0.21394797,0.19575533,0.5902967
0.027504526,0.057212498,0.91528296
0.04647005,0.06333122,0.89019877
0.035468563,0.8193729,0.14515853
0.1910127,0.08476136,0.724226
0.03883285,0.03853065,0.92263645
0.042201776,0.078535914,0.8792624
0.052307453,0.4492275,0.49846503
0.047270596,0.034281284,0.9184481
0.030456316,0.088559635,0.880984
0.0585246,0.04194836,0.89952695
0.25222167,0.044022586,0.70375574
0.07199189,0.028413545,0.8995945
0.03544466,0.025084982,0.93947035
0.33237857,0.029442715,0.6381787
0.0175417,0.7650732,0.21738514
0.04435801,0.019190256,0.93645173
0.014591065,0.030085463,0.9553234
0.08125488,0.047303073,0.8714421
0.032669947,0.04194904,0.92538106
0.057651073,0.037004866,0.9053441
0.046591453,0.03927227,0.9141363
0.05853466,0.06903808,0.87242717
0.058849316,0.0584484,0.88270235
0.015490908,0.0455748,0.93893427
0.050962653,0.04216709,0.90687025
0.018160565,0.033862192,0.94797724
0.14471677,0.050086092,0.8051971
0.035908535,0.01696199,0.94712955
0.01996707,0.021716423,0.95831656
0.020689886,0.016853642,0.96245635
0.028664563,0.009028518,0.962307
0.95627326,0.013991281,0.029735468
0.03429197,0.027021423,0.93868655
0.029466372,0.023839302,0.9466943
0.022835992,0.024933906,0.9522301
0.113851994,0.11792579,0.76822215
0.019093502,0.031726763,0.9491797
0.047418237,0.026755532,0.92582625
0.048260503,0.03398868,0.91775084
0.051030986,0.044423167,0.90454584
0.05104966,0.024422243,0.924528
0.051154405,0.01970253,0.929143
0.06543207,0.20957361,0.72499436
0.037272878,0.35199857,0.6107285
0.049417935,0.049466223,0.90111583
0.3561638,0.027538257,0.6162979
0.062297493,0.015968101,0.9217344
0.04134489,0.04392553,0.9147296
0.8032411,0.11800017,0.07875874
0.020447873,0.03391096,0.94564116
0.031962972,0.0099210255,0.95811594
0.01823315,0.041089036,0.9406779
0.06934781,0.039205693,0.89144653
0.047797907,0.028934328,0.9232678
0.02965841,0.040459137,0.9298824
0.022167023,0.11246355,0.8653694
0.041247346,0.19812986,0.76062274
0.05869543,0.022256529,0.91904813
0.1494191,0.0893094,0.7612715
0.019983841,0.035764482,0.94425166
0.037142638,0.017943477,0.94491386
0.05837609,0.0660197,0.8756042
0.041414827,0.17082353,0.7877616
0.07295448,0.0251632,0.90188235
0.31830424,0.023616211,0.6580796
0.036219962,0.090525,0.873255
0.05331683,0.01808707,0.92859614
0.021715453,0.101495676,0.87678885
0.049859032,0.064208105,0.8859328
0.038996354,0.01620854,0.9447951
0.042074494,0.09868973,0.85923576
0.06846196,0.028847419,0.9026906
0.05199158,0.030924553,0.9170839
0.0697058,0.08976663,0.8405276
0.047888953,0.021648575,0.9304625
0.072685644,0.03138406,0.8959303
0.04546886,0.48716834,0.4673628
0.092280634,0.30066198,0.6070574
0.03766431,0.03272332,0.92961234
0.04500877,0.14975578,0.80523545
0.056945585,0.04353397,0.8995205
0.02615311,0.016128207,0.9577187
0.1202937,0.055236056,0.82447016
0.080346696,0.022311471,0.89734185
0.09165345,0.04342105,0.86492556
0.034722976,0.03499531,0.9302817
0.034735423,0.019070655,0.94619393
0.021057937,0.01360931,0.9653327
0.17467833,0.047801055,0.77752066
0.037412174,0.020986328,0.94160146
0.04036101,0.034725476,0.92491347
0.049992815,0.025860054,0.9241472
0.38769814,0.03612984,0.576172
0.04632844,0.059661426,0.89401007
0.008979718,0.9903848,0.00063542015
0.04100036,0.029473826,0.9295258
0.077676184,0.018485779,0.9038381
0.040155783,0.04768617,0.9121581
0.038944203,0.27378014,0.6872757
0.059159733,0.078680664,0.8621596
0.017899951,0.024634155,0.95746595
0.06139681,0.02663955,0.91196364
0.061933205,0.044696026,0.8933708
0.043529548,0.04198478,0.91448563
0.048818287,0.03274305,0.91843873
0.06471564,0.047998745,0.88728565
0.18082348,0.027554715,0.7916218
0.1613276,0.082801394,0.75587094
0.029458895,0.022236738,0.9483044
0.04518007,0.013045831,0.94177413
0.08839799,0.039495435,0.8721066
0.2033775,0.12814339,0.66847914
0.19865611,0.01564375,0.78570014
0.094476864,0.020027084,0.8854961
0.019871691,0.020784719,0.9593436
0.034511857,0.014302633,0.9511855
0.055950955,0.031293828,0.9127552
0.12296983,0.16069646,0.7163337
0.046671227,0.028641209,0.9246876
0.04118919,0.05814282,0.9006681
0.03294341,0.13508767,0.83196896
0.23657122,0.03438218,0.7290466
0.033335038,0.02796148,0.93870354
0.048933063,0.23585264,0.71521425
0.036589865,0.07170947,0.89170074
0.049480524,0.05090186,0.8996177
0.06612818,0.031635825,0.90223604
0.06705942,0.019784048,0.9131565
0.020346167,0.024831455,0.95482236
0.049066193,0.028732074,0.92220175
0.1850561,0.052761205,0.7621828
0.41862696,0.099359825,0.48201323
0.078511596,0.04421338,0.877275
0.062188763,0.05120506,0.88660616
0.06467496,0.06063795,0.87468714
0.07967404,0.2340607,0.68626523
0.040776435,0.16501783,0.7942058
0.053601693,0.05210497,0.8942933
0.25155747,0.045167882,0.7032747
0.07308663,0.056311756,0.87060165
0.11061143,0.045306265,0.8440823
0.027066404,0.020671625,0.952262
0.043793816,0.1646318,0.7915744
0.283577,0.20167619,0.5147468
0.055945985,0.020621615,0.9234324
0.03325734,0.02103668,0.9457059
0.04522783,0.035638668,0.9191334
0.062207907,0.08945748,0.84833455
0.16720693,0.07625446,0.7565386
0.05401738,0.042109877,0.9038727
0.023617163,0.026527572,0.94985527
0.107664414,0.17441562,0.71791995
0.7170949,0.2402847,0.042620365
0.05699673,0.045308817,0.8976945
0.04913945,0.026379623,0.924481
0.043961685,0.031571783,0.9244666
0.048499543,0.026497811,0.9250026
0.14512351,0.03630092,0.8185756
0.12528913,0.06487232,0.8098386
0.044849157,0.027549932,0.927601
0.060684152,0.035293203,0.90402263
0.035985623,0.036838993,0.92717546
0.06223522,0.047023512,0.8907412
0.037232436,0.03841432,0.9243533
0.027026791,0.019315174,0.95365804
0.05706193,0.079068065,0.86387
0.037956588,0.051376324,0.91066706
0.043140065,0.029969921,0.9268901
0.93881774,0.022846574,0.03833561
0.06389839,0.054442108,0.88165945
0.9636642,0.019690137,0.016645653
0.12761623,0.05031803,0.82206583
0.029293677,0.025876837,0.94482946
0.06804584,0.026829915,0.90512425
0.018268026,0.18342264,0.7983093
0.032641474,0.03188534,0.9354732
0.10846109,0.115908116,0.77563083
0.06926411,0.40545776,0.5252781
0.062431525,0.057011332,0.8805571
0.062349204,0.051790357,0.8858605
0.07417656,0.09981547,0.82600796
0.06641719,0.028288074,0.9052948
0.03862685,0.034624882,0.9267482
0.04096761,0.010078838,0.94895357
0.043460373,0.025499186,0.9310404
0.068503805,0.026488058,0.9050082
0.11285094,0.020916136,0.8662329
0.02996318,0.07711376,0.8929231
0.032465383,0.7562468,0.21128783
0.018848347,0.06407524,0.9170764
0.038592942,0.040881865,0.9205252
0.033818703,0.25013244,0.71604884
0.0371288,0.05271916,0.9101521
0.028269112,0.020844338,0.95088655
0.04334983,0.018864304,0.93778574
0.06848247,0.032954656,0.89856285
0.061771616,0.03492251,0.9033059
0.038461953,0.015939657,0.9455984
0.052007675,0.027033977,0.92095834
0.05708719,0.02605996,0.9168528
0.39036354,0.06256887,0.5470676
0.054613307,0.03688111,0.90850556
0.059181277,0.018676853,0.92214185
0.06392497,0.010364372,0.9257106
0.037660033,0.015425488,0.94691443
0.03547658,0.060229942,0.9042935
0.13054912,0.05157508,0.81787574
0.062802956,0.053561073,0.88363594
0.057464425,0.105899885,0.8366357
0.05561169,0.070643865,0.8737444
0.051122665,0.031128827,0.91774845
0.057753168,0.092741035,0.8495058
0.04479157,0.027893322,0.9273152
0.052418686,0.031949162,0.9156322
0.022930486,0.045781203,0.9312883
0.07463798,0.035846684,0.8895154
0.009671632,0.017191108,0.9731373
0.05230453,0.008271738,0.9394237
0.07764868,0.115206465,0.8071448
0.049891163,0.10337462,0.8467342
0.04193182,0.017582504,0.9404857
0.039127756,0.054536123,0.90633607
0.033010982,0.015366531,0.9516224
0.058369793,0.01600423,0.92562604
0.061023507,0.037853375,0.90112317
0.077977344,0.027000934,0.89502174
0.042566534,0.0464317,0.91100186
0.06490495,0.010668119,0.92442685
0.026089236,0.019463753,0.95444703
0.0647341,0.03022198,0.90504396
0.07183038,0.056933597,0.871236
0.04692241,0.045835458,0.9072422
0.1646061,0.10858569,0.72680825
0.0340585,0.0445075,0.921434
0.040246546,0.065838955,0.89391446
0.0318276,0.3972253,0.5709472
0.15867388,0.037085935,0.80424017
0.059458606,0.041266296,0.89927506
0.023254693,0.069357924,0.9073873
0.03769608,0.040048968,0.922255
0.064166576,0.03345212,0.90238124
0.028792627,0.03159165,0.9396157
0.052572783,0.014641769,0.9327854
0.0389924,0.022744065,0.93826354
0.07159422,0.03290651,0.89549935
0.03643653,0.031165814,0.9323976
0.04624384,0.0402166,0.9135395
0.038287796,0.039503183,0.922209
0.05910434,0.01454083,0.9263548
0.05571306,0.044245154,0.90004176
0.019411553,0.013711189,0.9668773
0.059523012,0.023815757,0.9166612
0.051290914,0.11115784,0.8375512
0.057752308,0.039731327,0.90251637
0.07856772,0.05924814,0.8621841
0.048179574,0.05245188,0.8993686
0.01879733,0.23546134,0.74574137
0.031536892,0.30023813,0.6682249
0.017467018,0.0072035375,0.97532946
0.023342304,0.04425267,0.932405
0.032652963,0.020513676,0.9468333
0.06780163,0.016120033,0.9160783
0.05360833,0.02719392,0.91919774
0.05555408,0.019387385,0.9250585
0.020760648,0.029391797,0.9498475
0.14491422,0.046226993,0.8088589
0.052650828,0.07873011,0.86861897
0.03782285,0.010239705,0.95193744
0.048810426,0.052417107,0.8987724
0.6066753,0.07281837,0.32050624
0.31145215,0.03129299,0.6572549
0.034852784,0.1252648,0.83988243
0.028787563,0.012297028,0.95891535
0.023769664,0.027681211,0.94854915
0.090679385,0.03329399,0.8760266
0.05329143,0.020365888,0.92634267
0.057350613,0.03229669,0.9103526
0.033626735,0.02774175,0.93863153
0.045545205,0.018875144,0.9355796
0.04144797,0.023455454,0.9350966
0.030916724,0.062028017,0.9070553
0.05197263,0.03127768,0.9167497
0.38017938,0.029836165,0.58998454
0.058984533,0.030870913,0.9101445
0.0555102,0.019258896,0.9252309
0.043110248,0.021550551,0.93533915
0.0679571,0.029862724,0.90218014
0.05681298,0.030738223,0.91244876
0.034180656,0.02560013,0.94021916
0.057025786,0.2941614,0.6488128
0.09489614,0.022168702,0.88293517
0.46918404,0.20199071,0.32882524
0.035317037,0.019408917,0.945274
0.07892199,0.019626062,0.90145206
0.04632027,0.026939334,0.92674035
0.041336264,0.03334462,0.9253191
0.013556213,0.011640625,0.97480315
0.064721346,0.041828066,0.89345056
0.032866985,0.039800316,0.9273327
0.022867508,0.01234815,0.9647844
0.62715477,0.07306964,0.2997756
0.031302117,0.010014532,0.95868325
0.029748859,0.020992348,0.94925874
0.04763026,0.027836803,0.92453295
0.02608904,0.030590666,0.94332033
0.17785726,0.046920836,0.7752219
0.058424834,0.02048903,0.92108613
0.04264621,0.03748842,0.9198654
0.062171105,0.03487483,0.902954
0.066880785,0.06833322,0.86478597
0.050506208,0.024929244,0.9245645
0.22693446,0.04505852,0.728007
0.058095846,0.022419829,0.9194843
0.050090007,0.033859514,0.9160505
0.03354265,0.022829467,0.94362783
0.05291884,0.07361417,0.873467
0.021958025,0.09145896,0.886583
0.08679896,0.7804601,0.13274091
0.11238026,0.024578419,0.86304134
0.07025226,0.06211861,0.8676291
0.041186925,0.026879478,0.9319336
0.06036627,0.042101312,0.8975324
0.036060665,0.032104358,0.931835
0.13852596,0.02319527,0.8382788
0.036446027,0.043577604,0.9199764
0.10418569,0.028150948,0.8676633
0.039535243,0.058887564,0.9015771
0.057183947,0.035995092,0.90682095
0.09174185,0.015887946,0.89237016
0.05307751,0.05617063,0.89075184
0.05412428,0.048139133,0.8977365
0.21457912,0.053100914,0.73232
0.040160876,0.101161815,0.8586773
0.06437698,0.06539077,0.8702322
0.039406486,0.8140376,0.14655592
0.024410287,0.021249488,0.9543403
0.06018658,0.03086061,0.9089528
0.15629567,0.0406132,0.8030911
0.060695976,0.02265829,0.9166458
0.06829704,0.039066795,0.8926361
0.043852087,0.06017329,0.8959747
0.036450688,0.03169985,0.9318495
0.071979605,0.039058268,0.8889621
0.04961404,0.05010093,0.900285
0.0926704,0.06425363,0.84307593
0.03826537,0.013590745,0.94814384
0.05868938,0.049760405,0.89155024
0.06072148,0.0727451,0.8665334
0.04290386,0.033478886,0.9236172
0.18997921,0.080599524,0.7294213
0.06361035,0.026855526,0.90953416
0.09023573,0.029038906,0.8807254
0.10024513,0.024843572,0.87491125
0.025691556,0.082690746,0.89161766
0.06617707,0.029596215,0.9042267
0.053644978,0.048275255,0.8980798
0.025537407,0.028267333,0.9461953
0.03251765,0.02365143,0.94383097
0.048561264,0.031568576,0.9198701
0.038675006,0.5695752,0.39174974
0.065189004,0.027846431,0.9069645
0.05249996,0.02865545,0.91884464
0.023044469,0.00660235,0.9703532
0.034293048,0.02790729,0.9377997
0.0045400006,0.9909553,0.0045046704
0.112002894,0.08154393,0.80645317
0.029261203,0.026956683,0.9437821
0.0565868,0.03725577,0.9061575
0.052932877,0.07464732,0.87241983
0.24157394,0.02639853,0.73202753
0.14256153,0.33800304,0.5194354
0.01903046,0.0441177,0.93685186
0.10770023,0.020837903,0.87146187
0.022586824,0.030963106,0.9464501
0.17799878,0.04616248,0.77583873
0.06780943,0.11092883,0.8212618
0.10692618,0.10703065,0.78604317
0.54208875,0.100398816,0.35751238
0.059532564,0.036108322,0.9043591
0.09458607,0.036041334,0.86937267
0.21467541,0.036033865,0.7492908
0.049554605,0.025409078,0.9250364
0.03385628,0.026626052,0.93951774
0.99229616,0.005854491,0.0018494077
0.46303713,0.058147226,0.47881562
0.060188845,0.061796967,0.87801427
0.013004629,0.05459136,0.93240404
0.054356124,0.044061936,0.90158194
0.03380017,0.019034386,0.94716537
0.10812542,0.12372451,0.76815015
0.10985899,0.12831281,0.76182824
0.031138197,0.18898314,0.7798787
0.041009873,0.042768635,0.9162215
0.98404735,0.01183162,0.004120968
0.029048642,0.0071117273,0.9638396
0.056012094,0.05444806,0.88953984
0.036240637,0.044489764,0.91926956
0.10861149,0.027866509,0.86352193
0.06119936,0.011840887,0.9269598
0.1060119,0.07786353,0.81612456
0.06709449,0.06408456,0.86882097
0.080471136,0.038610473,0.8809184
0.045285743,0.038886555,0.9158277
0.050375808,0.06838648,0.88123775
0.045140713,0.07693706,0.8779222
0.050491158,0.045748793,0.90375996
0.32484683,0.012343012,0.66281015
0.067418344,0.028770618,0.90381104
0.060598657,0.04455193,0.8948495
0.067501016,0.02934537,0.9031536
0.024685396,0.10342316,0.87189144
0.036234442,0.0720608,0.89170486
0.9447205,0.041711297,0.013568149
0.028248586,0.02802875,0.9437227
0.036877327,0.032259345,0.9308633
0.05743789,0.054116216,0.888446
0.042195927,0.031510837,0.92629325
0.03586173,0.025604209,0.9385341
0.033513352,0.036485136,0.9300015
0.04398252,0.04988742,0.9061301
0.04958577,0.025699647,0.9247145
0.026716836,0.02871902,0.94456416
0.044572845,0.12986048,0.8255667
0.0784325,0.054116797,0.86745065
0.047716614,0.025169456,0.927114
0.04436121,0.03812988,0.91750896
0.04433647,0.0836443,0.87201923
0.015869033,0.9741421,0.009988945
0.05810713,0.046599288,0.8952936
0.058491714,0.03984895,0.9016593
0.04686097,0.028311806,0.9248273
0.08023385,0.050405573,0.86936057
0.05268714,0.07554457,0.8717683
0.039059684,0.044174064,0.91676635
0.024750832,0.05280847,0.92244077
0.06668494,0.10328366,0.8300314
0.07691991,0.047066145,0.87601393
0.061478555,0.03421797,0.90430343
0.10306896,0.028873881,0.8680572
0.0460059,0.053107828,0.9008863
0.16007625,0.089182906,0.7507408
0.66234046,0.09900249,0.2386571
0.049231652,0.020927584,0.9298408
0.114647664,0.049309347,0.836043
0.045059953,0.10968825,0.84525174
0.0650589,0.031552736,0.90338826
0.04145393,0.05738472,0.9011613
0.0319152,0.04805096,0.9200338
0.05562238,0.018181808,0.9261958
0.05027478,0.03923059,0.9104946
0.02006921,0.047258478,0.9326723
0.034187842,0.027230319,0.9385818
0.88015604,0.07779474,0.042049162
0.11966935,0.06293827,0.8173924
0.064619236,0.19141611,0.7439647
0.039306022,0.052892033,0.9078019
0.0482592,0.015914194,0.93582666
0.03990595,0.026661089,0.93343294
0.042513333,0.04048735,0.91699934
0.018808786,0.02585964,0.95533156
0.028433423,0.011409877,0.96015674
0.03272323,0.024870224,0.9424066
0.049412757,0.032691747,0.91789556
0.06470806,0.06271721,0.87257475
0.066238165,0.09875785,0.835004
0.018675722,0.029038731,0.9522855
0.03612024,0.023184732,0.940695
0.02306753,0.022533169,0.95439935
0.048936915,0.026789043,0.9242741
0.042307094,0.023501497,0.9341914
0.054989543,0.014478581,0.93053186
0.04697296,0.66682404,0.28620294
0.079344735,0.049944453,0.8707108
0.03032117,0.018087925,0.9515909
0.039597332,0.10879918,0.8516035
0.0341932,0.02982384,0.9359829
0.061599527,0.010830572,0.92756987
0.0224839,0.921212,0.05630415
0.017002344,0.93375164,0.049245976
0.06800937,0.054327797,0.8776629
0.024904735,0.08942303,0.8856723
0.051306278,0.10925368,0.83944
0.077408455,0.0780918,0.8444997
0.037308715,0.04634085,0.9163504
0.019478187,0.061061006,0.91946083
0.027727295,0.03778785,0.93448484
0.049609154,0.11865803,0.83173287
0.586114,0.034884483,0.37900153
0.042032506,0.060150016,0.89781743
0.090473965,0.02905876,0.8804673
0.70795864,0.051346995,0.24069443
0.03044592,0.010308245,0.95924574
0.047121994,0.025619784,0.9272582
0.03875994,0.012030743,0.94920933
0.05254031,0.026111137,0.9213486
0.029738454,0.033305492,0.936956
0.03592304,0.063479364,0.9005976
0.061447583,0.038228262,0.9003241
0.0790485,0.028573608,0.892378
0.062978595,0.036520477,0.900501
0.15634471,0.051607393,0.7920479
0.034103394,0.071635045,0.89426166
0.021515388,0.005574387,0.9729102
0.017829638,0.0200464,0.962124
0.10958064,0.008276406,0.88214296
0.047931712,0.059943963,0.8921243
0.060188152,0.059661478,0.88015044
0.06448118,0.05403411,0.88148475
0.037633535,0.018886406,0.94348
0.034080766,0.028447751,0.93747145
0.053865895,0.025221797,0.92091227
0.12439266,0.09172139,0.78388596
0.06330893,0.038511466,0.89817965
0.0679546,0.028134707,0.90391064
0.0378936,0.017656613,0.94444984
0.038144007,0.023158114,0.9386979
0.10413218,0.0063490034,0.8895188
0.041950285,0.040739104,0.91731066
0.12483678,0.025799291,0.84936386
0.036556005,0.02432778,0.9391161
0.032496653,0.027959203,0.93954426
0.020666098,0.056616873,0.92271703
0.024578087,0.0841267,0.89129514
0.052861415,0.07461938,0.8725192
0.037376694,0.044603184,0.9180201
0.028463043,0.0686135,0.9029234
0.07526824,0.07585858,0.8488732
0.043072183,0.24259491,0.7143329
0.03755564,0.03912803,0.92331636
0.04074992,0.018100334,0.9411498
0.057506885,0.02965988,0.91283315
0.0410197,0.15886524,0.80011505
0.0710939,0.045722723,0.88318336
0.06579326,0.085142806,0.849064
0.011330689,0.04351989,0.94514936
0.05243123,0.023632606,0.9239362
0.03607022,0.019939331,0.94399047
0.0574697,0.039152674,0.9033776
0.07414028,0.031423647,0.89443606
0.030268224,0.02258147,0.9471503
0.017257696,0.047836524,0.9349057
0.026890308,0.03715165,0.935958
0.041748144,0.045361456,0.9128905
0.067718625,0.055378392,0.87690306
0.059708446,0.07056016,0.86973137
0.043628875,0.03441232,0.9219588
0.2097674,0.0133218765,0.7769108
0.19570641,0.017302211,0.7869913
0.0476293,0.03505112,0.9173196
0.046654474,0.024465429,0.92888016
0.036210164,0.03264933,0.93114054
0.030243535,0.053390976,0.91636544
0.076320685,0.099540934,0.8241384
0.026753062,0.025552891,0.94769406
0.043287966,0.034782857,0.9219292
0.045540843,0.036166772,0.91829234
0.08246822,0.21769957,0.69983226
0.05509928,0.012056517,0.9328442
0.034528587,0.027663333,0.9378081
0.05114227,0.048515186,0.9003426
0.03839155,0.03509272,0.92651576
0.16402358,0.021099072,0.81487733
0.03482347,0.011941015,0.95323545
0.9891896,0.007136664,0.0036736398
0.05828551,0.022824934,0.91888964
0.07337943,0.041363608,0.885257
0.16018447,0.037769496,0.802046
0.38915798,0.32626694,0.28457507
0.043169312,0.036530145,0.9203005
0.6973836,0.06534362,0.23727281
0.033676133,0.09907637,0.8672475
0.05286899,0.06333772,0.8837933
0.11919311,0.037947886,0.84285897
0.047136623,0.037912346,0.9149511
0.17215253,0.035699572,0.7921478
0.047312595,0.03968587,0.9130014
0.16011289,0.025972323,0.8139148
0.06561008,0.02690004,0.9074899
0.028035447,0.29156604,0.6803985
0.05383318,0.045376368,0.9007905
0.080352224,0.35005826,0.5695895
0.034990594,0.02572497,0.9392844
0.041911412,0.039836235,0.91825235
0.022444192,0.68421227,0.29334354
0.039993476,0.010722132,0.94928443
0.0638907,0.023458216,0.912651
0.09812364,0.26855728,0.6333191
0.08445932,0.042303246,0.87323743
0.031688467,0.08291921,0.8853923
0.09260773,0.03644322,0.8709491
0.9839728,0.015176122,0.0008511762
0.025198815,0.03749689,0.93730426
0.077240676,0.040942166,0.8818172
0.09663092,0.15142909,0.75194
0.016558615,0.008768489,0.9746729
0.03936218,0.015324397,0.9453134
0.06294931,0.01831929,0.91873133
0.049444426,0.028476853,0.92207867
0.041007902,0.027477683,0.93151444
0.047903966,0.034876578,0.9172194
0.05755876,0.036337323,0.90610397
0.05844678,0.043222394,0.89833087
0.08789304,0.022683285,0.88942367
0.03329424,0.031893924,0.93481183
0.046387196,0.018254401,0.93535835
0.039052397,0.013870275,0.9470774
0.018668156,0.10096839,0.8803634
0.047754176,0.035211723,0.9170341
0.30430746,0.01758356,0.67810905
0.12794968,0.51704067,0.35500965
0.013436614,0.91299766,0.073565684
0.12268606,0.44658107,0.43073288
0.04119161,0.034924746,0.9238837
0.09749077,0.06319112,0.83931804
0.029857762,0.06458157,0.9055606
0.04658184,0.16226934,0.79114884
0.04306929,0.04679696,0.9101337
0.088840455,0.22931217,0.68184745
0.09274674,0.016054133,0.8911992
0.15068802,0.029112529,0.82019943
0.031629555,0.018395385,0.949975
0.04151064,0.043673042,0.91481626
0.028026054,0.021869386,0.95010453
0.055098463,0.024737999,0.92016363
0.018160395,0.027368682,0.9544709
0.056637086,0.046090614,0.8972722
0.029551383,0.027491173,0.94295746
0.057692923,0.025626093,0.916681
0.064607866,0.017888473,0.9175036
0.046770778,0.0664098,0.8868195
0.13831183,0.056376357,0.80531186
0.03390302,0.05333694,0.91275996
0.054597635,0.030034127,0.91536826
0.0144923795,0.017930688,0.96757686
0.09469669,0.012966873,0.89233637
0.018087456,0.21693411,0.7649784
0.01839519,0.023253698,0.9583511
0.018026032,0.03641358,0.9455604
0.04962213,0.06822399,0.8821539
0.02889044,0.005000833,0.96610874
0.04247288,0.027881613,0.92964554
0.37665537,0.021046791,0.6022978
0.08921136,0.04048653,0.87030214
0.026843807,0.13766193,0.8354943
0.03658827,0.03350977,0.929902
0.09310766,0.04355353,0.86333877
0.52740437,0.1305781,0.34201756
0.06908076,0.016504545,0.9144147
0.036734268,0.22327352,0.73999226
0.08890453,0.027975053,0.8831204
0.09518604,0.07283926,0.8319747
0.031553958,0.013308697,0.95513743
0.014239663,0.021968838,0.9637915
0.016869472,0.033779077,0.94935143
0.041096296,0.04522369,0.9136801
0.0801728,0.025301507,0.8945257
0.09371348,0.019758847,0.8865276
0.08819313,0.20787792,0.703929
0.011482158,0.9843349,0.004183
0.2606115,0.030021027,0.7093674
0.05990068,0.037229516,0.9028698
0.085859746,0.12776288,0.7863774
0.054088574,0.060517196,0.8853943
0.062420417,0.014927845,0.9226517
0.048587937,0.15761149,0.79380065
0.026262475,0.17175531,0.8019822
0.042912256,0.0332898,0.9237979
0.027421582,0.022777734,0.9498007
0.05458209,0.029416088,0.9160018
0.98813057,0.004684468,0.007184936
0.71480227,0.04745813,0.23773958
0.10448522,0.048827972,0.8466867
0.050677292,0.027046245,0.92227644
0.057781354,0.026818393,0.91540027
0.9715602,0.016029183,0.012410608
0.02457745,0.04955094,0.9258716
0.028524548,0.015737375,0.955738
0.054476548,0.048975732,0.89654773
0.03611907,0.016764151,0.9471168
0.049042746,0.024684336,0.92627287
0.08721694,0.03877795,0.8740051
0.11557554,0.049805604,0.83461887
0.11967676,0.026573425,0.8537499
0.09882832,0.07772289,0.8234488
0.032944158,0.12402679,0.8430291
0.056942962,0.08014576,0.8629113
0.01796264,0.030555481,0.95148194
0.034010537,0.056128684,0.9098607
0.14304759,0.015893525,0.8410589
0.087413825,0.009683835,0.9029023
0.048409037,0.013774934,0.93781596
0.1075001,0.097593606,0.7949062
0.045090653,0.19095434,0.763955
0.08809411,0.42294973,0.48895615
0.045112662,0.023656908,0.93123037
0.05114019,0.08092762,0.86793226
0.055341747,0.03298159,0.9116767
0.050916996,0.030552749,0.9185303
0.045267843,0.0516975,0.9030347
0.037616957,0.05367373,0.9087093
0.06416006,0.054451928,0.881388
0.020210167,0.01735433,0.9624355
0.014240033,0.97517765,0.010582293
0.059231214,0.108200684,0.8325681
0.064141855,0.039094426,0.89676374
0.04175331,0.022678724,0.9355679
0.2984361,0.030176152,0.67138773
0.05200368,0.036948226,0.9110482
0.05933404,0.010710976,0.929955
0.06323228,0.023767028,0.91300076
0.08069198,0.04412928,0.8751788
0.1405556,0.37504596,0.4843985
0.025208028,0.07394595,0.900846
0.04067592,0.029013049,0.93031114
0.04310888,0.03698116,0.91991
0.054372665,0.03314011,0.9124872
0.023234274,0.1891061,0.78765965
0.11557041,0.034632824,0.8497968
0.061704896,0.036845677,0.90144944
0.009695634,0.9660719,0.024232421
0.07171992,0.3438314,0.58444864
0.038612284,0.025897758,0.93549
0.0578684,0.046589468,0.8955421
0.05417173,0.042024508,0.9038038
0.04937558,0.06683255,0.8837918
0.050450794,0.07086965,0.8786796
0.014643075,0.043333605,0.9420233
0.33434236,0.04315517,0.62250245
0.0125798015,0.011232499,0.97618777
0.025410015,0.030352466,0.94423753
0.04920258,0.20463727,0.7461601
0.83535653,0.06983737,0.09480605
0.04051736,0.041803524,0.9176791
0.07476463,0.074182816,0.8510526
0.06277797,0.18041655,0.7568055
0.054121934,0.0437865,0.9020916
0.9901462,0.009136759,0.0007170454
0.93576205,0.023403479,0.040834416
0.8017156,0.03995407,0.15833035
0.07594343,0.045972146,0.87808436
0.9893861,0.0073073558,0.0033065744
0.9538013,0.012558242,0.033640433
0.97086436,0.00876841,0.020367267
0.5869747,0.03398819,0.37903717
0.9969602,0.0025347664,0.0005050087
0.7649173,0.017954031,0.21712872
0.027838303,0.94974923,0.022412436
0.118444085,0.07647325,0.8050826
0.099866666,0.03488574,0.86524755
0.041364774,0.057654068,0.9009811
0.050087072,0.04547139,0.9044415
0.5793126,0.0107198395,0.40996757
0.11589687,0.08646434,0.79763883
0.9783877,0.005343843,0.016268428
0.7850347,0.024755877,0.19020937
0.9900191,0.0031387291,0.0068422374
0.9867823,0.008562389,0.0046552895
0.039495863,0.019361861,0.94114226
0.9964586,0.0017378437,0.0018035455
0.8950938,0.054654423,0.05025177
0.990436,0.0076961746,0.0018677003
0.9760376,0.021860318,0.0021019725
0.025755044,0.41122407,0.5630209
0.3786848,0.5901092,0.031206
0.016132876,0.9788006,0.0050665294
0.03133368,0.9605876,0.008078651
0.051615033,0.0481105,0.90027446
0.021100441,0.9104531,0.06844646
0.24662618,0.61174834,0.1416255
0.06927518,0.019983815,0.91074103
0.03844458,0.029218545,0.9323369
0.04395435,0.033536814,0.92250884
0.068693876,0.03567273,0.8956334
0.056589767,0.026523089,0.91688716
0.014656254,0.0058698445,0.9794739
0.03905861,0.014637957,0.9463034
0.01716697,0.011062204,0.9717709
0.046969283,0.026065867,0.92696494
0.03690238,0.15340486,0.80969274
0.04058061,0.008349785,0.9510696
0.5405075,0.15806659,0.30142587
0.038561672,0.037156895,0.9242814
0.011001016,0.020713799,0.9682852
0.06280208,0.024188725,0.9130092
0.043117702,0.044835314,0.9120469
0.042116366,0.13436939,0.8235143
0.04176763,0.073447786,0.88478464
0.046960883,0.29063517,0.66240394
0.11721753,0.051258583,0.83152384
0.041783813,0.036480095,0.9217361
0.040845245,0.17230111,0.78685373
0.11037545,0.055935554,0.8336889
0.08855425,0.06756617,0.8438796
0.055709735,0.0066211703,0.9376691
0.059557363,0.0033338491,0.93710876
0.069205016,0.023637978,0.907157
0.046406403,0.027846167,0.92574745
0.1675848,0.08025117,0.75216395
0.014138729,0.00811919,0.97774214
0.028458131,0.03005778,0.9414841
0.04379823,0.02794881,0.92825294
0.03368381,0.14503546,0.8212808
0.04356194,0.06203504,0.894403
0.024299515,0.07624952,0.89945096
0.05500376,0.055979174,0.889017
0.08484381,0.033649806,0.8815064
0.05271878,0.016915884,0.9303653
0.23136571,0.24058224,0.52805203
0.047494117,0.011514575,0.9409914
0.7297749,0.06405568,0.20616938
0.21972488,0.046690844,0.73358434
0.06844678,0.0356487,0.8959045
0.058515735,0.040335234,0.90114903
0.05085186,0.13542375,0.81372434
0.049018376,0.023359045,0.9276226
0.09329123,0.065000705,0.84170806
0.04405129,0.028692728,0.9272559
0.108911596,0.12281187,0.7682766
0.46949297,0.032318115,0.498189
0.03224135,0.9473047,0.020453861
0.054353196,0.021832377,0.9238144
0.011508085,0.013428061,0.97506386
0.045851186,0.05365784,0.90049094
0.025035672,0.026288453,0.94867593
0.060179543,0.14764243,0.792178
0.9714237,0.016215853,0.012360487
0.13447939,0.09935275,0.7661679
0.18019333,0.02940139,0.79040533
0.51903087,0.04634864,0.4346205
0.09594252,0.052265026,0.8517925
0.021454109,0.021580184,0.9569658
0.072833486,0.019718064,0.9074485
0.084786326,0.058902085,0.85631156
0.2880785,0.048425656,0.6634958
0.102591485,0.07092438,0.82648414
0.027687088,0.043728378,0.9285845
0.038881816,0.019098105,0.9420201
0.017359532,0.021795006,0.96084553
0.056323815,0.08638827,0.8572879
0.099984996,0.07703639,0.8229786
0.04428817,0.94001263,0.015699174
0.0406881,0.022338828,0.93697304
0.14696197,0.2761746,0.5768634
0.05115478,0.022413438,0.9264318
0.03631255,0.024426755,0.9392607
0.04337749,0.030076068,0.9265464
0.051033337,0.053170018,0.89579666
0.06662789,0.026091857,0.90728027
0.037131082,0.02101252,0.9418564
0.07992888,0.062431313,0.8576398
0.061733402,0.108239755,0.8300268
0.024062783,0.022232713,0.9537045
0.05332143,0.040843055,0.90583557
0.05570133,0.04004188,0.9042568
0.025317023,0.016282171,0.9584008
0.08432954,0.22044975,0.6952207
0.05404151,0.026544297,0.9194143
0.040299788,0.022562023,0.9371381
0.036784403,0.029241292,0.9339743
0.10318258,0.11612465,0.78069276
0.077975914,0.02614418,0.89587986
0.08574242,0.013793524,0.900464
0.053963453,0.04041676,0.90561974
0.04093233,0.06663466,0.89243305
0.06781652,0.022146186,0.9100373
0.04970736,0.022404863,0.92788786
0.04323852,0.056338612,0.9004229
0.041463103,0.0129960785,0.9455408
0.065607004,0.029600285,0.9047928
0.8413198,0.01821877,0.14046142
0.03974887,0.053802278,0.9064488
0.06335604,0.019172132,0.9174718
0.09635076,0.025806138,0.8778431
0.92873895,0.024750054,0.04651092
0.02089874,0.007878227,0.97122294
0.022375373,0.009327442,0.9682971
0.021173215,0.011993652,0.9668332
0.07891257,0.043198317,0.87788904
0.10702616,0.07883911,0.8141348
0.03676542,0.027003434,0.9362312
0.98146504,0.0071086474,0.011426343
0.051265325,0.023017006,0.92571765
0.054653414,0.045888152,0.89945847
0.05333435,0.041052915,0.90561277
0.040672727,0.0153624285,0.9439649
0.106081024,0.16623825,0.72768074
0.09374166,0.09605844,0.8101999
0.97674155,0.022373002,0.00088546943
0.9919369,0.007588338,0.0004747952
0.9861351,0.009153223,0.004711675
0.995109,0.0034717168,0.001419235
0.98868436,0.010770854,0.000544694
0.9889824,0.009848326,0.0011693431
0.99380434,0.005054557,0.0011411187
0.98399156,0.014882874,0.0011254465
0.9882947,0.011405171,0.00030010333
0.9885483,0.011089549,0.00036208655
0.9911754,0.00770192,0.001122646
0.03623523,0.8982793,0.06548549
0.007413466,0.9920589,0.00052767224
0.007704721,0.9896012,0.002694067
0.014540434,0.9841487,0.0013108598
0.012589596,0.986535,0.0008753382
0.01018714,0.9886313,0.0011815525
0.008561757,0.9896046,0.0018336158
0.007364222,0.99126023,0.0013756125
0.009534334,0.9888088,0.0016568189
0.02437928,0.9738269,0.00179384
0.017572114,0.9754655,0.006962454
0.017666284,0.9787795,0.0035542438
0.03595031,0.027780246,0.9362694
0.06466868,0.029434504,0.9058968
0.062614106,0.0481958,0.88919
0.025700562,0.043208797,0.93109065
0.034615666,0.04249492,0.9228894
0.06249474,0.053038597,0.88446665
0.029436277,0.024836292,0.9457274
0.047166027,0.032830868,0.92000306
0.037741903,0.028909475,0.93334866
0.04641824,0.0392794,0.91430223
0.03237413,0.031624183,0.9360018
0.051145714,0.027998185,0.92085606
0.044573203,0.029925032,0.92550176
0.01577263,0.0045900964,0.9796372
0.048808005,0.058586914,0.89260507
0.050094474,0.025685892,0.9242196
0.035861358,0.043766957,0.92037165
0.031555552,0.01976625,0.94867826
0.024423284,0.036449496,0.93912727
0.044475738,0.022983752,0.9325405
0.054989636,0.048813365,0.8961971
0.02817784,0.019366328,0.9524558
0.03087713,0.016968912,0.952154
0.027367746,0.030234227,0.942398
0.023891307,0.038402557,0.9377061
0.024921728,0.022383366,0.9526949
0.04784595,0.036045548,0.91610855
0.046274725,0.02970266,0.9240226
0.020204416,0.022320611,0.957475
0.04971121,0.053072568,0.8972162
0.043588217,0.029899262,0.9265125
0.053503994,0.04814838,0.89834756
0.03368361,0.025178634,0.94113773
0.045466166,0.05151991,0.9030139
0.040196326,0.035961453,0.9238422
0.03504213,0.016912203,0.9480456
0.046673283,0.44957772,0.503749
0.025581332,0.022886217,0.95153254
0.037379924,0.047206525,0.91541356
0.05271411,0.04430312,0.9029828
0.04148392,0.030798139,0.9277179
0.048828594,0.043684263,0.90748703
0.05060583,0.029317023,0.9200771
0.062010895,0.03824113,0.899748
0.034409735,0.033744194,0.9318461
0.05051734,0.034148376,0.9153342
0.054043725,0.037216287,0.90874
0.052520327,0.027380552,0.9200992
0.047137037,0.05516262,0.89770037
0.16070755,0.006852112,0.8324404
0.049184605,0.039830904,0.9109845
0.030287854,0.036641315,0.93307084
0.049798403,0.038594127,0.91160744
0.046962485,0.028015207,0.9250223
0.042538404,0.028198663,0.92926294
0.04121922,0.04772183,0.911059
0.037510697,0.030317817,0.93217146
0.041079674,0.021208048,0.93771225
0.06602268,0.017206235,0.91677105
0.02541071,0.026630193,0.947959
0.023255413,0.02485215,0.95189244
0.068348646,0.026043754,0.90560764
0.06565947,0.04416786,0.89017266
0.028799316,0.044128664,0.9270721
0.048488967,0.05341096,0.89810014
0.045002207,0.016014721,0.9389831
0.04766286,0.048602927,0.90373427
0.034976322,0.023367614,0.941656
0.054701965,0.045040574,0.9002575
0.028925352,0.0372135,0.9338612
0.03188522,0.023464812,0.94465
0.040130455,0.024844676,0.93502486
0.060654245,0.044986457,0.8943593
0.1407425,0.18809947,0.6711581
0.05306826,0.04583714,0.9010946
0.008367966,0.00535026,0.9862818
0.03561627,0.025879899,0.9385038
0.037358433,0.021474104,0.9411675
0.05747074,0.03204982,0.91047937
0.052255344,0.027806858,0.91993785
0.050779458,0.019653847,0.9295666
0.059408646,0.046448585,0.8941428
0.047364756,0.051918507,0.9007168
0.040669363,0.03189059,0.92744005
0.038415946,0.03266693,0.9289171
0.03889774,0.028765546,0.9323367
0.040193103,0.031517137,0.9282897
0.02981597,0.03261877,0.9375652
0.040783886,0.030072154,0.92914397
0.04204081,0.025103716,0.9328554
0.05277227,0.027217945,0.9200098
0.059889007,0.025884021,0.914227
0.017195638,0.004646257,0.9781582
0.05881105,0.034607016,0.90658194
0.08966404,0.0248745,0.8854614
0.030752474,0.040187206,0.9290603
0.059837673,0.027610553,0.9125518
0.04491989,0.021468773,0.93361145
0.03708986,0.050154157,0.91275597
0.024517018,0.061756276,0.91372675
0.03683633,0.03514947,0.9280142
0.055381283,0.02603284,0.9185859
0.053513285,0.025327306,0.9211594
0.061428383,0.03412333,0.90444833
0.059494868,0.019792521,0.92071253
0.053593636,0.01753577,0.9288706
0.06080277,0.03163661,0.9075606
0.06336683,0.034994487,0.90163875
0.045833077,0.022733374,0.93143344
0.044566344,0.029170291,0.9262634
0.018515477,0.025307655,0.9561768
0.02118559,0.0375101,0.9413044
0.055181753,0.03932125,0.90549695
0.046251148,0.018397437,0.9353514
0.05339186,0.15180245,0.79480565
0.05846335,0.028800488,0.91273624
0.034772567,0.0771463,0.8880811
0.04055537,0.050719023,0.9087256
0.049517605,0.039133415,0.91134894
0.04250339,0.029904872,0.92759174
0.011665725,0.007605872,0.98072845
0.04981162,0.022168625,0.92801976
0.053667124,0.022525243,0.92380756
0.023627095,0.031669777,0.94470304
0.055536106,0.048156463,0.8963074
0.04235145,0.01973376,0.9379147
0.03732142,0.039728444,0.92295015
0.03546241,0.026430745,0.9381069
0.031233525,0.03160169,0.9371648
0.028632285,0.025046794,0.94632095
0.05142519,0.028096244,0.9204785
0.04642845,0.030093782,0.92347777
0.056943983,0.026715185,0.9163408
0.026852068,0.011673659,0.96147424
0.045943663,0.016721139,0.9373352
0.058706094,0.029232401,0.9120616
0.053342365,0.021238858,0.92541885
0.054408275,0.019937653,0.9256541
0.070545726,0.034922667,0.89453155
0.043728378,0.027687088,0.9285845
0.041374106,0.03426686,0.924359
0.06426081,0.024944691,0.91079444
0.051417064,0.034519784,0.9140633
0.05007155,0.04488385,0.9050446
0.050378136,0.043471098,0.90615076
0.05532756,0.022485724,0.92218673
0.054156117,0.06753014,0.87831366
0.029441401,0.0228173,0.9477413
0.040369153,0.022711482,0.93691933
0.046665046,0.030573817,0.9227612
0.047600746,0.03293989,0.9194594
0.059323303,0.040376045,0.9003006
0.05660687,0.02891196,0.91448116
0.022639161,0.041599147,0.93576175
0.089056805,0.058120392,0.8528228
0.04841199,0.026449982,0.92513794
0.049423087,0.0152956145,0.9352814
0.050812814,0.022636302,0.92655087
0.044058587,0.04380119,0.91214025
0.026509976,0.012137152,0.9613528
0.055132546,0.016913287,0.92795426
0.043184593,0.04335361,0.91346174
0.016097337,0.014858555,0.96904415
0.025472254,0.016819699,0.95770794
0.04643144,0.035426814,0.9181418
0.04320025,0.04478974,0.91201
0.042090822,0.026676286,0.93123287
0.08473468,0.024515133,0.8907502
0.041692317,0.016779544,0.94152826
0.034955684,0.026696963,0.9383473
0.060753323,0.087365724,0.85188097
0.057441965,0.02718671,0.91537136
0.04231579,0.03147715,0.926207
0.044879723,0.024163553,0.9309566
0.064170234,0.06627191,0.86955786
0.06546914,0.054275822,0.88025504
0.013944004,0.0046797874,0.9813762
0.048185144,0.031910703,0.9199042
0.040392168,0.033980414,0.92562747
0.06989792,0.027185941,0.90291613
0.043724827,0.027766064,0.9285091
0.016143192,0.02524843,0.95860845
0.05610765,0.012349312,0.9315431
0.047756404,0.018903656,0.9333399
0.05956075,0.021403603,0.9190356
0.049161557,0.045600407,0.90523803
0.052704204,0.030265477,0.9170303
0.027648423,0.037790913,0.93456066
0.012918323,0.003053425,0.98402816
0.028440807,0.0064522345,0.965107
0.05192863,0.055062227,0.8930091
0.02375721,0.027264385,0.94897836
0.041629504,0.026487175,0.9318833
0.044671938,0.06287461,0.89245355
0.05436524,0.039930135,0.9057046
0.055543613,0.041438065,0.90301824
0.05692519,0.031498536,0.91157633
0.059708454,0.04119759,0.899094
0.05335952,0.018207928,0.9284325
0.04960909,0.0449057,0.9054852
0.03713349,0.034646034,0.9282204
0.054164626,0.062221456,0.8836139
0.030419545,0.010229152,0.9593513
0.047002774,0.03707348,0.9159238
0.042872887,0.026029127,0.931098
0.02971173,0.020360814,0.94992745
0.026694622,0.0033641425,0.96994126
0.056549318,0.026323572,0.9171271
0.98289067,0.009321231,0.00778818
0.80995715,0.080339305,0.10970363
0.9665745,0.017463036,0.01596251
0.9810115,0.011432221,0.0075562363
0.98845613,0.0042005135,0.0073433896
0.9914374,0.0075697172,0.000992931
0.9785282,0.008474199,0.012997546
0.99279964,0.0065089953,0.00069142383
0.9045884,0.022701282,0.072710365
0.9860523,0.008853552,0.005094107
0.99399155,0.0055307443,0.00047764083
0.9872984,0.008016451,0.0046850964
0.0113897305,0.98599327,0.0026169484
0.0060200235,0.98606676,0.007913173
0.0074239634,0.9915251,0.0010508874
0.19442508,0.41320884,0.39236608
0.007962471,0.9893072,0.0027303416
0.027303796,0.9719374,0.00075882656
0.014183563,0.98468137,0.0011350686
0.013881661,0.9827298,0.0033885846
0.03472762,0.9618171,0.0034553304
0.03281992,0.94981754,0.01736257
0.015294116,0.98390627,0.000799552
0.0065304656,0.99219114,0.0012784123
0.009669438,0.984385,0.005945544
0.016558519,0.98135275,0.0020887968
0.011410145,0.984871,0.0037188297
0.0071430267,0.99200714,0.0008497869
0.018647056,0.9800488,0.0013041246
0.004533999,0.9944893,0.0009767233
0.004028746,0.9954758,0.0004954703
0.03309342,0.9652444,0.0016621692
0.04340508,0.04294131,0.91365355
0.04902473,0.055281706,0.89569354
0.026112927,0.043433003,0.930454
0.025664957,0.023413893,0.9509212
0.040383235,0.052979182,0.9066376
0.023503162,0.021950187,0.9545467
0.04669586,0.034431368,0.9188728
0.04233773,0.030974945,0.9266873
0.046173066,0.070612095,0.8832149
0.046377987,0.026632637,0.9269894
0.047252048,0.040024042,0.9127239
0.04526316,0.026765209,0.9279717
0.050291613,0.032661524,0.91704696
0.07065234,0.030835597,0.898512
0.068484984,0.034672625,0.89684236
0.04193015,0.04119954,0.91687036
0.05801967,0.04278102,0.8991993
0.04539316,0.017586283,0.93702054
0.057924338,0.033328176,0.9087475
0.04289851,0.036300987,0.92080045
0.05257083,0.039837856,0.90759134
0.03862254,0.048207555,0.9131699
0.060696445,0.034214273,0.90508926
0.043389652,0.040601894,0.9160085
0.037323818,0.032427497,0.93024874
0.046070047,0.04026157,0.9136684
0.050165854,0.0377564,0.9120777
0.046828136,0.032595668,0.9205762
0.020676525,0.008049739,0.9712738
0.059546344,0.026115688,0.91433793
0.030269766,0.039944585,0.92978567
0.024959682,0.015287377,0.9597529
0.031608537,0.027354907,0.94103646
0.023293998,0.020436784,0.95626926
0.046058677,0.04893354,0.9050077
0.034231473,0.019542634,0.94622594
0.046978816,0.035774518,0.9172467
0.04943931,0.026774893,0.9237858
0.027024142,0.03144053,0.9415353
0.06711155,0.040191717,0.8926967
0.028523192,0.03060092,0.94087595
0.042712428,0.025133874,0.9321537
0.048711408,0.04553724,0.90575135
0.046442386,0.057348687,0.8962088
0.02728264,0.0387386,0.9339788
0.062879525,0.038475037,0.89864546
0.04460367,0.024728894,0.9306674
0.0496652,0.0304488,0.919886
0.029408073,0.03677808,0.9338138
0.03676204,0.03528472,0.92795324
0.03547372,0.024285657,0.9402406
0.045185477,0.034746554,0.920068
0.024156146,0.026816865,0.949027
0.06776498,0.036987387,0.89524764
0.048069976,0.027929656,0.92400044
0.02207591,0.031870294,0.9460538
0.055549435,0.047052205,0.89739835
0.033408303,0.035876896,0.9307148
0.069130555,0.03349471,0.89737463
0.08699365,0.03440152,0.87860477
0.02463872,0.01209032,0.963271
0.015877396,0.037607413,0.94651526
0.026497876,0.014463032,0.95903903
0.06335667,0.036029104,0.9006142
0.050554466,0.03477949,0.9146661
0.060694333,0.019995332,0.9193104
0.034179967,0.059870664,0.9059494
0.019546557,0.03033349,0.9501199
0.060266543,0.029573038,0.9101604
0.04981818,0.047074873,0.9031069
0.06737,0.052110363,0.8805197
0.0259953,0.02855025,0.9454545
0.055199433,0.032800537,0.9120001
0.036534525,0.044850547,0.9186149
0.034467746,0.02387511,0.94165707
0.04089524,0.03377117,0.9253336
0.017410334,0.035723682,0.94686604
0.02932775,0.042133316,0.9285389
0.063534364,0.0538157,0.88264984
0.03776316,0.04731938,0.9149175
0.047619496,0.03524984,0.91713077
0.049694546,0.040599134,0.9097063
0.028806545,0.017251642,0.95394176
0.01584047,0.037999313,0.9461602
0.066086404,0.04925534,0.8846582
0.04192923,0.013039908,0.94503087
0.04324332,0.030366108,0.9263905
0.07247866,0.035014182,0.8925071
0.05539049,0.04276067,0.9018489
0.06683026,0.04638247,0.8867873
0.04937156,0.03796555,0.9126629
0.03963656,0.03774767,0.92261577
0.04550698,0.031490993,0.92300195
0.05911362,0.03407896,0.9068074
0.049144454,0.030783862,0.92007166
0.027991254,0.04052865,0.9314801
0.061076168,0.041854195,0.8970696
0.049534902,0.03835244,0.91211253
0.03023031,0.04300791,0.92676187
0.030679533,0.014908269,0.9544123
0.05939932,0.04703464,0.8935661
0.046072345,0.035741292,0.9181863
0.02786067,0.029484265,0.942655
0.015228494,0.02215733,0.9626142
0.059053734,0.040349886,0.90059644
0.03775306,0.042198922,0.92004806
0.053810522,0.059737574,0.8864519
0.06155891,0.053067096,0.885374
0.047500305,0.03048933,0.92201036
0.026965903,0.02059487,0.9524393
0.06621748,0.025905827,0.9078767
0.05851759,0.02163279,0.9198496
0.02495578,0.055801056,0.9192432
0.03177956,0.031286865,0.9369336
0.021180898,0.015405743,0.9634134
0.047840483,0.04859386,0.9035657
0.01916748,0.03815633,0.94267625
0.03497267,0.017011063,0.9480162
0.04895873,0.034446772,0.9165945
0.050903387,0.040623374,0.9084732
0.054792207,0.036392704,0.90881515
0.059666887,0.033047862,0.9072853
0.04036397,0.04364386,0.9159922
0.03805038,0.020972412,0.94097716
0.09068243,0.0102942195,0.89902335
0.0806703,0.023637427,0.8956923
0.07515713,0.010581761,0.9142611
0.030047685,0.04608649,0.9238658
0.043384247,0.02447937,0.9321364
0.037143268,0.046999365,0.9158574
0.023253877,0.056001477,0.92074466
0.029187439,0.057482056,0.9133305
0.047385022,0.018357972,0.9342569
0.02485323,0.062359095,0.9127877
0.039433442,0.030951662,0.9296149
0.027456596,0.021529894,0.95101357
0.028480988,0.019102568,0.9524165
0.05920017,0.041490134,0.8993097
0.04126662,0.023171095,0.9355623
0.034408197,0.09280331,0.8727884
0.033752084,0.047737718,0.91851026
0.061487135,0.04984245,0.88867044
0.065391414,0.038932767,0.8956758
0.04492572,0.035817903,0.9192564
0.04803709,0.045569517,0.90639335
0.04312213,0.04295401,0.91392386
0.06186158,0.0352821,0.90285623
0.06283185,0.03700915,0.900159
0.056560174,0.0517507,0.8916892
0.049276646,0.04602068,0.9047027
0.060238652,0.05844235,0.88131905
0.039117437,0.03961721,0.9212653
0.06470576,0.039438125,0.89585614
0.04837261,0.033539467,0.91808796
0.038580038,0.03217193,0.92924803
0.020400397,0.029682405,0.94991714
0.06268959,0.03743366,0.8998768
0.053409427,0.041030485,0.9055601
0.034759786,0.029413944,0.93582624
0.04815544,0.03519688,0.9166476
0.07003564,0.0513895,0.87857485
0.032267805,0.031153103,0.93657917
0.06351455,0.038901575,0.8975839
0.062517,0.040959626,0.8965234
0.050287575,0.034528375,0.915184
0.07395991,0.035521027,0.890519
0.03674198,0.041229513,0.9220285
0.039752405,0.026766805,0.93348074
0.035648305,0.030491611,0.93386006
0.055535425,0.030490395,0.9139742
0.041908517,0.03450669,0.92358476
0.051413942,0.033685178,0.91490084
0.03532779,0.013553734,0.95111847
0.04412542,0.036084525,0.91978997
0.04976632,0.03027336,0.9199604
0.05493826,0.03648971,0.90857196
0.045256015,0.0332396,0.9215044
0.060624324,0.035361852,0.9040138
0.021874156,0.024094546,0.9540313
0.03189297,0.03969145,0.9284156
0.04936253,0.04965261,0.9009849
0.06379422,0.047779657,0.8884262
0.049509235,0.03796005,0.91253066
0.034925077,0.0357533,0.9293217
0.029073443,0.00908604,0.96184045
0.04292614,0.032976955,0.9240968
0.027435506,0.03151646,0.9410481
0.06784457,0.03322665,0.89892876
0.03950708,0.06307051,0.89742243
0.02712003,0.023378925,0.94950104
0.052243967,0.05805514,0.8897009
0.050881457,0.027636768,0.9214818
0.049131926,0.036404934,0.9144631
0.041427143,0.02485836,0.93371445
0.02582904,0.053832337,0.9203386
0.05275956,0.039941855,0.9072986
0.045032345,0.06622931,0.8887384
0.056757797,0.03700521,0.906237
0.05492143,0.052611507,0.892467
0.028684571,0.03978571,0.93152976
0.024688737,0.015723797,0.95958745
0.03679962,0.013198418,0.950002
0.04651405,0.0137361055,0.9397499
0.040787235,0.047965337,0.9112475
0.04454103,0.03692581,0.91853315
0.050911248,0.04224814,0.90684056
0.053474363,0.04998983,0.8965359
0.040880445,0.051125567,0.90799403
0.056439336,0.036227085,0.90733355
0.030088386,0.039357793,0.93055385
0.053941637,0.03281325,0.9132451
0.055281874,0.04463766,0.9000805
0.06043203,0.042810902,0.89675707
0.07174635,0.038704246,0.8895494
0.050753266,0.047864888,0.9013819
0.035022236,0.043927725,0.9210501
0.05561868,0.054596208,0.8897852
0.037486505,0.033668384,0.9288451
0.029840479,0.056241497,0.91391796
0.053579222,0.035761233,0.91065955
0.045635704,0.025128704,0.9292356
0.047554526,0.024864461,0.92758095
0.034938976,0.045302793,0.9197582
0.049806874,0.014983972,0.93520916
0.0639048,0.04089899,0.8951962
0.04995409,0.040930912,0.90911496
0.049617685,0.013250494,0.9371318
0.05795705,0.054712106,0.88733083
0.047751267,0.029881978,0.9223668
0.03258693,0.014153004,0.9532601
0.04196759,0.03854925,0.9194831
0.05128184,0.0136149,0.9351033
0.058209777,0.046227947,0.89556223
0.052854124,0.03733307,0.9098128
0.046636503,0.02484113,0.92852235
0.05600075,0.029539153,0.9144601
0.04152492,0.014294682,0.94418037
0.040084604,0.011251309,0.9486641
0.03357244,0.009894962,0.9565326
0.064407885,0.042988777,0.8926033
0.066172615,0.036259603,0.89756775
0.052931566,0.03235642,0.914712
0.03670172,0.031423315,0.931875
0.052237824,0.04591999,0.90184224
0.04592461,0.0125428345,0.94153255
0.056724276,0.040223535,0.9030522
0.029185498,0.04044099,0.93037343
0.056968775,0.03520042,0.9078308
0.062334813,0.05157654,0.8860886
0.038936377,0.031439397,0.9296243
0.032867506,0.038878962,0.9282536
0.030558938,0.048928518,0.92051256
0.04551855,0.047331806,0.9071497
0.06441758,0.045456402,0.890126
0.070694275,0.043766662,0.88553905
0.054035738,0.025750002,0.9202143
0.05649508,0.01645707,0.9270478
0.07293799,0.044979695,0.8820823
0.057457957,0.04987161,0.89267045
0.044742797,0.04952576,0.9057315
0.0532921,0.031145781,0.9155621
0.029380312,0.032204997,0.9384147
0.061517414,0.045894787,0.8925878
0.03753733,0.0130870715,0.9493756
0.05527889,0.038515586,0.90620553
0.04042381,0.048475552,0.9111006
0.053793665,0.043436,0.90277034
0.038917262,0.04094457,0.9201382
0.03324024,0.039822225,0.92693746
0.060212996,0.029546764,0.9102402
0.066422574,0.04181045,0.891767
0.073361516,0.045908466,0.88073
0.036709126,0.036673293,0.9266176
0.033585027,0.042580012,0.923835
0.052148435,0.033374935,0.9144767
0.057352938,0.03757626,0.9050708
0.035846274,0.013110066,0.9510437
0.06517174,0.048242714,0.88658553
0.035010792,0.03882918,0.92616
0.03510591,0.03893467,0.9259594
0.028486669,0.026320145,0.9451931
0.04618301,0.041479114,0.91233784
0.044804756,0.04820952,0.90698576
0.049999673,0.032918926,0.9170813
0.03665043,0.02913479,0.9342148
0.051794194,0.034603603,0.91360223
0.05987569,0.06582483,0.87429947
0.061181206,0.03888914,0.89992964
0.043124173,0.023060177,0.93381566
0.046353575,0.02442662,0.9292198
0.037903264,0.020169625,0.941927
0.034471318,0.021932712,0.9435959
0.042395372,0.021463959,0.9361407
0.04745867,0.049156815,0.9033845
0.033986785,0.047416937,0.91859627
0.051370624,0.029127525,0.91950184
0.035340957,0.04515765,0.9195014
0.042917617,0.008484056,0.9485984
0.025590282,0.028105425,0.94630426
0.06440793,0.056397468,0.87919456
0.026112953,0.020436332,0.9534507
0.032515142,0.0338104,0.9336744
0.05175984,0.074070185,0.87416995
0.070343725,0.043762807,0.8858935
0.042705406,0.012464444,0.9448301
0.08284306,0.020400938,0.8967561
0.037867807,0.0155561,0.94657606
0.078302845,0.06409643,0.85760075
0.065133326,0.058271214,0.8765955
0.043553803,0.040556982,0.91588926
0.04397072,0.036774807,0.9192545
0.016146457,0.0061404854,0.97771305
0.056282002,0.029141745,0.9145762
0.03921697,0.042569622,0.9182134
0.07239234,0.043100983,0.88450676
0.05472998,0.066275336,0.87899464
0.03844836,0.02821195,0.9333396
0.02647104,0.021988166,0.9515407
0.04175323,0.041671753,0.916575
0.055630866,0.03417292,0.9101961
0.042546157,0.037952363,0.91950154
0.07169663,0.020065587,0.9082378
0.04146139,0.018560799,0.9399779
0.044821966,0.018127404,0.9370507
0.036576316,0.029275313,0.9341483
0.059261464,0.02988596,0.9108526
0.044635773,0.04826277,0.9071014
0.03317878,0.020581065,0.94624025
0.038605835,0.045046724,0.9163474
0.050628748,0.036932424,0.91243887
0.062107466,0.040256545,0.89763606
0.04713104,0.041592993,0.911276
0.036604103,0.021205531,0.94219035
0.052896004,0.0559239,0.8911801
0.03404633,0.0275985,0.93835515
0.024266351,0.022377051,0.9533566
0.061940916,0.02517346,0.9128856
0.037226822,0.02583668,0.9369365
0.036626417,0.02794566,0.9354279
0.03927492,0.019347794,0.9413773
0.03733349,0.023045462,0.9396211
0.035621658,0.025732597,0.9386458
0.016339585,0.021880217,0.96178025
0.03203656,0.0289709,0.9389925
0.052445624,0.05485529,0.892699
0.047222003,0.032582197,0.9201958
0.044051692,0.046618823,0.9093295
0.052363954,0.03027635,0.9173597
0.041327074,0.044337478,0.9143354
0.08591765,0.04549703,0.86858535
0.033756603,0.03496446,0.9312789
0.047457293,0.034958657,0.9175841
0.037288655,0.03696236,0.925749
0.054576438,0.04723197,0.89819163
0.057757013,0.0290137,0.9132293
0.022744566,0.0195306,0.9577249
0.04450049,0.04849388,0.9070056
0.036156032,0.024971288,0.93887264
0.066876404,0.047887858,0.88523585
0.04276137,0.21971996,0.73751867
0.073293544,0.027683588,0.8990229
0.031829014,0.020570435,0.94760054
0.03701992,0.026690498,0.9362896
0.055468693,0.04405109,0.9004802
0.03356085,0.03784419,0.928595
0.032455213,0.03102953,0.9365153
0.06441772,0.027011108,0.9085711
0.051318903,0.037253525,0.9114277
0.036204465,0.18914287,0.7746527
0.038667835,0.018070232,0.943262
0.043163065,0.03846508,0.91837186
0.051937357,0.055775095,0.8922875
0.06666151,0.04662821,0.8867103
0.050972972,0.039312,0.90971506
0.060354427,0.031711508,0.90793407
0.030347418,0.016307378,0.9533452
0.052864358,0.027318744,0.9198169
0.04689683,0.03835091,0.9147522
0.036650844,0.015338141,0.948011
0.03853343,0.037862003,0.92360455
0.03668671,0.074909575,0.8884037
0.035233583,0.025402596,0.9393638
0.030182445,0.031785753,0.9380318
0.03279226,0.017263437,0.9499443
0.047788687,0.05489711,0.8973142
0.0464023,0.023401,0.93019664
0.045611788,0.031966787,0.9224214
0.05346111,0.03076015,0.9157787
0.035517793,0.041281912,0.9232003
0.057228323,0.007809568,0.9349621
0.065992296,0.057055827,0.8769518
0.025122968,0.021032063,0.953845
0.059490196,0.03679429,0.9037155
0.029075092,0.029475331,0.94144964
0.03412974,0.027051631,0.9388186
0.042351604,0.042351604,0.91529685
0.043406088,0.05179831,0.9047956
0.05716529,0.034537327,0.9082974
0.034319367,0.02440748,0.9412731
0.048032347,0.02959187,0.92237586
0.05996874,0.037017897,0.9030134
0.051630527,0.03140737,0.91696215
0.028358627,0.019605119,0.9520363
0.038457382,0.037056405,0.92448616
0.05446418,0.040395368,0.90514046
0.047637273,0.024980804,0.92738193
0.07059443,0.036875125,0.89253044
0.045048613,0.043919202,0.91103214
0.043881506,0.027008224,0.92911017
0.06308999,0.033934936,0.9029751
0.053820137,0.046486564,0.8996933
0.029208347,0.039689835,0.9311018
0.06526634,0.030233333,0.9045003
0.05605149,0.04108832,0.9028601
0.050770644,0.039578848,0.9096505
0.04042362,0.03232308,0.92725337
0.04491182,0.09305742,0.86203074
0.03911838,0.026911912,0.93396974
0.032282453,0.028881341,0.9388363
0.07727266,0.13761897,0.7851083
0.043685623,0.30952132,0.64679307
0.04311715,0.030485194,0.9263977
0.035472784,0.04249684,0.92203045
0.03691322,0.043071717,0.92001504
0.029466024,0.026620336,0.9439137
0.020412516,0.01508067,0.9645068
0.039036136,0.05232407,0.9086398
0.044507887,0.0403275,0.9151646
0.044969346,0.037573297,0.91745734
0.06655593,0.02448456,0.9089595
0.0511067,0.032327157,0.9165662
0.015064621,0.01957137,0.96536404
0.04317254,0.021964408,0.93486303
0.05123553,0.033470083,0.9152944
0.04665991,0.040538836,0.91280127
0.0505659,0.06010716,0.8893269
0.041069444,0.011326879,0.94760364
0.04502278,0.049787022,0.90519017
0.04899341,0.0382307,0.91277593
0.08388797,0.033400934,0.88271105
0.038816728,0.038028788,0.9231544
0.023776777,0.036611043,0.9396121
0.045750875,0.031721666,0.9225275
0.048380703,0.026176007,0.92544335
0.064309426,0.06424665,0.8714439
0.0472883,0.03032362,0.922388
0.9879226,0.011125906,0.00095150707
0.99503136,0.0024140116,0.002554689
0.9962289,0.003115529,0.0006556063
0.19687131,0.360338,0.44279066
0.064813316,0.8659232,0.06926345
0.9883166,0.011130344,0.0005530659
0.27402958,0.036050316,0.68992007
0.99615,0.0028811651,0.0009688466
0.9962282,0.0035165907,0.000255239
0.98810184,0.004383366,0.007514838
0.99486923,0.0037529164,0.0013779267
0.011122025,0.98757786,0.0013001021
0.98303807,0.015161705,0.0018002284
0.9808848,0.013720948,0.005394231
0.9785493,0.012783823,0.008666878
0.9824587,0.012010261,0.005531012
0.9907952,0.008100025,0.001104817
0.027347136,0.12066122,0.8519916
0.9829239,0.008421316,0.008654764
0.9835079,0.012836061,0.0036561075
0.976669,0.018673707,0.0046573407
0.98888797,0.0095630735,0.0015489801
0.9903729,0.0073432727,0.0022837433
0.9929772,0.0033708361,0.0036518686
0.9897866,0.009331791,0.0008816606
0.9904021,0.0094568925,0.00014095553
0.98988754,0.009063288,0.0010491518
0.9881662,0.0055360463,0.0062977145
0.99426985,0.005425289,0.00030488058
0.99604416,0.0032836245,0.000672341
0.99438816,0.0044198777,0.0011919197
0.62258756,0.09006528,0.28734714
0.9733455,0.015189174,0.011465389
0.47772154,0.4228247,0.09945369
0.96670616,0.02352525,0.009768549
0.99234563,0.0065060183,0.0011483805
0.988836,0.008131515,0.003032596
0.9905033,0.00825735,0.0012393901
0.9898683,0.009732801,0.00039898383
0.97402734,0.0149495555,0.011023111
0.86193055,0.027303811,0.11076568
0.6948482,0.056471977,0.2486799
0.97781324,0.010487272,0.011699399
0.42800692,0.032524414,0.53946865
0.52303,0.17691234,0.30005768
0.9940638,0.0049484135,0.0009878137
0.9925688,0.006995158,0.00043597416
0.99198335,0.0073122433,0.00070448115
0.54837734,0.43316716,0.018455494
0.9938583,0.0054549123,0.0006867746
0.46755216,0.018471863,0.5139759
0.99525625,0.004262583,0.000481059
0.9690308,0.008837736,0.022131447
0.99021775,0.0056957584,0.004086507
0.9868869,0.0122543825,0.0008587139
0.9923389,0.0074883304,0.00017270242
0.9576027,0.03868487,0.0037124741
0.75317764,0.09972537,0.14709695
0.9891775,0.009163545,0.001659056
0.9894756,0.008971475,0.0015529307
0.99003905,0.009135771,0.0008252249
0.9940865,0.0049485266,0.00096495304
0.9813316,0.013554029,0.005114474
0.98374856,0.012407777,0.00384375
0.87205243,0.098512694,0.029434802
0.97904986,0.011968589,0.008981585
0.5040589,0.33725446,0.15868664
0.11634663,0.8698255,0.013827938
0.9934633,0.006148672,0.00038811282
0.8166769,0.12094446,0.062378593
0.95907235,0.01786008,0.023067566
0.9939709,0.0057734535,0.0002556574
0.97762376,0.016511716,0.0058644805
0.9971404,0.0016432705,0.001216414
0.91955316,0.019140711,0.061306145
0.9736023,0.01733422,0.009063407
0.99594635,0.003550096,0.00050351064
0.993287,0.006398719,0.0003142476
0.9596292,0.027624285,0.012746515
0.98720574,0.011183168,0.001611088
0.90021527,0.054459542,0.045325257
0.9919031,0.0072405958,0.00085636205
0.9852325,0.012353895,0.0024136952
0.9885966,0.009266118,0.0021373518
0.28690243,0.28135324,0.43174437
0.900353,0.041864056,0.057782914
0.71097994,0.274945,0.014075041
0.9798462,0.010086761,0.010067079
0.9878225,0.007182696,0.004994781
0.9890637,0.0104638925,0.00047249618
0.991184,0.008032297,0.00078373996
0.9927678,0.006611285,0.00062098005
0.9863051,0.012784873,0.00090999564
0.99211955,0.0073132473,0.0005672511
0.9951207,0.004388713,0.0004904803
0.9872047,0.011139557,0.0016557473
0.96808916,0.00958395,0.022326916
0.50845903,0.39156604,0.09997496
0.9803741,0.012126051,0.007499882
0.99643266,0.002696817,0.0008704133
0.98395187,0.010920049,0.00512813
0.97419816,0.017600773,0.008201122
0.9780451,0.016041905,0.005913024
0.9679781,0.020326559,0.011695381
0.98831147,0.008960919,0.0027275935
0.9851077,0.010648375,0.0042439117
0.9803493,0.016736576,0.0029140667
0.99404305,0.0054029045,0.0005541017
0.9962304,0.0036353208,0.00013423937
0.9926763,0.006584903,0.0007388057
0.9922821,0.0063054455,0.0014124417
0.16222216,0.76780224,0.06997559
0.40448657,0.5593846,0.03612883
0.0029093493,0.99417555,0.0029150373
0.012323741,0.98474914,0.002927145
0.01917766,0.9570947,0.023727547
0.9848193,0.01259227,0.0025884311
0.04083134,0.785914,0.17325465
0.009187055,0.9868847,0.0039282185
0.010368244,0.9828981,0.0067335805
0.014931163,0.9814169,0.0036518993
0.024288058,0.082809865,0.8929021
0.0346355,0.9180234,0.047341112
0.014211585,0.98278034,0.0030081435
0.009638132,0.9860006,0.004361249
0.0150456615,0.9793322,0.005622153
0.034356672,0.21895078,0.7466926
0.019050727,0.9714073,0.00954196
0.020267697,0.8107771,0.16895524
0.011693771,0.98693395,0.0013722862
0.0050510564,0.99311596,0.0018329478
0.009398846,0.98624736,0.0043538287
0.010542956,0.98878175,0.0006753063
0.015669156,0.9827611,0.0015697445
0.0064049973,0.9855613,0.008033667
0.008081457,0.9875589,0.0043596188
0.009785324,0.9816964,0.008518258
0.011837133,0.9816258,0.0065370854
0.013087326,0.9852873,0.0016253232
0.012488422,0.9862823,0.0012292973
0.0037496497,0.9959467,0.00030361058
0.005588811,0.98885506,0.00555616
0.006246767,0.992695,0.0010583103
0.0347019,0.9611047,0.0041934047
0.039241232,0.06326088,0.89749795
0.0125452215,0.9840184,0.003436378
0.96834457,0.030975765,0.00067968166
0.034712188,0.82433033,0.14095746
0.0082034245,0.9898173,0.0019791683
0.11658609,0.5362009,0.34721303
0.012346147,0.9836535,0.004000386
0.022152642,0.97661215,0.0012352063
0.022778345,0.96667004,0.010551616
0.02009643,0.9607648,0.019138731
0.015497301,0.97008586,0.0144168865
0.024403065,0.972875,0.0027219525
0.017193902,0.9780594,0.00474668
0.024710279,0.9745969,0.00069281005
0.07487114,0.9063458,0.018783072
0.019847836,0.96948683,0.010665362
0.01242988,0.985501,0.002069143
0.0024612942,0.99489814,0.002640583
0.84702325,0.09224453,0.06073221
0.018731663,0.97588056,0.0053877155
0.040021114,0.9453134,0.014665545
0.010122471,0.98716366,0.0027138044
0.01646221,0.98137844,0.0021593724
0.032718256,0.9249412,0.042340573
0.012063522,0.97531873,0.012617795
0.004507368,0.99058086,0.004911851
0.017702352,0.9646298,0.017667811
0.013214208,0.98613435,0.00065150316
0.009223414,0.9898233,0.0009533377
0.005412046,0.9755127,0.01907527
0.012592163,0.97428846,0.013119377
0.97558993,0.019453038,0.0049570748
0.021851115,0.97657984,0.0015690381
0.98525536,0.01322824,0.001516399
0.012776056,0.9817824,0.005441513
0.82396483,0.07212039,0.10391479
0.0125490045,0.9843151,0.00313592
0.056989618,0.8953938,0.04761661
0.012226211,0.9721972,0.015576595
0.846194,0.060200598,0.09360544
0.026226042,0.97076166,0.0030122595
0.06277996,0.5029277,0.43429235
0.47185686,0.27888423,0.24925888
0.007430408,0.9599766,0.032592963
0.016591823,0.9718704,0.011537802
0.062861755,0.023261448,0.91387683
0.009036377,0.949139,0.04182461
0.031171316,0.09019719,0.8786314
0.04616828,0.1057835,0.8480482
0.03783728,0.063180156,0.8989826
0.22312456,0.0648379,0.7120375
0.07265849,0.06437185,0.8629697
0.9693053,0.011814801,0.018879997
0.04228759,0.038428165,0.91928416
0.01517406,0.9733271,0.011498812
0.059853982,0.08640931,0.85373664
0.03763289,0.022581616,0.9397856
0.4069893,0.011162897,0.5818477
0.33416578,0.011519459,0.65431476
0.04329661,0.03728758,0.9194158
0.036867633,0.0580576,0.90507483
0.1907176,0.15672688,0.6525555
0.21067405,0.01758267,0.7717433
0.09060613,0.05560319,0.8537906
0.08385811,0.042746957,0.873395
0.055423737,0.038654234,0.90592206
0.049948405,0.03032484,0.91972667
0.050863493,0.04843958,0.900697
0.076453015,0.025211528,0.89833546
0.08491828,0.025447344,0.8896344
0.054588206,0.13458037,0.8108313
0.03497675,0.84101987,0.124003366
0.8892861,0.05940416,0.051309705
0.09203271,0.15624744,0.75171983
0.02777711,0.08284619,0.8893767
0.06530171,0.06777053,0.86692774
0.076007135,0.03611422,0.8878786
0.0702584,0.0035905414,0.9261511
0.11843178,0.028825233,0.85274297
0.0667413,0.03589891,0.8973598
0.041611765,0.03234404,0.92604417
0.045939226,0.19838509,0.75567573
0.07429515,0.082882226,0.8428227
0.068607375,0.024130538,0.907262
0.046909947,0.047416575,0.9056735
0.076834925,0.05577618,0.86738896
0.07929037,0.05567889,0.86503077
0.050888292,0.034231577,0.9148801
0.085490465,0.029747372,0.88476217
0.031033047,0.01759597,0.9513711
0.061736334,0.019464176,0.91879946
0.062295023,0.036478583,0.9012264
0.040269308,0.021470575,0.9382601
0.025023075,0.03690955,0.93806744
0.09685047,0.028047806,0.87510175
0.02634678,0.02750354,0.94614965
0.031782467,0.049321886,0.9188957
0.025373882,0.027116073,0.94751006
0.054713547,0.078911126,0.8663754
0.04925592,0.025880113,0.924864
0.07009844,0.031441938,0.89845955
0.068386495,0.025504306,0.90610915
0.06943186,0.026637984,0.9039302
0.058471266,0.12044482,0.8210839
0.07970806,0.045594037,0.87469786
0.03913237,0.015550589,0.94531703
0.043701857,0.04711474,0.9091834
0.036827516,0.2187618,0.74441063
0.048056975,0.6533601,0.29858285
0.03805338,0.7811119,0.18083476
0.009427561,0.97582746,0.014744984
0.053966235,0.019794991,0.9262387
0.109124854,0.041297957,0.8495772
0.028343648,0.030289747,0.9413666
0.041768417,0.025063142,0.9331685
0.05142559,0.067663714,0.8809107
0.0319291,0.028565217,0.93950564
0.03797887,0.021894788,0.9401263
0.08253122,0.0654152,0.85205346
0.053814348,0.038647633,0.907538
0.039489347,0.056455515,0.9040552
0.034393914,0.01952066,0.9460854
0.1059396,0.098939605,0.79512084
0.040479243,0.07696627,0.8825545
0.042630047,0.03425421,0.9231158
0.040733155,0.021256268,0.9380106
0.037245363,0.021682637,0.9410719
0.084235616,0.06085065,0.8549138
0.16307633,0.11563843,0.7212852
0.055935778,0.04394739,0.9001168
0.061513126,0.05333925,0.88514763
0.04150207,0.03669705,0.92180085
0.055560175,0.043354906,0.90108496
0.05797163,0.03431353,0.9077149
0.044287592,0.030737096,0.92497534
0.05137802,0.039701853,0.90892017
0.07960284,0.05365199,0.86674523
0.06331394,0.045425534,0.8912606
0.022290166,0.024337936,0.9533718
0.063776314,0.048046954,0.8881768
0.03230791,0.02535877,0.9423332
0.053462226,0.045818068,0.9007197
0.20456913,0.09729445,0.69813645
0.9017702,0.023809446,0.07442045
0.09424826,0.14583208,0.7599196
0.03157046,0.026689045,0.9417405
0.06731323,0.044709105,0.88797766
0.081137106,0.06551461,0.85334826
0.4446525,0.060752884,0.49459457
0.08193999,0.15595098,0.76210904
0.041547034,0.028415741,0.9300372
0.053656664,0.050258312,0.8960851
0.46174818,0.19561198,0.34263983
0.07734764,0.7239775,0.19867483
0.040046014,0.03776699,0.9221869
0.09965365,0.04491742,0.85542893
0.015675165,0.42209455,0.5622303
0.062117822,0.033938184,0.90394396
0.072245106,0.050632603,0.87712234
0.037137154,0.8378414,0.12502141
0.08047847,0.043670006,0.87585163
0.17742811,0.017627912,0.8049439
0.06377732,0.077457815,0.8587649
0.13269635,0.05859683,0.8087068
0.46359414,0.07450636,0.4618995
0.09494887,0.050476234,0.8545749
0.1271244,0.018858485,0.85401714
0.025423234,0.11732647,0.8572503
0.04461432,0.096971974,0.85841364
0.16368897,0.015917223,0.8203938
0.09284827,0.06616155,0.8409902
0.025149379,0.046665132,0.92818546
0.034387354,0.19866005,0.7669527
0.026083672,0.0435967,0.93031967
0.19978233,0.08969789,0.71051973
0.99172497,0.0019484302,0.0063265706
0.9881175,0.010291811,0.0015906792
0.9203432,0.068383895,0.011272915
0.9873279,0.0109468205,0.0017252859
0.9840379,0.007653929,0.008308262
0.11353918,0.0119611025,0.87449974
0.9816896,0.015867533,0.0024428891
0.98729116,0.009908593,0.0028003114
0.9758272,0.016241707,0.007931052
0.7382392,0.08078114,0.18097958
0.98532724,0.011789302,0.0028834555
0.99412835,0.005026666,0.0008449768
0.9931825,0.001564849,0.0052526197
0.9877772,0.009240372,0.0029823834
0.9851731,0.011672907,0.0031540166
0.9808249,0.016533459,0.0026416448
0.98981327,0.008974536,0.0012122017
0.99066997,0.008388797,0.00094119686
0.9896399,0.007395389,0.0029647546
0.98652446,0.005186926,0.008288684
0.9941083,0.0048624077,0.001029218
0.99268275,0.0053744763,0.0019427084
0.98138857,0.013344668,0.0052668336
0.98619634,0.012609878,0.001193701
0.98857355,0.009375124,0.0020514128
0.99247664,0.0065195984,0.0010037259
0.99074495,0.008211113,0.0010439259
0.98471385,0.0146342795,0.0006518365
0.98992866,0.009170504,0.0009009368
0.9747045,0.020013202,0.0052822963
0.987033,0.009072523,0.00389443
0.99060214,0.007833968,0.0015638348
0.9884992,0.0006897747,0.010810985
0.98600245,0.011983164,0.002014356
0.9908614,0.008148171,0.0009904178
0.98865545,0.009825861,0.001518663
0.49170983,0.055195257,0.45309493
0.5536569,0.1319553,0.31438777
0.9799902,0.01610523,0.0039045867
0.9937782,0.005518768,0.0007030044
0.98627055,0.01210405,0.0016253572
0.9894225,0.009530939,0.0010466127
0.9874993,0.009219747,0.0032809877
0.99223304,0.0047593648,0.0030075624
0.9918967,0.007170185,0.0009332044
0.99428105,0.004949495,0.00076947827
0.9943228,0.0051368335,0.00054036186
0.9928174,0.0057330625,0.0014495454
0.9921578,0.0071023735,0.00073986343
0.9883161,0.010777364,0.00090652384
0.2177143,0.75545806,0.026827665
0.9921875,0.006646249,0.0011662791
0.99469626,0.004808601,0.0004950823
0.99532074,0.0043810303,0.0002981328
0.9930756,0.00057673926,0.006347572
0.60265493,0.06574401,0.33160105
0.9856909,0.012978118,0.0013309873
0.9911828,0.0070127305,0.0018045392
0.98969406,0.007043346,0.0032626903
0.9840343,0.012041276,0.0039245305
0.985759,0.0059829857,0.008258024
0.99298954,0.005482172,0.0015283026
0.99033433,0.008584822,0.0010808308
0.9847209,0.0128142955,0.0024648325
0.99706787,0.0005645402,0.0023675368
0.99046385,0.008129009,0.0014071028
0.82382834,0.01450381,0.16166788
0.030500889,0.9647387,0.0047604106
0.9832017,0.016079305,0.00071900367
0.13154282,0.16775367,0.7007035
0.08194848,0.17881724,0.7392342
0.976896,0.01799762,0.0051062945
0.9838553,0.012433384,0.003711369
0.99360764,0.0052038007,0.0011886603
0.9920989,0.007143687,0.0007573638
0.98574173,0.013029586,0.0012286236
0.98934793,0.0084103905,0.002241628
0.17505501,0.82259464,0.0023503243
0.070299245,0.92691576,0.0027849935
0.040596206,0.95655906,0.0028447395
0.99581724,0.00052760623,0.0036551675
0.99237263,0.0053833006,0.002244094
0.99472946,0.0036440503,0.0016265401
0.97251827,0.022298029,0.005183673
0.9984522,0.00074747135,0.000800355
0.99082804,0.007318006,0.0018538991
0.9870661,0.010463176,0.0024707026
0.9894406,0.008577075,0.0019822828
0.9969171,0.0005973488,0.0024856322
0.98968494,0.008903542,0.001411499
0.99107367,0.0059976457,0.0029287336
0.99605227,0.0005795989,0.003368093
0.99111044,0.006212481,0.0026771785
0.9903347,0.008857337,0.00080792565
0.9869583,0.010985552,0.0020560767
0.98575944,0.0076823095,0.006558206
0.99139214,0.007658598,0.00094927027
0.9886255,0.01013746,0.0012370405
0.9878522,0.009760519,0.002387251
0.9752935,0.017985655,0.006720748
0.9921004,0.00586478,0.0020347466
0.99673045,0.0024040062,0.00086558674
0.990222,0.008214797,0.0015632347
0.98569345,0.010992923,0.0033135924
0.9921164,0.005796546,0.0020871048
0.9974759,0.0022777698,0.00024624888
0.9782703,0.0065083806,0.015221366
0.010971769,0.9866831,0.0023451673
0.00987753,0.98804796,0.0020744905
0.07027294,0.88743603,0.042290997
0.01257292,0.9842667,0.0031603603
0.015948862,0.9790425,0.00500874
0.01941622,0.9766004,0.0039833556
0.016054215,0.97784036,0.0061054053
0.01941179,0.9754245,0.0051637436
0.022502262,0.9737883,0.003709442
0.024865236,0.96833694,0.0067977775
0.003071191,0.9936274,0.0033013485
0.009320788,0.9886197,0.0020595377
0.01753123,0.9703489,0.012119833
0.014849303,0.98177207,0.0033786767
0.01705748,0.9769548,0.0059877387
0.015554616,0.97939557,0.0050498447
0.047922254,0.85861635,0.093461424
0.018469797,0.966948,0.014582304
0.018413216,0.97725576,0.0043310197
0.016796434,0.9819359,0.0012676723
0.023281436,0.9736528,0.0030658124
0.004203824,0.9863412,0.009454979
0.0036409975,0.9880895,0.008269467
0.019378863,0.96902686,0.011594271
0.016281014,0.97914463,0.0045743673
0.019547615,0.9784201,0.0020323268
0.012502464,0.9854645,0.0020330139
0.01857046,0.9788867,0.0025428638
0.017816484,0.9775084,0.0046750205
0.013049109,0.9843307,0.0026202009
0.009162299,0.9842255,0.0066122585
0.015614473,0.98028827,0.004097216
0.0037939714,0.9872634,0.0089426795
0.016099675,0.9815673,0.0023330082
0.007824665,0.98460627,0.007569127
0.009768092,0.9876537,0.0025781959
0.014413778,0.982268,0.00331824
0.017455794,0.97756255,0.0049816715
0.016239,0.97948325,0.0042777676
0.018143894,0.98003846,0.0018176651
0.015028921,0.9753807,0.009590353
0.025550656,0.84004945,0.13439983
0.01613347,0.9817085,0.0021579901
0.014398634,0.9821947,0.0034066422
0.014053889,0.98333114,0.0026149852
0.01617124,0.97921365,0.0046150745
0.016904527,0.9786511,0.0044443957
0.003936106,0.98597336,0.010090537
0.02207189,0.9721024,0.005825668
0.051412392,0.93382895,0.014758694
0.014775404,0.98070955,0.0045150532
0.013710148,0.96680385,0.01948605
0.0098778745,0.9861544,0.003967705
0.00635952,0.9930034,0.0006371002
0.011000686,0.9815849,0.007414417
0.0098311445,0.9882216,0.0019472435
0.01878167,0.9727693,0.008449043
0.08373276,0.9148349,0.0014322848
0.011434606,0.986019,0.002546427
0.025036782,0.97216517,0.0027980977
0.019129088,0.974451,0.006419969
0.008835908,0.98793876,0.003225253
0.014790916,0.9826984,0.0025107353
0.019085053,0.9750601,0.005854817
0.007827405,0.988806,0.0033665248
0.02592075,0.97171956,0.0023597586
0.018441385,0.976841,0.004717675
0.015593558,0.9789752,0.0054312553
0.0147097,0.9849675,0.0003227656
0.01294226,0.9858516,0.0012061712
0.015585472,0.9803805,0.004034074
0.0212502,0.97319555,0.0055542835
0.006679373,0.9903392,0.0029813717
0.012387614,0.98599386,0.0016185662
0.077063255,0.8721996,0.050737128
0.0121715795,0.9821348,0.005693573
0.0112900715,0.9792768,0.009433207
0.01898928,0.9796878,0.0013228812
0.026220784,0.97056705,0.003212158
0.009167613,0.9886507,0.0021817558
0.016211739,0.98262525,0.0011629618
0.024011502,0.9666587,0.009329865
0.015639873,0.9809245,0.003435624
0.013469536,0.9857465,0.000784021
0.009354198,0.99022746,0.0004182832
0.0075971414,0.98632216,0.006080676
0.0035792605,0.99146116,0.004959616
0.015256618,0.98341286,0.0013305072
0.015381308,0.98277444,0.0018442255
0.15178838,0.8348314,0.013380205
0.011677057,0.9864862,0.0018367844
0.022013778,0.9761933,0.0017929388
0.017224984,0.9788711,0.0039039385
0.0146443555,0.9805921,0.004763621
0.010727709,0.985686,0.0035863211
0.004162635,0.99496824,0.0008691341
0.017090105,0.96931106,0.013598834
0.0055343257,0.9907574,0.0037083202
0.010061749,0.9889381,0.0010001473
0.16878396,0.814715,0.016501054
0.0095357485,0.98895544,0.0015087745
0.0041972497,0.9954346,0.00036818697
0.015266836,0.9840715,0.00066166953
0.0141041335,0.98204,0.0038558557
0.015699713,0.9779694,0.006330881
0.0032353613,0.99491394,0.0018506685
0.019133229,0.9784766,0.0023901314
0.060843967,0.57222,0.36693606
0.008545103,0.98961055,0.0018444023
0.0141186,0.98400766,0.0018737875
0.012958638,0.9842114,0.0028300046
0.17799005,0.81761026,0.0043996824
0.39308447,0.5806576,0.026257975
0.008919584,0.9895335,0.0015469668
0.0037689062,0.9874681,0.00876297
0.01577136,0.96814615,0.016082421
0.012835932,0.9806209,0.0065431604
0.0036608812,0.99542785,0.00091126544
0.013507836,0.9818148,0.0046773097
0.19456653,0.52862847,0.27680498
0.012282119,0.9871907,0.00052713795
0.0040639783,0.98475873,0.011177257
0.008201069,0.9713419,0.020457039
0.016580096,0.98167235,0.0017475293
0.026585476,0.9726015,0.0008130687
0.017488962,0.98037696,0.0021341196
0.014898805,0.98408335,0.0010178445
0.0114030065,0.9832941,0.00530289
0.018957524,0.979005,0.0020375173
0.021272693,0.9713757,0.007351646
0.024263307,0.9729878,0.0027489825
0.01033511,0.9884062,0.0012586982
0.023813218,0.97377306,0.0024137422
0.01356323,0.98487896,0.0015578396
0.02234121,0.9763066,0.0013522169
0.014387116,0.94658095,0.039031927
0.016834876,0.9803462,0.0028188906
0.008531688,0.9899886,0.0014796922
0.41270623,0.56631035,0.02098341
0.0061075543,0.99165,0.0022424597
0.011547596,0.9870488,0.001403621
0.016648363,0.9761351,0.0072165313
0.014260055,0.977503,0.008236983
0.012951284,0.98173356,0.0053151962
0.0057174666,0.9920522,0.002230263
0.017911823,0.978908,0.0031802042
0.013780097,0.9841516,0.0020683287
0.0048576533,0.98733425,0.007808125
0.015521811,0.98307335,0.0014048106
0.015539329,0.9813037,0.0031570063
0.04102897,0.95316327,0.005807791
0.015834091,0.9796205,0.004545412
0.019472817,0.9428454,0.037681747
0.011400188,0.98689866,0.0017011187
0.017709022,0.97446334,0.0078276945
0.023184665,0.9724505,0.004364786
0.01883665,0.97561693,0.005546395
0.03905478,0.957832,0.0031132537
0.008336378,0.990265,0.0013986012
0.009613033,0.9901787,0.00020827178
0.024478903,0.9626468,0.012874305
0.01696198,0.97528744,0.007750608
0.042015664,0.95627207,0.0017123165
0.009993456,0.9851075,0.0048990427
0.0073289326,0.9874741,0.0051969923
0.010903377,0.98437035,0.0047262637
0.005968304,0.9920208,0.0020108796
0.009754814,0.9892049,0.0010402693
0.01842842,0.98093224,0.0006392664
0.015117781,0.9830661,0.0018161722
0.015117781,0.9830661,0.0018161722
0.015708232,0.9832895,0.0010022342
0.003864839,0.9949588,0.0011764094
0.0053522424,0.9914766,0.003171099
0.008196451,0.9899422,0.0018613079
0.0056622773,0.9940574,0.00028026124
0.0038938245,0.99074215,0.0053639696
0.017681714,0.9815497,0.0007685796
0.06205705,0.5484023,0.38954064
0.049484856,0.25130484,0.69921035
0.026175484,0.9455221,0.028302448
0.06038854,0.9281758,0.011435663
0.0119855385,0.9861979,0.0018166279
0.015585428,0.98325425,0.001160302
0.010253986,0.9883392,0.0014068293
0.013619527,0.9851112,0.00126929
0.016077917,0.98311687,0.0008051764
0.013371425,0.98239636,0.004232231
0.018939532,0.9619724,0.019088076
0.01293916,0.9865783,0.00048248566
0.009130437,0.9894611,0.0014084263
0.022529148,0.9759044,0.0015664226
0.018071195,0.9689886,0.012940151
0.017665375,0.9806426,0.0016919867
0.013069163,0.98008406,0.00684673
0.02203696,0.97009015,0.007872881
0.0122462055,0.9852658,0.0024879675
0.00632938,0.9902294,0.0034412246
0.054836933,0.01947648,0.9256866
0.045964655,0.0052178814,0.94881743
0.13300155,0.0031005258,0.86389786
0.022602879,0.0068666134,0.97053057
0.09376949,0.015701089,0.8905294
0.8799719,0.026186435,0.09384165
0.026073659,0.24354471,0.7303816
0.008883494,0.9874565,0.0036600474
0.047272302,0.031551704,0.92117596
0.03365749,0.7795304,0.18681203
0.59156036,0.005621023,0.40281862
0.09537526,0.019395592,0.8852292
0.014593363,0.0034459769,0.98196065
0.027546855,0.060226645,0.9122265
0.08225937,0.02947405,0.88826656
0.009324557,0.007434185,0.9832413
0.008799509,0.011167158,0.98003334
0.010957312,0.0046215295,0.98442113
0.021958211,0.002408924,0.9756329
0.016296789,0.05486279,0.92884034
0.07471454,0.09754135,0.8277441
0.05733657,0.046206396,0.896457
0.16948996,0.6266642,0.20384583
0.96456116,0.01752907,0.017909748
0.030501775,0.009430572,0.96006763
0.045640312,0.0053117033,0.94904804
0.03118978,0.021001266,0.947809
0.055627562,0.07929468,0.86507773
0.12187705,0.019644892,0.85847807
0.9882476,0.009841009,0.0019114964
0.18547283,0.65180427,0.16272293
0.0079121245,0.009035929,0.9830519
0.123407006,0.22698022,0.64961284
0.0155959865,0.013844291,0.9705597
0.037114345,0.0084942905,0.9543914
0.010440244,0.049758997,0.93980074
0.019153805,0.9549711,0.02587514
0.027355801,0.0035988283,0.96904534
0.010099914,0.021153063,0.968747
0.081055894,0.09166915,0.8272749
0.42054686,0.026789658,0.5526635
0.028225837,0.007391968,0.9643823
0.5359318,0.08142884,0.38263935
0.009397683,0.007361932,0.9832404
0.03988815,0.12048775,0.8396241
0.9831286,0.0068881493,0.009983125
0.022786638,0.01207828,0.9651351
0.019285055,0.0021489824,0.978566
0.00978072,0.021363057,0.9688562
0.044479948,0.048047345,0.9074727
0.019838348,0.009243726,0.9709179
0.050158247,0.032991093,0.9168507
0.12034833,0.21370766,0.66594404
0.7485797,0.035819944,0.2156004
0.019147804,0.014926895,0.9659253
0.043856952,0.07697135,0.8791717
0.14737196,0.29222673,0.56040126
0.14083645,0.115059674,0.74410385
0.013898706,0.011726766,0.9743746
0.0302262,0.0033979155,0.9663758
0.010183377,0.0025151167,0.98730147
0.0066485256,0.0008240736,0.99252737
0.008285562,0.02934619,0.96236825
0.0371187,0.0148806,0.9480006
0.7419382,0.22847104,0.029590819
0.0566728,0.004695346,0.93863183
0.015072623,0.005754542,0.9791728
0.0491017,0.078848355,0.87205
0.0043924097,0.0073991297,0.9882085
0.9672415,0.01465813,0.018100373
0.11528782,0.034921262,0.8497909
0.1071916,0.050092716,0.8427156
0.7551558,0.06486619,0.17997797
0.012982407,0.0067615444,0.9802561
0.045948412,0.014786731,0.93926483
0.18520632,0.07057153,0.74422216
0.02098379,0.006693735,0.9723226
0.9958144,0.0026378578,0.0015476907
0.9951551,0.003888318,0.00095660274
0.985857,0.007519764,0.0066232197
0.89011645,0.08683065,0.023052817
0.7027315,0.05957294,0.23769552
0.9863517,0.011987409,0.0016607916
0.994689,0.0041777543,0.0011332463
0.9155839,0.073594175,0.01082192
0.99394566,0.005225945,0.0008284811
0.98889214,0.0083248215,0.002783025
0.98299766,0.009304057,0.0076982835
0.9921739,0.007299377,0.0005267036
0.9665893,0.023293812,0.01011686
0.9647687,0.021293715,0.01393751
0.7661727,0.085189186,0.14863817
0.97869956,0.0110868085,0.010213647
0.9915581,0.0054422873,0.002999652
0.9879979,0.010763376,0.0012386721
0.99336505,0.0050820136,0.0015529569
0.98590785,0.012087789,0.0020043517
0.81428427,0.13697217,0.048743635
0.97664624,0.020329118,0.0030246058
0.9297806,0.03774478,0.032474544
0.86208653,0.07016869,0.06774469
0.99500704,0.00473553,0.00025742786
0.8840366,0.032358643,0.08360472
0.9944735,0.0045516724,0.00097480207
0.97952616,0.01673886,0.0037349449
0.9937598,0.004486644,0.0017535668
0.98861104,0.00898116,0.0024078225
0.0071000867,0.9918384,0.0010615354
0.0429588,0.94303995,0.014001265
0.009562136,0.98493606,0.005501808
0.008860706,0.97344875,0.017690586
0.009464142,0.9901938,0.0003420486
0.013319152,0.9766466,0.010034206
0.03028903,0.9533713,0.016339706
0.017486284,0.9289669,0.053546876
0.017937984,0.9784248,0.0036372114
0.018128166,0.98014563,0.0017261688
0.06210802,0.8954552,0.042436793
0.0206075,0.977531,0.0018614545
0.016997853,0.98117524,0.0018268958
0.34886056,0.055821147,0.59531826
0.013613028,0.9836802,0.00270687
0.005275332,0.9935882,0.0011364227
0.017749982,0.9805399,0.0017100812
0.02161444,0.97738934,0.0009962204
0.0155234905,0.9831797,0.0012968426
0.29994985,0.6513232,0.04872696
0.01890222,0.97519624,0.0059015607
0.012000771,0.9836016,0.0043976256
0.009583822,0.9823615,0.008054641
0.13274449,0.819924,0.047331505
0.01927516,0.9761555,0.0045693186
0.49968103,0.11776103,0.38255793
0.028362269,0.020408634,0.9512291
0.04459339,0.099905655,0.855501
0.056292206,0.03431007,0.9093978
0.0947899,0.039053954,0.86615616
0.025400613,0.013972862,0.96062654
0.2749772,0.36286542,0.3621574
0.01896267,0.9716501,0.0093872035
0.31852517,0.10131086,0.580164
0.39384878,0.074874304,0.53127694
0.024626313,0.8305815,0.14479223
0.86772025,0.0191798,0.11309993
0.9880365,0.0105762435,0.0013873013
0.96606654,0.0071630497,0.026770359
0.20608275,0.02033533,0.7735819
0.7788939,0.041048717,0.18005732
0.99458414,0.0047150627,0.00070083153
0.9811344,0.006320432,0.0125451535
0.97334033,0.021757372,0.0049023675
0.9926925,0.0063699577,0.0009376085
0.16262276,0.020334756,0.8170424
0.8336462,0.025670445,0.14068343
0.26346573,0.018784914,0.7177494
0.9840607,0.007557549,0.0083818
0.9800121,0.014394725,0.0055931876
0.957591,0.011050842,0.03135819
0.99189395,0.0063524144,0.0017536961
0.9918532,0.006217136,0.0019297444
0.8892711,0.0120214345,0.0987074
0.8152825,0.14119144,0.04352602
0.86640584,0.033251487,0.100342736
0.9963064,0.0028647825,0.00082882843
0.41668442,0.10907079,0.4742448
0.98147625,0.0034008275,0.015122842
0.5941379,0.22288205,0.18298005
0.059750304,0.01738833,0.9228614
0.9978942,0.0017437498,0.00036195776
0.985016,0.011445307,0.0035386726
0.11781436,0.025981674,0.856204
0.97571,0.020428982,0.0038610485
0.9785831,0.005303316,0.016113548
0.82759917,0.0700215,0.10237936
0.9968305,0.0020404584,0.0011290512
0.7308115,0.07224099,0.19694753
0.984097,0.007959304,0.007943774
0.50333416,0.05528569,0.4413802
0.9914551,0.0070009697,0.001543928
0.9349548,0.041787118,0.023258032
0.06748629,0.046156682,0.88635707
0.9859935,0.007310801,0.0066956785
0.10000382,0.015608046,0.884388
0.98604995,0.008228256,0.0057218545
0.64970344,0.082974434,0.26732215
0.9813448,0.008473729,0.01018142
0.20075738,0.043993007,0.7552496
0.0885308,0.8930386,0.018430643
0.9923315,0.005730257,0.0019382316
0.9828851,0.0023066695,0.014808181
0.6667545,0.015900297,0.3173452
0.31944782,0.024447441,0.6561048
0.62503475,0.041956585,0.3330087
0.042487986,0.050851457,0.9066606
0.8273427,0.040532563,0.13212472
0.9785824,0.0152113605,0.0062062577
0.9925029,0.0056866454,0.0018104753
0.059174526,0.034854922,0.9059706
0.09004784,0.04299498,0.8669571
0.065291874,0.023647148,0.9110609
0.9915446,0.008058795,0.00039654935
0.99362284,0.002387168,0.003989953
0.9941689,0.0056573846,0.00017369809
0.99268144,0.0066365832,0.0006819539
0.91509646,0.0061059506,0.07879748
0.9841883,0.014541019,0.0012705801
0.9954379,0.004322049,0.00024005304
0.99437135,0.005383618,0.00024500344
0.8149411,0.06779874,0.11726019
0.9301869,0.024463983,0.04534906
0.113098845,0.81962997,0.06727111
0.7231518,0.038494434,0.23835374
0.98394126,0.0092585785,0.0068002325
0.8513212,0.0052228305,0.14345594
0.2806091,0.038143568,0.68124735
0.46649376,0.052556828,0.48094946
0.9846815,0.010622999,0.004695549
0.0828481,0.03940311,0.8777487
0.292691,0.0629598,0.6443493
0.9702987,0.003385159,0.02631613
0.9742647,0.01539776,0.010337567
0.9739327,0.009745933,0.016321367
0.99028486,0.0074582496,0.0022569364
0.9831214,0.0032600686,0.013618589
0.9188503,0.024438754,0.05671093
0.2964078,0.14630325,0.55728894
0.3894583,0.022459853,0.5880819
0.09526629,0.020947672,0.88378614
0.9975211,0.0011656982,0.001313192
0.8490249,0.018593267,0.13238178
0.9611127,0.014255662,0.024631577
0.9909129,0.0083581405,0.0007289012
0.80194193,0.033172905,0.16488515
0.43471023,0.054823726,0.5104661
0.63475215,0.21075484,0.15449299
0.9950111,0.003902972,0.0010859349
0.9903808,0.007725866,0.0018933049
0.21072812,0.03815224,0.7511196
0.03502403,0.02754442,0.9374315
0.9939857,0.0053084553,0.00070590316
0.59678257,0.28466654,0.11855083
0.8282451,0.04566627,0.1260886
0.9766358,0.007685898,0.015678303
0.97599846,0.007741124,0.016260428
0.9931432,0.005768646,0.0010881387
0.95982856,0.027334807,0.012836615
0.9875299,0.00782494,0.004645188
0.81660956,0.022039944,0.1613505
0.9916053,0.0024869172,0.005907828
0.9968195,0.0004561729,0.0027243395
0.14634174,0.024575867,0.8290824
0.98205596,0.0032060477,0.014738005
0.16306971,0.03583916,0.80109113
0.9955935,0.004280716,0.00012577968
0.994747,0.004624622,0.00062832417
0.99162054,0.007541599,0.0008379211
0.7764631,0.11493293,0.108603984
0.02461341,0.9155293,0.0598573
0.027347008,0.25870216,0.7139509
0.06684658,0.76245475,0.17069873
0.09380116,0.16952054,0.73667836
0.59493446,0.039921425,0.3651441
0.010461238,0.98881274,0.00072593713
0.035065673,0.4534083,0.51152605
0.030165322,0.9578592,0.011975524
0.5838397,0.08382309,0.33233714
0.01778529,0.98057324,0.001641416
0.016014643,0.9754301,0.008555294
0.52306455,0.26938206,0.20755337
0.45269388,0.53340375,0.013902404
0.27214575,0.57248706,0.15536715
0.056789536,0.6608016,0.28240886
0.012009884,0.9577973,0.030192845
0.012688366,0.97409207,0.013219607
0.0070147025,0.9885612,0.004424118
0.018466702,0.9762734,0.005259889
0.048431866,0.49418595,0.45738217
0.0037913013,0.99527776,0.00093091483
0.0037982457,0.9951552,0.0010465267
0.012395382,0.97893435,0.008670288
0.047811147,0.09848607,0.8537028
0.03054857,0.07144496,0.8980065
0.023747185,0.96917814,0.0070747104
0.006517806,0.99220383,0.0012784287
0.010270753,0.9793779,0.010351309
0.1005206,0.63152105,0.26795834
0.22766176,0.7638033,0.008534952
0.019223427,0.9547058,0.026070835
0.012244808,0.9841918,0.0035634423
0.019735336,0.97726166,0.003002959
0.08134204,0.10650526,0.81215274
0.017332617,0.98018986,0.0024775683
0.0687057,0.6938183,0.23747599
0.0056378907,0.9907432,0.0036188297
0.014822299,0.9819025,0.003275161
0.015199621,0.97973895,0.0050614914
0.02407216,0.94296074,0.032967065
0.007915628,0.9883012,0.0037831531
0.038737,0.8501546,0.111108385
0.022470983,0.7658861,0.21164294
0.011781275,0.98177576,0.0064430097
0.012905572,0.9463202,0.040774208
0.019801596,0.722654,0.25754446
0.04534736,0.3780239,0.57662874
0.019321086,0.97561896,0.0050599333
0.041416824,0.6547852,0.303798
0.03668241,0.79665536,0.1666622
0.028566273,0.8930205,0.07841321
0.8255768,0.068717115,0.10570607
0.07467431,0.08561452,0.8397112
0.017024605,0.97984457,0.0031308364
0.008114618,0.9771917,0.014693677
0.010146632,0.90980977,0.08004359
0.04198821,0.73410785,0.22390391
0.012694477,0.98508656,0.002218933
0.006109069,0.991896,0.0019949796
0.8727605,0.04751363,0.07972592
0.020868097,0.93173605,0.047395818
0.0120611945,0.96754193,0.020396918
0.028162677,0.9575373,0.014300052
0.103487164,0.27559704,0.62091583
0.03932113,0.3705269,0.59015197
0.009044621,0.9859213,0.0050340905
0.0071786093,0.9891906,0.0036308442
0.00906472,0.9474783,0.04345704
0.08777585,0.025719445,0.88650465
0.051699482,0.0570587,0.8912417
0.047470547,0.023869693,0.9286597
0.24126466,0.0114031825,0.7473321
0.11293227,0.025695594,0.86137205
0.040206164,0.020256454,0.9395373
0.021796556,0.015410857,0.9627925
0.060331747,0.17053165,0.76913655
0.043952063,0.06675761,0.88929033
0.029348128,0.044186022,0.9264658
0.022575561,0.05426183,0.92316264
0.049455903,0.045206353,0.9053377
0.06965215,0.034989115,0.89535874
0.040996816,0.02955775,0.9294455
0.08943084,0.05916793,0.85140127
0.10922406,0.048278924,0.842497
0.065607876,0.026046086,0.908346
0.053187627,0.06115883,0.8856535
0.96278787,0.01410036,0.023111746
0.05190047,0.03797119,0.9101283
0.19413747,0.028983044,0.7768795
0.04064564,0.29814127,0.6612131
0.069236666,0.03987593,0.8908875
0.050417185,0.032935496,0.9166473
0.08646799,0.050831903,0.86270016
0.035566885,0.045357663,0.9190754
0.052574687,0.0118692815,0.93555605
0.050722532,0.06500194,0.8842755
0.05035817,0.030484177,0.9191577
0.058152333,0.03927106,0.90257657
0.06903892,0.0179923,0.91296875
0.029265674,0.056742564,0.91399175
0.061610073,0.03038029,0.90800965
0.02287714,0.041627917,0.9354949
0.071659654,0.020570973,0.9077694
0.038980834,0.035770822,0.9252484
0.05987163,0.032393083,0.9077352
0.028019724,0.039552752,0.9324276
0.044046335,0.04049821,0.9154555
0.45113617,0.035090704,0.51377314
0.05802986,0.03688602,0.9050842
0.037564382,0.051444802,0.9109909
0.38014308,0.056599867,0.5632571
0.050702184,0.2822423,0.66705555
0.63681257,0.04701743,0.31617
0.03719472,0.018412724,0.9443925
0.07505204,0.049509577,0.8754384
0.019142196,0.065712795,0.9151451
0.055602342,0.037329644,0.9070681
0.019240843,0.014868171,0.9658909
0.10135663,0.060700383,0.8379429
0.033482146,0.03283454,0.9336832
0.03346752,0.03870943,0.92782295
0.027678052,0.028500928,0.9438211
0.027131576,0.03951478,0.9333536
0.04164811,0.023316884,0.93503505
0.048551705,0.05306388,0.89838445
0.042329077,0.39441666,0.56325424
0.039203595,0.00819348,0.9526029
0.056487285,0.021107757,0.92240494
0.028863214,0.06971419,0.9014226
0.036669057,0.044927865,0.918403
0.07130783,0.044579737,0.8841124
0.03970466,0.027935717,0.9323596
0.1424407,0.048605196,0.8089541
0.030236632,0.04642161,0.92334175
0.031557918,0.056038737,0.91240346
0.026491832,0.050518733,0.92298937
0.04730274,0.048756655,0.90394056
0.06395599,0.012593681,0.92345035
0.08259031,0.03810917,0.87930053
0.072459534,0.033961095,0.8935794
0.0430862,0.034790196,0.9221237
0.06267626,0.0172018,0.9201219
0.09817883,0.14368881,0.75813234
0.028168045,0.013176337,0.95865566
0.03202911,0.04284808,0.92512274
0.05227554,0.13853708,0.8091874
0.17488192,0.052560374,0.7725577
0.029279558,0.039169773,0.9315506
0.100879416,0.019103343,0.8800173
0.035142343,0.04335264,0.92150503
0.08699577,0.15372963,0.75927454
0.047560643,0.02654915,0.92589015
0.07589381,0.04616698,0.87793916
0.06453745,0.04018978,0.89527273
0.11444635,0.15673544,0.7288183
0.08365198,0.045525227,0.8708228
0.05375305,0.02366715,0.92257977
0.054976884,0.056006484,0.8890166
0.3716621,0.059281174,0.5690567
0.12697893,0.03402606,0.83899504
0.042852655,0.066501245,0.89064616
0.033725306,0.024891779,0.94138294
0.04749938,0.095204696,0.85729593
0.06605291,0.045842968,0.88810414
0.03751423,0.044679955,0.91780585
0.035334673,0.037211675,0.9274537
0.040331185,0.06649489,0.8931739
0.08704088,0.04242034,0.8705388
0.03251082,0.066188745,0.9013004
0.042485308,0.06670835,0.8908063
0.082161956,0.05202171,0.86581635
0.042549033,0.05918897,0.89826196
0.02053628,0.008160794,0.9713029
0.033769455,0.039135017,0.92709553
0.05497836,0.033118885,0.9119027
0.04490236,0.032723192,0.9223744
0.036513798,0.029111339,0.9343748
0.3164538,0.054884117,0.62866205
0.5963005,0.04549601,0.35820347
0.11039533,0.08810083,0.80150384
0.036494054,0.03599851,0.9275075
0.030088358,0.02100506,0.94890654
0.049998388,0.02031989,0.9296818
0.029101864,0.023043962,0.94785416
0.032588415,0.03345911,0.93395245
0.020533951,0.012059506,0.9674065
0.045054473,0.014871904,0.94007367
0.02498169,0.019098096,0.9559202
0.04414609,0.015648812,0.94020516
0.033367105,0.011297287,0.9553356
0.07474275,0.038399197,0.8868581
0.0621754,0.016997807,0.92082673
0.036632407,0.056571405,0.90679616
0.09499136,0.03785882,0.8671497
0.054879084,0.043710712,0.9014102
0.04460236,0.02020226,0.9351954
0.034166276,0.09323705,0.8725966
0.027666256,0.019656667,0.952677
0.08494845,0.267734,0.6473175
0.02787041,0.013359317,0.9587703
0.056260448,0.025038673,0.9187009
0.04540312,0.015538413,0.9390584
0.039616637,0.021878382,0.938505
0.021114845,0.010943546,0.9679415
0.042907413,0.014260338,0.9428322
0.03305838,0.023214092,0.9437276
0.08766113,0.27480364,0.6375352
0.06773661,0.055555616,0.87670773
0.07502949,0.04163804,0.88333243
0.035945017,0.020581104,0.9434738
0.050926205,0.041080516,0.9079933
0.34393147,0.029858595,0.6262099
0.14885089,0.02294996,0.82819915
0.055465955,0.030811215,0.9137229
0.042695865,0.029144501,0.9281596
0.01925788,0.17181133,0.80893075
0.12338991,0.4969134,0.37969673
0.12336722,0.052698106,0.8239347
0.0386956,0.041030664,0.9202737
0.052429345,0.020957034,0.9266137
0.024649207,0.02196632,0.9533844
0.057114106,0.04422065,0.8986652
0.06332771,0.03997931,0.896693
0.050767574,0.018066417,0.931166
0.07699206,0.02186557,0.90114236
0.021003835,0.029217947,0.9497782
0.0134326955,0.036549527,0.9500178
0.06307408,0.041203726,0.89572215
0.080823034,0.05827153,0.86090547
0.07241809,0.29221085,0.635371
0.034047578,0.026646068,0.93930626
0.075000666,0.019299421,0.9056998
0.042490095,0.050804347,0.9067056
0.08084443,0.024155667,0.8949999
0.030299488,0.05611155,0.913589
0.10289667,0.03556014,0.86154324
0.033195775,0.116091155,0.85071313
0.03551956,0.076603144,0.8878772
0.06109253,0.015371373,0.9235361
0.038048748,0.043708395,0.9182429
0.11822716,0.04981669,0.83195615
0.025197856,0.018113919,0.9566882
0.043858666,0.81134784,0.14479345
0.026876053,0.016412966,0.95671093
0.0066249855,0.004361777,0.9890132
0.019634752,0.026889993,0.9534753
0.031431533,0.040083934,0.92848456
0.07171162,0.027809769,0.90047854
0.14087942,0.023497375,0.8356232
0.05934957,0.020390835,0.9202596
0.63166076,0.01950302,0.34883618
0.036606766,0.0100273,0.95336586
0.02852367,0.015767658,0.9557086
0.12754005,0.011036024,0.8614239
0.114972815,0.04415316,0.840874
0.075072564,0.06408768,0.8608398
0.04767994,0.042949222,0.9093708
0.056473963,0.025830427,0.9176955
0.49743167,0.03008351,0.47248477
0.039670043,0.060964014,0.899366
0.056206703,0.041081566,0.9027117
0.050948024,0.02184837,0.92720354
0.91052425,0.019092096,0.07038371
0.050036732,0.026808899,0.9231543
0.044244006,0.04779248,0.9079636
0.06579024,0.01798605,0.9162237
0.049737774,0.01817285,0.9320894
0.13952449,0.016566468,0.8439091
0.036805734,0.05210755,0.9110866
0.026857598,0.042876426,0.930266
0.048091363,0.03826696,0.91364175
0.0953464,0.04733837,0.8573152
0.10092507,0.06020629,0.8388687
0.019609448,0.03831852,0.94207203
0.054498263,0.04772028,0.8977815
0.78929913,0.023225864,0.18747498
0.04742743,0.022034276,0.93053836
0.05058638,0.026090544,0.9233231
0.1390932,0.041499097,0.81940776
0.15857835,0.13210957,0.7093121
0.033221208,0.03036664,0.9364121
0.046032414,0.008841383,0.9451262
0.023758864,0.054597437,0.9216438
0.054214124,0.022533694,0.92325217
0.030958727,0.017163947,0.9518773
0.5615438,0.027637597,0.41081858
0.03675961,0.048841454,0.9143989
0.023204712,0.048980664,0.92781454
0.27785963,0.078144625,0.64399576
0.08803909,0.020188734,0.89177215
0.030281842,0.106939904,0.86277825
0.034449358,0.04978204,0.9157686
0.038342036,0.044434126,0.9172238
0.030229624,0.031189216,0.9385811
0.04440361,0.033615943,0.9219804
0.062972076,0.03574052,0.9012874
0.038301826,0.056111086,0.9055871
0.018086135,0.6064716,0.37544227
0.04677253,0.04445666,0.9087708
0.061845273,0.052129824,0.8860249
0.04465121,0.017298834,0.9380499
0.030222831,0.017560093,0.952217
0.6694308,0.11783028,0.21273887
0.041147005,0.059985578,0.89886737
0.035650533,0.0073497216,0.9569997
0.3216851,0.035593286,0.64272165
0.038677696,0.7562769,0.20504548
0.11687235,0.053039838,0.83008784
0.042480808,0.07632418,0.881195
0.04329535,0.015512995,0.9411917
0.021387441,0.0638511,0.91476136
0.032341357,0.04259503,0.9250636
0.05392257,0.05864683,0.88743067
0.10227145,0.0069826352,0.89074594
0.039927308,0.02248485,0.93758786
0.024534717,0.021864291,0.953601
0.049790725,0.027097197,0.92311203
0.05420949,0.094492465,0.85129803
0.094090015,0.022315627,0.88359433
0.38343102,0.058629036,0.55793995
0.02865279,0.03538147,0.9359658
0.026893198,0.021378404,0.95172834
0.019363109,0.044932734,0.9357041
0.042283982,0.028582845,0.9291331
0.03788011,0.043472193,0.91864777
0.06399197,0.030793767,0.90521425
0.034780513,0.02241217,0.94280726
0.026516907,0.021223865,0.9522591
0.042762686,0.032153126,0.9250841
0.041003946,0.3444132,0.61458284
0.8558713,0.025320446,0.118808225
0.03687913,0.047539078,0.9155819
0.07858327,0.4386234,0.48279324
0.04225167,0.0517173,0.906031
0.033228416,0.018189898,0.94858176
0.024043115,0.023031894,0.95292497
0.067984164,0.08746405,0.84455174
0.02557036,0.028862048,0.94556755
0.084898286,0.014753109,0.9003486
0.022284148,0.03937817,0.93833774
0.057661396,0.06426315,0.87807536
0.03008118,0.019383974,0.9505349
0.14123933,0.02304543,0.8357152
0.042517483,0.06860949,0.88887304
0.08728446,0.07808861,0.834627
0.06659987,0.08435471,0.84904546
0.33298665,0.019775284,0.6472381
0.2875936,0.026535721,0.68587065
0.04007975,0.034248568,0.9256717
0.043106057,0.047760677,0.90913326
0.04336898,0.026640689,0.9299903
0.045137975,0.072696015,0.88216597
0.03613976,0.032713383,0.93114686
0.038922958,0.03358647,0.9274906
0.051356923,0.03207563,0.9165674
0.04193689,0.023871595,0.93419147
0.04975436,0.050934255,0.8993114
0.043486238,0.04025749,0.91625625
0.056133207,0.03526475,0.9086021
0.0420839,0.042166177,0.9157499
0.16258055,0.039900485,0.797519
0.2978268,0.09248796,0.60968524
0.06903709,0.035676338,0.8952866
0.04795887,0.037350405,0.9146907
0.05245674,0.044129886,0.9034134
0.0260373,0.04529701,0.92866576
0.048417363,0.04157565,0.91000694
0.061025262,0.043527693,0.8954471
0.034436006,0.013684326,0.9518797
0.04800578,0.1142637,0.83773047
0.3118849,0.054542586,0.63357246
0.93787175,0.019069789,0.043058455
0.04479292,0.026051044,0.929156
0.033431504,0.030648531,0.93592
0.047250163,0.0546508,0.89809895
0.04402311,0.043680523,0.9122963
0.038102165,0.21723805,0.7446597
0.0475862,0.059337772,0.89307606
0.02851945,0.027967835,0.9435127
0.05339515,0.04261192,0.90399283
0.039894424,0.028762955,0.93134266
0.018677445,0.047369603,0.93395287
0.059521034,0.042454768,0.89802414
0.058347132,0.05616671,0.88548607
0.046996,0.038999118,0.91400486
0.07537216,0.042445432,0.8821825
0.1306478,0.07429562,0.7950566
0.043419372,0.056795686,0.89978486
0.19663604,0.018787844,0.7845761
0.06630569,0.04306175,0.89063257
0.03717045,0.05165648,0.91117316
0.025754169,0.015348509,0.9588973
0.33287993,0.025065906,0.6420542
0.043984994,0.13574818,0.82026684
0.03319246,0.034853406,0.93195415
0.33592302,0.1712379,0.49283907
0.039927945,0.03067367,0.9293983
0.049326815,0.029889025,0.9207842
0.0382447,0.023332898,0.93842244
0.029232757,0.020507647,0.9502596
0.059854515,0.035324372,0.9048211
0.03680836,0.07053546,0.8926562
0.042754885,0.041318227,0.9159269
0.056677647,0.044530258,0.8987921
0.043575022,0.033803955,0.92262095
0.044904675,0.08219004,0.8729053
0.023306806,0.018027699,0.9586655
0.028526956,0.09735738,0.87411565
0.117292784,0.09781057,0.78489673
0.088668264,0.08754971,0.823782
0.058293503,0.1326556,0.80905086
0.04131122,0.0110754175,0.9476135
0.03516831,0.03632012,0.92851156
0.0530855,0.04772515,0.8991893
0.056291636,0.051908948,0.89179945
0.06523469,0.049919583,0.8848457
0.10412387,0.28665417,0.609222
0.7740959,0.03406126,0.1918428
0.039432608,0.02550938,0.93505806
0.051388692,0.0785883,0.870023
0.038336657,0.06054809,0.90111524
0.06828203,0.04665534,0.88506263
0.04288977,0.029276863,0.9278333
0.04596678,0.04596678,0.90806633
0.9248956,0.025918936,0.0491855
0.02475551,0.047207646,0.92803687
0.019237114,0.016943568,0.9638194
0.022534095,0.09561618,0.88184977
0.018159691,0.026473854,0.9553665
0.05363968,0.023025125,0.92333513
0.062154487,0.041282695,0.89656276
0.031270634,0.035021447,0.93370795
0.022026693,0.024765277,0.953208
0.02716492,0.03742126,0.9354137
0.0455333,0.014553317,0.93991333
0.07420439,0.08400252,0.8417931
0.04024988,0.069681525,0.8900686
0.061224733,0.057347067,0.8814281
0.029263256,0.023194399,0.94754237
0.016768886,0.010534772,0.9726963
0.051476527,0.029821437,0.91870195
0.03773914,0.02715595,0.9351049
0.03367732,0.026279202,0.9400435
0.10021783,0.06271471,0.8370675
0.09414471,0.042227652,0.86362755
0.04028853,0.02921779,0.93049365
0.037453633,0.018980576,0.94356585
0.049849004,0.1265502,0.82360077
0.019856924,0.02151243,0.9586307
0.091501705,0.044161,0.8643373
0.06900269,0.024724098,0.9062732
0.089717515,0.03118775,0.87909466
0.039056566,0.030269125,0.9306743
0.7741367,0.05729612,0.1685672
0.021967152,0.047607284,0.9304256
0.1773983,0.021322122,0.8012796
0.050826095,0.12727864,0.8218953
0.112925634,0.028691826,0.8583826
0.031238902,0.060273394,0.90848774
0.096593745,0.021198118,0.88220817
0.16206865,0.026847385,0.8110839
0.053601995,0.037129015,0.909269
0.07780435,0.15122187,0.7709738
0.2988512,0.17279297,0.52835584
0.07177431,0.044391945,0.8838337
0.10576964,0.13835436,0.75587595
0.05430337,0.055917818,0.88977885
0.0713881,0.1134114,0.81520045
0.06588356,0.049586035,0.8845304
0.028248478,0.019701367,0.95205015
0.029021472,0.015534074,0.9554444
0.023335751,0.01680811,0.95985615
0.0682472,0.08970925,0.8420436
0.064687796,0.06343662,0.8718756
0.06661174,0.7395081,0.19388014
0.040992044,0.04139432,0.9176136
0.049613427,0.045706037,0.90468055
0.05876658,0.06492175,0.87631166
0.029273452,0.04481139,0.9259152
0.05469558,0.10298623,0.8423182
0.7301635,0.10820008,0.16163638
0.03626541,0.028437262,0.93529725
0.031706765,0.060051467,0.90824175
0.28917786,0.031201916,0.6796202
0.0811507,0.028320152,0.8905291
0.026775101,0.031211693,0.9420132
0.12849289,0.26519966,0.60630745
0.1802398,0.36196727,0.45779294
0.039014123,0.047521837,0.91346407
0.05571176,0.024721943,0.91956633
0.057331514,0.026376756,0.9162918
0.58508986,0.06224849,0.35266173
0.05708858,0.02424375,0.9186677
0.052244503,0.18040287,0.7673526
0.13596015,0.016413499,0.8476264
0.046849303,0.026746117,0.92640465
0.032992415,0.027918385,0.9390891
0.08501628,0.025626425,0.88935727
0.03938537,0.017511323,0.94310325
0.1810918,0.0175494,0.8013588
0.020931454,0.012008191,0.9670603
0.041232817,0.031245979,0.9275212
0.039462104,0.014674084,0.94586384
0.17655832,0.02673453,0.79670715
0.08847344,0.04207856,0.86944807
0.041568216,0.0423467,0.9160851
0.27844676,0.035245307,0.68630797
0.038529154,0.044260252,0.9172106
0.044933744,0.039230194,0.9158361
0.16694956,0.03385168,0.7991988
0.10091738,0.047068637,0.852014
0.18519877,0.03126881,0.78353244
0.11698788,0.08159098,0.8014212
0.08294349,0.40548083,0.51157564
0.056334212,0.023760414,0.91990536
0.070415296,0.030582445,0.89900225
0.043990217,0.048835598,0.90717417
0.8605163,0.004059611,0.13542412
0.036644537,0.0437722,0.9195833
0.69115096,0.03719741,0.27165163
0.041966215,0.030464198,0.9275697
0.022842156,0.043093555,0.93406427
0.037827045,0.026718816,0.93545413
0.018814601,0.031141443,0.950044
0.031068789,0.017394004,0.9515372
0.1746439,0.04246527,0.78289074
0.047621038,0.13264664,0.81973225
0.1669144,0.07899892,0.7540866
0.028825687,0.10878702,0.86238736
0.08270973,0.29180318,0.6254871
0.03357241,0.08522929,0.88119835
0.038326316,0.021248642,0.9404251
0.94486696,0.018100979,0.037032146
0.044960357,0.026046481,0.9289932
0.087618075,0.028334524,0.88404745
0.019976573,0.006152299,0.97387105
0.10353174,0.031299096,0.8651692
0.55192083,0.07488152,0.37319767
0.050484702,0.1457973,0.803718
0.03417159,0.052105453,0.91372293
0.041341793,0.011269154,0.94738907
0.03432663,0.026037933,0.9396354
0.04929029,0.01016666,0.9405431
0.45925757,0.05555128,0.4851911
0.42946488,0.016751422,0.5537837
0.021845518,0.017899575,0.96025497
0.034295708,0.018628052,0.9470762
0.065485194,0.043665163,0.89084965
0.029243734,0.060121555,0.91063476
0.045261517,0.039400768,0.91533774
0.027485415,0.03251249,0.9400021
0.027105717,0.021109955,0.9517843
0.04192489,0.027791962,0.9302832
0.07650697,0.053881973,0.869611
0.061015338,0.030028319,0.9089564
0.023457091,0.039552692,0.9369902
0.032427378,0.03368623,0.93388635
0.07452637,0.018442702,0.9070309
0.06867028,0.058450703,0.8728791
0.02884203,0.14618611,0.8249719
0.03592185,0.026720934,0.93735725
0.035470456,0.055966582,0.90856296
0.4974563,0.042078506,0.46046516
0.07851229,0.0065814247,0.91490626
0.104888424,0.45695132,0.43816024
0.019907061,0.03116565,0.94892734
0.13957866,0.06384139,0.79657996
0.04243889,0.028659562,0.92890155
0.043466385,0.01622635,0.94030726
0.058222506,0.042513385,0.8992641
0.04027928,0.046542622,0.91317815
0.0430561,0.061195057,0.8957489
0.06709003,0.029539337,0.9033707
0.05820327,0.040632434,0.90116435
0.27361465,0.063576765,0.6628086
0.078117386,0.022622723,0.89925987
0.98325783,0.009906738,0.006835444
0.03944365,0.017900597,0.9426558
0.0358495,0.041383594,0.92276686
0.03475578,0.034083538,0.9311606
0.033261772,0.1017555,0.8649828
0.029461822,0.04862179,0.9219164
0.026840484,0.023296654,0.94986284
0.052819896,0.050302748,0.89687735
0.018353185,0.012321747,0.96932507
0.044688985,0.035524935,0.91978604
0.029879045,0.052337036,0.917784
0.059589792,0.051823094,0.8885871
0.052485168,0.058494277,0.88902056
0.040425446,0.051102553,0.908472
0.033894468,0.04641882,0.91968673
0.31377935,0.029848987,0.65637165
0.018051516,0.022953354,0.95899504
0.054795485,0.04428815,0.9009164
0.22428246,0.075566694,0.7001509
0.12530579,0.017547943,0.8571463
0.021546967,0.019220496,0.9592325
0.075555824,0.06648272,0.85796154
0.053574324,0.090600565,0.85582507
0.026210938,0.060586214,0.9132028
0.072845004,0.023101473,0.90405357
0.07663729,0.014025002,0.90933776
0.9872666,0.010797505,0.0019358862
0.03910999,0.017035907,0.9438542
0.032250565,0.10159523,0.8661542
0.04666727,0.055418752,0.897914
0.062291678,0.061266076,0.8764423
0.053327262,0.05260314,0.8940696
0.16491824,0.035910726,0.79917103
0.024897408,0.030744195,0.94435847
0.058084477,0.087536395,0.85437906
0.042338885,0.11264278,0.84501827
0.03345204,0.06504972,0.90149826
0.07173005,0.030194972,0.8980749
0.068385616,0.021081688,0.91053265
0.04038537,0.020486308,0.9391282
0.74461603,0.019645708,0.23573828
0.045901187,0.04644226,0.90765655
0.026532976,0.03906032,0.9344067
0.040158104,0.058258764,0.9015832
0.056067623,0.027485756,0.9164466
0.059128936,0.032942366,0.90792865
0.04860073,0.056488052,0.89491117
0.030140316,0.029470885,0.94038886
0.07134655,0.07127691,0.8573765
0.06521236,0.050244793,0.8845428
0.044161506,0.060126297,0.8957122
0.011940806,0.009372447,0.97868675
0.051597714,0.02753747,0.9208648
0.03392978,0.028183768,0.93788654
0.02794896,0.07235263,0.8996985
0.060774364,0.033859078,0.9053666
0.06424646,0.026939295,0.90881425
0.16701202,0.0054892004,0.82749873
0.03345023,0.08812962,0.8784202
0.053043135,0.023127614,0.92382926
0.68222123,0.04891578,0.26886293
0.053661995,0.019003421,0.92733455
0.043500826,0.019115781,0.9373835
0.06428774,0.062006306,0.8737059
0.050307274,0.038609613,0.9110831
0.04545257,0.020870758,0.9336767
0.39979538,0.017866377,0.5823382
0.029610889,0.04471243,0.9256767
0.14581493,0.12755519,0.7266299
0.085877396,0.045520153,0.86860245
0.024975823,0.013712376,0.9613118
0.10944329,0.024659745,0.86589694
0.06219386,0.027437123,0.91036904
0.050287727,0.015563204,0.934149
0.020955482,0.037908442,0.9411361
0.05635381,0.05086173,0.8927844
0.04305298,0.02558289,0.93136406
0.09829784,0.087855846,0.81384635
0.016614899,0.0053993384,0.97798586
0.024307834,0.022569062,0.9531231
0.0368618,0.020778807,0.9423594
0.021559263,0.014904524,0.9635362
0.0932692,0.048624266,0.8581065
0.25599176,0.06227568,0.68173254
0.037923995,0.025139775,0.9369363
0.038813747,0.03900373,0.92218256
0.059965286,0.03353908,0.90649563
0.26535445,0.19150129,0.5431443
0.03434666,0.015315839,0.95033747
0.03750794,0.032207806,0.9302842
0.053902138,0.050735366,0.89536256
0.013946402,0.0054668253,0.98058677
0.0186607,0.029819712,0.95151955
0.11587256,0.044498693,0.8396287
0.032702778,0.010648189,0.95664907
0.057781264,0.03924978,0.9029689
0.117673725,0.055476673,0.8268496
0.02848761,0.06072194,0.9107905
0.028326621,0.024419073,0.94725436
0.17623916,0.055591673,0.7681691
0.030777583,0.03940359,0.92981887
0.040254388,0.04534771,0.91439795
0.048795614,0.021463448,0.929741
0.01603363,0.03835016,0.94561625
0.12455357,0.050867703,0.82457876
0.029058853,0.01985516,0.951086
0.05193545,0.12205768,0.8260069
0.13028176,0.12492422,0.7447941
0.040084474,0.023221781,0.93669367
0.065759115,0.032648634,0.90159225
0.026740266,0.037968483,0.9352912
0.056267887,0.046194382,0.8975377
0.03641495,0.01428818,0.9492969
0.04078733,0.04350277,0.9157099
0.029069096,0.032428924,0.938502
0.0634121,0.042200338,0.8943875
0.031514082,0.06796475,0.9005211
0.22778575,0.013664576,0.75854975
0.039840672,0.042701084,0.91745824
0.08467986,0.017287964,0.8980321
0.046191804,0.03234169,0.92146647
0.03620047,0.021935264,0.9418643
0.055806763,0.027545536,0.91664773
0.050174262,0.041151486,0.90867424
0.041434664,0.19709545,0.7614699
0.050228927,0.04143841,0.90833265
0.02041391,0.121677324,0.85790867
0.046894714,0.03571048,0.91739476
0.04396764,0.040425852,0.9156065
0.07159159,0.049832784,0.87857556
0.022626271,0.01434006,0.96303356
0.049423955,0.036944598,0.9136315
0.03977402,0.026237724,0.9339883
0.028479736,0.034826014,0.9366942
0.22138314,0.3149563,0.4636605
0.07800457,0.04953432,0.8724612
0.06435923,0.0441471,0.8914937
0.023476368,0.014648159,0.96187544
0.100730255,0.0064979023,0.8927718
0.0856191,0.02481944,0.88956153
0.12493029,0.048400674,0.826669
0.22725515,0.043798037,0.7289468
0.014929076,0.12162797,0.863443
0.05531654,0.16922617,0.77545726
0.07493953,0.0271413,0.8979191
0.04261763,0.05986618,0.89751625
0.07426218,0.03767101,0.8880669
0.027821,0.046364464,0.9258145
0.034658864,0.030407647,0.9349334
0.0187272,0.035642248,0.9456306
0.030082002,0.015636846,0.9542811
0.08610477,0.02798144,0.8859137
0.08195532,0.028295351,0.8897493
0.04721337,0.03902676,0.9137599
0.01858684,0.9683357,0.013077476
0.034118116,0.018173158,0.9477087
0.069153145,0.04190257,0.88894427
0.05528966,0.040096816,0.90461355
0.02217547,0.009706685,0.9681179
0.07237127,0.04467381,0.88295496
0.11988723,0.024025835,0.8560869
0.039603863,0.027674966,0.9327212
0.06253178,0.047711246,0.8897569
0.04130087,0.044050504,0.9146486
0.050560195,0.050609592,0.8988303
0.039489914,0.036808643,0.92370147
0.051045153,0.07456095,0.8743939
0.07487924,0.021769833,0.90335095
0.038938675,0.030473908,0.93058753
0.018771589,0.02218323,0.9590452
0.077454016,0.05454895,0.86799705
0.041394766,0.009075481,0.9495298
0.06278364,0.0110064745,0.92620987
0.024839975,0.028368142,0.9467918
0.04069807,0.026664395,0.9326375
0.044709433,0.026053324,0.9292373
0.018767392,0.012046347,0.9691862
0.025014624,0.019672591,0.9553127
0.085638516,0.037964772,0.8763967
0.03160522,0.032040287,0.9363545
0.030430205,0.011754827,0.9578149
0.03515919,0.014556681,0.95028406
0.037464883,0.044144426,0.9183907
0.054108012,0.04403248,0.9018596
0.035119236,0.051148113,0.9137327
0.06528755,0.020146292,0.9145662
0.048325885,0.029083032,0.9225911
0.024230322,0.071845554,0.9039241
0.028715523,0.029598134,0.94168633
0.039965138,0.038811274,0.92122364
0.29927158,0.22990808,0.4708203
0.04429102,0.9313921,0.024316924
0.045173723,0.034098916,0.9207274
0.042154707,0.08213288,0.87571234
0.04317411,0.03462368,0.92220217
0.04628099,0.4189939,0.5347251
0.06386425,0.051066406,0.8850693
0.079467684,0.070335746,0.85019666
0.08631653,0.5352469,0.3784366
0.04562055,0.04785664,0.90652275
0.07780761,0.045964625,0.8762277
0.07675526,0.027501894,0.8957428
0.03279578,0.04548799,0.92171615
0.026058935,0.01780539,0.95613563
0.030443426,0.048934348,0.9206223
0.047431044,0.0336994,0.91886955
0.43694198,0.042209364,0.5208487
0.0405945,0.24649546,0.71291006
0.035043214,0.039747957,0.9252088
0.023076767,0.06541938,0.9115039
0.062376186,0.06724743,0.87037635
0.9456883,0.016479354,0.037832294
0.08728494,0.04568258,0.8670324
0.031598024,0.0359103,0.93249166
0.10274617,0.28093433,0.6163195
0.04855462,0.15430628,0.79713917
0.042814188,0.032794733,0.92439103
0.05820513,0.15652743,0.7852674
0.046374094,0.056985427,0.8966405
0.18372369,0.02326678,0.79300946
0.049737763,0.10406812,0.84619415
0.17605338,0.06682233,0.7571243
0.05774161,0.06937814,0.8728803
0.12840855,0.1003961,0.7711953
0.09571706,0.07781742,0.82646555
0.053594403,0.038152866,0.9082528
0.0554243,0.037759196,0.9068164
0.07945766,0.2596427,0.6608997
0.06325589,0.12360738,0.81313676
0.20186077,0.06138396,0.7367554
0.95991063,0.010386148,0.029703185
0.041487996,0.037923098,0.92058885
0.044430286,0.05967083,0.89589894
0.081170954,0.04913661,0.8696923
0.053855814,0.032569643,0.9135746
0.062991284,0.033683892,0.90332484
0.01517006,0.01649914,0.9683308
0.014530401,0.006790339,0.97867936
0.027776025,0.0305955,0.94162846
0.037468065,0.050320417,0.9122115
0.025077483,0.019077944,0.95584464
0.07924281,0.07089419,0.84986305
0.07222092,0.036707167,0.8910719
0.029558206,0.8921086,0.07833313
0.053343333,0.06403092,0.8826258
0.061065458,0.028342662,0.91059184
0.051116537,0.033035565,0.9158479
0.09431148,0.08877064,0.81691784
0.07984075,0.08941739,0.8307419
0.05666521,0.061689965,0.88164485
0.615418,0.0819665,0.30261546
0.081467934,0.04650978,0.8720222
0.069434226,0.04061945,0.8899463
0.051801685,0.02729757,0.9209008
0.093050085,0.023252651,0.8836972
0.06312303,0.036071945,0.900805
0.062727705,0.025344284,0.91192806
0.055673324,0.016376842,0.92794985
0.028736038,0.044420402,0.9268436
0.029541293,0.013913496,0.95654523
0.037590276,0.031902455,0.9305072
0.04432038,0.09832905,0.8573505
0.05044797,0.043915644,0.90563637
0.027465241,0.01936199,0.9531728
0.045115765,0.050477944,0.9044063
0.060827676,0.047931053,0.89124125
0.02726412,0.47152606,0.5012098
0.20335965,0.0369984,0.75964195
0.057349652,0.06633214,0.8763182
0.09349041,0.05013964,0.85637
0.04073141,0.03584019,0.9234285
0.06813417,0.06326043,0.86860543
0.0632218,0.058470607,0.8783075
0.046327185,0.041164033,0.9125087
0.029712794,0.08741608,0.88287115
0.052310895,0.03393977,0.91374934
0.100879356,0.033592943,0.8655277
0.056522407,0.053253677,0.890224
0.035933044,0.008857518,0.9552095
0.0150640765,0.1255156,0.85942036
0.03219327,0.03430304,0.9335037
0.04434462,0.04117259,0.9144828
0.09237223,0.0750248,0.832603
0.05149492,0.021361714,0.9271433
0.04275985,0.113762744,0.8434774
0.06405635,0.031586573,0.9043571
0.027499903,0.078569785,0.8939303
0.028558902,0.022925327,0.9485158
0.052429207,0.037105333,0.91046554
0.046243202,0.09808824,0.8556686
0.049489893,0.039226264,0.9112838
0.034342937,0.031979885,0.93367714
0.06883746,0.057012554,0.87415
0.10607286,0.05551567,0.8384115
0.055864017,0.025651451,0.91848457
0.06394386,0.03240518,0.90365094
0.0540928,0.05393455,0.8919726
0.039580762,0.01817456,0.94224477
0.046876654,0.04588028,0.9072431
0.92217606,0.03944395,0.03838002
0.021529952,0.0134205725,0.9650495
0.038500752,0.025974704,0.93552464
0.01523549,0.015102172,0.9696623
0.028098065,0.06740375,0.9044982
0.047111716,0.06395539,0.8889329
0.041088838,0.04361089,0.91530025
0.04569099,0.03388841,0.92042065
0.05655867,0.030630535,0.9128107
0.049238764,0.030722693,0.9200386
0.047100537,0.036861483,0.9160379
0.038355604,0.06884527,0.8927991
0.044056445,0.022217968,0.93372554
0.052565675,0.054873582,0.8925607
0.047554024,0.0525348,0.8999112
0.043723214,0.04398016,0.9122966
0.08736798,0.048580144,0.8640519
0.032298032,0.023815077,0.94388694
0.034639414,0.026378024,0.93898255
0.046185493,0.8740132,0.07980138
0.059209876,0.0719809,0.86880916
0.028686749,0.06881593,0.90249735
0.057478335,0.058212698,0.884309
0.05311238,0.025458723,0.9214289
0.021768043,0.038055163,0.9401768
0.21646768,0.030196156,0.75333613
0.016903287,0.92198735,0.061109316
0.06487094,0.024622234,0.9105068
0.084388755,0.027197087,0.88841414
0.055193797,0.068689786,0.8761164
0.052645944,0.039353054,0.908001
0.05643449,0.07616371,0.8674018
0.025831131,0.012406021,0.96176285
0.08906857,0.022718864,0.8882126
0.18480192,0.024514508,0.79068357
0.03814046,0.02049502,0.94136447
0.03841599,0.033572532,0.92801154
0.04648085,0.027191585,0.9263275
0.054149833,0.026390523,0.91945964
0.05555561,0.052189663,0.89225477
0.06964636,0.033318933,0.89703465
0.049694743,0.034355376,0.9159499
0.046606064,0.39482766,0.5585662
0.036748804,0.05357373,0.90967745
0.16318847,0.12138986,0.7154217
0.025468934,0.01881633,0.9557147
0.46015093,0.060432393,0.4794167
0.031762216,0.021702293,0.9465356
0.021036474,0.07657342,0.90239006
0.16474266,0.059607595,0.77564967
0.03397823,0.03592323,0.9300984
0.021441279,0.056105405,0.92245334
0.27099028,0.043276522,0.6857332
0.022605522,0.011478318,0.96591616
0.09955993,0.05824318,0.8421968
0.027673954,0.01845284,0.9538732
0.015807195,0.05193112,0.93226165
0.023349252,0.013421448,0.9632293
0.04236343,0.01302145,0.9446152
0.063024,0.026093328,0.91088265
0.06558979,0.032501027,0.90190923
0.058337633,0.05458948,0.88707286
0.08196239,0.0057743657,0.91226315
0.017949998,0.021907058,0.96014297
0.03500606,0.36943194,0.59556204
0.18446898,0.10049012,0.71504086
0.06196063,0.019496774,0.9185425
0.43063316,0.02394375,0.5454231
0.014271939,0.027269159,0.95845884
0.032274712,0.048167024,0.9195583
0.063848585,0.036486566,0.8996648
0.00825645,0.024290767,0.96745276
0.031358942,0.01569146,0.9529495
0.013633533,0.036165964,0.95020056
0.05733571,0.047532972,0.89513135
0.19524005,0.007280265,0.79747975
0.048707414,0.02775265,0.92354
0.081456624,0.05300483,0.86553854
0.08244775,0.3205618,0.59699047
0.033380527,0.04030394,0.92631555
0.03349568,0.030617526,0.9358868
0.058289394,0.9011767,0.040533908
0.061893415,0.08369436,0.8544122
0.02859045,0.03656774,0.9348419
0.069797054,0.01617841,0.91402453
0.032026682,0.15519686,0.81277645
0.03259238,0.016777119,0.9506304
0.0365295,0.01211694,0.9513535
0.05979388,0.07685187,0.86335427
0.027964715,0.02862788,0.9434074
0.043395862,0.04403622,0.9125679
0.055283636,0.047240444,0.89747596
0.08310459,0.04370759,0.87318784
0.053926274,0.116413556,0.8296602
0.06189947,0.031155415,0.90694505
0.06762491,0.057112973,0.8752621
0.05416243,0.020759484,0.9250781
0.050652016,0.013928866,0.9354191
0.026366413,0.07629375,0.8973399
0.026541218,0.06486146,0.90859735
0.050973773,0.0437281,0.9052982
0.03818907,0.032953203,0.92885774
0.02636951,0.03586729,0.9377632
0.06195975,0.029324932,0.9087153
0.020797137,0.026756259,0.95244664
0.047488976,0.039678525,0.91283244
0.0767254,0.03571549,0.88755906
0.69095325,0.057329442,0.2517173
0.04116556,0.03372985,0.9251045
0.04155608,0.031831045,0.9266129
0.046734463,0.029131666,0.92413384
0.045686454,0.047367424,0.9069462
0.028243748,0.022650208,0.9491061
0.09716516,0.04982134,0.8530136
0.06505287,0.018313203,0.9166339
0.032330807,0.036564123,0.9311051
0.038508583,0.03938331,0.92210805
0.047265407,0.0217456,0.93098897
0.05137134,0.03180388,0.91682476
0.20284125,0.022241825,0.7749168
0.042738087,0.010784796,0.9464771
0.05629316,0.045766007,0.8979408
0.027175324,0.023244286,0.94958043
0.2567011,0.045001753,0.69829714
0.044506136,0.04036531,0.9151285
0.15369922,0.10258591,0.7437148
0.061507132,0.03376902,0.90472376
0.040401112,0.05300264,0.90659624
0.033952314,0.046588942,0.9194587
0.08393223,0.042327598,0.87374014
0.29447305,0.0993127,0.6062142
0.015677406,0.9156219,0.068700716
0.032194566,0.013058694,0.95474684
0.03971709,0.012018764,0.94826424
0.06286287,0.031241175,0.90589595
0.022926439,0.046858594,0.930215
0.03222042,0.0113325445,0.95644706
0.048165295,0.03946523,0.9123694
0.0492861,0.033381224,0.91733265
0.077182695,0.053202484,0.86961484
0.046799645,0.04034381,0.9128565
0.050236583,0.025633289,0.9241301
0.027000211,0.029538322,0.94346154
0.016547468,0.022661926,0.9607906
0.020380018,0.028796619,0.95082337
0.033072907,0.016308447,0.95061857
0.1063811,0.033671018,0.85994786
0.060861,0.051753044,0.887386
0.04475997,0.035790462,0.91944957
0.026787585,0.018719021,0.9544934
0.02607459,0.23138122,0.7425441
0.05440766,0.046673875,0.8989185
0.03967722,0.021299997,0.9390228
0.13419513,0.03325734,0.8325475
0.025243694,0.038529646,0.93622667
0.06164666,0.040389404,0.897964
0.44532964,0.044556897,0.5101135
0.09660411,0.021523736,0.88187206
0.029889014,0.054706536,0.91540444
0.045416623,0.031613156,0.9229702
0.07125772,0.06866185,0.86008036
0.95702267,0.009746546,0.033230744
0.038094867,0.04523877,0.9166663
0.05338804,0.03386929,0.9127427
0.03932644,0.03538997,0.9252836
0.04865218,0.042269748,0.90907806
0.04799825,0.28567532,0.6663264
0.05121948,0.012988308,0.9357921
0.046891678,0.023145156,0.9299632
0.035858512,0.035718713,0.92842275
0.038507815,0.07947724,0.8820149
0.56409395,0.03002572,0.4058803
0.044380773,0.03231151,0.9233077
0.044765875,0.023914693,0.9313195
0.016496463,0.21910954,0.76439404
0.03671169,0.026597828,0.93669057
0.13640872,0.0552758,0.8083155
0.15214582,0.19689131,0.6509629
0.09454603,0.1146025,0.79085153
0.042371806,0.06659514,0.8910331
0.036253378,0.01217899,0.9515676
0.037586667,0.02469813,0.93771523
0.03205941,0.22297147,0.74496907
0.043313153,0.017862689,0.9388242
0.05486414,0.036015935,0.90911996
0.053005442,0.14060864,0.80638593
0.044563375,0.036442675,0.91899395
0.0896296,0.03127913,0.87909126
0.029070966,0.0063487343,0.96458024
0.052147888,0.04227191,0.9055802
0.10213567,0.058823667,0.8390406
0.1890359,0.062033784,0.7489303
0.055416282,0.049336415,0.89524734
0.084698915,0.032718178,0.8825829
0.033591565,0.038777094,0.9276313
0.052055378,0.030631678,0.917313
0.0461309,0.053617395,0.9002517
0.048645973,0.05560972,0.8957442
0.05282505,0.029835427,0.91733956
0.04859881,0.040211216,0.91119
0.060762357,0.018896973,0.92034066
0.04945651,0.033627745,0.9169157
0.08402668,0.040395264,0.8755781
0.07632231,0.023368092,0.9003096
0.017018802,0.004426632,0.97855455
0.102778934,0.046689432,0.85053164
0.057538047,0.052032083,0.8904298
0.40272078,0.039996628,0.5572826
0.010369133,0.5757532,0.4138777
0.021738332,0.027372688,0.95088905
0.08029568,0.07148624,0.8482181
0.028468367,0.09279884,0.87873286
0.025595816,0.03066411,0.94374007
0.040242482,0.05008258,0.9096749
0.077650174,0.021457642,0.9008922
0.02190493,0.035694372,0.9424007
0.05148934,0.02417975,0.9243309
0.07072919,0.040260937,0.88900983
0.03828098,0.08618332,0.8755358
0.06339743,0.048513655,0.8880889
0.081199974,0.032936156,0.88586384
0.030868996,0.036550604,0.9325805
0.20328693,0.092167065,0.70454603
0.037426002,0.026127562,0.93644637
0.039050505,0.033141732,0.9278078
0.020995997,0.029580202,0.9494238
0.013451182,0.015512485,0.9710363
0.052688666,0.026963348,0.92034805
0.063761726,0.01918217,0.91705614
0.025706192,0.022774424,0.95151937
0.049449824,0.05587007,0.89468014
0.066802815,0.05238295,0.88081425
0.044364396,0.043421425,0.9122141
0.05547693,0.03595879,0.9085643
0.013410786,0.008968474,0.9776208
0.15028818,0.048293684,0.8014181
0.08065333,0.02733393,0.8920127
0.02829879,0.047299083,0.9244021
0.053532496,0.048080035,0.89838743
0.06716899,0.030602414,0.90222853
0.033621058,0.026988909,0.93939
0.018257802,0.007991836,0.97375035
0.059348583,0.03820623,0.9024452
0.04702734,0.05297763,0.899995
0.0459047,0.06653055,0.8875648
0.04501011,0.08684403,0.8681459
0.032987468,0.10874424,0.8582683
0.0508785,0.06558499,0.8835366
0.03611291,0.04696233,0.9169248
0.034399483,0.016585838,0.94901466
0.04424141,0.03714602,0.91861254
0.084580906,0.051956348,0.86346275
0.2954065,0.03497255,0.66962093
0.052865986,0.036227934,0.9109061
0.025478564,0.09202102,0.88250047
0.058159553,0.028511273,0.9133292
0.073058195,0.062185604,0.8647563
0.038614098,0.024022913,0.9373629
0.04903383,0.022144487,0.9288216
0.04204939,0.03306947,0.9248811
0.05217188,0.05848682,0.88934135
0.043583855,0.03270661,0.9237095
0.13922758,0.03736297,0.82340944
0.021174457,0.5105113,0.46831426
0.052963365,0.039784115,0.9072525
0.7812835,0.12164108,0.09707548
0.034009762,0.036845215,0.929145
0.043529928,0.023028439,0.9334416
0.024576345,0.01271274,0.96271086
0.04745044,0.055475183,0.89707446
0.051437315,0.02606716,0.92249554
0.07800896,0.055424783,0.86656624
0.01784093,0.038968176,0.94319093
0.057966646,0.054989006,0.8870444
0.044372417,0.06785837,0.88776916
0.06203645,0.027234374,0.91072917
0.102526,0.018247759,0.87922627
0.032761287,0.036547855,0.9306909
0.04281433,0.057725605,0.89946
0.63183856,0.1354655,0.23269595
0.03250941,0.01184332,0.9556473
0.03756104,0.028104464,0.9343346
0.040098473,0.039207865,0.92069364
0.06302859,0.038830787,0.89814067
0.04278375,0.03887904,0.91833717
0.015980495,0.0068597146,0.9771598
0.35821486,0.019663993,0.62212116
0.052754782,0.021231761,0.92601347
0.050141018,0.14062396,0.80923504
0.053569887,0.03681801,0.9096122
0.05187603,0.8374411,0.11068288
0.028045826,0.05670948,0.91524464
0.05861303,0.010086434,0.93130046
0.0468211,0.018246096,0.9349327
0.030422295,0.031449366,0.9381283
0.032879174,0.017444953,0.9496758
0.12147629,0.00663103,0.8718927
0.019631205,0.051873088,0.92849565
0.03428181,0.04546039,0.9202578
0.060278364,0.059112478,0.88060915
0.069502875,0.037057176,0.89343995
0.028721388,0.031237725,0.9400409
0.024883874,0.021077462,0.95403874
0.042510822,0.029735355,0.9277539
0.04767667,0.035882965,0.9164403
0.0123580815,0.0059179026,0.981724
0.02293542,0.3766772,0.60038733
0.037649047,0.06958614,0.89276487
0.08104684,0.117807366,0.8011458
0.029196985,0.11126959,0.85953337
0.032781355,0.07599596,0.8912226
0.05223744,0.054690935,0.8930716
0.3909215,0.032285247,0.57679325
0.068191916,0.03530847,0.89649963
0.03467405,0.03453887,0.9307871
0.05839293,0.029970175,0.9116369
0.028495582,0.041582476,0.9299219
0.0796614,0.012659776,0.90767884
0.044113234,0.121088974,0.83479786
0.086647294,0.06682519,0.84652746
0.025655484,0.019121476,0.955223
0.047762126,0.050152138,0.9020857
0.99550796,0.0037626675,0.00072942633
0.8886002,0.04018348,0.07121629
0.06524511,0.03319402,0.90156084
0.065183684,0.027925855,0.90689045
0.09985404,0.033316515,0.8668295
0.03391865,0.022071285,0.94401
0.06599069,0.040655687,0.8933536
0.04634932,0.07739343,0.87625724
0.033724383,0.04582646,0.92044914
0.103773355,0.0671321,0.82909447
0.20435047,0.0753969,0.7202527
0.018452024,0.053444866,0.9281031
0.051873732,0.0402418,0.90788454
0.07805703,0.095357694,0.8265852
0.036783434,0.032908116,0.93030846
0.05878818,0.046414543,0.89479727
0.04512454,0.017010659,0.93786484
0.09224083,0.038564518,0.86919457
0.044274908,0.029206827,0.9265182
0.058632318,0.01429848,0.9270692
0.044768713,0.07857154,0.87665975
0.07461266,0.050386947,0.8750004
0.052232668,0.023727758,0.9240396
0.024587104,0.033672288,0.9417406
0.023680031,0.011768345,0.9645516
0.035500042,0.021721942,0.94277793
0.021242695,0.040429827,0.93832743
0.07301465,0.040086947,0.8868984
0.09142336,0.02233872,0.8862379
0.06819831,0.033465188,0.8983365
0.04331005,0.03788653,0.9188034
0.057856966,0.055045996,0.88709694
0.04002523,0.027401665,0.93257314
0.22784874,0.06153462,0.71061665
0.024378419,0.04278546,0.9328361
0.026712064,0.06861249,0.90467536
0.18072473,0.017390266,0.80188507
0.023899423,0.008299847,0.9678007
0.031920925,0.027896358,0.9401827
0.023789136,0.033352062,0.94285876
0.018360907,0.038984086,0.942655
0.043537293,0.03823438,0.9182283
0.024178447,0.034230527,0.941591
0.037221085,0.013091372,0.94968766
0.0253122,0.043226022,0.9314618
0.053098626,0.023910064,0.9229913
0.076565266,0.072490536,0.8509442
0.058434132,0.0149194505,0.92664635
0.063870914,0.039658353,0.8964707
0.17087278,0.019492324,0.80963486
0.11442276,0.18920478,0.6963724
0.042839654,0.024054347,0.933106
0.021735815,0.046785012,0.93147916
0.14267008,0.051019836,0.8063101
0.028644431,0.021855472,0.9495001
0.050415285,0.07494681,0.87463796
0.026111687,0.033429988,0.9404583
0.07499485,0.06211223,0.86289287
0.08162406,0.049362667,0.8690133
0.110740006,0.1825794,0.7066806
0.024817575,0.035688672,0.9394937
0.07180042,0.05860179,0.86959785
0.032759134,0.027478408,0.9397624
0.06517322,0.053401023,0.8814258
0.23951566,0.5992093,0.161275
0.03905272,0.063388824,0.89755845
0.049648527,0.0153803965,0.93497103
0.028534248,0.009784431,0.96168137
0.04689965,0.020250235,0.9328501
0.020768503,0.016884672,0.96234685
0.046718802,0.03485435,0.9184269
0.13425578,0.027516501,0.8382277
0.08072161,0.021264136,0.89801425
0.030787533,0.05975158,0.9094609
0.030940847,0.011206034,0.9578532
0.026879197,0.023743985,0.9493768
0.033879038,0.046853006,0.91926795
0.02980308,0.014553257,0.9556437
0.060174026,0.014043543,0.92578244
0.97407496,0.0032617683,0.022663282
0.03902364,0.02470823,0.93626815
0.042681985,0.07410884,0.8832092
0.03813017,0.027170688,0.9346992
0.018086724,0.033169255,0.94874406
0.037579443,0.02762828,0.9347923
0.029457934,0.02780862,0.9427334
0.039370377,0.046890654,0.91373897
0.014695727,0.05817952,0.92712474
0.041678682,0.06979866,0.8885226
0.30548495,0.042572025,0.651943
0.02375006,0.03402039,0.9422296
0.07439132,0.030769588,0.89483917
0.032326117,0.02480951,0.9428643
0.06712777,0.04690852,0.8859637
0.18765663,0.026511606,0.78583175
0.24564338,0.06761581,0.6867408
0.023381216,0.057139043,0.91947967
0.05548805,0.020552933,0.923959
0.30934766,0.020887548,0.6697648
0.051393162,0.05438812,0.89421874
0.48619348,0.05258787,0.46121868
0.08283515,0.048081968,0.86908287
0.087593175,0.052869167,0.8595376
0.11994269,0.08639148,0.7936658
0.085062034,0.07983039,0.83510756
0.025931306,0.03919452,0.9348742
0.041677445,0.04519628,0.9131263
0.037143763,0.028010216,0.93484604
0.83508253,0.05553877,0.10937865
0.076920114,0.05005287,0.8730271
0.18155678,0.046559386,0.77188385
0.021349085,0.08144078,0.8972101
0.051926024,0.05598117,0.89209276
0.028853897,0.017500773,0.95364535
0.1699673,0.03949339,0.7905393
0.2135444,0.03195826,0.75449735
0.031947117,0.010412304,0.9576406
0.08790054,0.046592537,0.8655069
0.6060077,0.051135585,0.34285668
0.023051959,0.090551145,0.88639694
0.057997197,0.051886905,0.8901159
0.054138217,0.052267984,0.8935938
0.030540865,0.012843716,0.9566155
0.04267926,0.019501863,0.9378189
0.06609938,0.032057356,0.9018432
0.056667004,0.049959645,0.89337337
0.084005415,0.023373067,0.8926214
0.052291926,0.03962651,0.9080816
0.080901824,0.034761474,0.88433665
0.043165963,0.03750324,0.91933084
0.095756255,0.00807016,0.8961736
0.06676934,0.032860115,0.9003706
0.06396448,0.020544346,0.91549116
0.014963498,0.03082327,0.95421326
0.012221114,0.044965677,0.9428132
0.036329146,0.05244725,0.9112236
0.08067556,0.07743354,0.84189093
0.08036338,0.011085097,0.9085515
0.04573488,0.077721715,0.8765434
0.07840342,0.054043926,0.8675526
0.024931751,0.03309378,0.9419744
0.046216495,0.024593381,0.92919004
0.043931585,0.042997807,0.9130706
0.045652755,0.034696884,0.91965044
0.031125806,0.020234179,0.9486401
0.09059317,0.031216575,0.8781902
0.056957297,0.026487604,0.91655505
0.07256275,0.025126042,0.90231127
0.03756632,0.015104233,0.94732946
0.016717127,0.004072774,0.9792101
0.035981297,0.014969971,0.94904876
0.12481089,0.025171831,0.85001737
0.15162641,0.032283127,0.8160904
0.022086153,0.011810325,0.9661036
0.40352428,0.0021403702,0.5943353
0.050652735,0.043580186,0.9057671
0.0067094057,0.03286399,0.9604266
0.022972789,0.014404111,0.9626231
0.04100862,0.052144393,0.90684706
0.049462765,0.059547063,0.89099026
0.9742284,0.022688998,0.00308264
0.022906827,0.033037584,0.9440555
0.01968025,0.025567815,0.9547519
0.03053137,0.015948115,0.9535205
0.028266922,0.03383108,0.9379019
0.0258827,0.028150333,0.94596696
0.029088479,0.07478954,0.8961219
0.03960067,0.03048172,0.9299176
0.043159977,0.062430523,0.8944094
0.028726801,0.06442151,0.9068517
0.030568289,0.06908882,0.9003429
0.18998595,0.016755514,0.7932586
0.04155667,0.024549488,0.93389386
0.052748483,0.02585863,0.9213929
0.3135737,0.08918477,0.5972415
0.04166339,0.018380005,0.9399566
0.04412551,0.025240362,0.9306342
0.0377858,0.027779996,0.9344342
0.09834084,0.028147621,0.8735116
0.21862406,0.025718661,0.75565726
0.044197652,0.0061894814,0.9496129
0.036395583,0.040404435,0.9231999
0.07959086,0.07469571,0.8457134
0.99175936,0.0060370653,0.002203629
0.049674034,0.030276299,0.92004967
0.060003564,0.02848241,0.91151404
0.027857527,0.07099789,0.90114456
0.0883098,0.03533364,0.8763565
0.042700134,0.031763047,0.92553675
0.105771825,0.030393047,0.86383504
0.06586263,0.06061628,0.8735211
0.022689566,0.0078031104,0.96950734
0.027494697,0.050373327,0.922132
0.28987655,0.21145783,0.49866557
0.043721378,0.03865942,0.9176192
0.020870417,0.117318824,0.8618108
0.026009757,0.03628773,0.93770254
0.037632473,0.04615332,0.9162142
0.54325956,0.09094307,0.36579734
0.05622592,0.026533317,0.91724074
0.055965003,0.010312124,0.93372285
0.05840476,0.014509726,0.9270855
0.009419756,0.022203082,0.9683772
0.042712193,0.015991583,0.9412962
0.013790783,0.07974892,0.90646034
0.08493391,0.021349195,0.8937169
0.027118621,0.024356497,0.9485249
0.061075836,0.026396967,0.9125272
0.02864543,0.07103673,0.90031785
0.0699385,0.019535352,0.9105261
0.04322525,0.03077126,0.92600346
0.028172424,0.038885027,0.93294257
0.88807714,0.010615348,0.10130748
0.036931846,0.026265437,0.9368027
0.014408423,0.072143175,0.91344845
0.032410182,0.028713828,0.9388761
0.03721596,0.043340236,0.9194438
0.08437272,0.046686135,0.8689411
0.10168991,0.027530309,0.87077975
0.020843444,0.95270485,0.02645171
0.0253034,0.014001183,0.96069545
0.0650145,0.05827862,0.8767069
0.024363322,0.009077274,0.96655947
0.05216121,0.020546662,0.9272922
0.07376733,0.028439838,0.8977928
0.050293405,0.030833947,0.91887254
0.045289833,0.041479193,0.91323096
0.016721083,0.0180798,0.9651991
0.039336756,0.20360917,0.7570541
0.6687554,0.019712413,0.3115321
0.045992106,0.038315423,0.9156925
0.14424103,0.08921213,0.7665469
0.036291815,0.012061635,0.9516466
0.9881898,0.005841662,0.0059685246
0.054799784,0.06077642,0.88442373
0.18157679,0.035063032,0.7833602
0.07022639,0.023499936,0.9062737
0.038813163,0.035408877,0.9257779
0.06597295,0.0705027,0.8635244
0.05315469,0.01381217,0.93303317
0.5101673,0.19138171,0.298451
0.36641765,0.08767161,0.5459107
0.025436178,0.10888302,0.8656808
0.04005184,0.01851702,0.9414311
0.20266792,0.055460464,0.7418716
0.08379925,0.05484966,0.86135113
0.03020398,0.021882957,0.9479131
0.04975755,0.058743346,0.8914991
0.037070367,0.10884952,0.8540801
0.07984975,0.037024952,0.88312525
0.6866701,0.032893654,0.2804362
0.081230275,0.040329885,0.8784398
0.017413473,0.03924187,0.9433446
0.046538334,0.05012376,0.9033379
0.06836614,0.1733897,0.7582442
0.101078965,0.014576033,0.88434505
0.043623243,0.043495625,0.91288114
0.0750419,0.042342063,0.88261604
0.014767294,0.030568006,0.9546647
0.044961307,0.06943371,0.885605
0.023019265,0.031066684,0.94591403
0.041700713,0.029368784,0.92893046
0.0646102,0.032078207,0.9033116
0.07940301,0.036388863,0.88420814
0.034914117,0.014024166,0.9510616
0.0549015,0.012875745,0.93222284
0.014952108,0.03156101,0.9534869
0.015482561,0.039652105,0.94486535
0.8874244,0.039124206,0.07345141
0.034460317,0.03958619,0.9259535
0.039041758,0.018750742,0.9422075
0.045196336,0.06195732,0.8928463
0.068846054,0.026054569,0.9050994
0.046973955,0.024156518,0.92886955
0.10978215,0.024603592,0.86561424
0.013422022,0.026125513,0.96045244
0.044488695,0.035365716,0.92014563
0.041779134,0.026634349,0.93158656
0.03969637,0.40239006,0.5579136
0.03658729,0.039870564,0.92354214
0.035434242,0.023535242,0.94103044
0.021182053,0.077254064,0.9015638
0.034450203,0.011416077,0.9541337
0.07950606,0.045879968,0.8746139
0.13835394,0.029299462,0.8323465
0.03988835,0.0495934,0.9105182
0.022934945,0.037372794,0.9396922
0.048765812,0.022967951,0.9282662
0.03345932,0.05243368,0.91410697
0.0528892,0.27820423,0.6689065
0.021997089,0.025146011,0.952857
0.014476601,0.030260352,0.955263
0.032587413,0.043467436,0.9239451
0.053498127,0.04693611,0.8995658
0.043965414,0.028776964,0.92725766
0.11480656,0.01421619,0.8709772
0.03243645,0.021481099,0.9460824
0.08754681,0.029124733,0.88332844
0.04327657,0.020522416,0.936201
0.067111455,0.041064497,0.891824
0.020396238,0.05188057,0.9277231
0.034835923,0.023617247,0.94154686
0.036334854,0.021070113,0.94259506
0.044210654,0.037815377,0.9179739
0.03381336,0.3376066,0.62858003
0.06606575,0.021033559,0.9129006
0.044445105,0.028195903,0.9273589
0.05109643,0.045847297,0.9030564
0.09376233,0.023568327,0.8826693
0.08605997,0.111261174,0.80267876
0.058218375,0.030203298,0.9115784
0.038423527,0.03338294,0.92819357
0.033452652,0.003604214,0.96294314
0.095056005,0.008346557,0.8965974
0.06105767,0.017734123,0.92120814
0.07070192,0.019556675,0.9097414
0.042578083,0.046172954,0.911249
0.05985474,0.25040334,0.68974197
0.035075754,0.029768405,0.93515587
0.08675249,0.034507755,0.8787398
0.23524037,0.07174426,0.6930154
0.050239816,0.054004837,0.89575535
0.03672543,0.03443303,0.9288415
0.070852466,0.0764603,0.8526872
0.06507785,0.032153007,0.9027692
0.042651992,0.06522734,0.8921206
0.03677341,0.032262824,0.93096375
0.037900254,0.048333354,0.91376644
0.053609364,0.046713278,0.8996774
0.044813577,0.017395683,0.9377907
0.044296578,0.038636167,0.9170673
0.018268863,0.024368323,0.9573629
0.06775775,0.022105392,0.9101369
0.052824542,0.046708636,0.90046686
0.56165886,0.111846246,0.32649487
0.02260301,0.02190759,0.95548946
0.040772267,0.042066514,0.9171612
0.02561307,0.021673942,0.9527131
0.052887738,0.029580545,0.9175317
0.026056524,0.04640544,0.9275381
0.04729228,0.039206672,0.913501
0.04639435,0.118703716,0.8349019
0.042987756,0.027059138,0.92995304
0.054783046,0.028532306,0.9166847
0.044931468,0.023038568,0.93202996
0.065172076,0.032515556,0.9023124
0.067015134,0.01147614,0.9215087
0.022482648,0.011206061,0.9663113
0.0883107,0.026723647,0.88496566
0.03451713,0.043421205,0.9220616
0.028515683,0.037264176,0.9342201
0.47384086,0.039004583,0.48715457
0.05926302,0.07411504,0.8666219
0.06373998,0.030196976,0.906063
0.05260209,0.054218877,0.89317906
0.04790196,0.027723527,0.9243745
0.04270347,0.01802889,0.9392677
0.05569733,0.028558752,0.915744
0.05087246,0.04209246,0.9070351
0.802043,0.032567173,0.16538975
0.090603,0.6732404,0.2361566
0.04595562,0.039078277,0.9149661
0.057304867,0.054573987,0.8881211
0.0443882,0.033051,0.9225609
0.16335487,0.049674682,0.78697044
0.028351652,0.011443922,0.9602044
0.039741952,0.88335365,0.07690443
0.05707418,0.03961142,0.90331435
0.09996599,0.06057326,0.8394608
0.17610462,0.024565712,0.7993297
0.10761043,0.025472503,0.8669171
0.039352097,0.027499033,0.933149
0.06860446,0.01794905,0.9134464
0.06279754,0.026929876,0.9102726
0.034701947,0.050887045,0.914411
0.08994479,0.07032324,0.83973193
0.24425407,0.01233713,0.7434088
0.07616363,0.012586076,0.91125035
0.031960573,0.052080173,0.9159592
0.53597146,0.015421166,0.44860744
0.17839569,0.022090262,0.799514
0.07543649,0.034268565,0.8902949
0.041476693,0.04266812,0.91585517
0.03419249,0.035312343,0.9304952
0.06451154,0.05788427,0.8776041
0.020702638,0.011534012,0.9677634
0.07440147,0.020529812,0.90506876
0.13560273,0.018999213,0.84539807
0.038471542,0.073866725,0.8876617
0.023910498,0.03854617,0.93754333
0.22479056,0.056891486,0.7183179
0.020133171,0.9767246,0.0031422745
0.042620957,0.029036596,0.9283424
0.016486866,0.011166471,0.97234666
0.035716463,0.022220211,0.9420634
0.07421815,0.038241554,0.88754034
0.042824835,0.8497237,0.10745155
0.01893987,0.021884976,0.9591752
0.026844932,0.021277606,0.9518775
0.09197024,0.031169306,0.87686044
0.060278833,0.05046332,0.8892579
0.0742863,0.032137897,0.8935759
0.03578814,0.049300242,0.9149116
0.028216116,0.041945774,0.9298381
0.063897006,0.03487617,0.90122676
0.078722455,0.029102126,0.89217544
0.05228114,0.030915108,0.9168038
0.013783369,0.016145896,0.9700707
0.03318856,0.025822047,0.9409894
0.028842747,0.009465,0.9616923
0.09080809,0.0894876,0.8197043
0.035017528,0.06889658,0.8960858
0.03294033,0.02670196,0.94035774
0.032643147,0.0764182,0.89093864
0.02915556,0.05404587,0.9167986
0.031155199,0.04672384,0.9221209
0.030445492,0.031627394,0.9379271
0.11590014,0.18162563,0.7024743
0.042416837,0.019137446,0.93844575
0.032207526,0.042047575,0.92574483
0.037383128,0.035428215,0.9271886
0.040970434,0.03920896,0.91982067
0.08735314,0.03941161,0.8732353
0.028899003,0.07076149,0.9003395
0.040283754,0.0392738,0.92044246
0.09130815,0.026160222,0.88253164
0.044949826,0.046015784,0.9090344
0.06059164,0.024338212,0.9150701
0.040489968,0.037962586,0.92154735
0.016709503,0.021581512,0.961709
0.083843075,0.031329863,0.884827
0.05880766,0.02576654,0.9154257
0.053538967,0.042684983,0.90377605
0.043345787,0.032591555,0.9240626
0.050302334,0.058067497,0.8916302
0.026237857,0.033362668,0.94039947
0.07390414,0.031019147,0.8950767
0.04339974,0.012217573,0.9443827
0.052116755,0.039301395,0.90858185
0.043726172,0.037657518,0.91861635
0.082439445,0.030387066,0.88717353
0.03952215,0.064464785,0.8960131
0.045982253,0.0562287,0.89778906
0.053348053,0.043456454,0.9031955
0.047814816,0.030392947,0.9217922
0.02415251,0.049848963,0.92599857
0.0431134,0.020565182,0.9363214
0.04840752,0.029246176,0.92234635
0.047868457,0.020248994,0.9318825
0.04382314,0.032822017,0.9233548
0.08578758,0.025507785,0.8887046
0.10645666,0.021990038,0.8715533
0.025489556,0.018021926,0.9564885
0.018509202,0.015314723,0.96617603
0.017377669,0.017008305,0.96561396
0.025149481,0.01813219,0.9567184
0.040162604,0.049304456,0.91053295
0.04617195,0.031857688,0.92197037
0.038357183,0.03776251,0.92388034
0.04055179,0.03739456,0.92205364
0.037534572,0.042366434,0.920099
0.019133057,0.029720806,0.95114607
0.06142375,0.026212437,0.91236377
0.04996338,0.030932214,0.9191044
0.053861707,0.04045891,0.9056794
0.021304002,0.04680567,0.93189037
0.06914314,0.052396253,0.8784606
0.08175799,0.1316736,0.7865684
0.058943573,0.023514923,0.91754144
0.11132022,0.038358696,0.8503211
0.07140343,0.060422026,0.86817455
0.049286965,0.027973382,0.9227397
0.049538743,0.5174673,0.43299395
0.041298043,0.012315446,0.9463865
0.086173154,0.062007617,0.8518193
0.05945472,0.03648619,0.9040591
0.11840934,0.03935351,0.8422372
0.029362274,0.016167952,0.9544698
0.04833942,0.071931064,0.8797295
0.0331221,0.06109961,0.9057782
0.31950614,0.23581924,0.4446746
0.18351777,0.082637206,0.733845
0.270856,0.12719584,0.60194814
0.8397678,0.043031573,0.11720063
0.08018234,0.024311367,0.8955063
0.062453784,0.06693772,0.8706085
0.33207965,0.12666015,0.54126024
0.046580717,0.0723573,0.881062
0.61210996,0.07025399,0.317636
0.058833517,0.08918629,0.8519802
0.8550974,0.025620757,0.1192818
0.04518997,0.031950746,0.92285925
0.049216665,0.057708938,0.89307433
0.05151896,0.019998573,0.9284825
0.032605253,0.04113648,0.92625827
0.85815495,0.014664779,0.1271802
0.11752836,0.07419664,0.80827504
0.06126687,0.040179793,0.8985533
0.035016518,0.025920616,0.93906283
0.06825028,0.020352842,0.91139686
0.089060076,0.019335976,0.891604
0.07265199,0.031832427,0.8955155
0.021503037,0.08621688,0.8922801
0.026112333,0.03524108,0.93864655
0.082851045,0.058865048,0.85828394
0.02732204,0.017970802,0.95470715
0.08378124,0.03678047,0.8794383
0.036776718,0.8678317,0.09539155
0.068527095,0.033202324,0.8982706
0.04775691,0.111909024,0.84033406
0.18140717,0.029440893,0.78915197
0.06786694,0.043818187,0.8883149
0.070847906,0.029911136,0.899241
0.08051061,0.034257203,0.8852322
0.04116307,0.051680498,0.9071564
0.040164795,0.043006457,0.91682863
0.055854794,0.05493517,0.88921
0.025783714,0.03920046,0.93501574
0.040271997,0.042245932,0.917482
0.07942408,0.021766411,0.8988095
0.053310618,0.049400654,0.89728874
0.7623868,0.09256142,0.14505184
0.029026063,0.021888634,0.9490854
0.027501088,0.038368367,0.93413055
0.04617369,0.038996227,0.91483015
0.039784264,0.055613857,0.9046018
0.028178073,0.017496163,0.95432574
0.06950008,0.028328463,0.9021714
0.04719373,0.029561939,0.9232443
0.06190056,0.057754036,0.8803454
0.04054139,0.03764141,0.9218171
0.05105726,0.068772174,0.8801705
0.17470545,0.050495815,0.77479875
0.03324289,0.04065056,0.9261065
0.024293184,0.022227464,0.9534793
0.043262504,0.03174439,0.9249931
0.02607105,0.96032405,0.013604965
0.011902719,0.026718616,0.9613787
0.042761914,0.05183319,0.90540487
0.029286519,0.118172675,0.85254085
0.05801177,0.02919865,0.9127895
0.042798888,0.047466673,0.9097345
0.089682385,0.08157703,0.82874054
0.068133965,0.0700227,0.8618433
0.04078374,0.07392196,0.8852943
0.22354147,0.06204492,0.71441364
0.030644337,0.016038416,0.95331734
0.9425438,0.03282402,0.024632117
0.99300474,0.006421937,0.0005733288
0.98839915,0.010416095,0.0011847409
0.06262674,0.9347858,0.00258744
0.97027,0.005652323,0.024077682
0.99408925,0.0053402074,0.0005706018
0.9831163,0.01610934,0.00077433017
0.9924623,0.0026547776,0.0048828833
0.991368,0.0049931663,0.0036388363
0.96262425,0.034486283,0.0028894593
0.9140496,0.06631059,0.019639695
0.0109188035,0.9876903,0.001390884
0.98521394,0.008700379,0.006085718
0.98025286,0.018415656,0.0013314227
0.9801869,0.018961882,0.00085121987
0.9882555,0.010273163,0.0014713431
0.99232775,0.0069661946,0.0007061035
0.9935136,0.0061309957,0.00035547544
0.9772273,0.017898543,0.0048741126
0.9938996,0.005795634,0.00030476705
0.98362136,0.013572395,0.0028062975
0.98769337,0.010068731,0.002237879
0.008400752,0.98724955,0.004349749
0.047198325,0.85875314,0.09404859
0.0069967285,0.99182254,0.0011807452
0.010187691,0.98868483,0.0011275063
0.02543949,0.97059005,0.0039704554
0.013545671,0.9836039,0.0028504399
0.0031462596,0.99627846,0.000575219
0.009782963,0.9891573,0.0010597004
0.008181344,0.99004936,0.0017693397
0.010878361,0.98595583,0.003165784
0.009706985,0.97288674,0.017406266
0.0135915065,0.9850064,0.0014020853
0.0140557,0.98441887,0.0015255042
0.017108187,0.9808163,0.0020754584
0.37247714,0.49829447,0.12922846
0.017981675,0.97603047,0.0059879175
0.015536477,0.980166,0.004297504
0.012380205,0.9815625,0.006057245
0.015126392,0.9731162,0.01175746
0.01992932,0.97727704,0.002793648
0.9679841,0.028665217,0.0033508027
0.8475777,0.061548408,0.09087385
0.009067231,0.9903182,0.0006146272
0.010264529,0.9854982,0.0042373096
0.039419714,0.95412004,0.006460278
0.009861165,0.9883394,0.0017993626
0.0263836,0.8809874,0.09262896
0.02680199,0.97099364,0.0022043423
0.010269247,0.98787874,0.0018519943
0.4809702,0.13864392,0.38038585
0.025882818,0.9731444,0.00097270875
0.01859664,0.98026675,0.0011366202
0.59664065,0.39071375,0.012645623
0.022169856,0.97641706,0.0014131255
0.010811452,0.98854184,0.00064674695
0.039167784,0.9545251,0.0063071423
0.010996433,0.9879359,0.001067735
0.014865484,0.9838022,0.0013323345
0.0067584356,0.98942065,0.003820873
0.015166418,0.98334354,0.0014899925
0.0077810143,0.989688,0.0025310635
0.013809615,0.98529714,0.00089322554
0.020596609,0.9760608,0.0033426604
0.009658684,0.97754556,0.012795677
0.0060691596,0.9787027,0.0152280945
0.021720253,0.051096387,0.92718333
0.03398427,0.9357304,0.030285329
0.09242635,0.032795105,0.8747785
0.054576848,0.033525463,0.9118977
0.73936677,0.031028178,0.22960503
0.030875282,0.026280394,0.9428444
0.054343287,0.028303267,0.9173535
0.02686078,0.026264185,0.9468751
0.0827253,0.034384154,0.8828905
0.032837488,0.044274062,0.9228884
0.88226026,0.014204813,0.10353492
0.030842302,0.09298171,0.8761759
0.031136852,0.708412,0.2604512
0.25719434,0.032842603,0.709963
0.03188472,0.07984567,0.88826954
0.09953401,0.021950297,0.87851566
0.04965274,0.15309064,0.7972566
0.057590783,0.018371204,0.924038
0.56048495,0.04769581,0.3918192
0.18918136,0.651978,0.15884064
0.29386947,0.07828701,0.6278435
0.033249095,0.083751634,0.8829993
0.06058681,0.039041452,0.9003717
0.040551957,0.08304486,0.8764032
0.4798005,0.065267704,0.45493186
0.038424555,0.008556948,0.95301837
0.03786413,0.041181482,0.9209544
0.04164033,0.04604665,0.91231304
0.06618899,0.029862866,0.9039481
0.052788828,0.0233108,0.92390037
0.041330483,0.14854638,0.81012315
0.04389571,0.034826245,0.92127806
0.026225451,0.047488157,0.9262864
0.08306069,0.033494074,0.88344526
0.11368137,0.043444555,0.84287405
0.039670233,0.039631512,0.9206983
0.05989523,0.03643488,0.90366983
0.053317096,0.036931675,0.9097512
0.022767708,0.47633174,0.50090057
0.039265838,0.0214111,0.93932307
0.045698196,0.11365775,0.840644
0.0112810675,0.022566922,0.966152
0.09707202,0.049482796,0.8534452
0.021881934,0.10019775,0.8779203
0.015185951,0.030497245,0.9543168
0.080324546,0.046352286,0.8733232
0.038391322,0.071027406,0.8905813
0.05240112,0.22409119,0.7235077
0.030379659,0.023613537,0.94600683
0.07412286,0.042069282,0.88380784
0.036070295,0.014389868,0.94953984
0.048376065,0.032573443,0.9190505
0.048639227,0.037183892,0.9141769
0.063256085,0.028735368,0.9080086
0.039089914,0.009212415,0.9516976
0.0332662,0.16762504,0.7991088
0.24144925,0.4844181,0.27413273
0.07221314,0.0368109,0.89097595
0.02053288,0.009272988,0.97019416
0.067798205,0.0143787945,0.91782296
0.1012806,0.043221258,0.8554982
0.058851194,0.04888474,0.89226407
0.078375,0.04544865,0.87617636
0.09354627,0.022371598,0.88408214
0.059140805,0.051182102,0.8896771
0.033305332,0.016845388,0.94984937
0.055831157,0.16473915,0.77942973
0.040609997,0.03511072,0.9242793
0.02007419,0.04245558,0.9374702
0.028529841,0.042246804,0.9292233
0.031281516,0.038326915,0.9303915
0.030976579,0.055763636,0.9132598
0.069628984,0.017656617,0.9127145
0.03092397,0.020122612,0.94895345
0.034145817,0.02383762,0.9420165
0.032829393,0.044960182,0.92221034
0.070371315,0.03643692,0.89319175
0.10274381,0.022591872,0.8746643
0.06153035,0.023629582,0.9148401
0.8124394,0.03709089,0.15046974
0.104429804,0.7112131,0.18435706
0.07139274,0.01801569,0.91059166
0.018924747,0.039365597,0.94170964
0.11071643,0.33492476,0.55435884
0.028745148,0.15585072,0.81540406
0.028623134,0.05714669,0.9142302
0.07799768,0.039334767,0.8826675
0.0301305,0.12223293,0.8476366
0.028423337,0.08128746,0.89028925
0.038905345,0.023095718,0.93799895
0.061900586,0.04519907,0.8929003
0.050016653,0.059512362,0.890471
0.05222445,0.30377677,0.6439988
0.02317418,0.013320813,0.963505
0.1096172,0.074461,0.8159218
0.15674947,0.83526134,0.007989166
0.99144894,0.007734198,0.0008167723
0.98900294,0.010586588,0.00041048657
0.9956626,0.004092958,0.0002443652
0.99491334,0.0039485907,0.0011379384
0.14137879,0.15849142,0.70012975
0.9921485,0.006910735,0.0009407624
0.64281654,0.060680956,0.2965025
0.934567,0.026745666,0.038687363
0.7799395,0.088343956,0.13171649
0.9891566,0.009056595,0.001786836
0.9935051,0.006270208,0.00022463195
0.11660116,0.04013919,0.8432597
0.99183637,0.0022081085,0.0059555518
0.99071574,0.0046784123,0.0046058805
0.95880777,0.03261692,0.008575367
0.9942638,0.003158349,0.0025777693
0.0872355,0.18163694,0.7311276
0.15360017,0.038047872,0.8083519
0.9871093,0.011695849,0.0011948061
0.9771807,0.014130612,0.0086886315
0.99223983,0.005237395,0.002522765
0.99038225,0.004959059,0.004658605
0.11811261,0.057004075,0.82488334
0.9917379,0.006036935,0.0022252062
0.99366426,0.0059781917,0.0003576186
0.98932403,0.010344707,0.00033123363
0.99240065,0.007293919,0.00030549843
0.988074,0.010987235,0.00093873055
0.90544957,0.07425128,0.020299172
0.9950481,0.0045721275,0.00037972702
0.6116246,0.35907307,0.029302318
0.9846473,0.012713624,0.0026390222
0.9887949,0.008438589,0.002766494
0.063747294,0.038891908,0.8973608
0.9890442,0.008117357,0.0028383513
0.18770897,0.10591396,0.70637697
0.047834646,0.12310808,0.8290573
0.98776734,0.011156796,0.0010759259
0.9778412,0.01865964,0.003499201
0.99556786,0.003548747,0.00088335294
0.98636764,0.011573484,0.0020588634
0.99550736,0.0042803455,0.00021227504
0.9009872,0.044399895,0.054612808
0.09086748,0.0376947,0.8714377
0.8778327,0.099068895,0.02309834
0.8888016,0.07946552,0.031732917
0.9861103,0.012707671,0.0011819975
0.96483976,0.031349685,0.0038105834
0.988643,0.009560705,0.0017964031
0.94308543,0.021019401,0.03589515
0.983634,0.014210046,0.0021558974
0.9874319,0.009255201,0.0033129596
0.14519596,0.0854397,0.7693644
0.9925135,0.0054902565,0.0019962217
0.50067264,0.029075125,0.47025228
0.9938949,0.0057617477,0.0003433271
0.0895823,0.076923706,0.833494
0.25806773,0.4693584,0.27257386
0.68197703,0.14653674,0.17148621
0.99653935,0.0027556783,0.00070495764
0.9557125,0.018290877,0.02599658
0.9946668,0.0027992763,0.0025338796
0.99142015,0.007379809,0.0012000239
0.786751,0.045084424,0.16816457
0.9887233,0.0076828655,0.0035938604
0.9919904,0.0035222094,0.004487411
0.9966552,0.002871388,0.00047334118
0.9122283,0.024097335,0.06367429
0.9866752,0.00800357,0.0053211246
0.9944464,0.0051777666,0.0003758094
0.992338,0.005553992,0.0021080573
0.9953402,0.004372567,0.00028727768
0.08398439,0.024488635,0.89152694
0.9965006,0.0028821793,0.00061725755
0.989769,0.009515674,0.00071537367
0.99053156,0.0091940295,0.00027440107
0.83718055,0.11570408,0.047115326
0.9883096,0.010989856,0.00070050266
0.99301624,0.0066583003,0.00032540312
0.92143977,0.027879471,0.05068078
0.9595911,0.028305884,0.0121030845
0.16373926,0.16088618,0.67537457
0.09304825,0.40894756,0.49800414
0.036200326,0.3173377,0.64646196
0.031688113,0.89800876,0.07030315
0.021180715,0.9420072,0.036812056
0.023748243,0.9654426,0.010809217
0.10237801,0.7582334,0.1393886
0.008216817,0.98564106,0.0061421036
0.032812603,0.5747009,0.39248648
0.07638577,0.7653427,0.15827152
0.85256296,0.11962715,0.027809994
0.05417206,0.12570806,0.82011986
0.009444733,0.9521651,0.038390152
0.39103082,0.12208576,0.48688337
0.0260718,0.5651995,0.4087287
0.07768844,0.88153225,0.040779326
0.74062485,0.048885293,0.21048987
0.0809207,0.7755252,0.14355409
0.060338754,0.117218204,0.8224431
0.34396702,0.4232933,0.23273972
0.04493148,0.9532013,0.0018672645
0.06849892,0.92821497,0.0032861235
0.2087028,0.7849486,0.006348606
0.9670388,0.020426167,0.012535135
0.096560195,0.40534437,0.4980954
0.030736424,0.912841,0.05642263
0.054444022,0.24423955,0.70131636
0.12208746,0.33381835,0.5440942
0.2725965,0.41851118,0.3088923
0.074307054,0.769304,0.156389
0.48681337,0.029276483,0.48391017
0.42162117,0.06126153,0.5171173
0.087629884,0.6398023,0.27256787
0.038048398,0.08491013,0.87704146
0.0318213,0.006828284,0.9613504
0.060741637,0.060504824,0.8787535
0.29709738,0.19887826,0.5040243
0.7085609,0.19731797,0.0941211
0.037213217,0.037104353,0.9256824
0.07363877,0.059402,0.8669592
0.39290652,0.08816296,0.5189305
0.036102947,0.052580792,0.9113163
0.0454357,0.05874077,0.89582354
0.041184027,0.025126169,0.9336898
0.067875415,0.057045307,0.8750793
0.108715996,0.10485791,0.78642607
0.8856855,0.026876297,0.087438196
0.54032385,0.2026945,0.25698164
0.05364026,0.14999774,0.796362
0.074726865,0.52150077,0.4037724
0.11450712,0.061411068,0.8240818
0.31421462,0.062418725,0.62336665
0.10849408,0.08117901,0.810327
0.39317727,0.026842743,0.57997996
0.17307408,0.036349226,0.7905767
0.060609773,0.036475603,0.90291464
0.27377632,0.05159197,0.67463166
0.068952985,0.030717457,0.90032953
0.05972891,0.30318037,0.63709074
0.1552078,0.043778375,0.80101377
0.39799133,0.12590797,0.4761007
0.9215712,0.017347071,0.06108173
0.29549378,0.06074086,0.6437654
0.051866204,0.028783439,0.9193504
0.033303168,0.06833366,0.8983632
0.08886032,0.023271328,0.8878684
0.18170984,0.009545125,0.80874497
0.030751439,0.030186117,0.93906254
0.07913187,0.06553859,0.8553296
0.050816983,0.0440214,0.9051615
0.035422333,0.0320953,0.9324824
0.09316278,0.025519082,0.88131815
0.03249398,0.013244652,0.95426136
0.037566084,0.02064491,0.94178903
0.05778264,0.02411092,0.91810644
0.9936207,0.0056708553,0.00070840574
0.27658582,0.100270614,0.62314355
0.95505697,0.016577726,0.02836538
0.06812221,0.029270397,0.9026074
0.06459418,0.04675318,0.8886526
0.04473689,0.012655641,0.94260746
0.022984747,0.055299316,0.921716
0.043593153,0.08678004,0.8696268
0.45525077,0.1881161,0.35663316
0.049155448,0.012416313,0.93842834
0.034780387,0.037938546,0.92728114
0.066693425,0.03483743,0.8984691
0.14819677,0.029655697,0.82214755
0.03325088,0.01845276,0.94829637
0.04907922,0.8518748,0.09904597
0.041215356,0.22554462,0.73324
0.09238995,0.08193293,0.82567704
0.07334488,0.035745442,0.89090973
0.13077237,0.05314731,0.81608033
0.083148904,0.015024699,0.9018264
0.054661624,0.041341424,0.90399694
0.07678635,0.10650323,0.8167105
0.049432483,0.05226212,0.8983054
0.065054886,0.03161247,0.90333253
0.04950711,0.10368673,0.8468061
0.081316344,0.06636847,0.8523152
0.4074582,0.085637555,0.50690424
0.11468599,0.04530815,0.8400058
0.23954736,0.082141116,0.67831147
0.08328627,0.05602507,0.86068875
0.094348684,0.034641217,0.8710101
0.027155893,0.045923855,0.92692024
0.01642093,0.9741493,0.009429747
0.048484765,0.060046345,0.89146894
0.03843324,0.0092634,0.95230335
0.03477256,0.051190153,0.91403735
0.013303112,0.044004288,0.9426925
0.051336188,0.04799098,0.9006728
0.032433897,0.012274506,0.95529157
0.05062829,0.027986914,0.9213847
0.075658545,0.36324522,0.56109625
0.03709208,0.027537588,0.9353703
0.05258001,0.63355684,0.3138632
0.120227486,0.10851046,0.77126205
0.11185384,0.033749003,0.8543972
0.07567737,0.2806269,0.6436958
0.03441611,0.01703721,0.94854665
0.030362727,0.02138372,0.94825363
0.017355539,0.1269948,0.85564965
0.0123096835,0.033395898,0.9542943
0.019618534,0.014579258,0.96580225
0.018238839,0.04170836,0.9400528
0.03652295,0.022457233,0.9410199
0.03237211,0.014156145,0.9534717
0.24010688,0.07090618,0.68898696
0.07026188,0.4649258,0.46481234
0.03726205,0.02216344,0.9405745
0.04341501,0.039145663,0.9174394
0.073106214,0.026658937,0.9002349
0.020132544,0.10777782,0.8720897
0.02508106,0.074223,0.9006959
0.041860543,0.06921887,0.88892055
0.05317299,0.015293942,0.93153316
0.078546055,0.21814708,0.70330685
0.065785356,0.080680646,0.8535341
0.020591503,0.005493631,0.97391486
0.028901862,0.51960355,0.45149454
0.029773718,0.045800276,0.92442596
0.3970529,0.04112991,0.56181717
0.6492858,0.0391835,0.3115307
0.08300002,0.7460284,0.17097154
0.028469648,0.026901925,0.94462836
0.14078547,0.022516072,0.8366984
0.5333656,0.018344577,0.44828984
0.08600369,0.017817328,0.89617896
0.03369375,0.020277254,0.94602907
0.07456919,0.11448437,0.8109464
0.018354628,0.019788027,0.9618573
0.033891033,0.021945894,0.944163
0.032646477,0.01700306,0.9503504
0.02530948,0.011885506,0.962805
0.0326708,0.021827295,0.945502
0.042005222,0.020451728,0.93754303
0.041370444,0.02345735,0.9351722
0.05079446,0.0139,0.9353055
0.03731567,0.023511728,0.9391726
0.054121606,0.03716089,0.90871745
0.0341043,0.016718782,0.9491769
0.016894717,0.018303258,0.964802
0.03880239,0.035676684,0.92552096
0.028761534,0.07035614,0.9008824
0.022387361,0.044089906,0.9335227
0.076826185,0.11634786,0.80682594
0.057458684,0.03933678,0.90320444
0.033545207,0.03738585,0.9290689
0.08843053,0.071334034,0.8402354
0.027305542,0.17392989,0.7987646
0.049920987,0.014556238,0.93552285
0.06316785,0.046759345,0.89007276
0.042742033,0.07150957,0.8857483
0.059861418,0.03078394,0.9093547
0.046943378,0.025697742,0.92735887
0.09243125,0.19377536,0.7137934
0.10284877,0.08402474,0.8131265
0.07334308,0.03315531,0.89350164
0.04274608,0.087282024,0.86997193
0.037658393,0.12591249,0.8364291
0.067699194,0.027379675,0.9049211
0.0667088,0.06056137,0.8727298
0.1832363,0.027786385,0.7889773
0.03068749,0.053910848,0.91540164
0.04241984,0.032715548,0.9248646
0.025785036,0.016041594,0.95817333
0.051297713,0.05745072,0.8912515
0.048359796,0.062034603,0.8896056
0.04033986,0.043320637,0.9163395
0.032968953,0.019400384,0.9476306
0.038018614,0.013489925,0.9484914
0.017892856,0.38754845,0.59455866
0.050717577,0.027173689,0.92210877
0.06182474,0.045497753,0.89267755
0.0435045,0.04074914,0.91574633
0.023386277,0.025886249,0.95072746
0.031909548,0.006894187,0.9611963
0.019705066,0.040078368,0.94021654
0.06262141,0.03540293,0.90197575
0.05174588,0.0635864,0.88466763
0.039790366,0.024924504,0.93528515
0.041337114,0.026977496,0.9316853
0.068975255,0.02687953,0.90414524
0.0499224,0.01999397,0.9300836
0.028159311,0.16007955,0.81176114
0.2176939,0.053192116,0.72911406
0.018231124,0.031965386,0.94980353
0.1913043,0.040532637,0.7681631
0.045095757,0.030364685,0.9245396
0.08027108,0.09060443,0.82912445
0.018566359,0.015109091,0.9663245
0.06524293,0.05324973,0.88150734
0.07844483,0.03944454,0.8821106
0.042695858,0.008061581,0.94924265
0.06965723,0.02170561,0.9086371
0.05381096,0.0108155515,0.9353735
0.09140591,0.031992633,0.87660146
0.09955126,0.012724685,0.88772404
0.09491742,0.017626677,0.8874558
0.049793385,0.010674344,0.9395322
0.03780208,0.027361093,0.93483686
0.050495315,0.028743284,0.9207614
0.025868917,0.04785983,0.92627126
0.05477417,0.032263022,0.9129629
0.12665662,0.5270318,0.3463116
0.018513681,0.043894593,0.93759173
0.05242712,0.060402203,0.8871706
0.050662834,0.03271038,0.91662675
0.048707854,0.049137842,0.9021543
0.028981693,0.063240044,0.9077783
0.039332014,0.04065988,0.92000806
0.025746584,0.024954448,0.94929904
0.018981716,0.028135467,0.95288277
0.02624279,0.01087571,0.96288145
0.07089232,0.08009653,0.8490111
0.041528918,0.040566895,0.9179042
0.045232624,0.014656228,0.9401113
0.039542668,0.04897194,0.91148543
0.035908792,0.05234913,0.9117421
0.065655574,0.058452327,0.87589204
0.034778375,0.030721795,0.93449974
0.037307747,0.0135781085,0.94911414
0.04974761,0.013415563,0.9368369
0.036922332,0.02651636,0.9365613
0.04911505,0.07689245,0.8739925
0.031187857,0.021061584,0.9477505
0.08479846,0.06501723,0.8501843
0.120728396,0.34241512,0.5368565
0.028053667,0.0096950885,0.96225125
0.058107533,0.017721795,0.92417073
0.12430122,0.03327601,0.84242284
0.061970256,0.037992805,0.90003693
0.034521095,0.027874252,0.9376046
0.04205972,0.02739552,0.9305448
0.05134048,0.0287994,0.9198602
0.048047986,0.042693052,0.909259
0.029621365,0.04888509,0.92149365
0.050375286,0.07525391,0.8743708
0.04673035,0.06980886,0.8834608
0.06843208,0.04758704,0.8839809
0.02439295,0.029366102,0.94624096
0.037170414,0.02456814,0.93826145
0.1170977,0.050807692,0.8320946
0.0826967,0.031696152,0.8856071
0.056075845,0.0228567,0.9210675
0.018491527,0.016255094,0.9652534
0.017089197,0.020254327,0.9626564
0.06652851,0.5359583,0.39751324
0.038842805,0.016398964,0.9447583
0.08330615,0.057479516,0.85921437
0.09151495,0.026972631,0.8815124
0.081544675,0.12691706,0.79153824
0.060005374,0.030231586,0.909763
0.08910287,0.045464873,0.86543226
0.04465813,0.035293,0.92004895
0.08091011,0.4167552,0.50233465
0.051528018,0.0360075,0.9124645
0.021330152,0.16843128,0.81023854
0.06713924,0.021291994,0.9115688
0.074260205,0.023711823,0.902028
0.056584023,0.08552533,0.8578906
0.059345882,0.030728163,0.90992594
0.04795212,0.045488916,0.906559
0.04619025,0.049313527,0.9044962
0.02608705,0.01206073,0.96185225
0.01976249,0.9448,0.035437483
0.057058394,0.02026548,0.92267615
0.05216557,0.049874052,0.8979603
0.042192485,0.026146792,0.9316607
0.1608015,0.04227658,0.7969219
0.036326982,0.039509658,0.9241634
0.043556757,0.052488193,0.90395504
0.039234005,0.045735016,0.915031
0.046955775,0.04515693,0.9078873
0.0782593,0.031342924,0.8903977
0.04346241,0.04346241,0.9130752
0.06555435,0.25788364,0.676562
0.04529473,0.040483158,0.9142221
0.017268283,0.039915394,0.9428163
0.023170348,0.006875949,0.9699537
0.043842897,0.048482295,0.9076748
0.06320122,0.054910168,0.88188857
0.037274048,0.01816592,0.94456
0.040793125,0.05315233,0.90605456
0.054988727,0.028472112,0.91653913
0.036477022,0.01816355,0.9453595
0.031083072,0.87657195,0.0923449
0.07221791,0.019173255,0.9086089
0.018769955,0.026939284,0.95429075
0.048914623,0.017254695,0.93383074
0.023408722,0.023090858,0.95350045
0.041840777,0.02428663,0.93387264
0.054995276,0.022068722,0.9229359
0.049278934,0.021803424,0.9289177
0.019559331,0.012839857,0.9676009
0.08220296,0.23832718,0.6794699
0.012869542,0.04345215,0.94367826
0.039439194,0.019850649,0.9407102
0.040095612,0.022035042,0.9378693
0.020274026,0.3891366,0.59058934
0.017835382,0.022546034,0.9596185
0.038377196,0.023620427,0.9380024
0.06761156,0.044819627,0.8875688
0.033311084,0.02865992,0.93802905
0.8867444,0.015020737,0.09823489
0.019059334,0.029751202,0.9511894
0.017762192,0.016235957,0.9660019
0.025455575,0.00901463,0.9655298
0.060137775,0.011016264,0.928846
0.19118048,0.026012808,0.78280675
0.06714297,0.037996285,0.89486074
0.04533416,0.07856023,0.8761056
0.03961823,0.08042276,0.87995905
0.018208921,0.25833452,0.72345656
0.043971203,0.057181496,0.8988473
0.12183223,0.020843036,0.8573247
0.110334225,0.12798995,0.76167583
0.02553963,0.0104609905,0.9639994
0.06970577,0.05628432,0.8740099
0.026162677,0.02322416,0.9506132
0.0413656,0.024484387,0.9341501
0.0950307,0.048822165,0.8561471
0.48055327,0.06346724,0.4559795
0.036804188,0.028719168,0.9344766
0.03621092,0.0903258,0.87346333
0.29507586,0.02783774,0.6770864
0.084626056,0.070226006,0.84514797
0.06342243,0.12527129,0.8113063
0.11612477,0.08894905,0.79492617
0.0982008,0.08317932,0.81861985
0.03610861,0.029905869,0.93398553
0.029669464,0.038282815,0.93204767
0.013247799,0.015337729,0.9714145
0.10463458,0.009808866,0.8855566
0.12596814,0.03108157,0.8429503
0.22326058,0.67967916,0.09706024
0.30122474,0.64678687,0.051988404
0.20126154,0.71860397,0.08013453
0.98816234,0.0113702845,0.000467478
0.8972633,0.07251,0.030226659
0.95461667,0.021717248,0.023666114
0.159883,0.062123843,0.7779932
0.94630265,0.009178102,0.044519257
0.5976712,0.06804636,0.3342824
0.42931342,0.05049157,0.52019507
0.9131058,0.0745144,0.012379856
0.991288,0.0071100197,0.0016020286
0.991446,0.0022906873,0.0062633264
0.968952,0.00972454,0.021323482
0.46125907,0.36151645,0.17722444
0.988564,0.011100561,0.00033553535
0.8284845,0.1400515,0.031464066
0.06489933,0.26212814,0.67297256
0.9748138,0.0025721611,0.022614121
0.9724983,0.007958212,0.01954348
0.99314946,0.0038578107,0.0029927527
0.7681599,0.09817455,0.13366555
0.71203977,0.18382932,0.10413086
0.97944194,0.016574766,0.0039832583
0.9872307,0.010818223,0.0019509983
0.8114742,0.011569408,0.1769564
0.8847726,0.02537014,0.08985716
0.9934703,0.0057144673,0.00081524666
0.6851533,0.23881459,0.07603215
0.44271317,0.24640699,0.31087983
0.98802626,0.011390945,0.0005828429
0.2696449,0.32398582,0.40636924
0.99610907,0.0032392477,0.00065169774
0.99143106,0.0053887074,0.0031802566
0.9842227,0.009667844,0.0061093536
0.9853662,0.011162329,0.003471462
0.9550628,0.011709611,0.033227526
0.99598795,0.0035641394,0.00044785038
0.9576045,0.021135591,0.021259794
0.98711526,0.008432485,0.004452295
0.98489976,0.013563517,0.0015367183
0.24761313,0.38822094,0.364166
0.7073404,0.114208505,0.17845112
0.4406268,0.2118284,0.3475448
0.9944734,0.0052083354,0.00031833161
0.98660487,0.012455962,0.0009391673
0.961785,0.0150822345,0.02313281
0.45380992,0.40107292,0.1451172
0.96314096,0.008029244,0.028829833
0.8559357,0.07431758,0.069746755
0.984749,0.0056532496,0.009597738
0.99293053,0.005789983,0.001279365
0.96861255,0.030773252,0.00061421114
0.26591337,0.09720507,0.63688153
0.26685572,0.6465935,0.086550795
0.9693908,0.01906696,0.011542129
0.9948237,0.0048754197,0.0003009082
0.9950773,0.0047451225,0.0001776324
0.98059446,0.008701972,0.0107036065
0.83661246,0.026814189,0.13657324
0.53274286,0.24024329,0.22701395
0.89194715,0.025007809,0.08304507
0.9819921,0.017045263,0.0009625676
0.60454357,0.3596699,0.035786454
0.9937516,0.005497105,0.00075125304
0.35957325,0.053996637,0.58643013
0.9942977,0.0053101215,0.00039225075
0.18954355,0.03737805,0.7730784
0.99484247,0.0049041626,0.0002533949
0.8277141,0.015160112,0.15712577
0.94567794,0.020210434,0.034111567
0.9813495,0.0077380924,0.01091246
0.37794882,0.5651564,0.056894805
0.9361456,0.034602277,0.029252082
0.06580989,0.046757434,0.88743263
0.9904421,0.007909569,0.0016482496
0.9878995,0.009972964,0.002127518
0.98244876,0.005796392,0.011754862
0.99659485,0.0028656118,0.00053948513
0.95017254,0.029835714,0.019991666
0.99268687,0.0066495943,0.0006635629
0.9880355,0.009743282,0.002221233
0.98112065,0.008529904,0.010349494
0.28635317,0.06355177,0.65009516
0.4544471,0.024208613,0.52134424
0.9454621,0.02458803,0.029949883
0.98566204,0.012529418,0.0018085625
0.9956584,0.0033405605,0.0010010609
0.99325883,0.004312588,0.0024286108
0.69099915,0.06029643,0.24870445
0.9855784,0.012577388,0.0018440768
0.29918754,0.6296797,0.071132705
0.9931593,0.0061768778,0.0006638787
0.9739396,0.007923444,0.01813694
0.26342374,0.06670159,0.66987467
0.89975214,0.04216424,0.05808369
0.9516248,0.0047279107,0.043647222
0.9865302,0.008378251,0.0050916015
0.83082694,0.11756243,0.051610615
0.77878296,0.059324678,0.16189234
0.46278825,0.367708,0.16950376
0.887135,0.02532634,0.087538555
0.024104571,0.9205576,0.055337798
0.9814485,0.01732101,0.0012304609
0.987785,0.009683904,0.002531136
0.9866182,0.010296285,0.003085473
0.9924624,0.0065834844,0.0009540144
0.922867,0.011765604,0.06536743
0.85047776,0.120505646,0.029016612
0.8003713,0.08075134,0.11887747
0.988521,0.00967221,0.0018067369
0.97780734,0.015110513,0.007082155
0.07719637,0.64777905,0.27502453
0.4341635,0.043985955,0.5218505
0.8872518,0.06360111,0.04914712
0.9825065,0.010384375,0.0071092444
0.6157151,0.034284465,0.3500005
0.32888043,0.06366305,0.60745656
0.603206,0.06867651,0.32811755
0.16361919,0.06470299,0.77167785
0.6341964,0.053039428,0.3127642
0.82575697,0.05925078,0.114992276
0.9978514,0.0017780659,0.0003705254
0.848923,0.12996426,0.02111274
0.897943,0.09688688,0.0051700384
0.99084747,0.0076245484,0.0015279872
0.9640382,0.02311917,0.012842648
0.9186949,0.07689842,0.0044066305
0.89961004,0.084168494,0.01622148
0.94350505,0.017399434,0.03909552
0.9737333,0.01649426,0.009772525
0.99276674,0.0063332166,0.0008999972
0.95983607,0.03649704,0.0036670212
0.85594374,0.07617362,0.06788267
0.81725824,0.09092475,0.091817036
0.29818875,0.20414296,0.4976683
0.9847984,0.012840358,0.0023613507
0.9507925,0.04210255,0.00710509
0.958675,0.027569884,0.013755126
0.99531245,0.00413167,0.000555894
0.98836106,0.011196256,0.00044268832
0.98894215,0.010381187,0.0006767363
0.99516255,0.002735794,0.0021017068
0.98856306,0.009999174,0.0014377068
0.046679135,0.32008615,0.63323474
0.9916796,0.005862292,0.0024581281
0.015047846,0.98426867,0.0006834772
0.06337731,0.9204727,0.016149975
0.98241466,0.015496273,0.0020890161
0.003574239,0.992975,0.0034507657
0.011304834,0.9672424,0.021452807
0.020423511,0.94636106,0.033215437
0.03481234,0.95853066,0.00665704
0.013566578,0.9263406,0.060092818
0.06001265,0.8727764,0.06721097
0.047528014,0.9257068,0.026765145
0.025448624,0.86906976,0.10548162
0.025058044,0.8211427,0.15379922
0.035627548,0.9374268,0.026945664
0.018962216,0.96500754,0.016030284
0.011791419,0.9874308,0.0007777284
0.867149,0.05417728,0.07867367
0.014939516,0.98388577,0.0011747333
0.51488614,0.24764894,0.23746493
0.0063203215,0.96968687,0.023992816
0.04854627,0.9313349,0.020118866
0.048144296,0.93679494,0.015060769
0.22068211,0.77610797,0.0032099474
0.01394447,0.9823679,0.0036877072
0.018683333,0.96014565,0.02117099
0.014255069,0.8836541,0.1020908
0.216676,0.4439395,0.33938447
0.021440716,0.9742793,0.004280045
0.016720414,0.98131734,0.0019621723
0.10817642,0.84807366,0.04374993
0.019056408,0.974548,0.0063955765
0.056243982,0.9247318,0.019024253
0.021998823,0.9688843,0.009116897
0.007593933,0.9907314,0.0016746948
0.020090133,0.9708368,0.009073035
0.026232352,0.9287949,0.04497271
0.013207889,0.98373955,0.0030525296
0.13016447,0.639598,0.23023751
0.016779039,0.98091894,0.0023020552
0.01114786,0.98794067,0.0009115046
0.12465544,0.79083365,0.08451099
0.049101166,0.05774242,0.8931564
0.010416265,0.9864867,0.0030971365
0.03224413,0.9400139,0.027741944
0.5643148,0.08133695,0.35434824
0.034645986,0.94375765,0.02159638
0.015958622,0.9825158,0.0015255318
0.02362704,0.9737376,0.0026353933
0.051310156,0.93060774,0.018082054
0.091474235,0.17805152,0.7304743
0.7641561,0.16063108,0.07521278
0.013743529,0.9834589,0.0027976255
0.043357782,0.9379578,0.018684408
0.020557381,0.97610635,0.0033362939
0.018174933,0.9769333,0.0048917173
0.04657034,0.81466764,0.13876206
0.016520947,0.9762616,0.007217467
0.01571608,0.98378074,0.000503223
0.03078556,0.9577107,0.011503723
0.024415042,0.9638934,0.0116916085
0.09587195,0.38988253,0.51424557
0.023775231,0.91153383,0.064690925
0.014770604,0.98422813,0.0010012335
0.030793415,0.9617044,0.0075021638
0.68864536,0.29571304,0.015641637
0.54357874,0.4433312,0.0130901
0.04548446,0.61230123,0.34221435
0.043164987,0.6684075,0.28842756
0.04130929,0.68212324,0.27656743
0.6296025,0.17300847,0.19738904
0.0021599245,0.9970878,0.0007523044
0.009400306,0.9644921,0.026107604
0.00917587,0.933226,0.05759819
0.01165623,0.98280543,0.00553837
0.012629375,0.9838704,0.0035002078
0.017036073,0.9824216,0.0005423018
0.0317039,0.031765882,0.93653023
0.022750327,0.9598404,0.017409245
0.013419319,0.9859152,0.00066550385
0.016107373,0.9829963,0.00089637656
0.007458894,0.99037045,0.002170662
0.008601257,0.98932767,0.0020711008
0.021208841,0.9779639,0.0008271887
0.046521544,0.046932228,0.90654624
0.11418804,0.63518155,0.25063038
0.03013747,0.074372746,0.8954898
0.050654147,0.0364492,0.91289663
0.40118042,0.55237955,0.04644
0.04783404,0.038964827,0.9132012
0.014023358,0.9850353,0.00094134326
0.0932551,0.67706054,0.22968435
0.0064437827,0.9924981,0.0010581004
0.017048562,0.96884525,0.014106176
0.010438401,0.9885831,0.0009785376
0.12268574,0.46368986,0.41362438
0.028628513,0.79989564,0.17147581
0.6098473,0.3663412,0.023811454
0.017978199,0.9532365,0.02878525
0.014880112,0.980931,0.004188939
0.7788793,0.184594,0.036526635
0.33049098,0.044639822,0.62486917
0.015472035,0.80370283,0.18082511
0.031831667,0.9588504,0.009317981
0.024181,0.96874064,0.0070784264
0.097206004,0.4080553,0.49473867
0.026515901,0.9328939,0.040590167
0.043130662,0.5910375,0.36583182
0.014002001,0.984496,0.001501971
0.045388732,0.90081596,0.05379528
0.79899913,0.17262702,0.028373884
0.013713477,0.9841876,0.0020989263
0.011376542,0.98389024,0.004733194
0.04473364,0.94530445,0.009961948
0.009652076,0.9864633,0.0038845877
0.013890761,0.983374,0.002735253
0.013852147,0.98544043,0.0007073929
0.023979556,0.9700979,0.005922532
0.016200377,0.9397194,0.044080213
0.01688128,0.9820889,0.0010297647
0.030429607,0.9406474,0.028922932
0.0031963282,0.994497,0.0023067298
0.022777991,0.97518843,0.0020335421
0.013588539,0.85685587,0.12955554
0.019909214,0.9772449,0.0028458738
0.0068517867,0.98946637,0.0036818518
0.6348564,0.36032003,0.004823578
0.033449944,0.9507185,0.015831526
0.02235028,0.96438175,0.013267991
0.010204167,0.93575233,0.05404345
0.0060581085,0.99133635,0.0026055602
0.23871832,0.118174136,0.6431076
0.040407676,0.025435075,0.93415713
0.00682707,0.99169064,0.0014822361
0.92065006,0.054061327,0.025288593
0.08210802,0.5880346,0.32985747
0.42058903,0.24604718,0.33336377
0.12851377,0.020274347,0.8512119
0.028797947,0.025890052,0.945312
0.9775038,0.019720957,0.0027752598
0.069413535,0.041773796,0.8888127
0.03572877,0.021883257,0.94238806
0.0873623,0.02858483,0.8840529
0.059184104,0.028928656,0.91188717
0.32895884,0.04012215,0.6309191
0.029841045,0.049055636,0.92110336
0.011622617,0.9866932,0.0016842365
0.07217078,0.034763448,0.8930657
0.039277267,0.02752727,0.9331955
0.040417876,0.23134291,0.72823924
0.064855896,0.012317672,0.92282647
0.0608912,0.015915474,0.92319334
0.08126301,0.05060539,0.8681316
0.056369428,0.027633708,0.9159968
0.08021768,0.020813938,0.89896834
0.058652196,0.14111212,0.8002357
0.6382986,0.08535707,0.27634442
0.15979476,0.0445906,0.7956146
0.028829684,0.026663098,0.94450724
0.046655394,0.08029901,0.8730456
0.039227918,0.89697444,0.063797675
0.068600655,0.15013054,0.7812688
0.1065325,0.13921621,0.75425124
0.60722053,0.04126139,0.3515181
0.016615728,0.03080069,0.95258355
0.05220973,0.036698278,0.911092
0.004539932,0.99384767,0.0016124517
0.016916977,0.9599603,0.023122767
0.0728812,0.62913656,0.29798225
0.5406321,0.026882421,0.43248546
0.022953087,0.27234927,0.70469767
0.020334197,0.033755384,0.94591033
0.045661926,0.07232904,0.882009
0.90267867,0.012036983,0.085284404
0.904624,0.009321504,0.08605446
0.027862048,0.01271886,0.95941913
0.053000525,0.03198986,0.9150096
0.04407506,0.05890542,0.8970195
0.5511915,0.06691611,0.3818924
0.06919171,0.027361766,0.90344656
0.049174957,0.039129194,0.91169584
0.2155218,0.04063399,0.74384415
0.26955122,0.020969048,0.70947975
0.037319936,0.019723924,0.9429562
0.0410969,0.04073728,0.9181658
0.037520584,0.8997669,0.06271254
0.040168088,0.0248437,0.93498814
0.045399662,0.0146959955,0.9399044
0.09367574,0.028765453,0.87755877
0.083497964,0.07114116,0.84536093
0.032439362,0.03150278,0.93605787
0.08648899,0.05144359,0.86206746
0.047841154,0.027152795,0.92500603
0.06934674,0.03573152,0.8949217
0.013822113,0.9852262,0.0009516942
0.035614002,0.03506186,0.9293242
0.8002443,0.006876303,0.19287948
0.66356283,0.018289277,0.31814784
0.20226525,0.02426353,0.77347124
0.7324997,0.1597346,0.10776566
0.028577788,0.95099854,0.020423623
0.9202267,0.02475178,0.055021584
0.034262046,0.03243866,0.9332992
0.8349287,0.087486714,0.07758466
0.2246281,0.122366935,0.653005
0.048988856,0.040100854,0.91091037
0.44303635,0.35668567,0.20027801
0.9344428,0.024420407,0.04113682
0.55724937,0.08031859,0.36243206
0.085844494,0.04291314,0.87124234
0.039905034,0.016602434,0.94349253
0.17613715,0.05819742,0.7656655
0.20769775,0.10132269,0.69097954
0.37475887,0.172754,0.4524871
0.055890154,0.02429767,0.9198122
0.02862174,0.96086943,0.010508805
0.025951458,0.2945436,0.67950493
0.044305466,0.018523455,0.9371711
0.05783553,0.05322858,0.88893586
0.9597889,0.009538967,0.030672118
0.031063104,0.04954184,0.91939515
0.072863296,0.09549681,0.8316398
0.51754475,0.076626256,0.405829
0.0482193,0.06475956,0.88702106
0.050698716,0.3574608,0.59184045
0.042227577,0.07797239,0.8798
0.6491993,0.062051293,0.2887494
0.047020655,0.03132251,0.92165685
0.057642274,0.07437641,0.8679813
0.026083183,0.19586079,0.778056
0.043675013,0.06918174,0.8871433
0.034084104,0.029267782,0.9366481
0.8418797,0.018454803,0.13966553
0.043937556,0.036603805,0.9194586
0.025750391,0.08320449,0.89104515
0.030761465,0.03261775,0.9366208
0.01872254,0.021931661,0.9593458
0.05386188,0.25948232,0.68665576
0.12626985,0.023380393,0.8503498
0.058062933,0.08870849,0.85322857
0.63197255,0.06042318,0.30760425
0.017376548,0.04127908,0.9413443
0.029664893,0.03478353,0.9355515
0.04114638,0.062191714,0.8966619
0.062244,0.04558318,0.8921729
0.46273714,0.10741609,0.42984673
0.070030935,0.04499513,0.8849739
0.035388928,0.04025786,0.9243532
0.052392457,0.0895588,0.85804886
0.056362886,0.0339861,0.9096509
0.044893704,0.11297304,0.8421332
0.021269755,0.038289536,0.9404407
0.03098388,0.042061433,0.9269547
0.15871058,0.5247296,0.31655976
0.035322726,0.052356765,0.9123205
0.04188103,0.22762601,0.73049295
0.01827496,0.4307664,0.55095863
0.40235746,0.20113605,0.3965065
0.042825453,0.023466412,0.9337081
0.19822231,0.14817198,0.65360576
0.02795765,0.06765897,0.90438336
0.05329589,0.07129847,0.87540567
0.22588071,0.18132308,0.59279627
0.081857115,0.09060756,0.82753533
0.09237711,0.026883272,0.8807396
0.05467584,0.025056884,0.9202673
0.032202594,0.024859944,0.94293755
0.04997737,0.07061717,0.87940544
0.20311372,0.23332629,0.56356
0.40493193,0.073599696,0.5214684
0.8852249,0.010230695,0.104544334
0.14947034,0.1405516,0.70997804
0.02713601,0.06365009,0.90921384
0.06804639,0.030790955,0.9011627
0.4632069,0.09479797,0.4419951
0.035358917,0.08077943,0.88386166
0.054558117,0.16114013,0.78430176
0.029218217,0.017277444,0.9535043
0.021459509,0.06338174,0.91515875
0.015745202,0.022422194,0.9618325
0.02588434,0.24486534,0.7292503
0.07972449,0.12640794,0.7938676
0.104585305,0.1556273,0.73978746
0.07439807,0.30122805,0.6243739
0.06212629,0.61802727,0.31984648
0.18532321,0.2895681,0.5251087
0.17403902,0.521109,0.30485198
0.104918875,0.02216468,0.8729164
0.08349805,0.14726095,0.76924103
0.04308984,0.51680326,0.44010693
0.042045694,0.33707318,0.6208812
0.5316318,0.1634501,0.30491805
0.5974999,0.17371267,0.22878742
0.20829384,0.04325758,0.7484486
0.02715116,0.031495895,0.94135296
0.086051084,0.087491594,0.82645726
0.037108563,0.01976603,0.94312537
0.07691519,0.044125568,0.8789593
0.13006851,0.032886475,0.837045
0.046894692,0.054771934,0.8983334
0.041648325,0.033302363,0.9250493
0.68398064,0.12909792,0.18692145
0.30093667,0.15280543,0.5462579
0.017147247,0.007447312,0.97540545
0.13982797,0.052762646,0.8074094
0.034614895,0.01415054,0.9512345
0.015608575,0.024364643,0.96002674
0.048338693,0.040467452,0.9111939
0.10548071,0.04558875,0.84893054
0.040067285,0.29189673,0.6680359
0.049233902,0.0755139,0.8752522
0.1255797,0.3709059,0.50351447
0.08088416,0.074223466,0.8448924
0.9280462,0.032161716,0.03979206
0.22876225,0.09829337,0.6729444
0.9883437,0.010767143,0.00088901486
0.9103875,0.012586444,0.077026054
0.75175494,0.014450807,0.23379429
0.9918882,0.0057839053,0.0023277984
0.9946681,0.004120939,0.0012110305
0.9915406,0.0050135814,0.003445781
0.71863824,0.010488792,0.27087298
0.9938811,0.0055953176,0.00052350404
0.2681332,0.46556035,0.2663065
0.9926743,0.006995901,0.00032976895
0.9044447,0.03481321,0.060742132
0.9715223,0.010208291,0.01826947
0.89575064,0.01799236,0.0862569
0.9899554,0.0037783997,0.0062661357
0.98740256,0.011825678,0.000771654
0.9926519,0.0066884356,0.000659663
0.9315698,0.0046012327,0.06382896
0.8903018,0.014243586,0.09545456
0.9890427,0.0068756593,0.0040816576
0.9920569,0.0061579826,0.0017850884
0.994699,0.0039709397,0.001330098
0.9940719,0.004488053,0.0014400822
0.9440405,0.015835883,0.04012365
0.9866508,0.005500633,0.007848574
0.9905172,0.0064687133,0.0030141124
0.9915794,0.006143009,0.002277611
0.9878511,0.010329306,0.0018196732
0.95998204,0.01761706,0.022400921
0.9927805,0.001652141,0.005567332
0.99263245,0.0063945022,0.00097299746
0.4568848,0.287451,0.25566423
0.99204516,0.00630394,0.0016509173
0.9872764,0.011118629,0.0016049218
0.8463832,0.02054691,0.1330699
0.99664646,0.0032157737,0.00013774892
0.13011675,0.011413974,0.85846925
0.9875244,0.00907704,0.003398473
0.9989195,0.00088805956,0.00019243183
0.99356973,0.0022162918,0.0042140055
0.994873,0.004818858,0.0003080593
0.988468,0.009301174,0.0022309027
0.99095446,0.0055679563,0.003477539
0.02561557,0.054493595,0.9198909
0.991424,0.008057815,0.0005181459
0.9775949,0.01348924,0.0089158425
0.99227035,0.0069794096,0.0007501333
0.33200875,0.32910347,0.3388878
0.9946079,0.004025234,0.0013668446
0.17113826,0.7718725,0.056989238
0.99601173,0.0036132887,0.0003749335
0.8407005,0.020033766,0.13926575
0.97772276,0.0065814136,0.015695754
0.9899795,0.008252984,0.0017674878
0.9856001,0.013129889,0.0012699199
0.9887999,0.006210116,0.004989968
0.9838636,0.011771791,0.004364565
0.93380266,0.013823562,0.05237376
0.9866952,0.008511613,0.004793269
0.99524444,0.0038810796,0.0008744843
0.2044588,0.62031645,0.17522477
0.9854789,0.011563056,0.002958061
0.900948,0.016590308,0.08246173
0.92263484,0.04079588,0.036569193
0.71792054,0.07297406,0.20910539
0.921125,0.038205467,0.04066951
0.9920582,0.005329297,0.002612555
0.9946883,0.004624349,0.00068734813
0.8876444,0.012326061,0.100029565
0.9817847,0.011430064,0.0067853276
0.98710513,0.009753137,0.0031417394
0.99565387,0.00323145,0.0011145802
0.9897479,0.008446721,0.0018054496
0.9964561,0.0019615528,0.0015823208
0.9887664,0.010060003,0.0011736633
0.9886895,0.010666238,0.00064432167
0.9924614,0.0042923256,0.0032463518
0.98898673,0.008759321,0.0022539778
0.98136145,0.0056669097,0.012971686
0.9651683,0.0075586545,0.027272975
0.9932198,0.0046537374,0.0021264788
0.9859666,0.010699372,0.0033339888
0.99354655,0.0021480536,0.00430542
0.9573606,0.024583383,0.018055981
0.9863409,0.0013876279,0.012271545
0.9874464,0.00890077,0.0036528686
0.9850841,0.010411619,0.0045042965
0.69859225,0.16135602,0.1400517
0.93290895,0.0090041235,0.058086917
0.5566015,0.026679037,0.41671947
0.98244333,0.008735424,0.008821148
0.9894489,0.009201935,0.001349173
0.97252977,0.014284821,0.013185523
0.9783426,0.007851186,0.0138062
0.9878826,0.0068877437,0.005229695
0.9915931,0.0076601505,0.00074669876
0.99343526,0.0047096163,0.0018551503
0.9904529,0.006064543,0.003482574
0.9877599,0.0084627485,0.00377739
0.95927715,0.009432015,0.031290937
0.98982877,0.0058058156,0.0043653743
0.9815965,0.0077931313,0.010610421
0.9985158,0.0006221405,0.0008620711
0.9887377,0.0088257985,0.0024365173
0.9880336,0.0075143194,0.004452087
0.99693406,0.0014641094,0.0016017406
0.2221993,0.062368903,0.7154318
0.99506795,0.0043204427,0.0006115734
0.9761757,0.0049214517,0.018902738
0.9794754,0.016869271,0.0036553678
0.9859131,0.005234582,0.008852303
0.9912918,0.0050123236,0.0036958556
0.96335804,0.019838266,0.016803665
0.9857743,0.013496249,0.0007293825
0.9825398,0.0067772963,0.010683029
0.9871357,0.01090202,0.0019622748
0.9910539,0.007025527,0.0019206719
0.99385864,0.005174706,0.00096661807
0.9869192,0.010709709,0.0023710625
0.8952585,0.025708444,0.07903308
0.99146456,0.0061904714,0.0023450532
0.3907898,0.5417637,0.06744645
0.98355377,0.011953404,0.004492909
0.9931116,0.0061886567,0.0006997939
0.9589323,0.020594006,0.020473693
0.9929662,0.0042610886,0.0027727436
0.9837463,0.010087428,0.0061663208
0.98197573,0.016731631,0.0012927272
0.98607385,0.00926054,0.004665596
0.99308324,0.006360031,0.00055681984
0.98548084,0.013518609,0.0010005517
0.9921206,0.0058878534,0.001991538
0.9872891,0.0081029525,0.004607914
0.97846687,0.004332155,0.017201066
0.986919,0.011103754,0.001977231
0.49807256,0.16044214,0.3414852
0.69260556,0.27987212,0.027522305
0.9805963,0.01804816,0.0013555082
0.9951845,0.0042789574,0.0005366213
0.9875014,0.0074956175,0.0050029196
0.98364115,0.013440767,0.0029181463
0.9892055,0.009735785,0.0010587175
0.90926355,0.0640589,0.026677655
0.9926196,0.006197683,0.0011828486
0.9826561,0.007878105,0.00946576
0.22671264,0.7292512,0.044036176
0.27145678,0.25927892,0.4692643
0.98130554,0.0072476747,0.011446821
0.014004361,0.97604567,0.009949993
0.0073784054,0.9768174,0.015804209
0.013824803,0.9834952,0.0026800602
0.018348133,0.9804812,0.0011706683
0.007704856,0.98479813,0.00749703
0.113054946,0.7272003,0.15974471
0.016862806,0.9810142,0.0021230308
0.47780192,0.24048862,0.28170937
0.0076357615,0.9903685,0.0019958015
0.018934008,0.95420784,0.026858142
0.012887362,0.9864748,0.00063787546
0.01493809,0.9837918,0.0012700682
0.02867281,0.9370773,0.0342499
0.014717354,0.9825972,0.0026854693
0.016728729,0.9808472,0.0024241644
0.015275778,0.98368675,0.0010375014
0.009306641,0.98808366,0.0026097228
0.012073171,0.98375446,0.004172376
0.011505945,0.986374,0.0021200879
0.004004549,0.9953117,0.0006837608
0.0132783195,0.9851296,0.001592076
0.013806198,0.9831312,0.0030625814
0.012207354,0.98118144,0.006611149
0.013557309,0.98252803,0.003914698
0.00735407,0.9879623,0.00468367
0.021416927,0.97700715,0.0015758683
0.0147471465,0.98266506,0.0025878185
0.015674097,0.98211145,0.0022143929
0.017124485,0.97983503,0.0030404138
0.013427444,0.9855493,0.0010233504
0.06896241,0.5684632,0.36257437
0.06554955,0.47498116,0.45946926
0.015196713,0.9805085,0.0042948094
0.017350817,0.9754866,0.0071626063
0.011601171,0.98007536,0.008323433
0.01570473,0.9821109,0.0021843228
0.017213156,0.978199,0.004587836
0.0069660577,0.99230826,0.0007256632
0.010824985,0.9868837,0.0022913073
0.014412575,0.9831457,0.002441739
0.01445026,0.9847542,0.0007955659
0.010584392,0.9830209,0.0063947295
0.009668608,0.9881529,0.002178529
0.016159644,0.9785115,0.0053288843
0.0077423975,0.9905634,0.0016941484
0.016376913,0.9810721,0.0025510308
0.015242075,0.98055834,0.004199633
0.016066154,0.9738011,0.010132797
0.019114148,0.9794119,0.0014739248
0.019608555,0.9785993,0.0017920997
0.011599263,0.98663574,0.0017649619
0.019475142,0.97765267,0.0028721944
0.066026434,0.9163755,0.017598076
0.019512486,0.9690615,0.011426079
0.015507528,0.98121005,0.0032824539
0.0071226037,0.98627716,0.0066002104
0.036564615,0.9616131,0.0018222235
0.020523114,0.97638446,0.0030924808
0.01331856,0.9794685,0.0072129443
0.007265968,0.9914982,0.0012357984
0.012585507,0.97187346,0.015541025
0.01890033,0.97795963,0.0031401091
0.014729381,0.9709944,0.014276205
0.058715392,0.8613431,0.07994153
0.012588622,0.98549587,0.0019155042
0.005618289,0.9940708,0.0003108316
0.004971802,0.99292713,0.0021010856
0.027804418,0.93070006,0.04149552
0.38582838,0.3274483,0.2867233
0.012488321,0.9853116,0.0022000184
0.012000104,0.9854697,0.00253014
0.020284677,0.97546345,0.004251899
0.019306866,0.97776115,0.0029320302
0.017735055,0.9806723,0.00159263
0.014947574,0.98153657,0.0035158568
0.013164485,0.9805068,0.0063287374
0.014370019,0.97071666,0.014913299
0.008771364,0.9903465,0.0008821593
0.0034485222,0.9962134,0.0003381317
0.010086218,0.9894086,0.0005051142
0.012947143,0.9862235,0.0008293013
0.014546726,0.9845746,0.00087873254
0.010010424,0.9887094,0.0012801617
0.008637854,0.99063057,0.0007315455
0.017671807,0.9809996,0.0013285389
0.017676894,0.981282,0.0010410472
0.008079504,0.990217,0.001703508
0.010338622,0.98874205,0.0009193988
0.012497675,0.98701304,0.0004893429
0.61365634,0.13486825,0.25147542
0.017491085,0.980496,0.002012911
0.016644606,0.97877824,0.004577123
0.025683222,0.9713146,0.0030022247
0.011274422,0.97410685,0.014618711
0.022570651,0.974842,0.0025873515
0.013010376,0.98621285,0.00077676907
0.03932519,0.958361,0.002313722
0.033204406,0.9581337,0.008661889
0.019355016,0.9792429,0.0014020726
0.021103194,0.976901,0.001995762
0.013802359,0.9847794,0.0014182859
0.06417496,0.09747362,0.8383513
0.0062525426,0.99070615,0.0030413002
0.015622297,0.97124815,0.013129625
0.013432219,0.9830155,0.0035522387
0.03554149,0.9634354,0.0010231122
0.016974738,0.98175657,0.001268679
0.014024939,0.98322415,0.0027509078
0.014549376,0.98475397,0.0006966206
0.031618934,0.9674411,0.0009400061
0.0284035,0.9704524,0.001144077
0.0149646215,0.9769151,0.008120249
0.09147977,0.60710144,0.30141878
0.030937647,0.89316094,0.07590137
0.005322882,0.9928013,0.0018758206
0.010682524,0.9873024,0.002015043
0.010566304,0.98710805,0.002325647
0.004366397,0.98331577,0.012317827
0.005255728,0.9937702,0.00097411266
0.313169,0.566799,0.120032035
0.023923842,0.97448266,0.0015934334
0.02465899,0.908311,0.06703008
0.010665383,0.98861027,0.0007243723
0.015321655,0.9751463,0.009532031
0.016576191,0.97666067,0.006763111
0.0044130036,0.9928416,0.002745453
0.021804066,0.9754293,0.002766667
0.027550206,0.95705575,0.015394016
0.008806784,0.9904689,0.0007243181
0.010947791,0.9874154,0.0016368064
0.014967834,0.98382723,0.0012048706
0.0053793145,0.9906697,0.003950994
0.022038255,0.97441983,0.0035418696
0.01568013,0.9815305,0.0027894147
0.018382076,0.9680108,0.013607142
0.014893361,0.97988874,0.0052178605
0.13812788,0.8368397,0.025032425
0.015941015,0.9785607,0.005498318
0.008962116,0.9903758,0.0006620181
0.026097098,0.65690523,0.31699768
0.67643887,0.29044482,0.03311634
0.017771851,0.9798323,0.0023957817
0.017547457,0.98077834,0.0016741401
0.018831808,0.97441405,0.006754147
0.019102737,0.97405934,0.006837949
0.020333037,0.9607514,0.018915493
0.017063478,0.98208195,0.00085453293
0.0138199795,0.98507404,0.0011059721
0.00545323,0.99355173,0.0009950484
0.010475149,0.98819566,0.0013291672
0.035315316,0.875902,0.08878269
0.024232151,0.97458935,0.0011785005
0.014126948,0.9845895,0.0012835718
0.016258102,0.98255265,0.0011892907
0.029266005,0.969157,0.001577006
0.020026702,0.97345895,0.00651443
0.020637816,0.97324973,0.006112454
0.022444304,0.9731791,0.0043765963
0.01348257,0.9818942,0.004623191
0.013783369,0.9795904,0.006626262
0.02166373,0.9719947,0.0063415538
0.024091104,0.9736593,0.002249592
0.010429316,0.98772264,0.0018480887
0.014419537,0.97691953,0.008660898
0.019875592,0.9775019,0.0026224314
0.025257474,0.9731024,0.0016400835
0.012234068,0.9862135,0.0015523521
0.0031633906,0.9958509,0.0009857316
0.009019035,0.98409283,0.006888175
0.01161196,0.97525567,0.013132401
0.03478404,0.9433635,0.021852491
0.10707643,0.27236322,0.6205604
0.012337387,0.9858395,0.0018230752
0.013993585,0.94252264,0.043483786
0.005316509,0.99161255,0.0030709554
0.01678293,0.9659352,0.017281892
0.013941803,0.9603651,0.025693033
0.014735578,0.9838139,0.0014504959
0.026544973,0.9682788,0.0051762187
0.013009186,0.9861226,0.00086816325
0.016068239,0.982525,0.001406772
0.01661297,0.96931535,0.014071735
0.01864378,0.9789202,0.0024359978
0.013089712,0.9797096,0.007200643
0.016523203,0.9811741,0.002302654
0.013305484,0.98425716,0.0024373482
0.034990247,0.13893075,0.8260791
0.016668545,0.9754115,0.007919934
0.019681687,0.96419173,0.016126597
0.0487145,0.8824527,0.06883276
0.19363125,0.7381983,0.06817039
0.019580707,0.033275396,0.94714385
0.02590481,0.96828103,0.005814112
0.018039353,0.98011786,0.0018428359
0.007743272,0.9858498,0.006406872
0.015350256,0.98174864,0.002901177
0.009664116,0.9876938,0.0026420222
0.012856006,0.9859985,0.0011455013
0.023989316,0.9733401,0.0026705812
0.004155889,0.99529797,0.0005461998
0.016478378,0.9804254,0.0030961954
0.009538986,0.9854343,0.005026692
0.014129902,0.98479533,0.0010747857
0.01844882,0.9791454,0.0024058209
0.018736217,0.9789819,0.0022818572
0.017052868,0.9795562,0.0033908612
0.02185491,0.9757961,0.0023489227
0.025436552,0.97237533,0.0021881624
0.016830591,0.9820128,0.0011565759
0.022379551,0.95439476,0.023225646
0.03303418,0.96445805,0.00250783
0.01700218,0.9766445,0.0063532502
0.67054516,0.045770645,0.2836842
0.9595531,0.017592,0.02285484
0.026883323,0.8854846,0.08763205
0.9714642,0.022558436,0.005977391
0.01572063,0.22162127,0.76265806
0.045890037,0.03687368,0.9172363
0.081283644,0.024984544,0.89373183
0.027684845,0.009642667,0.96267253
0.087095916,0.08007996,0.8328242
0.82664365,0.017426617,0.15592965
0.06408443,0.016914481,0.9190011
0.036297336,0.047479544,0.9162231
0.02927798,0.026398841,0.9443232
0.035048977,0.04544542,0.91950566
0.049440596,0.041959688,0.90859973
0.042273216,0.050347976,0.9073788
0.018196194,0.022645527,0.95915836
0.079697706,0.037135337,0.8831669
0.047091033,0.03794973,0.91495925
0.034646958,0.041629277,0.92372376
0.057735644,0.10536572,0.8368986
0.8880543,0.009496725,0.10244898
0.08220266,0.049858432,0.8679388
0.98492634,0.011993487,0.0030801822
0.21031506,0.047503993,0.7421809
0.05005878,0.017316755,0.93262446
0.6756195,0.1978685,0.12651199
0.03282286,0.05811443,0.90906274
0.030180821,0.04818174,0.9216375
0.74406767,0.019964745,0.2359676
0.051946778,0.10062015,0.8474331
0.05416183,0.03954832,0.9062899
0.031691562,0.029395899,0.9389126
0.055794604,0.029545605,0.91465986
0.029221788,0.028267464,0.9425108
0.0242715,0.009043064,0.9666854
0.041265517,0.018617999,0.9401165
0.07080455,0.024782026,0.9044134
0.107959494,0.050303984,0.8417365
0.06405673,0.063248664,0.87269455
0.44249824,0.0128083965,0.54469335
0.98618615,0.007983996,0.0058298176
0.035303652,0.011439055,0.9532573
0.02069171,0.009217827,0.97009045
0.076461956,0.4268872,0.49665076
0.082152165,0.03290202,0.88494575
0.043731917,0.027608326,0.9286597
0.05001019,0.031819463,0.91817033
0.08447631,0.046789125,0.8687345
0.027924137,0.050960656,0.9211153
0.024320442,0.012703825,0.9629756
0.042842347,0.034864612,0.922293
0.03355066,0.020750863,0.94569844
0.043715395,0.05477787,0.9015068
0.07011118,0.0786743,0.8512146
0.053117428,0.054589897,0.8922926
0.055961654,0.041303854,0.9027345
0.07637713,0.114431925,0.8091909
0.035871822,0.80162555,0.16250265
0.044244587,0.04955159,0.90620387
0.065719396,0.58689576,0.3473848
0.011233132,0.98293924,0.0058276723
0.032612074,0.004030386,0.9633576
0.12312555,0.058559332,0.8183151
0.037815735,0.054010075,0.9081742
0.0426431,0.047386352,0.90997064
0.04433396,0.06779956,0.88786644
0.033007182,0.03479451,0.9321983
0.055894617,0.0393652,0.90474015
0.031104153,0.028293014,0.9406029
0.9872416,0.006279546,0.00647888
0.045888137,0.10210598,0.8520058
0.12878358,0.021542925,0.8496735
0.050672904,0.05463019,0.89469695
0.05779199,0.039953228,0.9022549
0.047759436,0.027912294,0.92432827
0.046154253,0.039400797,0.914445
0.047359902,0.04050907,0.91213113
0.063837186,0.036658615,0.8995042
0.049947843,0.04724351,0.9028086
0.022909446,0.7534882,0.22360243
0.08905769,0.3503432,0.56059915
0.14674032,0.030400096,0.8228595
0.98158216,0.007869495,0.010548277
0.04380175,0.8799965,0.076201774
0.25279975,0.34184432,0.40535596
0.037395123,0.47307786,0.48952705
0.019923296,0.080039054,0.90003765
0.034143653,0.035782244,0.9300741
0.051322594,0.0936621,0.8550153
0.27012244,0.045296546,0.68458104
0.028348632,0.018090012,0.95356137
0.031320155,0.30944774,0.65923214
0.02802639,0.02092939,0.95104426
0.044795483,0.07200365,0.8832008
0.0732904,0.13297123,0.79373837
0.037223604,0.33079982,0.63197654
0.057471793,0.058319863,0.8842083
0.037795197,0.01836602,0.9438388
0.019321918,0.13878414,0.841894
0.066263184,0.016317975,0.91741884
0.07010489,0.031352844,0.8985422
0.024019038,0.026795173,0.9491858
0.025566265,0.24831823,0.7261155
0.030740127,0.037847944,0.9314119
0.94739085,0.023236025,0.02937309
0.38535553,0.03147783,0.58316666
0.15764669,0.019162104,0.82319117
0.062674835,0.79759437,0.13973083
0.08243735,0.035594635,0.881968
0.2021077,0.023134388,0.7747579
0.10985563,0.044429056,0.8457152
0.59930617,0.23653238,0.16416149
0.9347749,0.021569122,0.043656006
0.045259543,0.034063756,0.92067665
0.023974154,0.018381622,0.9576442
0.117374524,0.024186147,0.8584393
0.10071848,0.09498657,0.80429494
0.027404143,0.044481315,0.92811453
0.045571145,0.03552552,0.91890335
0.081073776,0.03788735,0.88103884
0.042704817,0.035265513,0.9220296
0.056988664,0.037520356,0.905491
0.07719071,0.8320339,0.09077542
0.04230275,0.7852441,0.17245314
0.09881953,0.08997621,0.81120425
0.046954166,0.029991973,0.92305386
0.31856263,0.49921545,0.18222192
0.47948733,0.18413815,0.33637455
0.06373925,0.85115767,0.08510306
0.060681697,0.267871,0.6714473
0.058002736,0.09628631,0.845711
0.07750195,0.25461593,0.66788214
0.07452122,0.022928325,0.90255046
0.045296445,0.04490008,0.90980345
0.017511625,0.87224305,0.11024539
0.049370185,0.05301823,0.89761156
0.037278876,0.04082306,0.9218981
0.035855025,0.011939764,0.95220524
0.9896634,0.007735363,0.0026011632
0.060334325,0.045232467,0.8944332
0.0547319,0.03478971,0.9104784
0.06390649,0.041747503,0.894346
0.07024624,0.05795252,0.8718013
0.053535737,0.032982416,0.91348183
0.06574718,0.010545916,0.923707
0.104816794,0.20105554,0.6941277
0.029269023,0.03678335,0.93394756
0.033796366,0.028348442,0.9378552
0.060068946,0.03629161,0.90363944
0.03291871,0.036473293,0.930608
0.043884628,0.02875215,0.9273633
0.061693974,0.05875393,0.87955207
0.042157438,0.027864365,0.9299782
0.72085524,0.07588026,0.2032645
0.024465498,0.026479358,0.9490552
0.08383562,0.04598301,0.87018144
0.025588216,0.02076248,0.9536493
0.030512577,0.031327806,0.93815964
0.027009314,0.19400065,0.77899
0.055408128,0.03936706,0.9052248
0.07831071,0.08917202,0.83251727
0.046974655,0.034066662,0.9189586
0.044480663,0.021052254,0.9344671
0.020221602,0.06982619,0.90995216
0.040207565,0.030261476,0.929531
0.038918413,0.052524112,0.90855753
0.03322636,0.023792231,0.9429814
0.08586161,0.021185623,0.89295274
0.019810772,0.055020742,0.92516845
0.05448059,0.019539809,0.9259797
0.017456781,0.021959953,0.9605833
0.031655136,0.017601538,0.9507433
0.048686467,0.06006108,0.89125246
0.020019928,0.07910306,0.900877
0.101843305,0.030311326,0.86784536
0.078420974,0.046599213,0.8749798
0.0724918,0.04653078,0.88097745
0.11763058,0.053802636,0.8285668
0.06641385,0.04454463,0.8890415
0.027865306,0.040306915,0.9318278
0.021837564,0.06667583,0.91148657
0.04942438,0.03514996,0.9154256
0.045690577,0.022137716,0.93217176
0.032988496,0.026198184,0.94081336
0.107652746,0.061159246,0.831188
0.04933679,0.11129082,0.8393724
0.056207195,0.3240824,0.6197104
0.09524279,0.093949504,0.81080765
0.036881372,0.02117919,0.9419394
0.05106726,0.055162977,0.8937698
0.05946071,0.035505615,0.9050336
0.01247963,0.2618571,0.72566324
0.056180917,0.06671649,0.8771027
0.035994615,0.034785114,0.9292203
0.04125842,0.024278272,0.9344633
0.029871482,0.028061664,0.94206685
0.022693153,0.03380135,0.9435056
0.0145067405,0.0074528595,0.97804034
0.1078472,0.017795714,0.87435704
0.436439,0.088884704,0.47467625
0.07215811,0.037544973,0.890297
0.030304186,0.029718049,0.9399777
0.015049526,0.0044097034,0.9805408
0.033603124,0.040256966,0.92613983
0.16807435,0.05133492,0.7805907
0.03099781,0.04163073,0.92737144
0.07228148,0.062493347,0.86522514
0.039068785,0.052419003,0.9085122
0.013224178,0.009487884,0.9772879
0.9748345,0.007724345,0.017441114
0.049436655,0.024117041,0.9264464
0.07496977,0.07496977,0.8500605
0.027458848,0.030692445,0.94184875
0.05653011,0.042629514,0.9008404
0.043358646,0.03860166,0.9180396
0.025437346,0.05660079,0.91796184
0.052123755,0.048442554,0.89943373
0.04965239,0.0405251,0.9098226
0.99461335,0.0047521833,0.00063440495
0.11744006,0.13229956,0.75026035
0.018624019,0.010155412,0.9712206
0.04117269,0.031753708,0.9270736
0.036655217,0.0152205955,0.9481242
0.06327435,0.14413093,0.7925947
0.037352607,0.02254515,0.9401023
0.02127366,0.016746879,0.96197945
0.012745129,0.023033414,0.9642215
0.021720938,0.011301736,0.96697736
0.023535782,0.028031433,0.94843274
0.043053247,0.034628056,0.92231864
0.018877415,0.010055134,0.9710675
0.019207815,0.044398587,0.9363936
0.042548157,0.024338095,0.93311375
0.05623195,0.07312574,0.8706423
0.1977047,0.05598343,0.7463119
0.052206367,0.030511241,0.9172824
0.025530372,0.013638759,0.96083087
0.06800257,0.027448703,0.90454865
0.045280807,0.024570711,0.9301485
0.060294125,0.017495258,0.92221063
0.091160715,0.031167684,0.8776716
0.053388994,0.02038326,0.9262278
0.022448085,0.016487649,0.9610643
0.1123197,0.092843905,0.79483646
0.052671935,0.18420254,0.76312554
0.061105557,0.060040817,0.8788537
0.036264125,0.036655787,0.9270801
0.016312296,0.026322778,0.957365
0.053359397,0.0537779,0.89286274
0.053071745,0.01261796,0.9343103
0.036130246,0.021074587,0.9427952
0.013843022,0.0156862,0.9704708
0.03291692,0.020023696,0.9470593
0.024717517,0.021121375,0.95416105
0.039885484,0.1451844,0.81493014
0.06077339,0.023202531,0.9160241
0.03128866,0.017897516,0.95081383
0.019334575,0.0110165095,0.9696489
0.031364053,0.02202431,0.9466117
0.008006313,0.0030507473,0.98894286
0.043301467,0.026340725,0.9303579
0.0488246,0.08362313,0.8675522
0.015075603,0.015075603,0.96984875
0.011837073,0.033951983,0.954211
0.054043964,0.038099017,0.907857
0.036784913,0.0374007,0.9258144
0.029012764,0.06312265,0.9078646
0.04839288,0.02230785,0.9292993
0.03749736,0.0602139,0.90228873
0.086800635,0.050977655,0.86222166
0.0811996,0.046674564,0.87212586
0.038304992,0.035460938,0.9262341
0.05117318,0.031068427,0.91775846
0.04959651,0.029993802,0.92040974
0.06348846,0.037542272,0.89896923
0.03018568,0.015045496,0.9547688
0.06664943,0.018212045,0.9151385
0.045602523,0.022203201,0.93219423
0.057786535,0.24340925,0.6988042
0.050813016,0.019005988,0.93018097
0.03711749,0.025041476,0.937841
0.08438198,0.043606125,0.8720119
0.041621745,0.036623612,0.92175466
0.0293733,0.08582855,0.8847981
0.012999943,0.007335161,0.9796649
0.06273239,0.033251915,0.90401566
0.042982053,0.06586061,0.89115727
0.050172515,0.05483532,0.89499223
0.05514475,0.04261256,0.9022426
0.051365823,0.0247179,0.9239163
0.036967203,0.038066246,0.9249666
0.06286294,0.04179404,0.89534295
0.045064416,0.03284129,0.9220944
0.036987938,0.062489964,0.90052205
0.056312814,0.017823743,0.92586344
0.038637467,0.04157357,0.91978896
0.044457547,0.027017584,0.9285249
0.047067095,0.020402078,0.93253094
0.037874617,0.039115064,0.92301035
0.015809506,0.014649986,0.96954054
0.065832816,0.02270682,0.91146034
0.07139055,0.055490527,0.87311894
0.049045395,0.029143693,0.92181087
0.1938181,0.024497248,0.78168464
0.049837418,0.020755047,0.9294075
0.03940452,0.031662423,0.92893314
0.016139766,0.036621008,0.9472393
0.055657372,0.04079941,0.9035432
0.027680181,0.020093657,0.95222616
0.032715548,0.04241984,0.9248646
0.13844241,0.18978351,0.6717741
0.035867076,0.015321145,0.94881177
0.055288933,0.033014532,0.9116965
0.10540167,0.29144996,0.60314834
0.04034436,0.033316255,0.9263394
0.046907384,0.034553576,0.9185391
0.04141782,0.051144175,0.907438
0.056688707,0.029295053,0.91401637
0.04772797,0.026746834,0.92552525
0.04807922,0.004902018,0.9470187
0.06336399,0.017255217,0.91938084
0.041658126,0.059789166,0.8985527
0.058527764,0.045403764,0.8960685
0.046869583,0.029937943,0.9231924
0.017335808,0.024068385,0.95859575
0.08079906,0.05981067,0.85939026
0.01304235,0.020279448,0.96667826
0.063747644,0.09448933,0.84176314
0.074007,0.07778623,0.8482069
0.038347855,0.06903332,0.8926188
0.039810754,0.055868696,0.9043206
0.030260066,0.0501836,0.9195564
0.022112828,0.03578766,0.9420996
0.029336868,0.025364162,0.945299
0.05083466,0.05073547,0.89842993
0.2006276,0.013969825,0.7854026
0.058578707,0.049812306,0.8916089
0.045602635,0.021290198,0.93310726
0.04637951,0.05599903,0.89762145
0.07767386,0.55410963,0.3682165
0.03682049,0.018191898,0.94498754
0.070003934,0.035372492,0.8946236
0.047642916,0.031184023,0.92117316
0.08200986,0.018032776,0.8999573
0.06287078,0.043421917,0.89370733
0.038165063,0.023535786,0.93829924
0.04079656,0.09625454,0.8629489
0.034705058,0.065858625,0.8994363
0.021630453,0.09169227,0.88667727
0.039705914,0.03966716,0.92062694
0.040095057,0.041085992,0.9188189
0.03656549,0.019476762,0.94395775
0.05153077,0.050980184,0.8974891
0.053547457,0.015659474,0.9307931
0.046877783,0.029768247,0.92335385
0.06348615,0.05882988,0.877684
0.039207347,0.025612561,0.93518007
0.07362039,0.03994861,0.8864309
0.10374129,0.020830778,0.87542784
0.03736646,0.008305079,0.9543284
0.049811494,0.03834128,0.9118471
0.030993277,0.032671552,0.93633515
0.061683137,0.18041375,0.7579031
0.054208644,0.03249615,0.91329515
0.050209545,0.034239937,0.91555053
0.025898958,0.01638219,0.9577188
0.029653495,0.037890375,0.9324562
0.074861474,0.023764158,0.90137434
0.07303759,0.053539906,0.87342256
0.036986325,0.011914257,0.9510994
0.044493295,0.035265908,0.9202408
0.060185067,0.03795825,0.90185666
0.03598124,0.027858505,0.9361603
0.033058308,0.03238726,0.9345544
0.047745973,0.032687362,0.91956663
0.012863758,0.01203727,0.9750989
0.037595402,0.01895962,0.94344497
0.04701814,0.039438885,0.9135429
0.03729393,0.033202313,0.9295038
0.011852102,0.020518633,0.9676292
0.047647346,0.0453767,0.906976
0.06252816,0.011420635,0.9260512
0.05811665,0.07017055,0.8717128
0.02957518,0.012782387,0.95764244
0.0631176,0.118960164,0.81792223
0.07091257,0.010376803,0.91871065
0.030675415,0.037146434,0.9321782
0.04519273,0.037283592,0.9175237
0.061050285,0.016953053,0.9219967
0.037773874,0.018919846,0.9433063
0.063770734,0.025292039,0.91093725
0.02854185,0.011397598,0.9600606
0.04311317,0.8451689,0.1117179
0.054646686,0.02826739,0.9170858
0.025719121,0.019489795,0.95479107
0.03858085,0.018439125,0.94298005
0.034032397,0.02708005,0.93888754
0.018734263,0.019442542,0.9618233
0.030548332,0.02097505,0.9484765
0.036495343,0.14455347,0.8189512
0.020469908,0.0529913,0.9265388
0.015673291,0.038041472,0.9462853
0.05205934,0.036807608,0.91113305
0.046686713,0.0497463,0.90356696
0.021625265,0.025012359,0.9533624
0.052701727,0.0427626,0.9045356
0.03476114,0.030289613,0.9349493
0.024352029,0.0319165,0.94373155
0.54305655,0.025695352,0.43124813
0.04636151,0.028786516,0.92485195
0.26780447,0.09067206,0.6415234
0.037545204,0.1786814,0.78377336
0.030482262,0.032290146,0.9372276
0.039568417,0.04567659,0.9147549
0.05530456,0.029171927,0.9155234
0.033562973,0.030499805,0.9359372
0.052443426,0.027906945,0.9196496
0.04894027,0.04813449,0.90292513
0.94238067,0.0075773774,0.05004199
0.18429485,0.03409112,0.78161407
0.083587304,0.19529757,0.7211151
0.08535712,0.043681387,0.87096155
0.39866588,0.15680736,0.4445268
0.022735188,0.022735188,0.9545295
0.03412675,0.010489704,0.9553836
0.09536714,0.039561298,0.8650716
0.08533694,0.017143635,0.89751947
0.17469902,0.07528401,0.750017
0.043164685,0.03663339,0.92020184
0.079660185,0.029795919,0.8905439
0.05251808,0.012933105,0.9345488
0.027131913,0.20734875,0.7655193
0.059292648,0.031153621,0.90955365
0.07483748,0.06701841,0.85814416
0.032821782,0.013588944,0.9535893
0.07676579,0.036940698,0.88629353
0.051066384,0.03398434,0.91494924
0.025910264,0.03997415,0.9341155
0.05270034,0.035693675,0.91160595
0.24536943,0.065718606,0.68891203
0.023057835,0.1350417,0.84190047
0.030995037,0.03808733,0.9309177
0.05295948,0.02826424,0.91877633
0.020340187,0.027910551,0.9517493
0.08344882,0.049538445,0.8670128
0.19549614,0.057647627,0.7468562
0.023294352,0.005362665,0.97134304
0.039533906,0.022090051,0.93837607
0.051892795,0.019258816,0.9288484
0.04466509,0.038729984,0.91660494
0.053572886,0.03942509,0.907002
0.27356464,0.09640607,0.6300293
0.042034406,0.020686971,0.9372786
0.08193578,0.024172911,0.8938913
0.0343007,0.021256234,0.9444431
0.09463473,0.026151113,0.8792141
0.04549661,0.029004255,0.9254991
0.026097422,0.020087903,0.9538146
0.11670086,0.014226718,0.8690724
0.09867592,0.031232225,0.87009186
0.017012432,0.086227685,0.8967599
0.041952398,0.03620056,0.92184705
0.024615197,0.23896408,0.7364207
0.03878491,0.055774264,0.90544087
0.034834262,0.039165214,0.9260006
0.051677004,0.03678791,0.91153514
0.01877813,0.010533577,0.97068834
0.18940634,0.060745172,0.74984854
0.013760699,0.012072828,0.9741665
0.025244774,0.052103315,0.9226519
0.202157,0.06797914,0.72986394
0.020760132,0.055938073,0.9233018
0.029935854,0.047837354,0.9222268
0.020743031,0.93341595,0.045841005
0.026855566,0.088142045,0.8850023
0.048947703,0.031975538,0.91907674
0.028737798,0.022381023,0.9488812
0.075965375,0.027059851,0.89697474
0.020723715,0.009581117,0.96969515
0.037295945,0.025859388,0.93684465
0.022400556,0.0072652977,0.9703342
0.035995126,0.043801703,0.92020315
0.021040045,0.007831438,0.9711285
0.053214498,0.076974295,0.8698112
0.021199595,0.0117075285,0.9670929
0.02142868,0.06561936,0.91295195
0.06746082,0.070836544,0.8617026
0.041684058,0.017893108,0.9404229
0.105604686,0.04695341,0.8474419
0.06792564,0.026782524,0.90529186
0.13594265,0.030900978,0.8331564
0.06111498,0.05946651,0.87941855
0.0331797,0.023322048,0.94349825
0.11069842,0.01475634,0.87454534
0.023254525,0.023028534,0.95371693
0.050338566,0.03086163,0.9187999
0.10723767,0.050507303,0.842255
0.023615114,0.025684081,0.9507009
0.10787623,0.14221667,0.74990714
0.009257762,0.004001203,0.986741
0.028462457,0.0659836,0.90555394
0.061758433,0.042156737,0.89608485
0.04705187,0.050282486,0.9026656
0.0355677,0.04443796,0.91999435
0.05279276,0.03489389,0.91231334
0.06611771,0.04837275,0.88550955
0.08152742,0.029904524,0.8885681
0.98919255,0.007596961,0.0032104794
0.9852679,0.0075890208,0.007143163
0.11055646,0.02619543,0.86324805
0.6822665,0.07644546,0.24128807
0.017388415,0.95262575,0.029985866
0.039690368,0.025551062,0.93475854
0.14619312,0.030405272,0.8234017
0.045940578,0.034915637,0.9191438
0.056918528,0.027150258,0.91593117
0.051491752,0.032222718,0.91628546
0.036192175,0.0285745,0.9352333
0.020850781,0.01769583,0.96145344
0.040652473,0.01400802,0.9453395
0.03273224,0.012557935,0.95470977
0.04257429,0.040903326,0.9165223
0.040953934,0.054734103,0.904312
0.018018026,0.06681447,0.91516745
0.041248016,0.026347168,0.93240476
0.054370575,0.018808326,0.9268211
0.10782017,0.038708165,0.85347164
0.037250355,0.020631956,0.94211763
0.09679009,0.025659347,0.8775505
0.0469405,0.03834915,0.91471034
0.023709105,0.048458267,0.9278326
0.01944699,0.015687251,0.9648658
0.04901899,0.034154,0.91682696
0.066860296,0.052428022,0.8807117
0.056123488,0.013888624,0.9299879
0.034826092,0.031217905,0.933956
0.060190525,0.053586867,0.8862226
0.048868924,0.043337766,0.9077933
0.10344146,0.029607551,0.86695105
0.07565291,0.066959344,0.8573877
0.041374333,0.0141873155,0.94443834
0.03177955,0.010939902,0.9572805
0.06347298,0.02005083,0.91647625
0.05403579,0.057971943,0.88799226
0.17682509,0.009328016,0.8138469
0.022899631,0.014727471,0.9623729
0.05654699,0.03704822,0.9064048
0.051297687,0.024207659,0.9244946
0.038076997,0.016602151,0.94532084
0.07469225,0.025092177,0.9002155
0.03955628,0.052199252,0.90824443
0.043920808,0.019758033,0.93632114
0.056121524,0.018452775,0.92542565
0.063142955,0.035767585,0.90108943
0.01589797,0.008183574,0.9759184
0.04697338,0.02144307,0.9315835
0.044898365,0.04887971,0.9062219
0.04072475,0.044076975,0.9151982
0.03726185,0.027663628,0.93507457
0.055759083,0.07159608,0.8726448
0.023664623,0.083980344,0.89235497
0.03931108,0.04296448,0.91772443
0.058325954,0.0212484,0.9204257
0.13347267,0.021304874,0.8452225
0.055815753,0.062510684,0.8816736
0.027150549,0.015759634,0.95708984
0.054749165,0.027342059,0.9179088
0.039733376,0.017155996,0.94311064
0.014557554,0.021077944,0.9643645
0.021286126,0.013346559,0.96536726
0.026434904,0.018672071,0.954893
0.056337815,0.0520023,0.8916599
0.02139097,0.0056404346,0.9729686
0.060276095,0.019587902,0.92013603
0.032551993,0.08159631,0.8858517
0.098467946,0.04756951,0.85396254
0.048471723,0.040499642,0.9110287
0.05564127,0.046354022,0.89800465
0.7239289,0.012983731,0.2630874
0.0788287,0.025170574,0.89600074
0.14106613,0.025465248,0.8334686
0.23048171,0.6231582,0.1463601
0.1368132,0.04691343,0.8162734
0.03273187,0.16958742,0.7976808
0.07055463,0.017155603,0.91228974
0.013275578,0.040454745,0.9462697
0.017416459,0.03723247,0.945351
0.07121752,0.056502987,0.8722796
0.049413227,0.037153643,0.9134332
0.028837228,0.02825186,0.9429109
0.035160817,0.046444245,0.918395
0.04816346,0.054523077,0.89731354
0.021778671,0.044905663,0.9333157
0.039095562,0.046427127,0.9144773
0.03091108,0.020530982,0.9485579
0.068599604,0.022467636,0.9089328
0.030692264,0.0070107733,0.96229696
0.073686846,0.03473928,0.89157385
0.039874006,0.049045864,0.9110801
0.049292546,0.032358427,0.918349
0.04585173,0.043031674,0.91111654
0.04121152,0.04789966,0.9108889
0.11344231,0.024247795,0.86230993
0.05929453,0.025777685,0.9149278
0.06718545,0.017941996,0.9148725
0.046477254,0.037163615,0.9163591
0.015349171,0.057029087,0.92762166
0.032893807,0.052512843,0.91459346
0.08315168,0.024627646,0.8922206
0.053948134,0.06596966,0.8800822
0.11402467,0.086914994,0.7990602
0.061653037,0.032362204,0.90598476
0.086884834,0.041161906,0.87195325
0.0854351,0.024310807,0.8902541
0.038703743,0.024505682,0.9367905
0.05745126,0.04823728,0.8943114
0.08671638,0.051478207,0.8618055
0.035151068,0.034069583,0.93077934
0.052698176,0.04547305,0.90182877
0.039954707,0.038162295,0.921883
0.013257945,0.010778632,0.97596335
0.058521293,0.021570869,0.9199078
0.034054592,0.0337566,0.93218875
0.035755575,0.012823963,0.9514205
0.041495055,0.13174228,0.8267626
0.08083288,0.0110901315,0.90807694
0.036402248,0.14912528,0.8144725
0.4438011,0.048835974,0.5073629
0.046970505,0.040412102,0.91261744
0.05348326,0.0113761285,0.93514055
0.08782193,0.033398613,0.8787795
0.029338406,0.031753376,0.9389082
0.028160827,0.007797102,0.9640421
0.057100147,0.03386377,0.90903604
0.045163088,0.075192064,0.87964493
0.024182554,0.008904956,0.9669125
0.06556362,0.023150245,0.91128606
0.03639084,0.046818115,0.9167911
0.05159802,0.04357737,0.9048246
0.044881396,0.04034946,0.9147692
0.028483503,0.0410806,0.9304359
0.02828516,0.059413698,0.9123011
0.048478555,0.01510621,0.93641526
0.037381124,0.02546683,0.937152
0.13859285,0.057605084,0.803802
0.025414007,0.02650392,0.94808203
0.034831643,0.012639849,0.9525285
0.019451996,0.009761993,0.970786
0.06327159,0.032921176,0.9038072
0.05152671,0.051930845,0.89654243
0.030163014,0.0073629464,0.96247405
0.03628553,0.018714705,0.94499975
0.01102414,0.04020666,0.94876915
0.03038085,0.05714823,0.91247094
0.22408593,0.09036224,0.6855519
0.05659752,0.02280057,0.92060184
0.035027396,0.019174695,0.9457979
0.044485573,0.03812492,0.9173895
0.061441485,0.016074993,0.92248356
0.037714012,0.01863336,0.9436527
0.03329795,0.029042989,0.93765914
0.05213436,0.05742639,0.8904392
0.124964654,0.029768793,0.8452666
0.04859517,0.025483122,0.9259218
0.044937067,0.012849564,0.9422133
0.032048274,0.028615888,0.9393358
0.07044149,0.042433858,0.8871247
0.0776199,0.013889328,0.9084908
0.034447886,0.016129639,0.9494225
0.047776394,0.073350005,0.8788735
0.10102574,0.06742922,0.83154505
0.14226703,0.026150234,0.8315827
0.021910599,0.031755447,0.9463338
0.02730074,0.03627372,0.93642557
0.053992428,0.036355156,0.9096524
0.036203533,0.12355615,0.8402403
0.049178082,0.06495979,0.8858622
0.045772977,0.08207868,0.87214833
0.047452424,0.035057627,0.91748995
0.08044559,0.049175404,0.870379
0.06012578,0.022032805,0.91784143
0.03601812,0.033246312,0.9307356
0.051439133,0.037670445,0.91089046
0.06559188,0.03905212,0.895356
0.030830858,0.013788413,0.9553806
0.048486713,0.025851887,0.92566144
0.048382755,0.023419233,0.928198
0.051266488,0.025702996,0.9230305
0.050440036,0.04495,0.90461004
0.07718673,0.016741779,0.9060715
0.017711805,0.03673476,0.9455535
0.9899128,0.009170357,0.00091689883
0.060060624,0.034658734,0.9052807
0.96185744,0.014505535,0.02363696
0.8266884,0.049320314,0.123991266
0.9791574,0.018467072,0.0023755003
0.9529331,0.01255907,0.0345078
0.98656356,0.009596662,0.0038397207
0.9816304,0.015468788,0.0029008277
0.9961887,0.0020875016,0.0017238527
0.98850787,0.0052534863,0.0062386687
0.8264461,0.16979897,0.0037550128
0.7764935,0.028848661,0.19465783
0.99458414,0.0018428423,0.003573046
0.69461143,0.015972871,0.28941575
0.99375945,0.0032633203,0.002977096
0.9926368,0.0065079276,0.0008553232
0.98973536,0.008218782,0.0020458165
0.9217799,0.07276564,0.0054544057
0.9871135,0.0082613,0.0046251263
0.043129828,0.07651271,0.8803575
0.9954835,0.003576277,0.00094024464
0.9920826,0.0065297512,0.0013875517
0.12206605,0.079043,0.79889095
0.92372745,0.03560755,0.040665098
0.393106,0.055091277,0.5518027
0.82130843,0.17148444,0.007207045
0.9595712,0.008666416,0.031762406
0.99073505,0.008588295,0.0006766403
0.9716645,0.009666429,0.018668957
0.8293149,0.026360573,0.14432457
0.9820072,0.012778982,0.005213844
0.05124282,0.90255344,0.046203703
0.989626,0.0039739036,0.006400086
0.96487635,0.027856829,0.0072668875
0.6122991,0.11359625,0.27410465
0.118351005,0.11572236,0.76592666
0.9972608,0.0014390695,0.001300091
0.8587913,0.014182522,0.12702617
0.99328554,0.0031737834,0.0035406114
0.28791437,0.108641535,0.60344404
0.07387466,0.053837143,0.87228817
0.99246734,0.004103798,0.0034288513
0.97466743,0.014204811,0.011127729
0.07463441,0.51554203,0.40982354
0.97347426,0.023620652,0.0029049562
0.97993374,0.019049773,0.0010165263
0.9787538,0.009929,0.01131715
0.9910687,0.007899131,0.0010321009
0.99876994,0.00044647758,0.0007835926
0.9285581,0.029471911,0.041969925
0.9566832,0.03819747,0.0051192273
0.9311825,0.03712488,0.03169263
0.9895934,0.010127585,0.00027900265
0.98949754,0.008152864,0.002349561
0.9847113,0.010206376,0.0050822143
0.03374103,0.91820955,0.04804943
0.9881115,0.010680843,0.0012077562
0.9854613,0.012023461,0.0025153367
0.9941241,0.0054244935,0.00045139904
0.98704845,0.012019329,0.00093227765
0.99267876,0.006283374,0.0010378236
0.99392694,0.0054022735,0.00067091186
0.9864007,0.011261687,0.0023376376
0.9909825,0.007745673,0.001271877
0.99267983,0.0060781785,0.0012421135
0.9865357,0.0124429315,0.001021378
0.99199086,0.0073409174,0.0006682984
0.9908406,0.008006023,0.0011533771
0.99291563,0.0067032925,0.00038113992
0.99466455,0.0049514044,0.00038405505
0.9958727,0.0038009842,0.00032633916
0.9967051,0.0031170181,0.000177923
0.9926198,0.0069682444,0.00041198777
0.9831761,0.011603829,0.00522005
0.9795124,0.019060187,0.001427329
0.9902824,0.008874184,0.00084335345
0.99565613,0.004173657,0.0001702604
0.99103117,0.0054500294,0.0035188035
0.9818617,0.015367023,0.0027713464
0.80538243,0.17328545,0.021332115
0.9910452,0.008007676,0.0009470866
0.99217224,0.0068437387,0.0009840102
0.98781604,0.010930863,0.0012530425
0.99360234,0.0039203498,0.0024773674
0.98787826,0.0030237476,0.009098045
0.99473405,0.0028714559,0.0023945097
0.9859159,0.009204963,0.004879181
0.99216,0.0023193588,0.005520554
0.9903312,0.007605706,0.002063103
0.9917864,0.006553351,0.0016601861
0.07252231,0.026549516,0.9009282
0.995647,0.0027532107,0.0015996727
0.10489817,0.0812175,0.8138843
0.99286556,0.0063338466,0.0008005537
0.9947167,0.004715691,0.00056762627
0.98790205,0.008913578,0.0031844475
0.953106,0.023767518,0.02312643
0.93826103,0.02103477,0.040704265
0.94369406,0.02360186,0.032703996
0.92151004,0.02578626,0.052703694
0.09006727,0.018750507,0.8911822
0.6935141,0.20500238,0.10148353
0.9969813,0.0018581396,0.0011605251
0.16577555,0.7376228,0.096601635
0.991282,0.007808783,0.00090924423
0.16137417,0.798102,0.040523816
0.96804017,0.0165103,0.015449525
0.99214727,0.0071440353,0.00070873817
0.12943773,0.05049093,0.82007134
0.9929376,0.006408973,0.00065344037
0.9660438,0.011479834,0.022476424
0.98044133,0.0088462625,0.010712393
0.9910267,0.007405753,0.0015675639
0.99238366,0.006805206,0.00081118004
0.9939965,0.004594135,0.001409366
0.9919851,0.005094817,0.0029199985
0.9913283,0.008248104,0.0004236843
0.9935942,0.0061675254,0.00023820857
0.106474474,0.34119564,0.5523299
0.9722587,0.02098241,0.0067589795
0.99087954,0.008164251,0.0009562209
0.9965186,0.002985362,0.0004959893
0.98804396,0.010371759,0.0015843597
0.14471136,0.10102482,0.75426376
0.53298324,0.37610084,0.09091594
0.9936278,0.00529619,0.0010759863
0.98202443,0.01707915,0.0008963653
0.9959193,0.00267968,0.0014011032
0.994282,0.005383135,0.00033484993
0.9929796,0.006729962,0.00029054156
0.01728565,0.9165163,0.066198
0.02123411,0.97817343,0.0005924477
0.011754931,0.9862997,0.0019453553
0.25466576,0.45844603,0.2868882
0.010449301,0.9876845,0.0018661527
0.009285156,0.98869497,0.0020198566
0.0030321036,0.9964296,0.00053834316
0.0072369473,0.9914033,0.0013597822
0.012808968,0.9237726,0.06341846
0.047703214,0.5361599,0.41613695
0.0151153095,0.94987756,0.035007134
0.008458109,0.83579826,0.15574366
0.01202428,0.9864912,0.0014845786
0.0041368413,0.9946137,0.0012494045
0.012952559,0.95908606,0.02796139
0.008564975,0.98611695,0.005318114
0.0077842507,0.98239475,0.009821015
0.03495729,0.057298113,0.9077445
0.009844467,0.9866659,0.003489646
0.050861977,0.917986,0.031152088
0.0062519247,0.98867524,0.005072861
0.008941751,0.97090775,0.020150548
0.022636462,0.2222364,0.7551272
0.026072608,0.90927094,0.06465649
0.02127378,0.9273932,0.051333044
0.043025002,0.099938475,0.8570366
0.009902512,0.9886141,0.0014834211
0.010575628,0.98797905,0.0014453012
0.011739671,0.9850193,0.0032409432
0.06099655,0.3448947,0.59410876
0.017011553,0.8216661,0.16132234
0.008229685,0.9910484,0.0007219163
0.23766394,0.6326147,0.12972137
0.0528855,0.8421443,0.10497015
0.0064686625,0.9628514,0.03067997
0.012648054,0.983403,0.0039489153
0.11525801,0.16901469,0.71572727
0.014563608,0.98091596,0.004520416
0.007889418,0.98985016,0.002260356
0.017717203,0.9816005,0.0006822904
0.011744465,0.9873481,0.0009074064
0.04412339,0.5071894,0.4486872
0.022731913,0.90051705,0.07675103
0.009918045,0.9882329,0.0018490434
0.009739579,0.9019131,0.08834733
0.0018777287,0.99770087,0.00042144003
0.013957261,0.9803925,0.0056502684
0.042194847,0.920858,0.03694704
0.037847947,0.8418715,0.12028051
0.01285545,0.97067004,0.016474515
0.04930067,0.527708,0.42299137
0.01687599,0.9400296,0.04309435
0.006982347,0.99268794,0.0003297735
0.0067276047,0.9926318,0.0006406043
0.017784778,0.981503,0.0007121758
0.01846304,0.87580705,0.10572993
0.2644822,0.15994729,0.5755705
0.008403658,0.98662704,0.004969288
0.03241338,0.35018238,0.6174043
0.010877447,0.98780036,0.0013221639
0.015431357,0.9830877,0.0014809021
0.016537622,0.9527465,0.030715844
0.015381194,0.98084944,0.0037693232
0.00419264,0.9943414,0.0014660173
0.0037150094,0.99448496,0.0017999734
0.02303276,0.9689135,0.008053738
0.0107844,0.98799616,0.0012194661
0.0023385286,0.97053,0.02713146
0.007292394,0.98639655,0.0063110404
0.013697086,0.98301125,0.0032916921
0.036047585,0.94847876,0.015473622
0.027663236,0.94885933,0.023477484
0.02872463,0.9224132,0.048862245
0.021771166,0.9768151,0.0014137017
0.013879856,0.97781587,0.008304244
0.037000686,0.5150362,0.4479631
0.06079629,0.19837238,0.7408313
0.066102006,0.5051677,0.4287303
0.008593832,0.9894393,0.001966854
0.007191253,0.9909328,0.0018759506
0.027640115,0.9696017,0.0027582063
0.015578492,0.97898483,0.005436616
0.008603617,0.99056584,0.0008305161
0.00958963,0.9896992,0.0007111441
0.011891542,0.9871013,0.0010071025
0.015708227,0.98232955,0.001962279
0.020557778,0.97326964,0.006172564
0.008687185,0.9904676,0.0008451602
0.010886185,0.97898656,0.01012724
0.027032431,0.7788957,0.19407189
0.0076357955,0.9702693,0.022094907
0.010701185,0.98324895,0.0060499017
0.018621303,0.9806085,0.0007700955
0.8939612,0.05198399,0.054054793
0.07112892,0.06234342,0.8665276
0.8971048,0.080600485,0.022294689
0.0146892825,0.9836003,0.0017104003
0.0074381437,0.96285474,0.029707124
0.027877808,0.10613851,0.86598366
0.010590071,0.9787577,0.010652305
0.031504545,0.9667694,0.001726049
0.032343723,0.95729846,0.010357884
0.015116694,0.9772524,0.0076309014
0.061229967,0.617948,0.32082206
0.033163793,0.5139157,0.45292047
0.0059416513,0.9933943,0.0006640358
0.012322921,0.9856457,0.0020314031
0.012778943,0.98584765,0.0013734557
0.018898452,0.9276316,0.05346991
0.009104039,0.98563725,0.0052587325
0.014350354,0.9846539,0.0009958146
0.07659865,0.53326,0.39014134
0.03429337,0.9437803,0.02192629
0.013828902,0.98378676,0.0023844019
0.08329778,0.8911735,0.025528736
0.016371785,0.9674472,0.016181046
0.014055338,0.97387546,0.012069222
0.023985237,0.9571517,0.018863035
0.028755827,0.6640461,0.30719808
0.010259768,0.9888965,0.0008438196
0.008474471,0.98047274,0.011052795
0.02425342,0.8718251,0.103921495
0.012593558,0.9868455,0.0005609392
0.009998947,0.9885407,0.0014603143
0.01047872,0.98756766,0.001953571
0.02043811,0.9751933,0.0043685567
0.018339444,0.9800168,0.0016436918
0.23270814,0.48217186,0.28511995
0.005454809,0.99383944,0.0007057993
0.0134695005,0.98382056,0.0027099017
0.0073670987,0.9916475,0.0009854126
0.9443792,0.036474798,0.019145932
0.009953936,0.9840906,0.0059553864
0.027170792,0.8548047,0.11802454
0.019019825,0.9755309,0.0054492713
0.055521842,0.7633158,0.18116236
0.009193807,0.98664594,0.0041601923
0.0075705876,0.9915514,0.0008780725
0.025838697,0.9733848,0.0007764604
0.04617839,0.9202997,0.033521913
0.050929524,0.6221171,0.32695344
0.007858453,0.99175936,0.00038218606
0.010995304,0.98783445,0.0011702692
0.011253475,0.98664445,0.002102112
0.021152027,0.95928556,0.019562425
0.012029358,0.9859446,0.0020260743
0.008366131,0.98799324,0.0036406426
0.014322263,0.95902455,0.026653191
0.010097693,0.9857094,0.0041929334
0.09560569,0.6042465,0.30014786
0.0060500684,0.99002075,0.003929173
0.014793927,0.980023,0.005183024
0.008145598,0.9866868,0.0051675546
0.003884999,0.99042916,0.0056858584
0.014943922,0.984176,0.000880094
0.014215929,0.9556301,0.030153962
0.0027716565,0.9964617,0.00076666055
0.01903808,0.9793322,0.001629761
0.0107122455,0.95865196,0.030635783
0.05807116,0.14067253,0.80125624
0.01037639,0.98655635,0.0030672548
0.017598407,0.98074865,0.0016529706
0.020425498,0.9774509,0.0021235987
0.009577755,0.9865449,0.0038773282
0.0102865575,0.9770608,0.012652681
0.011230474,0.9875168,0.001252663
0.011969319,0.9867887,0.0012419983
0.005275995,0.9937131,0.0010108823
0.0074424157,0.9920501,0.00050745293
0.012582627,0.985989,0.0014283727
0.025612235,0.87572545,0.0986623
0.013659366,0.952001,0.034339644
0.012358746,0.9865823,0.0010590081
0.017270928,0.9786108,0.004118261
0.007615237,0.9896374,0.0027473033
0.03781324,0.10491674,0.85727006
0.014315834,0.9813265,0.004357564
0.060370356,0.75637996,0.18324971
0.056797337,0.84313005,0.10007257
0.020099651,0.89436376,0.08553662
0.01591818,0.98290133,0.0011804544
0.0039285747,0.99568695,0.0003844498
0.011360287,0.9872935,0.001346234
0.016994605,0.9819462,0.0010591907
0.012494188,0.98673767,0.00076812797
0.009166121,0.9894554,0.001378482
0.010099477,0.98877615,0.0011243118
0.08673101,0.90155417,0.011714864
0.074155115,0.9069301,0.018914865
0.005268777,0.99429363,0.00043758558
0.015503785,0.98385125,0.0006449365
0.00484626,0.99468493,0.00046872918
0.15444568,0.81439054,0.031163778
0.020005284,0.97527075,0.004723911
0.01662751,0.9787281,0.0046444265
0.012069365,0.9872935,0.00063715916
0.017447338,0.98187155,0.00068114715
0.017038615,0.98065096,0.0023104341
0.023402818,0.97586596,0.0007312764
0.013573928,0.98469365,0.0017324856
0.04349166,0.9556703,0.00083807344
0.03783796,0.9607247,0.0014373556
0.02051227,0.97873175,0.00075596664
0.0153733315,0.9832244,0.001402285
0.017305726,0.98058254,0.0021117602
0.016478132,0.9813688,0.002153034
0.010555061,0.98798543,0.001459494
0.004148745,0.9955295,0.0003217969
0.027224207,0.9700511,0.002724674
0.011149002,0.98804176,0.0008092099
0.022049963,0.9768436,0.0011064132
0.022500359,0.97275555,0.004744047
0.002939963,0.99681866,0.00024132685
0.004572471,0.99512297,0.0003045468
0.004791187,0.99497306,0.00023576009
0.01666831,0.9820884,0.0012433461
0.013513195,0.9860486,0.00043821553
0.021463297,0.977212,0.0013247026
0.024777584,0.97344154,0.001780914
0.027410584,0.97193456,0.00065478665
0.022614455,0.97578055,0.0016049322
0.0076642386,0.9901866,0.0021491682
0.01934634,0.9797602,0.00089342566
0.01354868,0.9857458,0.000705542
0.018163051,0.98107326,0.0007637185
0.0038835343,0.995874,0.00024251497
0.018036343,0.98091173,0.0010518935
0.022663945,0.9760079,0.0013282485
0.0213539,0.9779448,0.00070132694
0.015617207,0.9833365,0.0010462877
0.01550151,0.98370695,0.00079162145
0.020678172,0.978014,0.001307787
0.012003547,0.9876796,0.00031677503
0.027772719,0.97140324,0.00082405005
0.019976638,0.9786412,0.0013821843
0.0121066505,0.9845576,0.003335733
0.023165235,0.9716356,0.0051992377
0.010400033,0.9888043,0.00079572346
0.013128286,0.9664187,0.020452978
0.017207902,0.9779003,0.00489178
0.019494144,0.9766971,0.0038087517
0.014906555,0.9826742,0.0024192114
0.070295066,0.49951577,0.4301892
0.010542313,0.9867922,0.0026655141
0.026648147,0.9338915,0.039460402
0.028804358,0.85671455,0.11448106
0.011795663,0.97914255,0.0090617305
0.025213879,0.8659019,0.10888424
0.0042041875,0.99513453,0.00066131284
0.32543212,0.6085813,0.065986544
0.017991122,0.97654325,0.005465591
0.028998286,0.9697151,0.0012865991
0.09957135,0.84352815,0.056900505
0.010659041,0.9880223,0.0013185922
0.011006794,0.9869372,0.0020560327
0.016496863,0.9815252,0.0019779806
0.0051814285,0.9883702,0.0064483914
0.020451685,0.86920327,0.11034504
0.017776819,0.92794585,0.0542773
0.043220114,0.5439061,0.41287377
0.0065700086,0.9913987,0.0020313226
0.007512608,0.9897398,0.0027475876
0.06894167,0.065784596,0.8652737
0.009246182,0.9903306,0.00042325788
0.0110392915,0.9879197,0.0010409489
0.03113376,0.9675974,0.0012688327
0.025436668,0.97332984,0.0012334617
0.012329132,0.9832576,0.004413293
0.026605899,0.9466318,0.026762247
0.012466092,0.9523664,0.035167478
0.014539586,0.98121256,0.0042478214
0.016922772,0.9280214,0.055055827
0.006137385,0.99260837,0.0012542128
0.017542863,0.9747932,0.00766391
0.2840684,0.59291726,0.123014346
0.30550528,0.54862565,0.14586906
0.011757267,0.964585,0.023657735
0.015282832,0.9803042,0.0044129463
0.020891072,0.9775261,0.0015828765
0.011813646,0.9873618,0.0008246023
0.03542461,0.96308446,0.0014909864
0.012386744,0.95465827,0.032954983
0.007121102,0.98703265,0.005846229
0.012439141,0.9804733,0.007087608
0.020040013,0.9769638,0.0029961863
0.011014226,0.98471445,0.0042713163
0.0036074007,0.99438864,0.002003903
0.04828256,0.9500956,0.0016217661
0.0101068355,0.98949665,0.00039650395
0.029987857,0.29197595,0.6780362
0.024004722,0.9645002,0.01149512
0.010257017,0.97425485,0.015488091
0.025765616,0.96873784,0.005496541
0.013316282,0.979301,0.007382732
0.012442151,0.98262805,0.004929851
0.008164823,0.990949,0.00088615075
0.017284442,0.9812912,0.0014243464
0.012467631,0.9760242,0.011508176
0.010763287,0.87019646,0.11904019
0.016152686,0.9415392,0.042308036
0.010810884,0.9884899,0.0006992634
0.01354089,0.982297,0.004162128
0.011765519,0.9833394,0.004895028
0.008618092,0.9845109,0.006870942
0.014464863,0.9819063,0.0036288288
0.012722812,0.97578305,0.011494102
0.015638683,0.96847636,0.015884956
0.00981753,0.98492754,0.0052549457
0.018204551,0.97185904,0.009936381
0.013576902,0.9416445,0.044778556
0.0048521333,0.99394715,0.0012007353
0.056561094,0.8126987,0.1307402
0.015937632,0.9831419,0.0009204622
0.013967346,0.9849408,0.0010918725
0.021449592,0.9775423,0.0010081212
0.010002355,0.9888776,0.0011200435
0.007349596,0.99122566,0.0014247843
0.0023208382,0.9947339,0.002945297
0.012798781,0.98065144,0.0065497574
0.022223586,0.95611,0.02166642
0.0113646835,0.97998947,0.008645795
0.0076718847,0.99117434,0.0011537656
0.010972132,0.98575264,0.0032751844
0.02297647,0.9760307,0.0009928944
0.027537718,0.9716864,0.000775863
0.0077073663,0.99090815,0.0013845562
0.011957358,0.9819593,0.0060834102
0.021746589,0.9766657,0.001587673
0.011558965,0.98609275,0.0023483462
0.027174318,0.97206306,0.0007626395
0.008924807,0.9852903,0.0057848417
0.0059266803,0.99282855,0.0012447283
0.010579004,0.9873297,0.0020912825
0.40206075,0.5852092,0.012730064
0.023053017,0.97451246,0.0024345205
0.012280083,0.9870271,0.0006927949
0.021604413,0.97789043,0.00050511875
0.016724609,0.98156357,0.0017118665
0.02050276,0.9782779,0.0012193207
0.010915936,0.9883957,0.00068835675
0.009346539,0.98652214,0.0041313316
0.05516527,0.13220544,0.8126293
0.010957418,0.98828363,0.0007588849
0.044576913,0.6034262,0.35199684
0.021784956,0.9745744,0.0036406312
0.032084353,0.13028647,0.83762926
0.03356567,0.03224828,0.9341861
0.3982525,0.5340787,0.067668796
0.03905737,0.041091975,0.9198506
0.051940385,0.033666484,0.9143931
0.4626136,0.347159,0.19022742
0.056730542,0.07471668,0.8685528
0.3549471,0.47950292,0.16555002
0.04564596,0.048211742,0.9061423
0.01792488,0.9550614,0.027013749
0.027164625,0.018982492,0.95385283
0.1300539,0.2519125,0.6180336
0.14386071,0.024834996,0.8313043
0.035708725,0.04962509,0.9146661
0.0300043,0.04656242,0.92343324
0.022429395,0.0107197855,0.9668509
0.023388034,0.048744846,0.9278671
0.08521075,0.07903828,0.835751
0.31529176,0.059357382,0.6253509
0.04115648,0.04471858,0.9141249
0.022199295,0.7401823,0.2376184
0.15823367,0.052384157,0.78938216
0.042170487,0.37166396,0.58616555
0.0283428,0.621276,0.35038114
0.056785546,0.015939081,0.9272754
0.04896289,0.04681206,0.90422505
0.87787783,0.065643966,0.05647822
0.0510699,0.07794838,0.87098175
0.9791135,0.0035728598,0.017313583
0.03535227,0.4221426,0.54250515
0.09070191,0.26477158,0.64452654
0.22044986,0.55475235,0.22479783
0.9853291,0.007213711,0.0074572493
0.10950762,0.44100693,0.44948548
0.040045492,0.039578944,0.9203755
0.97874886,0.006945076,0.014306144
0.054106273,0.044943366,0.9009503
0.03150064,0.6451863,0.3233131
0.043970224,0.02594993,0.9300799
0.11012438,0.8538079,0.03606777
0.007223505,0.9516522,0.041124254
0.035156384,0.18665089,0.77819276
0.066045195,0.039863322,0.8940915
0.023455855,0.90767086,0.0688733
0.06267826,0.05242082,0.884901
0.15792264,0.052128237,0.7899491
0.29388547,0.033239763,0.67287475
0.29773694,0.26715043,0.4351126
0.021344148,0.045009397,0.93364644
0.055547908,0.036500428,0.90795165
0.9783659,0.005727383,0.015906742
0.060514353,0.83843964,0.101046
0.24955657,0.23057681,0.51986665
0.27994573,0.056404274,0.66365004
0.72907215,0.09373795,0.17718989
0.10570451,0.030166775,0.8641287
0.7618389,0.02426905,0.21389204
0.043372527,0.041874208,0.9147533
0.034360588,0.027826056,0.93781334
0.03273842,0.033580314,0.93368137
0.048892703,0.0903676,0.8607397
0.023881882,0.037866153,0.938252
0.05075737,0.11675348,0.8324891
0.022519005,0.78275645,0.1947246
0.023240585,0.7851852,0.19157419
0.022885334,0.026547454,0.9505672
0.009500875,0.85649526,0.13400382
0.078414194,0.11656969,0.80501616
0.03512516,0.52499324,0.43988162
0.021745002,0.32387987,0.65437514
0.04841609,0.025463704,0.9261202
0.20280936,0.06613254,0.7310582
0.038273543,0.055038888,0.90668756
0.18075019,0.40772477,0.411525
0.04085686,0.053443734,0.90569943
0.033221144,0.05206044,0.9147184
0.036230616,0.016506787,0.9472626
0.012334551,0.98177034,0.0058951094
0.02967515,0.026188226,0.9441367
0.024236212,0.011426037,0.9643377
0.038513817,0.06500437,0.8964818
0.06123059,0.29831293,0.64045644
0.045707412,0.016297478,0.93799514
0.04096921,0.033832256,0.92519855
0.08001101,0.025523154,0.8944658
0.047502954,0.035822112,0.91667485
0.029217811,0.06095464,0.90982753
0.01374041,0.9774915,0.00876812
0.050719395,0.013531486,0.9357491
0.036028545,0.036595915,0.92737544
0.04912993,0.23749629,0.7133738
0.04060536,0.082265735,0.8771289
0.02131487,0.12016877,0.85851634
0.027327567,0.20651168,0.7661608
0.072256744,0.04057196,0.8871714
0.022704845,0.0730064,0.9042887
0.037874784,0.033686534,0.9284387
0.053636424,0.06018738,0.8861762
0.039924774,0.0959618,0.86411345
0.0563859,0.053803805,0.88981026
0.13738479,0.22408904,0.63852614
0.8512392,0.07438045,0.07438045
0.03535836,0.49494705,0.46969455
0.07097602,0.6566792,0.27234474
0.09519437,0.033678457,0.8711272
0.20665045,0.05478366,0.7385659
0.029525269,0.03750613,0.9329686
0.05309624,0.15514678,0.791757
0.034780897,0.1619284,0.8032908
0.04301677,0.5083003,0.44868296
0.04195663,0.057460036,0.9005834
0.07713009,0.1292948,0.79357505
0.053993225,0.032780543,0.9132262
0.044933368,0.31022865,0.644838
0.086373284,0.089726344,0.82390034
0.36355865,0.5460328,0.09040858
0.019172447,0.64584786,0.33497965
0.054902736,0.037112787,0.9079845
0.024467481,0.1088023,0.8667303
0.066160545,0.23387331,0.6999662
0.012314452,0.041375443,0.94631016
0.03400997,0.18127109,0.78471893
0.013688928,0.9709802,0.0153308725
0.046647154,0.041691914,0.9116609
0.03328609,0.7046427,0.2620712
0.041346576,0.09594609,0.8627073
0.013489627,0.07793128,0.9085792
0.050311048,0.0451867,0.9045023
0.016336847,0.9691612,0.014501942
0.046670955,0.08847946,0.8648496
0.15340352,0.08187078,0.7647257
0.09464725,0.058882706,0.84647006
0.17128102,0.044420287,0.7842987
0.05159457,0.039212763,0.9091927
0.051005118,0.15618898,0.79280585
0.06016022,0.040114507,0.8997253
0.07165383,0.02418927,0.90415686
0.03596925,0.05653234,0.90749836
0.03912659,0.037590947,0.92328244
0.031526536,0.02712454,0.94134897
0.862791,0.020500032,0.11670907
0.06116629,0.094459064,0.84437454
0.029145876,0.018781275,0.9520728
0.91211456,0.02857084,0.059314597
0.072110526,0.030325508,0.897564
0.033960395,0.47265875,0.49338084
0.16749927,0.5362247,0.29627603
0.02601033,0.057988897,0.9160008
0.06371666,0.06567507,0.8706082
0.043315347,0.074696176,0.88198847
0.13444471,0.10368811,0.76186717
0.038782243,0.040683147,0.9205346
0.047719393,0.06670626,0.88557434
0.019496435,0.14335854,0.837145
0.38144132,0.019711232,0.59884745
0.11700552,0.24721739,0.6357771
0.035391256,0.40364948,0.56095934
0.07877648,0.124053866,0.7971696
0.035912503,0.030627728,0.9334599
0.964472,0.023516767,0.012011189
0.77239084,0.14545606,0.08215313
0.029471751,0.030111784,0.94041646
0.2091533,0.084670775,0.70617586
0.036777135,0.24761096,0.71561193
0.05503858,0.058416873,0.88654447
0.06850347,0.034412086,0.8970845
0.0164259,0.9659173,0.017656872
0.037075114,0.01972894,0.943196
0.06313305,0.047284473,0.88958246
0.043666396,0.052312896,0.9040207
0.033528574,0.021395471,0.94507587
0.04835393,0.062148336,0.8894977
0.04688195,0.043998536,0.90911955
0.043145876,0.041533522,0.9153206
0.058212172,0.053158298,0.88862956
0.05238854,0.029820956,0.91779053
0.3106287,0.0532462,0.6361251
0.12654072,0.047100466,0.82635874
0.021837821,0.07021852,0.90794367
0.15435769,0.07277114,0.7728712
0.036232777,0.35973737,0.6040299
0.066618554,0.04507637,0.888305
0.09200033,0.025697703,0.882302
0.79863167,0.10892493,0.092443384
0.026523147,0.05479526,0.9186816
0.04245469,0.060399238,0.89714605
0.015048332,0.01874625,0.9662054
0.02412044,0.029180167,0.9466993
0.055013876,0.16715367,0.7778325
0.021114705,0.032448597,0.94643664
0.043432735,0.005912524,0.95065475
0.030101052,0.014080551,0.95581836
0.03625403,0.017720643,0.9460253
0.038817007,0.012430917,0.9487521
0.040613614,0.19642392,0.76296246
0.042432893,0.022426168,0.93514097
0.009837134,0.009992046,0.98017085
0.018405603,0.008551045,0.97304326
0.046345215,0.022786248,0.9308686
0.03001605,0.031641405,0.9383426
0.040002026,0.066729605,0.89326835
0.018483128,0.022338497,0.9591784
0.104157254,0.009145708,0.88669705
0.02273131,0.014477149,0.9627916
0.016573789,0.01922593,0.96420026
0.03170109,0.0115150595,0.95678395
0.05158714,0.0114099225,0.93700296
0.035200454,0.011540063,0.95325947
0.02258259,0.01059459,0.9668228
0.012887959,0.0063551283,0.9807569
0.037481688,0.027422188,0.93509614
0.007463462,0.0025269461,0.9900096
0.029885165,0.02300343,0.9471115
0.0076975534,0.0036218914,0.9886806
0.052791968,0.008702625,0.9385055
0.035654068,0.05907136,0.90527457
0.034014553,0.0146724,0.951313
0.029322,0.030460296,0.9402178
0.015547803,0.004529089,0.97992307
0.031720016,0.05029398,0.91798604
0.019045897,0.030435257,0.9505188
0.021789115,0.05712705,0.9210839
0.017219674,0.026879532,0.95590085
0.033269223,0.014197563,0.9525331
0.056024212,0.5911,0.35287577
0.027144391,0.026206676,0.9466489
0.048828572,0.08185237,0.869319
0.20721997,0.01871797,0.77406204
0.018440021,0.015227716,0.9663323
0.022246089,0.032749407,0.94500446
0.023263317,0.012355055,0.96438164
0.0349034,0.018958125,0.94613844
0.076510675,0.020957747,0.9025316
0.0697133,0.034141853,0.89614487
0.06985962,0.022415867,0.9077245
0.055147294,0.009370315,0.9354824
0.08474283,0.033939585,0.88131756
0.076339036,0.027540376,0.89612055
0.021284765,0.29454535,0.68416995
0.058936127,0.045765225,0.89529866
0.055675976,0.030717183,0.9136068
0.093830176,0.023723982,0.8824459
0.030095804,0.018907188,0.95099694
0.015649162,0.024643641,0.95970726
0.03760993,0.9205967,0.04179334
0.038271483,0.05065199,0.91107655
0.052401733,0.07928129,0.86831695
0.040437922,0.5131979,0.4463642
0.03373662,0.040973265,0.9252901
0.05477264,0.018818332,0.92640907
0.050274596,0.026700635,0.9230248
0.058937162,0.039607197,0.90145564
0.04955391,0.023614246,0.9268318
0.02994562,0.9131165,0.0569379
0.0318685,0.030409131,0.9377223
0.06283232,0.029941892,0.9072258
0.061663624,0.040125284,0.89821106
0.02667354,0.028449347,0.94487715
0.05447866,0.045429803,0.9000916
0.078649685,0.036504135,0.88484615
0.058527604,0.029515874,0.9119565
0.029736934,0.020457843,0.94980526
0.025884531,0.04547315,0.92864233
0.060005467,0.07146733,0.86852723
0.042495467,0.06692007,0.8905844
0.151812,0.029101433,0.81908655
0.063215986,0.033771053,0.90301293
0.021294395,0.040846087,0.9378595
0.03167096,0.53139156,0.43693742
0.06292176,0.03914539,0.8979328
0.04955012,0.04868673,0.9017631
0.03760641,0.024185862,0.9382077
0.044567574,0.025518132,0.9299143
0.026864067,0.018717548,0.95441836
0.037712745,0.031479426,0.9308079
0.03036546,0.027756277,0.94187826
0.99291235,0.0053862287,0.0017014856
0.16306978,0.28175932,0.55517083
0.015964452,0.82042104,0.16361448
0.04896974,0.03780394,0.9132263
0.06121571,0.033055663,0.90572864
0.053001594,0.033755727,0.9132427
0.045979433,0.023255777,0.9307648
0.053171214,0.027077751,0.91975105
0.034858838,0.29704535,0.6680958
0.062154405,0.045651108,0.8921945
0.035768252,0.020802401,0.94342935
0.027828604,0.029681308,0.94249004
0.050773595,0.019767063,0.9294593
0.05773842,0.037315145,0.9049465
0.06858464,0.035895348,0.89552
0.069056906,0.034962177,0.89598095
0.05309298,0.11517569,0.8317314
0.05739558,0.1475701,0.79503435
0.026384778,0.022392472,0.9512228
0.992461,0.00668715,0.0008518378
0.057682756,0.07457417,0.86774313
0.12698068,0.07574961,0.79726976
0.048973415,0.057144,0.8938826
0.026063852,0.040685095,0.93325114
0.02573824,0.057158574,0.9171032
0.034084097,0.02007618,0.9458397
0.092201725,0.05202442,0.85577387
0.034945827,0.028801851,0.9362523
0.039114688,0.031552546,0.92933273
0.036670063,0.042206984,0.92112297
0.027956102,0.026159942,0.945884
0.050743956,0.037416246,0.9118398
0.033273567,0.07527661,0.8914498
0.03471348,0.03616688,0.9291196
0.053573783,0.027820865,0.9186054
0.03119201,0.024626764,0.9441813
0.09631928,0.029118666,0.87456197
0.061609905,0.020576365,0.9178138
0.02509604,0.033181984,0.941722
0.042621847,0.049635723,0.9077425
0.02479072,0.02659656,0.94861275
0.03116479,0.028237646,0.94059765
0.027726287,0.033248894,0.9390248
0.050357837,0.034073822,0.9155683
0.050973512,0.033955682,0.91507083
0.032930158,0.027920185,0.9391497
0.048940625,0.02851895,0.9225405
0.04172227,0.031586025,0.9266917
0.032916535,0.03744531,0.9296382
0.06652288,0.035991695,0.8974854
0.06748689,0.05433326,0.8781798
0.045742016,0.0506318,0.90362614
0.037974793,0.6702496,0.29177564
0.048275813,0.048797198,0.9029269
0.046927214,0.051038593,0.9020342
0.05356604,0.052735575,0.8936984
0.05275355,0.013080203,0.9341663
0.035675615,0.032483015,0.93184143
0.05408157,0.046258423,0.89966
0.06675992,0.047386125,0.88585395
0.051430065,0.04669062,0.9018794
0.03507669,0.03429762,0.9306257
0.053751804,0.02548993,0.9207583
0.04290828,0.04414083,0.9129509
0.05960436,0.034061186,0.9063345
0.041351404,0.03659955,0.9220491
0.021717194,0.021802194,0.9564807
0.069084585,0.048040792,0.88287467
0.056900408,0.037243385,0.9058562
0.038789835,0.04318875,0.91802144
0.052621394,0.03891442,0.90846425
0.05192258,0.06082232,0.88725513
0.055062577,0.059304725,0.88563275
0.013646415,0.024043946,0.96230966
0.030137341,0.04233477,0.92752784
0.031584006,0.07379446,0.89462155
0.047403373,0.04982406,0.9027726
0.06798266,0.049543276,0.882474
0.06064586,0.046863485,0.89249074
0.0734742,0.047023397,0.87950236
0.058612563,0.060947414,0.88043994
0.04034298,0.030631438,0.92902553
0.04684921,0.03305925,0.92009157
0.07443676,0.04405927,0.881504
0.04031806,0.04204715,0.9176348
0.045147408,0.040037468,0.91481507
0.06138717,0.037415445,0.9011973
0.04085192,0.02389863,0.9352495
0.049035177,0.020301647,0.9306631
0.028137567,0.03001084,0.9418516
0.02325882,0.034881543,0.94185966
0.045493666,0.025444983,0.9290613
0.05439848,0.025520964,0.92008054
0.045255423,0.017826425,0.9369182
0.031087728,0.025126487,0.9437857
0.53430086,0.07972756,0.3859716
0.40942425,0.12185571,0.46872008
0.1673021,0.044612937,0.788085
0.04606014,0.49157953,0.4623603
0.033554625,0.02340204,0.94304335
0.051753514,0.035361834,0.9128847
0.04167211,0.058595173,0.89973265
0.0517692,0.023402669,0.9248281
0.03893075,0.04420057,0.9168686
0.049779903,0.036277767,0.91394234
0.039577242,0.045910407,0.9145124
0.052395456,0.075567834,0.87203676
0.012215486,0.03149945,0.95628506
0.055188004,0.05846117,0.88635075
0.041718222,0.019841464,0.9384403
0.02589526,0.04689026,0.9272145
0.11472732,0.038787015,0.8464857
0.040683374,0.03336733,0.9259493
0.06488189,0.040325444,0.8947927
0.027091317,0.018839054,0.9540697
0.04075756,0.5580238,0.40121865
0.02672506,0.055699803,0.9175752
0.073748596,0.057999108,0.8682523
0.034831256,0.07036106,0.89480764
0.015841648,0.9462304,0.037927985
0.019614995,0.03435822,0.9460268
0.7496091,0.036931098,0.21345979
0.037360992,0.044108074,0.91853094
0.040489182,0.032565765,0.92694503
0.07681333,0.17912035,0.7440663
0.04005675,0.03840951,0.9215337
0.032398216,0.040006455,0.9275953
0.028957007,0.023290344,0.94775265
0.10954389,0.6302277,0.2602284
0.05217927,0.17842664,0.76939404
0.052470654,0.046079643,0.9014496
0.060461964,0.034416564,0.9051215
0.039559837,0.022365104,0.93807507
0.0338189,0.013852169,0.952329
0.043015506,0.030059002,0.9269255
0.03812659,0.017168226,0.9447052
0.044720326,0.032147992,0.92313164
0.03642954,0.012036674,0.9515338
0.04911545,0.029558199,0.92132634
0.04208716,0.019457998,0.93845487
0.05003886,0.014059084,0.93590206
0.050410748,0.048149265,0.9014399
0.023449816,0.044413105,0.9321371
0.062176656,0.015177643,0.9226457
0.045116268,0.08850606,0.8663777
0.050479576,0.04420139,0.9053191
0.050520863,0.049592104,0.899887
0.030968178,0.0103326,0.9586993
0.04945729,0.026420929,0.92412174
0.04572682,0.013126566,0.9411467
0.041171566,0.049710914,0.9091176
0.051029716,0.04267858,0.9062917
0.03750846,0.023981936,0.9385096
0.05238854,0.029820956,0.91779053
0.086404905,0.074777216,0.83881795
0.023076091,0.022170397,0.9547536
0.019852467,0.0123266755,0.96782076
0.035731215,0.012567358,0.95170134
0.039201792,0.032120798,0.9286775
0.040330276,0.08036313,0.8793066
0.014450756,0.2875709,0.6979784
0.025819063,0.06402773,0.91015327
0.08481501,0.03225508,0.88293
0.14926365,0.07303001,0.7777063
0.04943038,0.016063375,0.9345063
0.04035177,0.04303821,0.91661006
0.04133508,0.030657684,0.9280073
0.044942185,0.055010565,0.9000472
0.09747108,0.056798883,0.84573007
0.17349398,0.06604409,0.760462
0.18882596,0.038008068,0.77316594
0.034523543,0.021373447,0.944103
0.027476087,0.039242543,0.93328136
0.054902297,0.042425204,0.9026725
0.08605769,0.024179054,0.8897633
0.029169835,0.019833906,0.9509963
0.052014034,0.032296244,0.9156897
0.08525653,0.01675525,0.8979882
0.057543274,0.037922516,0.90453416
0.0554416,0.009578019,0.93498033
0.028802188,0.019261487,0.95193636
0.052829932,0.043968976,0.90320104
0.02021116,0.9166154,0.063173406
0.040871903,0.06844755,0.8906805
0.034644783,0.037168425,0.92818683
0.064489506,0.06673184,0.86877865
0.04865161,0.04005882,0.9112896
0.04979326,0.030646795,0.9195599
0.04431321,0.038275063,0.9174117
0.06601541,0.04595136,0.8880333
0.06723673,0.040582493,0.8921808
0.06772748,0.034456953,0.8978156
0.0378356,0.022836672,0.93932784
0.043476038,0.016925994,0.939598
0.0470794,0.04086337,0.9120572
0.038334325,0.035626993,0.92603874
0.05903481,0.041536175,0.89942896
0.043747474,0.05584469,0.9004079
0.06446366,0.03691007,0.89862627
0.04478943,0.02703384,0.92817676
0.02779729,0.03718681,0.93501586
0.037381146,0.057840537,0.90477824
0.09435338,0.096308336,0.80933833
0.70952296,0.14821663,0.14226042
0.0056643556,0.98668355,0.007652056
0.050167676,0.059285406,0.8905469
0.051230967,0.10481161,0.8439575
0.0554386,0.06713344,0.877428
0.025401838,0.3862563,0.5883418
0.031480346,0.02394898,0.9445706
0.12121372,0.023728952,0.8550573
0.048620943,0.027676336,0.9237027
0.068215325,0.034977343,0.8968074
0.035157017,0.09371825,0.87112474
0.25614887,0.0789647,0.6648864
0.038438294,0.018388944,0.9431728
0.052019008,0.0330976,0.9148834
0.07476555,0.034633655,0.8906008
0.031194244,0.020861175,0.9479446
0.037331976,0.02766161,0.9350064
0.01738012,0.03184231,0.9507776
0.05081009,0.029898897,0.919291
0.04732761,0.02680892,0.92586344
0.07031486,0.03327932,0.8964058
0.05412845,0.03570691,0.91016465
0.07267909,0.032345776,0.8949751
0.045578558,0.02544272,0.9289787
0.047643345,0.04722644,0.90513027
0.033629466,0.027662845,0.93870777
0.05662558,0.03659594,0.9067785
0.054914497,0.012642036,0.93244356
0.055473406,0.037792653,0.90673393
0.0646423,0.0307143,0.9046434
0.07466095,0.037286125,0.888053
0.052983765,0.033188786,0.9138275
0.021782953,0.01696458,0.96125245
0.09345819,0.037834346,0.8687074
0.030641664,0.017054653,0.9523037
0.03908289,0.028705565,0.9322115
0.052832518,0.01706866,0.93009883
0.0798382,0.031975277,0.8881865
0.058336373,0.037997294,0.9036663
0.045101028,0.0419158,0.9129832
0.06465294,0.041095912,0.89425117
0.07546435,0.060048025,0.8644876
0.030138226,0.02677933,0.94308245
0.03832722,0.01569877,0.945974
0.0459913,0.04590156,0.90810716
0.06771976,0.030613244,0.90166694
0.053501062,0.037167832,0.90933114
0.07917664,0.07000975,0.8508136
0.07572581,0.037086457,0.88718766
0.054483533,0.034733452,0.91078305
0.05784641,0.04257004,0.8995836
0.04102691,0.03427927,0.92469376
0.047058836,0.04394941,0.9089918
0.045213047,0.029651437,0.9251356
0.0639523,0.051487572,0.88456017
0.032901105,0.019569555,0.9475293
0.041128773,0.027344212,0.93152696
0.050073184,0.039533857,0.91039294
0.036645472,0.010842965,0.9525116
0.034587353,0.013076699,0.9523359
0.05190245,0.044135153,0.90396243
0.0347139,0.03160737,0.93367875
0.0672379,0.039257836,0.8935042
0.022531148,0.020355195,0.9571136
0.03179852,0.02703981,0.9411617
0.040558036,0.024551691,0.93489033
0.040627234,0.021056559,0.9383162
0.037217822,0.03336184,0.92942035
0.036710314,0.022049548,0.94124013
0.15443145,0.06264015,0.7829284
0.03319017,0.03673817,0.9300716
0.031643726,0.043591075,0.92476517
0.032210827,0.028287496,0.93950164
0.050626308,0.027124789,0.9222489
0.038871747,0.025768036,0.93536025
0.07022015,0.040680014,0.88909984
0.08206043,0.04257239,0.8753671
0.05348965,0.05059355,0.8959168
0.020841299,0.018142633,0.9610161
0.035512652,0.017683348,0.94680405
0.06246885,0.046061642,0.8914694
0.044967033,0.03941292,0.9156201
0.034715645,0.024235426,0.9410489
0.032708578,0.033549707,0.93374175
0.05661924,0.033154972,0.91022575
0.104762964,0.047128234,0.8481088
0.047545236,0.03854093,0.91391385
0.060603894,0.04096662,0.89842945
0.03479858,0.021904366,0.9432971
0.048861984,0.028279148,0.92285883
0.19122186,0.02618412,0.782594
0.027212895,0.034805823,0.9379813
0.039740257,0.084459394,0.8758003
0.029208688,0.031459,0.93933237
0.061273646,0.043577004,0.8951493
0.03881135,0.041760664,0.919428
0.040680714,0.031620357,0.9276989
0.030010268,0.02446976,0.94551986
0.05545467,0.041210413,0.90333486
0.04962888,0.045408797,0.9049623
0.09695971,0.09397657,0.8090636
0.0449223,0.051907614,0.90317005
0.042223528,0.036292475,0.921484
0.013910974,0.016551988,0.969537
0.038198277,0.030903712,0.930898
0.065872416,0.045851827,0.88827574
0.062735364,0.056732055,0.8805325
0.022208808,0.014823179,0.96296805
0.038261205,0.029307248,0.93243164
0.0397777,0.023406953,0.9368153
0.027969208,0.011739275,0.96029156
0.024508636,0.012615966,0.96287537
0.06102277,0.022780286,0.916197
0.040559005,0.071252815,0.8881881
0.015015123,0.019969663,0.96501523
0.03204855,0.029524509,0.938427
0.042074244,0.02615002,0.9317757
0.040831603,0.040672414,0.9184961
0.030660218,0.014596452,0.9547433
0.06868214,0.05015089,0.88116693
0.04620061,0.029453056,0.92434627
0.08971513,0.05575983,0.854525
0.09622964,0.037245035,0.8665253
0.05585222,0.034781184,0.9093666
0.05667168,0.036697343,0.906631
0.051659215,0.034446076,0.9138948
0.04026789,0.026075186,0.93365693
0.056608472,0.03511469,0.90827686
0.036496434,0.009291039,0.9542125
0.032489575,0.044538274,0.9229721
0.046966333,0.027935542,0.92509806
0.02756522,0.017658943,0.9547759
0.04437958,0.03323877,0.9223817
0.08346632,0.04040111,0.87613255
0.0378244,0.027699959,0.9344757
0.040801875,0.76109135,0.19810678
0.026401006,0.059148,0.91445106
0.035252042,0.033116233,0.9316317
0.05444883,0.057734516,0.8878167
0.07195256,0.03855106,0.8894964
0.06526175,0.03821583,0.89652246
0.039879777,0.070885405,0.8892349
0.07920018,0.0775925,0.84320736
0.042383336,0.045205027,0.9124116
0.0443928,0.03024371,0.9253635
0.06635587,0.050136976,0.88350713
0.047292296,0.047200013,0.9055077
0.06838699,0.036928058,0.8946849
0.06479635,0.07414442,0.86105925
0.025977585,0.030134527,0.94388795
0.052002937,0.024420938,0.9235762
0.031086981,0.048811257,0.9201018
0.06531937,0.042173352,0.89250726
0.0758019,0.03525116,0.8889469
0.053282592,0.16735896,0.77935845
0.01893052,0.027037391,0.9540321
0.050547037,0.20266943,0.74678355
0.039709896,0.036869396,0.92342067
0.036131576,0.029288828,0.9345796
0.06183676,0.047923945,0.89023924
0.15359256,0.34242788,0.50397956
0.07184415,0.41912583,0.5090301
0.1293078,0.76008934,0.11060284
0.04300831,0.4726551,0.48433653
0.054279648,0.037015505,0.90870494
0.15998793,0.74849695,0.09151515
0.08938856,0.04578916,0.86482227
0.054050505,0.021881074,0.9240684
0.06973556,0.03558267,0.8946818
0.048058487,0.029063674,0.92287785
0.04688731,0.04211168,0.91100097
0.04061462,0.027750913,0.93163455
0.045452163,0.024519602,0.9300283
0.15381797,0.02433754,0.8218445
0.0311344,0.05363805,0.9152276
0.03415253,0.03462266,0.9312248
0.04565696,0.052397106,0.9019459
0.06744522,0.82829744,0.10425737
0.040291235,0.7506494,0.20905937
0.057460763,0.18767208,0.7548672
0.06182231,0.06536118,0.8728165
0.07043938,0.2250615,0.704499
0.25738195,0.28378513,0.45883295
0.04964961,0.053370394,0.89698
0.026638372,0.054286025,0.9190756
0.08348201,0.018124914,0.8983931
0.17190985,0.16776365,0.6603265
0.7867247,0.024255184,0.18902004
0.053070866,0.04314631,0.9037828
0.032953907,0.021696284,0.9453498
0.03797847,0.03194986,0.9300716
0.057847537,0.034609877,0.90754265
0.0411036,0.039683655,0.9192127
0.026871933,0.048706327,0.92442167
0.032349642,0.027778413,0.93987197
0.04578241,0.024721889,0.92949563
0.051713165,0.04586009,0.90242666
0.05912861,0.054845475,0.8860259
0.058466993,0.06327966,0.8782533
0.04735438,0.024447467,0.9281982
0.04412934,0.034200564,0.9216702
0.065853104,0.043526243,0.8906207
0.016845403,0.028654996,0.95449954
0.05295203,0.07132436,0.8757236
0.05245778,0.13929182,0.8082504
0.08436095,0.034859147,0.88077986
0.05131443,0.02839392,0.9202917
0.065316044,0.04613544,0.8885485
0.04159695,0.09301068,0.86539245
0.060072515,0.03181094,0.9081166
0.04182169,0.034705278,0.9234731
0.052820705,0.039715722,0.9074635
0.039678134,0.04571387,0.914608
0.041145135,0.0269573,0.9318975
0.05936381,0.046731893,0.89390427
0.022202894,0.027230134,0.95056695
0.044386324,0.029481169,0.9261325
0.04834957,0.035790272,0.9158601
0.05376909,0.05002051,0.8962105
0.06622369,0.041199613,0.8925767
0.92322195,0.023614338,0.053163785
0.07002706,0.057490297,0.8724826
0.08875601,0.04241957,0.8688245
0.06092192,0.03151341,0.9075647
0.03644918,0.27679104,0.6867598
0.06187416,0.038606588,0.89951926
0.037246674,0.035333388,0.92741996
0.038357023,0.06268666,0.8989564
0.02031049,0.974799,0.0048905723
0.028513292,0.02077944,0.9507073
0.051748004,0.03457274,0.91367924
0.53410894,0.12804441,0.33784664
0.03754542,0.012874375,0.94958025
0.08242706,0.10813692,0.809436
0.060824767,0.36060464,0.5785706
0.031261943,0.027968345,0.9407697
0.034472466,0.032893855,0.93263364
0.027517464,0.06122928,0.9112532
0.015650999,0.067587644,0.9167613
0.016207188,0.9699571,0.013835695
0.018799396,0.109244704,0.8719559
0.053902067,0.021863641,0.9242344
0.84846294,0.006736152,0.14480095
0.05117014,0.89775956,0.0510703
0.038015824,0.042742338,0.9192419
0.016981086,0.048611395,0.93440753
0.068122216,0.046728313,0.8851494
0.0304957,0.077418536,0.89208573
0.14789091,0.1645016,0.68760747
0.024678523,0.0337645,0.941557
0.017465528,0.04189762,0.9406369
0.03242659,0.020854559,0.9467189
0.034687724,0.044107076,0.9212051
0.055242844,0.080613695,0.8641435
0.012199877,0.15964602,0.8281541
0.1306706,0.05587239,0.81345695
0.07471995,0.061763797,0.8635163
0.01971637,0.05772371,0.92256
0.08030565,0.058011703,0.86168253
0.8842006,0.02948274,0.08631676
0.048867512,0.03176766,0.91936487
0.0552752,0.037694413,0.9070304
0.03843774,0.022997094,0.93856514
0.050963666,0.03592752,0.9131089
0.030407246,0.026418272,0.94317436
0.044366337,0.13027264,0.825361
0.07188701,0.081777476,0.84633553
0.056412965,0.022395745,0.92119133
0.04684659,0.017711638,0.9354417
0.052492596,0.028791672,0.9187158
0.07758701,0.07140674,0.85100627
0.03994753,0.026558869,0.9334935
0.051737316,0.031196933,0.9170658
0.047142114,0.055060916,0.89779705
0.021793382,0.05243299,0.9257736
0.08398756,0.043402296,0.87261015
0.06229873,0.045179885,0.8925213
0.0973828,0.027846199,0.87477094
0.051593535,0.04674763,0.90165883
0.049189888,0.03437363,0.9164365
0.044355083,0.020168893,0.935476
0.025786247,0.015995417,0.9582183
0.04975649,0.029566238,0.92067736
0.041610852,0.018700613,0.93968856
0.072545834,0.056941878,0.8705123
0.041414563,0.04588653,0.91269886
0.05864376,0.03292831,0.90842795
0.047167044,0.025594238,0.9272387
0.04431785,0.030074937,0.9256072
0.04941952,0.023550207,0.9270302
0.056600727,0.02004412,0.92335516
0.044931933,0.031184288,0.9238837
0.039150484,0.035197236,0.9256524
0.061432607,0.039780244,0.89878714
0.02509683,0.027617361,0.94728583
0.046233844,0.027851205,0.92591494
0.035463076,0.022740696,0.9417962
0.047888037,0.043221008,0.90889096
0.043637834,0.054255154,0.902107
0.19028544,0.10066583,0.7090488
0.062229507,0.047111116,0.8906594
0.030212425,0.01975583,0.9500318
0.057015803,0.030847963,0.91213626
0.07147191,0.14075755,0.7877705
0.033827707,0.9373507,0.028821565
0.043731358,0.02398622,0.9322824
0.048633005,0.030137997,0.921229
0.052661795,0.04348796,0.90385026
0.045463756,0.04582033,0.90871596
0.061044764,0.059688922,0.8792663
0.07597909,0.04466581,0.879355
0.06421617,0.045402866,0.890381
0.028754544,0.044710215,0.9265352
0.12773483,0.016239662,0.8560256
0.031936307,0.022823848,0.9452399
0.045946803,0.85101485,0.10303837
0.027795238,0.019748308,0.9524565
0.99064386,0.006394168,0.0029619716
0.9900657,0.008465953,0.0014682914
0.9919966,0.007603631,0.0003998417
0.98359513,0.012576618,0.0038281674
0.99213177,0.007530764,0.00033740466
0.99186945,0.007936453,0.00019408268
0.9911158,0.008508102,0.00037601672
0.9923038,0.0060285935,0.0016675532
0.9933804,0.005388768,0.0012309108
0.99061894,0.0077579697,0.0016229856
0.99138933,0.0067191836,0.0018915348
0.99584395,0.0032006572,0.00095539715
0.98536545,0.013216806,0.0014177446
0.98625386,0.010485239,0.0032608886
0.9903358,0.0060994606,0.0035647394
0.98959047,0.0064123683,0.003997113
0.99188143,0.0057725804,0.0023460393
0.98871046,0.009922838,0.0013667246
0.99642473,0.0027607481,0.00081448327
0.9955129,0.0042305016,0.0002565546
0.9916979,0.007873328,0.00042883834
0.9433987,0.023779528,0.032821722
0.02578778,0.9676793,0.0065329196
0.9930559,0.004562973,0.0023811506
0.9880108,0.009351507,0.0026377134
0.9837106,0.011241948,0.005047388
0.98247576,0.010044928,0.00747935
0.99057955,0.007788024,0.0016324583
0.99501884,0.004244952,0.0007362226
0.8426039,0.065901235,0.091494806
0.9922161,0.00537195,0.0024118877
0.99482334,0.003955953,0.0012207192
0.9958032,0.0037491093,0.0004477673
0.98355305,0.014588508,0.0018583467
0.9904248,0.007987049,0.0015881774
0.9861136,0.0104225,0.003463932
0.997106,0.0027251225,0.00016885131
0.98909074,0.0059856456,0.004923658
0.9918257,0.0076619475,0.0005123169
0.9869622,0.006982869,0.0060549835
0.99522614,0.004493264,0.00028059073
0.97617596,0.015144345,0.008679697
0.99381655,0.0052354825,0.0009478818
0.9948643,0.004049932,0.0010857747
0.99346054,0.0064060898,0.00013334422
0.9919585,0.006696831,0.0013446929
0.99439937,0.0049307854,0.00066992105
0.9906324,0.007803666,0.0015638827
0.9789792,0.019236755,0.0017840627
0.9949309,0.004319848,0.0007492122
0.99882156,0.0005312693,0.00064712175
0.99394244,0.0048521105,0.0012054291
0.98585457,0.0103084305,0.0038369612
0.9843305,0.0094633885,0.006206241
0.9886423,0.008355292,0.003002537
0.9879689,0.0100127,0.0020183732
0.99344844,0.006047347,0.0005042136
0.9965509,0.003369779,7.924961e-05
0.9898532,0.0054541933,0.0046926346
0.97966903,0.008609272,0.011721603
0.9958293,0.0035775192,0.0005932108
0.99247825,0.0055983434,0.0019234325
0.9918766,0.0061089504,0.002014518
0.31354165,0.67727256,0.009185799
0.9873046,0.010243253,0.002452068
0.9892057,0.009271827,0.0015224789
0.9932654,0.006165484,0.0005690165
0.804244,0.1698594,0.0258966
0.99775285,0.0019989358,0.00024824913
0.98775685,0.008315264,0.0039278525
0.9929554,0.0056449645,0.0013996644
0.99180895,0.0076767965,0.0005143133
0.9949763,0.0033187687,0.0017050224
0.9870281,0.012268111,0.0007037056
0.99229664,0.007229335,0.00047404066
0.99511296,0.0035195213,0.0013675386
0.994659,0.005138571,0.00020238165
0.9956553,0.004045244,0.00029940027
0.99065936,0.007431982,0.0019086909
0.9913229,0.007068731,0.0016083556
0.9903667,0.008256212,0.0013770594
0.9690664,0.02077104,0.010162616
0.9814239,0.01781811,0.00075804605
0.9919629,0.004487287,0.0035497358
0.9961444,0.0033684045,0.00048716398
0.99084455,0.0077144015,0.0014410248
0.98750836,0.010086527,0.0024051368
0.9819197,0.015144457,0.0029358868
0.9907069,0.008723294,0.00056977215
0.9806692,0.011383677,0.007947087
0.98671603,0.009078471,0.0042054215
0.995263,0.0035964963,0.0011405637
0.9915622,0.007965047,0.00047276547
0.98079944,0.016630188,0.0025703243
0.9930508,0.006548902,0.0004002666
0.99381644,0.004927895,0.0012557392
0.9906978,0.006173615,0.0031286357
0.89499134,0.01539166,0.089616954
0.9921017,0.006991866,0.0009064484
0.98947144,0.009662618,0.0008660222
0.98628134,0.009946911,0.003771736
0.9869697,0.01160319,0.0014270036
0.98856187,0.008704406,0.0027336187
0.98586255,0.013146218,0.000991212
0.9875843,0.011943924,0.00047178945
0.9904084,0.007532381,0.0020592383
0.9939242,0.0059100892,0.00016570308
0.98820204,0.0100542605,0.0017437596
0.9909667,0.0083913095,0.0006420327
0.9963708,0.0031898657,0.00043935698
0.9876572,0.006412353,0.0059304573
0.96234894,0.0049137305,0.032737385
0.98688555,0.012064378,0.0010500639
0.9927941,0.006271843,0.0009340488
0.9875167,0.010165723,0.0023175392
0.9920894,0.007530443,0.0003800797
0.9937755,0.0049760495,0.0012483515
0.99448675,0.0039856303,0.0015276204
0.9833235,0.013150833,0.0035256995
0.993159,0.00460823,0.002232751
0.98574126,0.012003411,0.0022553739
0.98712397,0.012090885,0.0007851166
0.9938689,0.005551706,0.000579459
0.99722457,0.0026364387,0.00013890982
0.9930327,0.0059511005,0.0010161266
0.99404883,0.005853388,9.7805336e-05
0.99664634,0.0021589682,0.0011946264
0.99585223,0.0034137713,0.00073396665
0.98893505,0.009563529,0.0015013944
0.98252994,0.013597111,0.0038728784
0.9557439,0.016850898,0.027405182
0.9917373,0.007085511,0.0011771899
0.9853285,0.008812563,0.0058589773
0.99593496,0.0037059218,0.00035913664
0.9934956,0.00473758,0.0017668502
0.9934361,0.0048781373,0.0016858391
0.9892942,0.00783892,0.0028669299
0.9929236,0.0057224887,0.001353911
0.9890484,0.010082546,0.00086904
0.99211043,0.0050755953,0.0028139804
0.9984786,0.000694022,0.0008273972
0.9938128,0.0056278114,0.0005594098
0.9870843,0.012043264,0.0008724111
0.99368346,0.0060843234,0.00023225731
0.9919286,0.0063650557,0.0017064526
0.9787967,0.019670054,0.0015331734
0.99326915,0.005570072,0.0011607293
0.99844754,0.00049212,0.0010602932
0.98593485,0.012350636,0.00171446
0.99380714,0.005454632,0.0007382041
0.98679173,0.009864972,0.0033433023
0.9943903,0.0051977383,0.0004119173
0.9939725,0.004648177,0.0013793763
0.99172443,0.0073389458,0.00093669415
0.97594905,0.01646734,0.0075836037
0.99262285,0.004798577,0.002578546
0.98676,0.010813065,0.002426899
0.99430895,0.0043003163,0.0013906654
0.99249023,0.006687347,0.0008224349
0.99457884,0.002921921,0.0024992514
0.99496293,0.004439741,0.0005973433
0.9690616,0.024402548,0.006535865
0.9836233,0.013962291,0.002414464
0.9914289,0.0075992798,0.0009718177
0.9873634,0.008609366,0.0040272553
0.99073505,0.008588295,0.0006766403
0.9867775,0.011691917,0.0015306532
0.9902192,0.0057967724,0.0039840597
0.98973924,0.009313135,0.0009476876
0.9931573,0.0056240996,0.0012186748
0.99165034,0.00522407,0.0031255335
0.9941637,0.0052168923,0.0006194288
0.9872477,0.012092401,0.0006599271
0.9880916,0.009877966,0.0020304865
0.9903599,0.008669293,0.00097076985
0.9869976,0.009054495,0.003947898
0.98646635,0.0065950323,0.0069385855
0.9928464,0.006650663,0.0005029248
0.9933828,0.00511197,0.0015052042
0.9933396,0.0064241025,0.00023629425
0.9923288,0.00543589,0.0022352464
0.9942941,0.0027387508,0.002967085
0.99139494,0.006287516,0.0023175701
0.9960459,0.003090716,0.0008633044
0.99410206,0.0051056896,0.0007922124
0.9943633,0.0047048177,0.0009318778
0.98810625,0.011481214,0.00041252444
0.9934047,0.006411988,0.0001833207
0.9913959,0.0061418717,0.002462229
0.99342936,0.0058269347,0.00074371113
0.9901772,0.007199818,0.0026229252
0.99386215,0.0054977164,0.00064014684
0.02570145,0.97200394,0.0022945385
0.0131157935,0.9778346,0.009049625
0.018833091,0.97925043,0.001916421
0.0055296975,0.9938034,0.00066690927
0.016770894,0.9804428,0.0027863237
0.015596945,0.98398083,0.00042219003
0.007658204,0.9913412,0.0010006214
0.009990906,0.9848562,0.005152932
0.013853364,0.9826439,0.0035026788
0.013398441,0.9853431,0.0012584791
0.01607735,0.9830822,0.0008404983
0.017608847,0.9803726,0.002018563
0.0036540309,0.9916265,0.004719441
0.015216144,0.98368156,0.0011022537
0.011004508,0.9886613,0.00033426014
0.017319778,0.9794638,0.0032163758
0.022404743,0.97526586,0.0023293768
0.026822869,0.97175,0.0014271239
0.021914385,0.9765425,0.0015431456
0.008375881,0.97953206,0.012091996
0.013598231,0.9826109,0.0037908717
0.013144179,0.98474747,0.00210834
0.005023774,0.98775184,0.00722439
0.019288769,0.9777991,0.0029121686
0.022242248,0.9767396,0.0010181722
0.010676522,0.9867476,0.0025758308
0.003538924,0.9947531,0.0017079726
0.049153034,0.9379241,0.012922902
0.013809575,0.98433244,0.0018580039
0.016609337,0.9805268,0.0028638088
0.008440553,0.9909587,0.00060077774
0.020777797,0.9769846,0.0022375227
0.013820279,0.9831734,0.003006409
0.01753395,0.9790669,0.0033991113
0.012672079,0.9862336,0.0010943738
0.013074019,0.9794911,0.0074348156
0.019370152,0.976188,0.0044418774
0.016078083,0.9812087,0.0027132852
0.020774944,0.97399276,0.00523225
0.0200073,0.97823083,0.0017619297
0.011630352,0.9854233,0.0029463624
0.009852984,0.9884843,0.0016627576
0.004378048,0.9946432,0.0009787843
0.013974569,0.98256725,0.0034582224
0.01315973,0.9839887,0.002851555
0.020338522,0.9780528,0.0016086695
0.0064697377,0.9926109,0.0009193979
0.013701673,0.98430115,0.0019971807
0.012538527,0.98637867,0.0010828399
0.016836913,0.98238176,0.00078134483
0.010478513,0.98562115,0.0039002688
0.014966901,0.9789741,0.006058997
0.014207343,0.9844077,0.0013849083
0.013731676,0.98549366,0.0007746881
0.023523992,0.9742361,0.002239961
0.023075985,0.97358006,0.0033439472
0.018233959,0.9791494,0.0026166101
0.012330742,0.9872348,0.00043447898
0.022120895,0.97711915,0.000759898
0.015225005,0.9832938,0.0014812126
0.006320547,0.99271774,0.00096174417
0.011929941,0.98739177,0.00067832
0.0047222786,0.99222285,0.0030548933
0.014853214,0.98299015,0.002156591
0.015288415,0.9835396,0.0011720285
0.006324233,0.9932967,0.00037905862
0.0044060345,0.9951534,0.00044053767
0.01114373,0.98372436,0.0051319534
0.014063441,0.98399955,0.0019370317
0.013937512,0.9847585,0.0013040089
0.010564514,0.9869408,0.0024946325
0.40484783,0.46825778,0.12689435
0.00809764,0.99050343,0.0013989379
0.015053572,0.982722,0.0022244416
0.019130373,0.9783306,0.0025389385
0.011797592,0.98602,0.002182335
0.009493638,0.98074955,0.00975681
0.011500885,0.98786783,0.0006313342
0.0024291503,0.9973679,0.00020293282
0.014401764,0.983368,0.0022302559
0.04917916,0.9375067,0.013314176
0.014827581,0.9832122,0.0019602098
0.013847308,0.9783851,0.007767635
0.0112011675,0.98782957,0.0009692355
0.017566096,0.9779925,0.0044414042
0.006775218,0.99187756,0.0013472119
0.007850691,0.99077976,0.001369585
0.011877592,0.98690665,0.0012157445
0.015771287,0.9824279,0.0018008687
0.09112812,0.3186902,0.59018165
0.0213467,0.97570735,0.002945941
0.02188241,0.9760702,0.0020473418
0.018808836,0.9789448,0.0022463952
0.010959631,0.9846295,0.0044108275
0.018716268,0.97889495,0.0023888196
0.002712825,0.9964915,0.0007956691
0.011396735,0.98756367,0.0010395581
0.005183205,0.9925788,0.0022379938
0.03043167,0.9663167,0.0032516276
0.07073018,0.8612493,0.068020545
0.012301378,0.9781742,0.009524351
0.0118791135,0.9870331,0.0010877993
0.009870968,0.98932195,0.00080709945
0.010040101,0.9887395,0.0012203836
0.014841712,0.98318857,0.0019697573
0.0068734046,0.9925882,0.00053836673
0.014092749,0.9850877,0.0008194956
0.016226778,0.9797024,0.0040708445
0.014101899,0.9847652,0.0011329503
0.0099564055,0.9881874,0.0018561948
0.010507366,0.9873704,0.0021222294
0.0068827327,0.99199593,0.001121383
0.0066220267,0.9924406,0.0009373706
0.005121807,0.9933523,0.0015258777
0.012938644,0.98365295,0.0034083696
0.013612151,0.9845777,0.0018101048
0.00511462,0.99389774,0.0009876486
0.005174698,0.9909497,0.0038756696
0.010462041,0.98695904,0.0025789
0.006869455,0.99201787,0.001112681
0.025180008,0.9653925,0.009427477
0.009391311,0.99028033,0.00032833178
0.01660063,0.9819288,0.0014705148
0.018202003,0.9793442,0.0024537693
0.015168238,0.9834616,0.0013701316
0.09076771,0.8741012,0.03513103
0.018125543,0.9809614,0.00091305503
0.0105622895,0.98866206,0.00077566237
0.024555517,0.97418433,0.0012601238
0.019902049,0.9788031,0.0012948577
0.027726794,0.36513972,0.6071335
0.018858695,0.9805817,0.00055956026
0.014935359,0.9816928,0.003371812
0.020357173,0.97894967,0.0006931912
0.0016249624,0.997654,0.00072107266
0.015570889,0.98329675,0.0011323662
0.0048176073,0.9946148,0.0005675681
0.009046929,0.99003255,0.0009205988
0.0065225866,0.9929315,0.00054596644
0.013775722,0.98480046,0.0014238672
0.014688737,0.9835638,0.0017474799
0.014211395,0.92052346,0.06526514
0.020403191,0.97447824,0.005118589
0.0075366255,0.989033,0.00343036
0.021969633,0.9761404,0.0018899231
0.011534197,0.9849412,0.0035246084
0.007761422,0.99105984,0.0011786856
0.017660284,0.9813178,0.0010219462
0.020276848,0.9779479,0.0017752353
0.012247217,0.9863099,0.0014428595
0.014957249,0.9840921,0.0009505987
0.019427935,0.97910005,0.0014720174
0.059074614,0.52562726,0.41529813
0.01776043,0.9820755,0.0001640478
0.022229558,0.97713614,0.0006343098
0.012552714,0.9788536,0.00859371
0.019136319,0.97672516,0.0041385195
0.012863099,0.9855795,0.0015574261
0.014842556,0.9832444,0.0019129952
0.023125755,0.9747274,0.002146833
0.0124008,0.9860801,0.001519151
0.021120002,0.97767913,0.0012008542
0.017317582,0.98221314,0.00046922354
0.01782377,0.98077744,0.001398795
0.016419824,0.9817234,0.0018567021
0.09403873,0.90449667,0.0014646224
0.0071756174,0.99264824,0.00017616356
0.0096574845,0.9879804,0.0023620506
0.020372516,0.9768215,0.0028060137
0.0057054684,0.9938451,0.000449513
0.015438207,0.9825643,0.0019975542
0.018205546,0.9766693,0.0051250905
0.0077923853,0.9911343,0.0010732862
0.013551771,0.9840469,0.002401392
0.06747026,0.9200977,0.012432086
0.018068895,0.9807647,0.0011664414
0.015184608,0.982602,0.0022133365
0.010733194,0.9842657,0.0050011575
0.0146056935,0.9799152,0.0054791095
0.00985145,0.98929614,0.0008524447
0.015602544,0.9814543,0.002943105
0.022849541,0.976343,0.0008074757
0.01909879,0.97958106,0.0013201562
0.023729606,0.9741519,0.0021184993
0.022612214,0.9766371,0.00075067446
0.0030378243,0.9963617,0.0006005243
0.019646445,0.9757144,0.0046391776
0.0085889725,0.9831026,0.008308475
0.030193668,0.9606337,0.009172648
0.022257742,0.9745607,0.0031815784
0.026452158,0.96961606,0.0039317617
0.022276804,0.9773022,0.00042096563
0.008069865,0.99000216,0.001928025
0.014903957,0.9844237,0.00067232986
0.012284943,0.9845291,0.003185996
0.017275872,0.9808046,0.0019194625
0.005930768,0.9935133,0.00055597397
0.010586538,0.98803294,0.0013805388
0.015217451,0.9828059,0.001976697
0.00406267,0.99410254,0.0018347687
0.006801429,0.99183285,0.0013656958
0.009846177,0.9878014,0.0023524154
0.013524883,0.98593825,0.0005368528
0.011573808,0.98639524,0.0020309635
0.004818959,0.9919835,0.0031976039
0.024529915,0.97411954,0.001350506
0.019740632,0.97943497,0.00082439766
0.010635019,0.98579574,0.0035692498
0.018892204,0.9804074,0.00070035184
0.008776771,0.9870935,0.0041296897
0.009640008,0.98715615,0.00320387
0.021680184,0.9689405,0.009379326
0.030045422,0.96907604,0.00087852025
0.009228315,0.9903493,0.00042243995
0.016709197,0.9825765,0.00071434845
0.019920811,0.9797259,0.0003532916
0.018622447,0.9797117,0.0016657996
0.008193295,0.990528,0.0012787645
0.026130067,0.9719435,0.0019264227
0.020949474,0.97834617,0.00070436083
0.014196664,0.9846289,0.0011744731
0.016684184,0.982064,0.0012518438
0.02743558,0.96902835,0.0035360584
0.017567614,0.979989,0.0024434251
0.006594295,0.991184,0.0022217925
0.02167686,0.97734433,0.0009788166
0.017961299,0.9806537,0.0013850267
0.009681669,0.98659307,0.0037253322
0.012880273,0.9811298,0.005989883
0.009880719,0.98740214,0.002717112
0.0052082036,0.9944483,0.00034351824
0.01643911,0.9819172,0.0016436657
0.010583026,0.9867411,0.0026758083
0.010443829,0.98813164,0.001424504
0.012071702,0.9845957,0.0033326063
0.041925684,0.7258247,0.2322496
0.015362495,0.97679114,0.007846394
0.014540487,0.98511386,0.0003456527
0.018141322,0.980857,0.0010017094
0.011861804,0.9865578,0.0015804323
0.011705077,0.986924,0.001370933
0.030028908,0.92644966,0.043521464
0.018691111,0.97949046,0.0018184236
0.0035989264,0.99593544,0.00046566615
0.01435678,0.98317266,0.002470589
0.005828776,0.99374324,0.0004280475
0.0121075185,0.98366714,0.004225308
0.022439493,0.9758251,0.0017354246
0.015314019,0.9832644,0.0014216463
0.014172498,0.98391324,0.0019142964
0.030041797,0.9502178,0.01974041
0.013439583,0.9845154,0.0020449879
0.027231218,0.9712489,0.0015198656
0.014907065,0.9836679,0.0014250103
0.029047968,0.9685348,0.0024172256
0.0062861,0.99310946,0.00060443813
0.020457374,0.9789763,0.0005663343
0.02001118,0.9765114,0.0034774218
0.009783442,0.9834266,0.0067900415
0.0045724725,0.9931815,0.0022459233
0.023768423,0.97479296,0.0014386
0.028653359,0.5757992,0.39554745
0.0070205904,0.9922937,0.00068569346
0.013892574,0.9854252,0.0006822785
0.009626503,0.98770034,0.002673183
0.00659919,0.9928889,0.00051186536
0.017461317,0.98074085,0.0017977762
0.019104416,0.97891325,0.001982373
0.013882118,0.98276216,0.0033557648
0.014475522,0.9845509,0.0009735952
0.01865285,0.97939646,0.0019506967
0.021696188,0.977261,0.001042874
0.012387271,0.9830823,0.004530399
0.012508152,0.98015296,0.0073388154
0.0173484,0.9791682,0.0034834791
0.011574753,0.98647577,0.0019495063
0.020988526,0.9782574,0.00075412594
0.026844649,0.9715898,0.0015656009
0.025550172,0.9653396,0.009110194
0.011933266,0.98573977,0.0023269637
0.0046142717,0.99446106,0.0009247167
0.15705414,0.16331047,0.67963535
0.009538312,0.99018794,0.00027377065
0.019061288,0.9786128,0.0023259856
0.014061302,0.9848112,0.0011274844
0.0038666124,0.99541533,0.0007180508
0.016288789,0.97674644,0.006964792
0.01884378,0.9778944,0.0032617918
0.00740413,0.99080956,0.0017863296
0.0072732647,0.99249387,0.00023288722
0.017144423,0.9819344,0.0009211291
0.02490011,0.97444147,0.0006584015
0.015458313,0.9828835,0.0016581872
0.016836334,0.9813891,0.0017745368
0.018249461,0.98093927,0.000811277
0.012040508,0.98493296,0.0030265318
0.026168123,0.97051144,0.003320412
0.01417894,0.9805228,0.005298283
0.012024669,0.9836373,0.004338068
0.026775723,0.97193855,0.0012857765
0.016796703,0.979079,0.0041242563
0.0047482867,0.99379784,0.0014538135
0.013723131,0.98488045,0.0013964406
0.0084363,0.9904593,0.0011044425
0.016080996,0.9823453,0.001573684
0.015426645,0.9827876,0.0017857635
0.008228986,0.9909642,0.00080686185
0.015696568,0.98255944,0.0017439915
0.007458883,0.9923051,0.00023604816
0.016896458,0.97532237,0.0077812215
0.005452447,0.99340916,0.0011384393
0.015293655,0.98387665,0.0008297553
0.016236342,0.98315585,0.0006078031
0.04394837,0.9553876,0.00066407037
0.040470663,0.9578008,0.0017285052
0.053531315,0.945166,0.0013027097
0.012172071,0.98601866,0.0018092168
0.009318249,0.99028265,0.00039915083
0.018293763,0.9794869,0.0022192851
0.014573316,0.9825288,0.0028978174
0.015337748,0.9838268,0.00083540456
0.023071224,0.9743301,0.0025986508
0.015573648,0.9825111,0.0019153059
0.020078938,0.97314274,0.006778351
0.0030955086,0.995644,0.0012605079
0.0105715925,0.98760206,0.0018263346
0.021169005,0.97803545,0.00079555775
0.024774458,0.9742697,0.00095593085
0.020815361,0.9777956,0.0013891056
0.01506603,0.9835353,0.0013986247
0.016999332,0.98126066,0.0017399861
0.005094276,0.99381894,0.0010867544
0.018112829,0.98027325,0.0016138968
0.015471802,0.98374116,0.00078702404
0.033452872,0.96530336,0.0012437681
0.01790061,0.9811654,0.00093398936
0.0072036437,0.9926402,0.000156071
0.016541723,0.982274,0.0011843181
0.039876994,0.9586126,0.0015103811
0.007414872,0.992247,0.0003381036
0.006708123,0.9916923,0.0015995548
0.018213611,0.98092616,0.00086022157
0.08249298,0.9159298,0.0015772486
0.017912332,0.98084956,0.0012381452
0.020111872,0.9785539,0.001334317
0.012811293,0.98641485,0.00077389926
0.044361223,0.025499396,0.93013936
0.02675702,0.027258124,0.9459849
0.03824562,0.016872238,0.94488215
0.029455282,0.020502945,0.95004183
0.02534797,0.017886851,0.9567652
0.3190051,0.008129744,0.67286515
0.7263585,0.031704284,0.24193725
0.038647134,0.015829805,0.9455231
0.047563598,0.17347145,0.778965
0.037144974,0.046955645,0.9158994
0.027291233,0.06585299,0.90685576
0.05640866,0.086687535,0.85690385
0.03410987,0.03401009,0.93188006
0.013230935,0.98257315,0.0041959514
0.020543495,0.016314847,0.96314174
0.03706135,0.31000793,0.6529307
0.030657085,0.02305096,0.946292
0.11944543,0.010799927,0.8697547
0.07035165,0.032335397,0.897313
0.9542188,0.011361483,0.03441964
0.09124341,0.020801295,0.8879553
0.040180724,0.036335725,0.92348355
0.033920802,0.029356007,0.9367232
0.021428287,0.010545798,0.96802586
0.055964485,0.038164467,0.9058711
0.06683497,0.052357007,0.88080806
0.03418681,0.017123193,0.94869006
0.023958368,0.010579676,0.9654619
0.019461554,0.031774856,0.9487636
0.04329372,0.076878496,0.8798278
0.02763088,0.00875408,0.963615
0.035931148,0.029211817,0.9348571
0.03227739,0.02535957,0.94236296
0.01998824,0.008422329,0.9715893
0.03318568,0.021301107,0.9455132
0.02718207,0.011805591,0.9610124
0.037313662,0.038124,0.9245624
0.941323,0.025183588,0.03349341
0.03866041,0.033786133,0.9275535
0.17010571,0.079261154,0.7506332
0.005771004,0.99354917,0.0006798889
0.04128096,0.02100205,0.93771696
0.06673952,0.0455124,0.887748
0.025272796,0.05734379,0.91738343
0.031699784,0.013422532,0.9548777
0.02481188,0.013635678,0.9615525
0.046540383,0.11429215,0.8391674
0.035031695,0.39431566,0.5706526
0.029061452,0.12163847,0.84930015
0.055180043,0.04946307,0.89535695
0.033343054,0.024972798,0.9416841
0.07354976,0.03913835,0.88731194
0.031297974,0.029603401,0.9390986
0.038058117,0.033553388,0.92838854
0.019054033,0.026299354,0.95464665
0.037908036,0.026464077,0.93562794
0.02737616,0.024396462,0.94822747
0.04181326,0.031286117,0.9269006
0.025916412,0.02131826,0.95276535
0.029113574,0.027269663,0.9436168
0.027814869,0.025549298,0.94663584
0.05489899,0.019271357,0.92582965
0.035908442,0.026168758,0.9379229
0.04597663,0.02965577,0.92436755
0.016769322,0.007655096,0.9755756
0.02421532,0.010394557,0.96539015
0.037045337,0.041448314,0.9215064
0.08658197,0.127461,0.7859571
