p0,p1,p2
0.019407082,0.97518796,0.0054049636
0.9875516,0.009512917,0.0029354752
0.988351,0.009227699,0.002421335
0.98834944,0.0084678,0.00318278
0.9874533,0.010305,0.0022417088
0.05625419,0.038947113,0.90479875
0.09388582,0.034496527,0.8716177
0.9818193,0.013415873,0.0047649276
0.98683286,0.010740191,0.002427078
0.9834984,0.011848138,0.0046534105
0.98523444,0.010675776,0.0040898346
0.9860728,0.009809768,0.0041173697
0.9872071,0.010073608,0.0027192298
0.98775476,0.009608248,0.0026370299
0.98584646,0.009552299,0.0046011815
0.9869573,0.010259668,0.0027830098
0.9872705,0.010015398,0.002714098
0.98550653,0.010461957,0.004031475
0.9891549,0.008532831,0.0023123336
0.058232717,0.044976786,0.8967905
0.9849967,0.011273147,0.003730217
0.9848407,0.01076046,0.004398867
0.98828495,0.0093267355,0.0023882966
0.9853317,0.010015273,0.004652988
0.9828221,0.010759399,0.0064184596
0.98736423,0.009418682,0.0032170878
0.9855564,0.010037141,0.004406365
0.9869659,0.01069976,0.002334413
0.9860432,0.010081402,0.0038753566
0.9809749,0.014282782,0.0047422685
0.98632485,0.009783571,0.0038916357
0.98528165,0.010823255,0.0038951193
0.98514605,0.0112309,0.0036230679
0.9861129,0.009342661,0.004544365
0.9872938,0.010054835,0.0026512886
0.9846885,0.011330313,0.0039811996
0.98815745,0.008408478,0.003434024
0.9818013,0.014018326,0.00418039
0.9859088,0.011311167,0.0027800533
0.9870378,0.009752472,0.0032097488
0.9855295,0.011339989,0.0031306038
0.9844477,0.011917625,0.0036346698
0.9695581,0.018519655,0.011922209
0.9872636,0.01006435,0.002672001
0.9855241,0.011580539,0.0028953196
0.9882719,0.009372264,0.0023558352
0.98754334,0.008997783,0.0034588063
0.9852143,0.0118514355,0.002934253
0.98549587,0.011768313,0.0027358064
0.98582435,0.009961738,0.0042139483
0.9863194,0.010516701,0.0031638597
0.9827939,0.013889346,0.0033167761
0.9758834,0.017391808,0.0067248126
0.98151326,0.013177998,0.005308816
0.9863918,0.009784235,0.003824085
0.9871063,0.009696169,0.0031974572
0.98228914,0.0130857825,0.0046250504
0.9876035,0.008876143,0.0035203574
0.9846868,0.012310933,0.0030022287
0.9867871,0.009749995,0.0034629144
0.9844737,0.011383289,0.0041429335
0.89202493,0.015819883,0.09215524
0.98393905,0.01102707,0.005033791
0.9876352,0.008946048,0.0034188277
0.98804164,0.009117339,0.002841018
0.98524845,0.009955918,0.0047955983
0.9864646,0.010533669,0.0030017805
0.98855186,0.008105397,0.0033427307
0.9875809,0.009772143,0.0026468849
0.9848918,0.01132712,0.0037811636
0.98423094,0.012401744,0.0033673504
0.9868607,0.010228654,0.0029105935
0.98548675,0.011745242,0.0027680297
0.98754483,0.00925626,0.003198878
0.9863094,0.009821708,0.0038688392
0.98651296,0.010285138,0.0032017827
0.9817355,0.013619329,0.004645069
0.9877621,0.009942406,0.0022955874
0.986541,0.010622293,0.0028367029
0.9875589,0.009634528,0.002806547
0.98771954,0.009533136,0.0027473401
0.9881413,0.008915737,0.0029429705
0.9848224,0.010876472,0.004301086
0.97723335,0.017578192,0.0051884977
0.98754716,0.009494314,0.0029584854
0.9853382,0.011789435,0.002872246
0.9847335,0.012287494,0.0029790064
0.9866723,0.009532334,0.003795405
0.98719656,0.009325567,0.0034779103
0.98823756,0.008761237,0.0030013078
0.9867845,0.010876877,0.002338547
0.070010655,0.04785982,0.8821295
0.98760843,0.008884861,0.0035066507
0.98731714,0.010015872,0.0026669323
0.9833941,0.012234882,0.0043710107
0.9892897,0.008001302,0.0027090462
0.98779374,0.00986535,0.0023409387
0.98767275,0.009715956,0.002611186
0.9837758,0.01309919,0.003125033
0.9876275,0.009560216,0.0028122293
0.9866774,0.010928931,0.0023937442
0.97988015,0.015501641,0.0046182154
0.98704785,0.01028067,0.0026714173
0.9868912,0.009665697,0.0034430467
0.986654,0.010654679,0.0026912948
0.98365015,0.0122022685,0.004147561
0.98766565,0.0096402755,0.0026940545
0.9881585,0.008881132,0.0029603168
0.98736376,0.009191514,0.0034446951
0.98543733,0.010456116,0.0041066874
0.9855156,0.009929487,0.004554937
0.98345494,0.013353191,0.0031918576
0.983327,0.011492826,0.0051802224
0.988326,0.009327123,0.0023467792
0.9819328,0.012396976,0.0056702094
0.98760194,0.009634947,0.002763156
0.9871215,0.010566449,0.0023120916
0.985103,0.011798136,0.0030988387
0.9864309,0.010304387,0.0032646605
0.98867583,0.008825246,0.0024990179
0.98679185,0.010718789,0.002489389
0.9890526,0.008598865,0.0023485045
0.9830314,0.013852062,0.0031165755
0.98760974,0.009989532,0.0024006905
0.9691132,0.02461928,0.006267426
0.9878193,0.009097501,0.0030832016
0.02349855,0.9703354,0.0061659855
0.02015049,0.97518104,0.0046684463
0.01700604,0.9797324,0.0032615461
0.016665433,0.9780905,0.0052440106
0.014354309,0.9801278,0.0055178893
0.01790403,0.97800434,0.0040916633
0.015217773,0.97995144,0.004830756
0.018131748,0.9779489,0.0039193514
0.016475635,0.97930545,0.004218915
0.015921153,0.9763874,0.007691452
0.023635637,0.97029424,0.0060701333
0.016290843,0.9787794,0.004929762
0.015587234,0.9809702,0.0034425014
0.018336777,0.9774849,0.004178301
0.019284245,0.9742343,0.006481529
0.014401685,0.9814439,0.0041544545
0.01562769,0.9792037,0.0051685856
0.01553529,0.9810487,0.003415985
0.017657062,0.9773137,0.0050292783
0.02300144,0.96901447,0.007984095
0.023696443,0.96947116,0.0068323766
0.018861523,0.9769052,0.0042333067
0.024849929,0.9602097,0.014940352
0.020107089,0.9669234,0.012969441
0.020711357,0.9634551,0.015833491
0.017903129,0.9765236,0.0055732774
0.023685142,0.9699556,0.006359225
0.017539395,0.9774599,0.005000644
0.023563521,0.9560639,0.020372624
0.019254657,0.9765465,0.004198821
0.018014621,0.9768643,0.00512111
0.015903821,0.9800986,0.003997624
0.01956369,0.96687174,0.013564612
0.021664143,0.9597511,0.018584691
0.021950562,0.97149074,0.0065586506
0.02172976,0.9721051,0.0061651785
0.016819336,0.97896326,0.004217441
0.014998226,0.9800655,0.0049362397
0.018752266,0.9693513,0.011896407
0.017159024,0.9794174,0.0034236524
0.01657073,0.9787255,0.0047037527
0.016712312,0.97892797,0.0043596663
0.02242165,0.9712479,0.006330496
0.017540496,0.9784762,0.003983219
0.016702399,0.97930324,0.0039943797
0.018850282,0.9696717,0.011478024
0.017259086,0.97841746,0.0043234834
0.015457714,0.98092765,0.0036146068
0.051793903,0.06874992,0.87945616
0.022974763,0.95614725,0.020877942
0.014674788,0.9797553,0.005569922
0.017558206,0.97898614,0.0034557278
0.013715136,0.982386,0.0038988725
0.017453637,0.9783967,0.0041496526
0.01758697,0.9781989,0.004214148
0.018127752,0.97821087,0.0036613597
0.014194303,0.98158526,0.004220485
0.018078743,0.9774735,0.0044477265
0.017505927,0.97941315,0.0030809403
0.014553647,0.9812027,0.004243633
0.017054496,0.9791716,0.0037739158
0.016387146,0.9797697,0.0038431871
0.017623454,0.9783155,0.0040611136
0.05701036,0.054240525,0.8887491
0.018391669,0.97706586,0.004542422
0.01670092,0.9801733,0.0031257758
0.017303867,0.9780864,0.0046097618
0.018560534,0.9707498,0.01068969
0.017383724,0.97876954,0.0038467695
0.018071413,0.9780318,0.0038967838
0.0171187,0.979026,0.0038553001
0.021972137,0.971971,0.006056917
0.015405032,0.9804528,0.004142161
0.01868741,0.9707271,0.010585559
0.017677132,0.97842455,0.0038983487
0.017291432,0.9788163,0.0038923
0.017513616,0.97840905,0.0040773978
0.019655813,0.97522664,0.0051175198
0.018240489,0.9775889,0.004170592
0.015280183,0.98157114,0.0031486286
0.021131763,0.95836663,0.02050162
0.018237464,0.9779041,0.003858411
0.02085648,0.9725776,0.006565988
0.016922181,0.97967327,0.0034045398
0.0187495,0.9763331,0.004917441
0.017865445,0.97828215,0.003852371
0.017142449,0.9794272,0.00343038
0.01749156,0.9786093,0.003899085
0.018402351,0.9700254,0.011572265
0.015328387,0.98130774,0.003363913
0.9847878,0.009339223,0.0058729434
0.015518809,0.9776183,0.006862933
0.018470868,0.97744775,0.0040813554
0.01779757,0.9783797,0.0038227725
0.01710216,0.97951376,0.0033840984
0.02248618,0.971668,0.0058458555
0.014319672,0.9815896,0.004090653
0.017376725,0.9783754,0.0042479658
0.017619073,0.97854996,0.0038309132
0.016209258,0.9800791,0.003711594
0.016666748,0.9796016,0.0037315865
0.014900735,0.9813317,0.003767496
0.01737668,0.97885066,0.0037726788
0.013705975,0.98172987,0.004564105
0.016721005,0.9794372,0.0038418826
0.015998725,0.98066574,0.0033355511
0.017814914,0.97837716,0.003807859
0.013661662,0.9823858,0.003952543
0.022344502,0.97169423,0.005961315
0.016389677,0.97992104,0.0036893147
0.016866084,0.9797687,0.0033652033
0.017871574,0.9776625,0.0044659977
0.018383887,0.96999884,0.0116172405
0.018069128,0.9774309,0.0044999584
0.017849362,0.9788343,0.0033163421
0.018161675,0.9705173,0.0113209775
0.017216524,0.9788681,0.0039153807
0.052095342,0.08719005,0.8607146
0.018548174,0.9767576,0.004694295
0.015383795,0.9810153,0.0036008367
0.018099323,0.97763103,0.0042696786
0.018028053,0.97759265,0.0043793046
0.020842027,0.9657538,0.013404162
0.018103864,0.9778763,0.004019842
0.016811242,0.9799265,0.0032621922
0.020282863,0.9739484,0.005768731
0.016775234,0.97973925,0.0034855108
0.014658659,0.9805917,0.004749684
0.0167231,0.97956,0.0037168805
0.017176976,0.979485,0.0033380485
0.041768316,0.82110715,0.1371245
0.017537067,0.97924095,0.003221931
0.017193059,0.97896695,0.003840038
0.021740329,0.9556312,0.02262845
0.021828983,0.97178733,0.0063836896
0.017642554,0.97794217,0.00441523
0.01764583,0.97812384,0.0042303167
0.01830868,0.9769408,0.004750521
0.02270926,0.97129685,0.0059938957
0.016936183,0.980005,0.0030588116
0.022321986,0.95940596,0.018272126
0.0142334495,0.9814129,0.004353693
0.017054496,0.9791716,0.0037739158
0.01603539,0.9795593,0.0044052894
0.018902201,0.9694979,0.011599908
0.017811937,0.9782137,0.00397438
0.014130624,0.9819645,0.0039048193
0.014232228,0.9813286,0.004439181
0.016824422,0.98021597,0.0029595539
0.018852592,0.9697906,0.011356776
0.020521117,0.9639736,0.015505288
0.017865581,0.97828954,0.003844883
0.019046636,0.976906,0.00404735
0.017308507,0.97787106,0.0048205005
0.01729705,0.9786563,0.00404669
0.017095724,0.97914517,0.0037591015
0.017083917,0.97942495,0.0034912047
0.023750005,0.96976656,0.006483386
0.0149379885,0.9799498,0.005112262
0.016575169,0.9789876,0.004437249
0.017440362,0.9728905,0.009669179
0.018770898,0.9693673,0.011861801
0.027327593,0.9465453,0.026127152
0.017695952,0.9780326,0.0042714323
0.019766154,0.97402024,0.0062136254
0.015010903,0.9799365,0.005052634
0.016862663,0.97956985,0.00356755
0.018512225,0.970116,0.011371686
0.017627263,0.97852695,0.003845816
0.055255495,0.043774772,0.9009698
0.02095424,0.97285163,0.006194061
0.022589022,0.9694621,0.0079488745
0.014506164,0.9808709,0.004622885
0.017323589,0.97872317,0.0039532185
0.018115927,0.9775727,0.004311322
0.017998286,0.97788656,0.0041152127
0.018097797,0.97707146,0.004830691
0.012922545,0.982429,0.0046483506
0.017005386,0.9796948,0.0032998654
0.020522865,0.9735163,0.0059608403
0.016873458,0.9792402,0.0038863875
0.016940322,0.9797661,0.0032936663
0.0178,0.9780357,0.0041643563
0.018281093,0.9778531,0.0038657521
0.014718685,0.98172677,0.0035545174
0.01673282,0.9801293,0.0031378688
0.014732817,0.980752,0.0045152484
0.01573813,0.97940546,0.0048564374
0.04792031,0.07997758,0.8721021
0.017547615,0.9788734,0.003578967
0.016970413,0.97911316,0.003916361
0.013986851,0.981512,0.0045011304
0.024599094,0.9683186,0.0070822556
0.01839855,0.9764773,0.005124083
0.016913487,0.97916985,0.0039165877
0.020064227,0.97385526,0.006080523
0.017973764,0.9775083,0.0045179287
0.017227624,0.9790211,0.003751291
0.01782103,0.97823536,0.0039435383
0.013532599,0.98073727,0.0057300627
0.018085511,0.97783947,0.0040750243
0.017440297,0.97812635,0.0044333455
0.017226858,0.97849965,0.004273472
0.017255023,0.979621,0.0031240145
0.01657058,0.97919446,0.0042349473
0.017666608,0.9783196,0.004013817
0.017431019,0.97808355,0.004485408
0.017241195,0.9788359,0.0039229062
0.017849084,0.9778635,0.0042874087
0.013767336,0.98228055,0.003952119
0.013873387,0.982144,0.0039825626
0.015892489,0.9808359,0.0032716033
0.017640088,0.97828305,0.004076873
0.017397884,0.9786106,0.0039915545
0.018300904,0.97034687,0.011352199
0.017985381,0.9781401,0.003874447
0.020618606,0.95633465,0.023046685
0.015259646,0.9788169,0.005923472
0.016757853,0.9801588,0.0030832859
0.04032667,0.65722644,0.30244687
0.016850814,0.97935975,0.0037894147
0.018425325,0.9774211,0.0041536195
0.020511229,0.96633595,0.013152826
0.017117543,0.97848195,0.004400444
0.01888173,0.9693943,0.011723934
0.018640785,0.97685313,0.004506091
0.015353367,0.98098916,0.003657444
0.015724543,0.98095196,0.0033235168
0.021572798,0.959445,0.018982233
0.02851803,0.87341565,0.09806632
0.01627972,0.9800234,0.0036969138
0.016420718,0.97986126,0.0037180237
0.06374473,0.045913607,0.8903417
0.02333857,0.96986616,0.0067952275
0.054417353,0.048258208,0.89732444
0.24461658,0.046697292,0.7086861
0.059548426,0.042891122,0.8975604
0.05810546,0.043561496,0.8983331
0.05534718,0.03998204,0.9046707
0.061871413,0.12789392,0.81023467
0.064384915,0.046374712,0.8892404
0.08729058,0.036898047,0.8758114
0.04807729,0.030935114,0.92098767
0.06379718,0.03594459,0.90025824
0.2873954,0.07280699,0.6397976
0.017111467,0.97527313,0.0076154456
0.050347585,0.046700522,0.90295196
0.012750724,0.9722106,0.015038704
0.059549443,0.04418861,0.8962619
0.059468742,0.04417184,0.8963594
0.050095573,0.044425584,0.9054789
0.056604348,0.041372206,0.90202343
0.061273333,0.047071744,0.8916549
0.06954776,0.03905087,0.8914014
0.06535306,0.040588547,0.89405835
0.05676595,0.050046884,0.8931871
0.053621095,0.041658323,0.90472054
0.9770031,0.012751165,0.010245848
0.06062234,0.04897375,0.89040387
0.05638109,0.04251714,0.90110177
0.015673377,0.97728276,0.007043877
0.060959283,0.03974451,0.8992962
0.05748478,0.08782519,0.8546901
0.059404746,0.04388794,0.8967073
0.060374424,0.04590802,0.8937175
0.06417074,0.0408492,0.89497995
0.063623406,0.039446846,0.89692974
0.05195213,0.04718761,0.90086025
0.06639362,0.04786826,0.88573813
0.9877724,0.009186343,0.0030411913
0.98847497,0.008737706,0.0027872894
0.9856047,0.010895748,0.003499536
0.15137984,0.040887825,0.80773234
0.983214,0.011775513,0.005010471
0.97272635,0.0105042765,0.016769402
0.9854682,0.010777836,0.003753934
0.9874499,0.00940112,0.003148981
0.07608669,0.03943473,0.8844787
0.94239813,0.010048388,0.047553506
0.98675376,0.009941962,0.0033042242
0.98555344,0.010757736,0.0036888423
0.09009162,0.042317975,0.8675904
0.9868227,0.008512713,0.0046645817
0.9832418,0.013034673,0.0037235713
0.06132699,0.04055446,0.89811856
0.9810143,0.011288035,0.0076977713
0.28988284,0.050082844,0.6600343
0.98622185,0.007596369,0.0061818385
0.6182598,0.023394352,0.35834587
0.9211512,0.016772907,0.062075943
0.071138844,0.045551002,0.8833102
0.0663166,0.040508844,0.8931746
0.07519282,0.04257248,0.88223463
0.07451441,0.04004079,0.8854449
0.9764163,0.01395506,0.009628702
0.070150405,0.041199047,0.88865054
0.06306827,0.05818639,0.8787454
0.04212164,0.06690061,0.89097774
0.060131688,0.047568083,0.8923002
0.016659291,0.97916335,0.004177309
0.017597439,0.97734845,0.005054075
0.077576414,0.16673407,0.75568956
0.048079554,0.7805247,0.17139575
0.027450103,0.94431126,0.028238611
0.015560837,0.9788309,0.00560831
0.018163955,0.9758666,0.005969399
0.021617884,0.97183394,0.0065481653
0.97605604,0.017158683,0.0067853783
0.09901085,0.040219445,0.8607698
0.07758082,0.037151057,0.88526815
0.8937781,0.01692278,0.08929904
0.07357465,0.044429604,0.8819958
0.056194853,0.04260492,0.90120023
0.05714319,0.036903422,0.90595335
0.05584478,0.047256198,0.8968989
0.052804433,0.046191975,0.90100354
0.06995654,0.0434158,0.8866276
0.059884395,0.041887775,0.8982278
0.059427276,0.0417715,0.8988012
0.0644687,0.053786766,0.8817446
0.055968363,0.04514786,0.89888376
0.05479267,0.046095017,0.8991123
0.056025125,0.04768741,0.89628744
0.060177203,0.040282875,0.8995399
0.05355936,0.0511067,0.895334
0.056783404,0.7739821,0.16923447
0.06359692,0.042905945,0.89349717
0.060518116,0.04560347,0.8938784
0.070962034,0.042528827,0.8865092
0.9682053,0.0097360425,0.022058673
0.15091783,0.037796408,0.8112858
0.056641847,0.041177846,0.9021803
0.05175644,0.045943312,0.9023003
0.84363127,0.017941736,0.13842691
0.050489005,0.03959059,0.9099204
0.058351934,0.034202978,0.90744513
0.063467145,0.041806087,0.8947268
0.08049245,0.03577067,0.88373697
0.079694584,0.052137535,0.8681679
0.06119368,0.045697868,0.89310837
0.054866444,0.039077487,0.9060561
0.06319165,0.04509493,0.89171344
0.06384594,0.04265535,0.8934987
0.50432277,0.029254941,0.4664223
0.052194502,0.040530205,0.90727526
0.0564535,0.04172795,0.9018186
0.05425988,0.03958124,0.906159
0.067518614,0.049157064,0.88332427
0.058484286,0.044362336,0.8971533
0.058634646,0.047160294,0.8942051
0.06744194,0.038091004,0.89446706
0.06303461,0.03917732,0.897788
0.05363976,0.043972313,0.9023879
0.060299814,0.051001165,0.88869905
0.059221078,0.042468306,0.89831054
0.06323374,0.04096655,0.8957997
0.06576945,0.044306695,0.8899238
0.058442973,0.03424798,0.907309
0.06472187,0.045738075,0.88954
0.06022766,0.044300806,0.8954715
0.074884854,0.035485547,0.88962954
0.06632231,0.03714899,0.8965288
0.06389694,0.046463545,0.88963956
0.061223175,0.039547957,0.8992288
0.060300168,0.044462558,0.89523727
0.060087264,0.043469843,0.8964429
0.06170971,0.042912364,0.89537793
0.05534358,0.040927526,0.9037289
0.054786347,0.039154034,0.9060596
0.058880605,0.042286042,0.8988334
0.050592374,0.04206561,0.9073421
0.053679388,0.041500475,0.9048201
0.053872675,0.046874,0.8992533
0.06236709,0.042822395,0.89481056
0.06310431,0.04684937,0.8900463
0.0536954,0.04606286,0.90024173
0.06690654,0.04355818,0.88953525
0.061898816,0.04129395,0.8968072
0.06864119,0.03990144,0.89145744
0.07616983,0.036653914,0.8871762
0.061771933,0.04369605,0.894532
0.055004437,0.044609245,0.90038633
0.054442164,0.046069294,0.89948857
0.053269662,0.045742292,0.90098804
0.05607494,0.033158477,0.91076654
0.058209036,0.04053737,0.9012536
0.064806044,0.043191213,0.89200264
0.064049415,0.04135341,0.89459723
0.06909736,0.036146037,0.8947566
0.061223246,0.040863205,0.8979135
0.06609116,0.038758248,0.89515066
0.06420647,0.043806393,0.8919871
0.91915566,0.018872641,0.06197172
0.0686245,0.38014913,0.5512264
0.020797005,0.975027,0.004175943
0.05425825,0.040936287,0.9048055
0.07689211,0.043983277,0.87912464
0.06431014,0.044005856,0.891684
0.051569693,0.045867033,0.9025633
0.37446973,0.03898995,0.5865403
0.053155463,0.04778805,0.8990565
0.06327424,0.035964668,0.9007611
0.06341256,0.0408823,0.8957051
0.075088516,0.039588198,0.8853233
0.05505406,0.041985303,0.9029606
0.059682377,0.06671067,0.8736069
0.057804134,0.044147175,0.8980487
0.0650252,0.031613473,0.90336126
0.05696979,0.037839044,0.9051911
0.06290599,0.044195104,0.892899
0.06334428,0.040165897,0.89648986
0.05620219,0.041158576,0.9026392
0.05746404,0.040569432,0.9019665
0.05548667,0.038005274,0.906508
0.06302544,0.13388984,0.80308473
0.077021,0.04667,0.876309
0.059740953,0.047676176,0.89258283
0.06319903,0.03974253,0.8970584
0.14300236,0.031157576,0.8258401
0.06475642,0.043052908,0.8921906
0.057030346,0.044306975,0.8986627
0.058894254,0.042502873,0.8986029
0.05289044,0.036226995,0.91088253
0.055061996,0.046684895,0.89825314
0.058877997,0.054533064,0.8865889
0.059975486,0.041747153,0.89827734
0.07201726,0.03942368,0.88855904
0.05655763,0.04172335,0.9017191
0.061008696,0.041818168,0.8971731
0.060520846,0.03920898,0.9002701
0.061567724,0.041618142,0.89681417
0.06441258,0.044660877,0.89092654
0.063840345,0.04317545,0.8929842
0.06650423,0.12725478,0.80624104
0.061478756,0.043003,0.89551824
0.061364613,0.035567172,0.90306824
0.059498634,0.046314966,0.89418644
0.056045603,0.046463437,0.89749104
0.055654667,0.04524692,0.8990984
0.01989177,0.9528397,0.027268596
0.19865741,0.039996766,0.76134574
0.06281181,0.059876945,0.8773112
0.01637679,0.9791504,0.0044727945
0.057840668,0.04002595,0.90213335
0.09079877,0.033305284,0.875896
0.05949279,0.04159354,0.89891374
0.059783246,0.046129294,0.8940875
0.05340138,0.042058732,0.9045399
0.057284,0.133972,0.80874395
0.055934735,0.0465985,0.89746684
0.06441677,0.037610676,0.89797264
0.07940848,0.029495822,0.8910957
0.056394484,0.045803633,0.8978019
0.06012146,0.03985445,0.9000241
0.02057253,0.96497405,0.014453394
0.051153764,0.0385752,0.910271
0.05462881,0.046317615,0.89905363
0.060410935,0.044457316,0.8951317
0.06254423,0.038129974,0.8993257
0.06071903,0.047892194,0.8913887
0.03169993,0.83693963,0.13136047
0.06437663,0.043453187,0.89217013
0.053838983,0.043071147,0.9030898
0.08425525,0.039712004,0.87603277
0.021996005,0.9692332,0.008770792
0.05216362,0.046395283,0.9014411
0.055068307,0.045697834,0.8992338
0.057912637,0.048482418,0.89360493
0.057361115,0.044044763,0.89859414
0.05283656,0.046491694,0.9006717
0.074604034,0.037586603,0.8878094
0.050938394,0.041737422,0.90732414
0.049817838,0.050602358,0.8995798
0.06354422,0.037575245,0.8988805
0.06439899,0.048551604,0.8870494
0.06453539,0.04545068,0.890014
0.06841414,0.035233777,0.8963521
0.06974262,0.037012905,0.89324456
0.0663208,0.07697104,0.8567081
0.059303068,0.040263847,0.90043306
0.05348034,0.04240984,0.9041098
0.04941296,0.05788254,0.89270455
0.98857915,0.0070354114,0.0043854835
0.062318925,0.043124925,0.8945561
0.08069808,0.040845904,0.87845606
0.054342017,0.04166547,0.90399253
0.060653444,0.0406215,0.89872503
0.054792702,0.039484978,0.9057224
0.06223312,0.03787553,0.8998913
0.07906979,0.037633672,0.88329655
0.060616277,0.042524107,0.89685965
0.06871005,0.03500809,0.89628184
0.055657126,0.045204755,0.8991381
0.2277846,0.036827944,0.73538744
0.054272383,0.04729101,0.8984366
0.06499633,0.042563245,0.89244044
0.050698843,0.040937066,0.9083641
0.05405476,0.049361818,0.8965834
0.059943758,0.04400594,0.89605033
0.015886348,0.9780662,0.0060474696
0.056265566,0.04272106,0.90101343
0.096753694,0.04204727,0.8611991
0.050117634,0.0431198,0.90676266
0.05884155,0.038083825,0.9030746
0.06458638,0.04600031,0.88941336
0.062343325,0.04623923,0.8914175
0.054726154,0.043738145,0.90153563
0.05391807,0.04343029,0.9026517
0.059238445,0.042626206,0.8981353
0.113028795,0.031885125,0.855086
0.054115042,0.042144835,0.9037401
0.05251282,0.045313116,0.902174
0.058656197,0.045061193,0.89628255
0.06280435,0.03147994,0.90571564
0.054740787,0.031961214,0.91329795
0.059827372,0.04236186,0.89781076
0.054075222,0.04549146,0.9004333
0.05676625,0.039072026,0.9041618
0.08918906,0.044541556,0.8662694
0.059687585,0.043286245,0.8970261
0.056791347,0.03599317,0.9072155
0.06342772,0.040653165,0.8959191
0.16300595,0.02766663,0.8093275
0.057665765,0.045997612,0.8963366
0.06792565,0.040382404,0.8916919
0.054407936,0.044471562,0.9011205
0.054284137,0.04047867,0.90523714
0.016388696,0.97223705,0.0113743115
0.053679287,0.0406183,0.9057025
0.2055828,0.40443242,0.3899848
0.05086606,0.04530753,0.9038264
0.05890558,0.045385543,0.8957089
0.06404683,0.04139214,0.8945611
0.06681379,0.036166746,0.8970194
0.056556962,0.45629472,0.4871483
0.059224345,0.038679402,0.90209633
0.060479652,0.044682086,0.8948382
0.063032284,0.044893436,0.8920743
0.062859446,0.0407539,0.8963867
0.051580396,0.04390415,0.9045155
0.056085005,0.040515043,0.90339994
0.9807098,0.01028472,0.009005603
0.061082933,0.045682043,0.893235
0.05557167,0.0449155,0.89951277
0.06439639,0.034401644,0.90120196
0.08043046,0.0386664,0.8809031
0.068904944,0.041874666,0.88922036
0.056775413,0.05032479,0.8928998
0.06484325,0.03805429,0.8971025
0.061085306,0.03863905,0.90027565
0.055456705,0.041616354,0.902927
0.054029744,0.040565327,0.905405
0.059686515,0.045053743,0.89525974
0.061730348,0.040841132,0.8974285
0.04845051,0.040029828,0.91151965
0.061616093,0.043927655,0.89445627
0.063020155,0.04768639,0.88929343
0.05682555,0.044234183,0.8989402
0.06674112,0.036339708,0.8969192
0.05573291,0.043025017,0.9012421
0.056081243,0.04013821,0.9037805
0.05738718,0.047552414,0.89506036
0.06364244,0.035647918,0.9007096
0.062099643,0.03686475,0.90103567
0.0581055,0.047936514,0.8939579
0.056849215,0.046466995,0.8966837
0.05998104,0.037261263,0.9027577
0.06313796,0.03935669,0.89750534
0.061434112,0.038878664,0.8996873
0.0610745,0.040565368,0.8983601
0.056845788,0.04477154,0.8983827
0.053126853,0.04566423,0.90120894
0.058363322,0.04371211,0.8979246
0.06273717,0.04719491,0.89006793
0.05462005,0.04559222,0.8997878
0.06298422,0.04431494,0.89270085
0.06114262,0.04125014,0.8976072
0.98211426,0.0076763574,0.010209323
0.8947316,0.015992338,0.08927605
0.056048807,0.040252343,0.9036989
0.07030884,0.044669203,0.8850219
0.05543678,0.04240121,0.902162
0.08760776,0.04639202,0.8660003
0.06369313,0.04407588,0.89223105
0.0620268,0.03491301,0.90306014
0.067501806,0.044637762,0.8878604
0.77233666,0.026844088,0.20081924
0.05761074,0.036352385,0.9060369
0.053933978,0.042706978,0.903359
0.06455723,0.03639058,0.89905226
0.055767987,0.041100662,0.9031313
0.055108435,0.045441773,0.8994498
0.06397818,0.04459859,0.8914233
0.060481723,0.046395596,0.89312273
0.060369253,0.040957727,0.89867306
0.061895117,0.045283437,0.89282143
0.05492225,0.046475552,0.8986022
0.05229121,0.04052607,0.90718275
0.062142108,0.037525825,0.90033203
0.062468223,0.04563583,0.8918959
0.056180406,0.0472394,0.8965801
0.05765287,0.04795955,0.8943875
0.06861584,0.035894144,0.89549
0.053746,0.047361247,0.8988927
0.06310854,0.04721998,0.88967144
0.0540923,0.0438695,0.9020381
0.058710944,0.09770019,0.8435889
0.058863245,0.043445446,0.89769137
0.025575554,0.915767,0.05865748
0.054806083,0.04761635,0.89757764
0.05734875,0.044250812,0.8984004
0.05218892,0.038859338,0.9089518
0.06012321,0.037185807,0.902691
0.053345926,0.03863056,0.9080235
0.08468529,0.038885504,0.8764292
0.9618675,0.014449135,0.023683418
0.06413959,0.047409177,0.88845134
0.057499032,0.043064784,0.89943624
0.05864918,0.043861907,0.897489
0.8418838,0.02724794,0.13086833
0.062603585,0.04400413,0.8933922
0.03886224,0.06533673,0.89580107
0.055885453,0.04128791,0.9028267
0.066671,0.042151652,0.89117736
0.05464748,0.039380327,0.9059721
0.07089061,0.034583084,0.8945263
0.7974893,0.032279655,0.17023109
0.057845242,0.03862743,0.9035273
0.35008848,0.044421908,0.6054897
0.98163766,0.012381152,0.0059812902
0.059487127,0.05432256,0.88619035
0.986005,0.011017896,0.0029770324
0.9864442,0.009084837,0.004471046
0.98674834,0.008537046,0.0047146045
0.9826422,0.012261399,0.0050963582
0.98980427,0.007935413,0.0022602512
0.92046064,0.018157668,0.061381623
0.090584174,0.041437034,0.8679787
0.9873111,0.009317545,0.0033712978
0.073706746,0.045298688,0.88099456
0.09873497,0.044568572,0.8566964
0.9851028,0.011181162,0.0037160746
0.9732171,0.013169095,0.013613691
0.8723468,0.023728928,0.103924245
0.2572792,0.03822247,0.70449835
0.98064536,0.013243719,0.0061109723
0.98642737,0.010144598,0.0034280117
0.98708946,0.010033139,0.002877351
0.11620771,0.04091243,0.8428799
0.1040452,0.03199649,0.86395836
0.98837787,0.008426797,0.0031953289
0.96869564,0.015384682,0.015919616
0.9832328,0.012078559,0.004688641
0.981143,0.013778278,0.0050786543
0.94448215,0.02184638,0.03367152
0.9842754,0.01239625,0.0033282698
0.9866991,0.010256984,0.0030438257
0.98868155,0.008765174,0.0025533033
0.9791708,0.014035487,0.006793749
0.9889742,0.008598184,0.002427599
0.98573154,0.009980274,0.004288273
0.98747325,0.009900749,0.0026260004
0.98796356,0.009563469,0.0024729492
0.057873454,0.04036275,0.9017638
0.98683155,0.009213513,0.0039549503
0.91649747,0.01603319,0.0674693
0.9825319,0.012200305,0.005267823
0.982669,0.012663323,0.0046676835
0.77185285,0.023126552,0.20502059
0.9840551,0.011256871,0.004687982
0.9848852,0.009693265,0.005421522
0.0650332,0.045935657,0.8890311
0.98539346,0.010547951,0.0040586623
0.98835105,0.008711052,0.0029378517
0.98508275,0.01100759,0.0039095753
0.98535895,0.010404358,0.0042367107
0.5558357,0.04478701,0.39937726
0.97869736,0.013425555,0.007877077
0.9863007,0.0095567005,0.0041425233
0.9881202,0.009297902,0.002581934
0.9859789,0.010554218,0.0034668427
0.9861362,0.009573787,0.004290033
0.9758439,0.017088072,0.007067934
0.14509518,0.033887435,0.8210174
0.9829161,0.009673885,0.0074099856
0.9827901,0.010077624,0.007132161
0.96238303,0.012281382,0.025335472
0.055952623,0.039252423,0.90479505
0.98724246,0.009445151,0.0033123242
0.10343623,0.035772797,0.860791
0.9850609,0.011434657,0.003504443
0.9243511,0.017501649,0.05814726
0.9825094,0.01231975,0.005170863
0.9849792,0.012035197,0.0029855752
0.9841292,0.010120963,0.0057498803
0.068453826,0.04555557,0.88599056
0.9878076,0.007789015,0.00440351
0.98681134,0.008672038,0.0045166025
0.9894806,0.008337913,0.0021814562
0.98364,0.0131550655,0.0032049534
0.9665108,0.010580831,0.022908429
0.07315168,0.038936023,0.8879123
0.98497367,0.010782952,0.0042433343
0.985358,0.011184059,0.0034578992
0.9877515,0.0097025065,0.0025459242
0.98275524,0.011497365,0.0057474626
0.9643275,0.023906859,0.011765611
0.98501706,0.009963307,0.005019659
0.98692685,0.010554055,0.0025190776
0.9871367,0.0095835,0.0032797833
0.79929286,0.026534718,0.17417243
0.9872104,0.009917464,0.0028720882
0.97982657,0.012750605,0.0074228505
0.98337287,0.010733934,0.0058932104
0.97734296,0.013873144,0.008783926
0.057293918,0.04165189,0.90105426
0.984522,0.010704582,0.0047733807
0.9655483,0.014761642,0.01969014
0.25701937,0.030376015,0.71260464
0.06311589,0.04188033,0.89500374
0.9884239,0.008167911,0.0034082185
0.94797647,0.011634084,0.040389422
0.9875222,0.009805017,0.002672701
0.9804201,0.011138885,0.00844098
0.061224453,0.88573843,0.05303712
0.9825279,0.012823272,0.0046488186
0.98580164,0.009105557,0.0050928122
0.6957072,0.041293707,0.2629991
0.09077611,0.036108244,0.87311566
0.98186666,0.013312113,0.004821327
0.054885782,0.056269724,0.88884455
0.984038,0.010502628,0.0054593435
0.34696215,0.04141849,0.6116194
0.9786058,0.0153610045,0.0060331044
0.9867394,0.0095890025,0.0036717046
0.98957855,0.007910394,0.0025110894
0.8938783,0.024267169,0.08185461
0.97332054,0.012015317,0.014664081
0.982788,0.012084891,0.0051270686
0.9879666,0.0094060395,0.0026273124
0.053112503,0.04195395,0.90493363
0.9816803,0.012900093,0.005419735
0.060344778,0.0420042,0.897651
0.98487604,0.011946119,0.0031777953
0.057422943,0.046958867,0.8956182
0.8415417,0.020083208,0.13837512
0.957423,0.015043184,0.027533878
0.062218886,0.040289395,0.8974917
0.9846383,0.010810908,0.004550882
0.98686,0.009580814,0.0035591729
0.98604625,0.010270237,0.0036834856
0.97528785,0.014241642,0.010470408
0.98479825,0.01180601,0.003395717
0.98453623,0.01007583,0.0053879386
0.10637299,0.03814204,0.855485
0.9838885,0.012098423,0.004013082
0.9876302,0.009393659,0.0029761211
0.98582536,0.010708291,0.003466303
0.06055663,0.040398553,0.8990448
0.9893679,0.007725505,0.0029066121
0.9870411,0.009705002,0.0032539447
0.98741,0.009880797,0.0027091852
0.9848357,0.010929857,0.004234461
0.9871057,0.009734113,0.0031602038
0.98718333,0.009668558,0.0031481308
0.9858431,0.010394234,0.0037627039
0.9870443,0.009591966,0.0033638102
0.98826027,0.008352064,0.003387746
0.9891561,0.007937965,0.00290599
0.7003314,0.024341403,0.27532712
0.82460785,0.033869844,0.14152223
0.9875201,0.009959404,0.0025205917
0.9853581,0.010193151,0.004448712
0.98265994,0.0109912455,0.0063488325
0.07760442,0.036425777,0.8859699
0.9872318,0.010282585,0.0024856394
0.15191191,0.040183917,0.8079041
0.1111267,0.040237598,0.84863573
0.98272854,0.011792708,0.005478766
0.98828447,0.007762395,0.0039530452
0.06781359,0.050616734,0.8815697
0.98433924,0.011053122,0.0046076262
0.9849696,0.011372351,0.0036579676
0.98550355,0.010365317,0.0041310983
0.9858321,0.010708364,0.003459563
0.052734736,0.04039366,0.9068716
0.021828817,0.9736797,0.0044914526
0.01901106,0.9765107,0.004478195
0.024585845,0.94722635,0.02818781
0.02153689,0.972932,0.0055311313
0.050950605,0.03795582,0.9110936
0.06718145,0.045280024,0.88753855
0.017663257,0.9767022,0.0056344992
0.019529177,0.9703639,0.010106897
0.017188536,0.9758463,0.006965172
0.053595625,0.044758964,0.9016454
0.015740769,0.97956973,0.004689456
0.03362454,0.8162407,0.15013473
0.023253221,0.96490496,0.01184184
0.015475268,0.9801255,0.0043992354
0.017226132,0.9770263,0.0057475367
0.01846585,0.9771822,0.0043518916
0.019880172,0.9635093,0.016610505
0.015355028,0.9772703,0.007374621
0.06290965,0.057983387,0.87910694
0.022012569,0.9723342,0.005653295
0.051287774,0.055455305,0.8932569
0.041921534,0.80345774,0.15462075
0.05475833,0.044496477,0.9007452
0.01741759,0.9782848,0.0042976416
0.05990706,0.053726573,0.8863663
0.01671592,0.9791393,0.0041446993
0.01808306,0.9772296,0.0046873987
0.019609483,0.97578263,0.0046078945
0.01565913,0.98021585,0.0041250153
0.020358449,0.9638328,0.015808793
0.016900368,0.9779327,0.0051669204
0.018039096,0.97723675,0.004724197
0.018382367,0.9770486,0.0045690346
0.01522565,0.98045874,0.0043156133
0.06076408,0.24856533,0.6906706
0.015710395,0.9795909,0.0046987254
0.07258167,0.11995945,0.8074588
0.015966201,0.9791501,0.004883703
0.023373876,0.9694381,0.0071880487
0.020117877,0.974554,0.005328105
0.030654328,0.8309574,0.13838832
0.01600286,0.9804403,0.0035567994
0.018595321,0.9725692,0.008835426
0.016684653,0.97921854,0.004096743
0.01643245,0.97864807,0.004919483
0.017179113,0.9667769,0.016044002
0.016235406,0.97831047,0.0054541347
0.016541505,0.97652245,0.0069360477
0.05912459,0.042275075,0.8986003
0.016418235,0.97875684,0.0048248675
0.023297459,0.9700505,0.006652058
0.016703174,0.9793488,0.003948027
0.06461933,0.043991316,0.8913893
0.01672671,0.9759517,0.007321644
0.017345253,0.97851264,0.004142047
0.02227883,0.9678927,0.009828413
0.016125385,0.9773911,0.006483509
0.015906028,0.97832197,0.0057720444
0.018774746,0.97669345,0.0045318305
0.015616944,0.97853035,0.0058527472
0.022362208,0.9705668,0.0070710233
0.05293538,0.0543497,0.8927149
0.021725876,0.9709826,0.007291483
0.017945968,0.97219163,0.00986243
0.017342571,0.9778837,0.0047737164
0.01733028,0.97862315,0.004046553
0.04090278,0.19779827,0.7612989
0.015550335,0.9810403,0.0034092907
0.020406336,0.9372911,0.042302635
0.052121952,0.24571046,0.7021676
0.014514039,0.9794885,0.005997408
0.017499266,0.9780848,0.004415874
0.015799941,0.9794189,0.004781211
0.018644476,0.97704655,0.0043090014
0.051527906,0.04531806,0.90315396
0.015698675,0.97886014,0.0054412344
0.04692674,0.25536132,0.697712
0.060603417,0.057490345,0.8819062
0.016438475,0.97519016,0.00837139
0.019053007,0.97532594,0.0056210686
0.014551098,0.97911674,0.006332121
0.02344249,0.9558089,0.02074862
0.023217745,0.9447984,0.031983797
0.04671984,0.655104,0.2981762
0.046093743,0.80515015,0.14875609
0.060165938,0.04615335,0.8936807
0.017257271,0.97783697,0.0049058143
0.014164882,0.9757317,0.010103431
0.058718156,0.043614328,0.8976675
0.01492907,0.9679547,0.017116264
0.02056445,0.9745368,0.0048988163
0.048251167,0.22801206,0.72373676
0.013212713,0.9812199,0.0055673635
0.016281415,0.9621071,0.02161154
0.011515739,0.98432577,0.004158523
0.04511809,0.056590762,0.8982911
0.018033955,0.9769582,0.0050078486
0.016224973,0.9791151,0.0046598953
0.016257273,0.9796282,0.004114498
0.016271194,0.97998846,0.0037403582
0.021682693,0.9709473,0.007369964
0.05390898,0.070931256,0.8751598
0.017587004,0.9777232,0.0046897666
0.012142454,0.9797847,0.008072836
0.016928276,0.9762053,0.0068664113
0.036591247,0.8753412,0.08806762
0.05831111,0.04588079,0.8958081
0.060217693,0.09952487,0.84025747
0.024604803,0.95539165,0.020003565
0.05273454,0.05096254,0.8963029
0.0149536235,0.9771509,0.00789541
0.059254307,0.05521761,0.88552815
0.017895918,0.9751775,0.006926495
0.017161496,0.9795584,0.00328013
0.014363664,0.98172486,0.003911498
0.04678439,0.75727713,0.19593845
0.017035296,0.9785468,0.0044179596
0.055073984,0.046038512,0.8988875
0.05546307,0.06586402,0.87867284
0.017046152,0.97773725,0.0052165827
0.018045839,0.97189057,0.010063658
0.018147586,0.97546333,0.0063890927
0.019340571,0.97469723,0.005962246
0.055507507,0.13555828,0.8089342
0.015559116,0.97872263,0.0057182917
0.016738735,0.9771304,0.006130836
0.015234224,0.96674526,0.018020557
0.014915946,0.97850376,0.006580242
0.014762284,0.9788824,0.0063553825
0.02628938,0.9394897,0.03422091
0.063486256,0.049782295,0.88673145
0.016332187,0.97887063,0.004797237
0.016854508,0.9776629,0.005482555
0.058200993,0.041109785,0.9006891
0.022901222,0.9662067,0.010891975
0.05805213,0.039165124,0.9027828
0.017409591,0.9778356,0.0047548716
0.058380168,0.03594942,0.9056704
0.023660352,0.9694137,0.0069260187
0.016252821,0.97936,0.0043872218
0.01543995,0.98075783,0.003802243
0.014570802,0.9804426,0.0049865986
0.016831996,0.9773111,0.0058568832
0.17271145,0.045295734,0.78199285
0.05588211,0.040904194,0.9032137
0.05619249,0.11158852,0.83221895
0.017416058,0.9791545,0.003429425
0.016813722,0.9786365,0.0045497236
0.017499944,0.9771681,0.005331972
0.017240016,0.97829115,0.0044688694
0.019802507,0.94210166,0.03809585
0.02894652,0.78084123,0.19021222
0.019971475,0.9750499,0.0049785813
0.05882996,0.07328661,0.8678835
0.07082892,0.23311959,0.6960515
0.018062199,0.9780106,0.003927261
0.01596211,0.9769892,0.007048642
0.062816605,0.060233418,0.87694997
0.05550053,0.04789119,0.8966083
0.05112451,0.043114267,0.90576124
0.062154204,0.048264135,0.8895816
0.0575384,0.04591844,0.89654315
0.052702505,0.048033062,0.8992644
0.054633137,0.047119707,0.8982472
0.05961519,0.047067482,0.8933172
0.054909594,0.10441656,0.8406738
0.052994654,0.04891641,0.89808893
0.062058616,0.04842579,0.8895156
0.060567282,0.041546017,0.8978867
0.054284178,0.048399366,0.89731646
0.08257222,0.049197905,0.86822987
0.052646626,0.049481075,0.89787227
0.05809658,0.037546616,0.9043568
0.056221765,0.04434497,0.8994333
0.062448032,0.050720334,0.8868316
0.058607094,0.04804438,0.8933485
0.44458994,0.046928126,0.5084819
0.08084997,0.29794723,0.6212028
0.05595653,0.04006851,0.903975
0.058405973,0.050006084,0.891588
0.05768191,0.051403657,0.89091444
0.058462422,0.042088345,0.8994492
0.055526465,0.05876229,0.8857112
0.01747942,0.9741175,0.008403113
0.04042544,0.47803026,0.48154432
0.053037953,0.08425925,0.8627028
0.05780268,0.04985337,0.892344
0.8917022,0.022388823,0.08590899
0.055187635,0.050643023,0.8941694
0.061566986,0.048608467,0.8898245
0.0612347,0.038488466,0.9002769
0.06659284,0.048258677,0.8851484
0.0528972,0.04978947,0.8973133
0.061051942,0.048343252,0.89060485
0.05985286,0.04063713,0.89950997
0.059702493,0.052200723,0.8880968
0.05180681,0.040150654,0.9080425
0.06728159,0.04124908,0.89146936
0.059052322,0.043883953,0.89706373
0.04535324,0.0841435,0.87050325
0.05406776,0.0491332,0.896799
0.06053873,0.045496657,0.8939646
0.061064344,0.049887963,0.8890476
0.0340698,0.72136533,0.24456488
0.063538596,0.046395123,0.8900663
0.018068222,0.97690463,0.005027173
0.9868464,0.00998181,0.0031717392
0.07135458,0.22947943,0.699166
0.05108507,0.042083032,0.9068319
0.059514392,0.0443138,0.8961718
0.055480316,0.047362234,0.8971575
0.059400693,0.042638727,0.8979606
0.018386284,0.97677976,0.0048339674
0.059420932,0.043846346,0.8967327
0.06396785,0.049527157,0.88650495
0.061290536,0.045060597,0.8936489
0.050353188,0.044828806,0.90481794
0.018744152,0.9755781,0.005677698
0.04976213,0.046383407,0.9038544
0.054061092,0.050563008,0.89537597
0.063864954,0.0454199,0.8907151
0.045523454,0.069110595,0.8853659
0.057341307,0.044374883,0.8982838
0.06105365,0.052221954,0.8867244
0.055681467,0.042588357,0.9017301
0.06279591,0.0463028,0.89090127
0.058203068,0.04414903,0.8976479
0.058433477,0.038603313,0.9029632
0.059095867,0.043617133,0.897287
0.06268986,0.04704433,0.8902658
0.058029827,0.035559632,0.9064105
0.06326907,0.04827379,0.8884571
0.06262948,0.048396315,0.88897425
0.05905376,0.04561093,0.89533526
0.05280769,0.047452215,0.8997402
0.07045529,0.23445511,0.69508964
0.0623484,0.050936997,0.8867146
0.061594058,0.04905913,0.8893468
0.0262197,0.94619477,0.027585553
0.04969335,0.04681955,0.903487
0.06078471,0.039863586,0.8993517
0.061738096,0.037647717,0.9006142
0.060761157,0.041113056,0.89812577
0.057581756,0.042127714,0.9002905
0.061879884,0.047259986,0.89086014
0.04712677,0.043457635,0.90941554
0.017636642,0.9752305,0.0071328087
0.016435657,0.96932656,0.014237772
0.059946124,0.048332978,0.89172083
0.058151223,0.047624145,0.89422464
0.06086665,0.043393362,0.89574003
0.016399963,0.9786227,0.0049773427
0.07181639,0.37665865,0.55152494
0.057035565,0.045096822,0.8978677
0.05339836,0.03724168,0.90935993
0.060473915,0.048261113,0.891265
0.022017494,0.97207683,0.0059057074
0.0780353,0.21961814,0.70234656
0.0594828,0.03823658,0.90228057
0.053460486,0.046288796,0.9002507
0.05602505,0.04198132,0.9019937
0.0586868,0.04543831,0.8958749
0.053145085,0.04841278,0.89844215
0.054384314,0.04971129,0.89590436
0.063482955,0.04592644,0.89059055
0.05587462,0.044114217,0.9000112
0.05456669,0.042124707,0.9033085
0.058674112,0.045207202,0.89611864
0.057732422,0.046208445,0.8960591
0.045327388,0.738005,0.21666765
0.01590846,0.9765622,0.007529315
0.051087882,0.04335772,0.90555435
0.06396549,0.055601325,0.8804332
0.050012592,0.046890814,0.9030966
0.061975837,0.041853122,0.89617103
0.017481487,0.9790014,0.0035170652
0.05083338,0.039280992,0.9098856
0.059327014,0.04732272,0.89335024
0.12348663,0.03797521,0.8385382
0.057292484,0.04475034,0.89795727
0.061013915,0.045452524,0.89353365
0.06469087,0.04576084,0.8895483
0.057922218,0.044388823,0.897689
0.06319187,0.045962058,0.89084613
0.062516324,0.03702161,0.90046215
0.058202982,0.042395495,0.8994015
0.058264293,0.038304057,0.9034316
0.0615807,0.04969941,0.88871986
0.05851202,0.04390915,0.8975788
0.05967397,0.040873334,0.8994527
0.053055283,0.041218743,0.9057259
0.0534905,0.046632472,0.89987695
0.057316244,0.04347634,0.8992074
0.36413407,0.13130234,0.5045636
0.062502995,0.044668876,0.89282817
0.02141986,0.9695369,0.009043207
0.050971773,0.05431218,0.894716
0.06392647,0.062171802,0.8739017
0.034476522,0.855098,0.1104255
0.0227403,0.95848083,0.018778872
0.07472849,0.036849063,0.8884224
0.06225345,0.043693963,0.8940526
0.061290257,0.038055986,0.9006538
0.05724725,0.044627763,0.898125
0.045065254,0.057695653,0.89723915
0.058083124,0.043929156,0.8979877
0.068119794,0.03676582,0.89511436
0.062794715,0.036699437,0.9005059
0.04798117,0.043580826,0.90843797
0.06271449,0.042310607,0.8949748
0.07532562,0.042606045,0.8820684
0.05922109,0.044658788,0.8961202
0.053207286,0.06254063,0.88425213
0.056537908,0.046009906,0.8974521
0.06269938,0.044287186,0.8930134
0.057398934,0.039895203,0.90270585
0.05525802,0.046805367,0.8979366
0.057517678,0.04801091,0.8944714
0.057187647,0.04123096,0.90158147
0.056894433,0.044831738,0.8982738
0.048030104,0.048359558,0.90361035
0.058129426,0.04448242,0.89738816
0.04851299,0.05906326,0.8924237
0.017523114,0.9741712,0.008305673
0.017244115,0.9770915,0.005664336
0.98771197,0.009069902,0.0032182208
0.06302998,0.04143711,0.89553297
0.070602044,0.03677122,0.89262676
0.05866763,0.0453127,0.8960197
0.060238283,0.045006376,0.89475524
0.047154047,0.034871224,0.9179747
0.039651033,0.14902164,0.81132734
0.060736954,0.040617887,0.89864516
0.060963314,0.043187268,0.89584935
0.054513734,0.04129001,0.9041962
0.05464114,0.04610241,0.89925647
0.06170015,0.04546153,0.8928383
0.054037213,0.035111215,0.9108516
0.051436942,0.052708182,0.8958549
0.050483614,0.068115816,0.8814005
0.055466875,0.03568991,0.9088433
0.06761049,0.04049052,0.891899
0.063869305,0.030885177,0.9052454
0.27953342,0.04875384,0.67171276
0.22592698,0.03401009,0.740063
0.057972368,0.04268357,0.899344
0.058647756,0.047820184,0.893532
0.032469362,0.9535385,0.013992202
0.054728437,0.05071448,0.89455706
0.021783907,0.9594189,0.018797249
0.064104654,0.047060538,0.88883483
0.05845038,0.041407064,0.9001425
0.060703557,0.038510244,0.9007863
0.05424933,0.046379257,0.8993714
0.721331,0.036728725,0.24194027
0.06457947,0.03517989,0.90024066
0.06539354,0.04738956,0.88721687
0.058004808,0.045218322,0.8967769
0.060922578,0.042076383,0.89700097
0.060407985,0.042315956,0.897276
0.053692527,0.17557886,0.77072865
0.45335487,0.040891144,0.50575393
0.06277386,0.04358847,0.8936378
0.0627769,0.05136226,0.88586086
0.054533817,0.045342766,0.9001235
0.05161044,0.0420205,0.9063691
0.05536998,0.040470004,0.9041601
0.06368347,0.048566252,0.8877504
0.059361625,0.043706447,0.89693195
0.053016625,0.04412435,0.90285903
0.046996202,0.04477845,0.9082254
0.89080423,0.024207342,0.084988445
0.9865001,0.010335347,0.0031644395
0.97798115,0.0098632015,0.012155663
0.05251028,0.044477943,0.90301174
0.0612175,0.043579616,0.8952029
0.062116794,0.047533672,0.8903495
0.053887106,0.04000641,0.9061065
0.07395062,0.3609006,0.5651488
0.058565866,0.041712325,0.89972186
0.057338268,0.046615683,0.896046
0.067446135,0.037594456,0.89495945
0.019429509,0.9763149,0.0042556105
0.062374137,0.038333885,0.89929193
0.05660321,0.036976565,0.9064203
0.054616634,0.045212507,0.9001709
0.060275964,0.04265866,0.89706534
0.054695692,0.03986021,0.9054441
0.05568211,0.04828306,0.89603484
0.017093197,0.9479536,0.03495329
0.062013343,0.035342768,0.90264386
0.065362416,0.03431767,0.90032
0.056853,0.042893942,0.9002531
0.060381122,0.041865643,0.89775324
0.054473866,0.044634286,0.9008918
0.058740895,0.040609237,0.9006499
0.05615819,0.034835376,0.9090065
0.05898399,0.04016471,0.90085137
0.055129938,0.044190135,0.90067995
0.06215011,0.043536324,0.89431363
0.062064417,0.046597723,0.8913379
0.10303533,0.033733618,0.863231
0.9795873,0.012998914,0.0074137943
0.060954224,0.03762622,0.9014195
0.048427455,0.053735334,0.8978372
0.8441446,0.024371196,0.13148434
0.06267934,0.05024146,0.88707924
0.058281228,0.04724369,0.89447504
0.06217435,0.05315458,0.8846711
0.98028404,0.014797866,0.004918091
0.06141536,0.051818024,0.8867666
0.049545612,0.04524415,0.9052102
0.061178632,0.1668447,0.7719766
0.05461346,0.0461466,0.8992399
0.057164982,0.043808516,0.8990265
0.062420256,0.048541788,0.8890379
0.0599701,0.037436817,0.9025931
0.056379464,0.03990102,0.9037195
0.049093682,0.0442659,0.9066404
0.064698994,0.04433684,0.8909642
0.066237964,0.5619638,0.37179828
0.050558858,0.28896403,0.66047704
0.05644158,0.04412879,0.8994297
0.056720555,0.042048354,0.90123105
0.017059986,0.9785307,0.004409267
0.01721642,0.9774293,0.0053542717
0.04667428,0.04291446,0.9104112
0.053054217,0.044328455,0.90261734
0.054940812,0.057493187,0.8875661
0.06522963,0.039563768,0.8952065
0.06184544,0.04474179,0.89341265
0.05011982,0.16663946,0.7832407
0.14734584,0.038097333,0.81455684
0.062304787,0.05246589,0.8852294
0.060630947,0.05014225,0.8892268
0.053259287,0.0415189,0.9052218
0.058819205,0.045474157,0.89570665
0.0591041,0.045672107,0.8952238
0.06305836,0.044933945,0.8920077
0.068387665,0.03264895,0.89896345
0.062961884,0.05505057,0.88198763
0.05581237,0.06771819,0.8764694
0.06307246,0.046461325,0.8904663
0.053246528,0.04703581,0.8997177
0.054955423,0.043261565,0.901783
0.060725726,0.045171626,0.8941027
0.059117403,0.035786558,0.905096
0.059014972,0.042735815,0.89824915
0.07259499,0.044311475,0.88309354
0.05621481,0.29918295,0.64460224
0.06285266,0.043261282,0.8938861
0.059586883,0.033901885,0.9065112
0.060941793,0.04308778,0.8959705
0.9769572,0.011296377,0.011746372
0.06007379,0.04237051,0.89755577
0.05991329,0.045802727,0.89428395
0.060679737,0.041521665,0.8977986
0.061832912,0.046242923,0.89192414
0.05960458,0.040232133,0.9001633
0.05130607,0.03571263,0.9129813
0.062938005,0.05109334,0.8859686
0.056276053,0.047807526,0.8959164
0.058461737,0.039020054,0.90251833
0.09055743,0.042355426,0.8670872
0.060065053,0.046008516,0.8939264
0.051161516,0.21300554,0.735833
0.058683835,0.04198042,0.89933574
0.065998934,0.027351715,0.90664935
0.053832676,0.04802025,0.89814705
0.043720897,0.17140637,0.7848727
0.18371065,0.04177564,0.77451366
0.061911784,0.042406116,0.89568204
0.0575188,0.045368,0.8971132
0.06039375,0.04034895,0.89925736
0.059704993,0.04606891,0.8942261
0.058214787,0.04044252,0.9013427
0.054838087,0.049687438,0.8954745
0.0592895,0.39655823,0.54415226
0.06199779,0.049792305,0.88820994
0.9856026,0.007948162,0.0064492016
0.30176145,0.058785457,0.6394531
0.060715057,0.039866544,0.8994185
0.06422147,0.03790162,0.8978769
0.053337786,0.04452189,0.90214026
0.06188037,0.04420232,0.89391726
0.061582893,0.040505543,0.8979116
0.053244565,0.04399068,0.9027648
0.053367086,0.04443772,0.90219516
0.07671983,0.053376317,0.8699039
0.06109161,0.043362763,0.8955456
0.052505616,0.047643784,0.8998506
0.060043387,0.046352644,0.893604
0.052752875,0.040506326,0.9067408
0.050376575,0.053182296,0.8964411
0.05041127,0.04195598,0.90763265
0.052939728,0.047269855,0.89979035
0.06403227,0.03503543,0.9009323
0.05775651,0.04930536,0.89293814
0.066727534,0.06751409,0.8657584
0.015911713,0.9801063,0.0039820694
0.9835897,0.010214681,0.0061955173
0.061821442,0.047725275,0.8904533
0.05208022,0.043514658,0.90440524
0.06600329,0.038725626,0.895271
0.056895807,0.04261299,0.90049124
0.059920944,0.039325908,0.9007531
0.05244263,0.043946017,0.9036114
0.055862788,0.047386985,0.8967503
0.06459076,0.04463162,0.89077765
0.063079044,0.04462067,0.8923002
0.06135411,0.06222907,0.87641686
0.063297994,0.04697022,0.88973176
0.047033377,0.049774263,0.9031924
0.057303675,0.04981061,0.8928856
0.071605206,0.03929393,0.88910085
0.04900506,0.03933824,0.9116567
0.014269449,0.98197526,0.0037552686
0.0628139,0.04385117,0.8933349
0.062055904,0.047163557,0.89078057
0.053768795,0.042555388,0.9036758
0.05540525,0.04602237,0.8985724
0.059656397,0.049024113,0.8913195
0.115195364,0.03299597,0.8518086
0.054149438,0.041094273,0.9047563
0.059757534,0.04304174,0.89720076
0.051981345,0.042239904,0.90577877
0.05344046,0.03692686,0.90963256
0.065666474,0.05529672,0.87903684
0.41358438,0.03957438,0.5468412
0.0623775,0.046151765,0.8914708
0.058449686,0.045365337,0.8961849
0.16235977,0.029661449,0.80797875
0.17952521,0.029942218,0.7905326
0.46526203,0.029454157,0.5052838
0.05247535,0.04423185,0.9032928
0.060049947,0.04231235,0.89763767
0.0642796,0.042063065,0.89365727
0.062394354,0.04284111,0.8947646
0.05747141,0.05052061,0.89200795
0.058477595,0.04403357,0.89748883
0.07026434,0.048291925,0.8814438
0.056478076,0.04307128,0.9004507
0.95030606,0.016160423,0.033533532
0.07225471,0.038430437,0.88931495
0.05792305,0.04393662,0.8981403
0.018923357,0.9743818,0.0066948226
0.05561049,0.040725257,0.9036642
0.05366281,0.042679396,0.90365773
0.14990875,0.031228015,0.8188633
0.13419867,0.031094816,0.8347065
0.06338175,0.047447562,0.8891707
0.13388504,0.05829047,0.8078245
0.0581249,0.07173963,0.87013537
0.058352724,0.05866699,0.88298035
0.0737883,0.042518135,0.8836936
0.05961239,0.046676207,0.89371145
0.060824044,0.044499822,0.8946761
0.06628207,0.044488814,0.8892291
0.031949367,0.9111781,0.05687254
0.06569874,0.053543262,0.88075805
0.06498475,0.05226772,0.8827475
0.06629909,0.04965572,0.8840451
0.064513095,0.0466489,0.88883805
0.0527827,0.04173417,0.9054832
0.02575523,0.95519835,0.019046433
0.05848659,0.049130555,0.8923828
0.060261726,0.046817437,0.8929208
0.061466616,0.043628942,0.8949044
0.052381396,0.04020145,0.9074172
0.059034787,0.045043066,0.89592206
0.9718633,0.012896418,0.015240278
0.04944883,0.046226606,0.9043246
0.05416892,0.033650674,0.9121804
0.06319956,0.05277943,0.884021
0.018917862,0.97647995,0.00460219
0.05544837,0.043521922,0.9010297
0.9855306,0.009328031,0.0051413765
0.96180385,0.010831759,0.027364329
0.06249289,0.049605202,0.88790196
0.06181892,0.046458755,0.89172226
0.9805895,0.011813095,0.0075973715
0.05447825,0.04719306,0.8983286
0.062172364,0.04537536,0.8924523
0.054626685,0.043276615,0.9020967
0.054545507,0.112797916,0.8326566
0.052093472,0.048556454,0.8993501
0.05866613,0.041610673,0.89972323
0.05986428,0.04483628,0.8952994
0.05774534,0.0411681,0.9010865
0.05579798,0.043668214,0.90053374
0.98079705,0.014086283,0.005116682
0.0499146,0.04875833,0.9013271
0.032460365,0.90873283,0.05880684
0.039339285,0.052090645,0.9085701
0.06171832,0.04627005,0.8920117
0.06538036,0.042150937,0.89246863
0.058758706,0.04732935,0.8939119
0.053686667,0.037828658,0.9084846
0.053361747,0.06586079,0.88077754
0.061175562,0.045762483,0.893062
0.060777843,0.041945692,0.89727646
0.047202695,0.06735113,0.88544613
0.067332655,0.05606658,0.87660074
0.05121848,0.038248647,0.91053295
0.054565858,0.0383825,0.90705156
0.06357237,0.04152924,0.8948985
0.06422686,0.04088492,0.8948882
0.050714448,0.042414907,0.90687066
0.053197846,0.035977893,0.9108243
0.056920145,0.055303745,0.88777614
0.046056453,0.06951128,0.8844323
0.060824405,0.03967594,0.89949965
0.06222784,0.046266392,0.8915057
0.031109447,0.83428407,0.13460644
0.058111522,0.04433863,0.89754987
0.057829365,0.043291047,0.8988795
0.05720054,0.07216717,0.87063223
0.057607368,0.04258084,0.8998118
0.050341234,0.035732158,0.9139266
0.065562405,0.03641977,0.8980178
0.062091462,0.047052536,0.89085597
0.06269936,0.04776908,0.88953155
0.985578,0.01115383,0.0032682149
0.059523426,0.03802059,0.902456
0.07844093,0.042502075,0.879057
0.1021562,0.041873675,0.8559701
0.06282699,0.04583074,0.8913422
0.06397534,0.041588917,0.89443576
0.050697524,0.040518396,0.9087841
0.04464845,0.037744913,0.9176066
0.053000685,0.041763537,0.90523577
0.06045293,0.041164972,0.8983821
0.064279206,0.037475426,0.89824533
0.061392315,0.043693382,0.89491427
0.060851987,0.04842077,0.8907272
0.05400931,0.041369952,0.90462077
0.06691781,0.051182553,0.8818997
0.05650775,0.049142756,0.89434946
0.06317385,0.044928405,0.8918978
0.06616146,0.033349395,0.9004891
0.054271888,0.042020056,0.9037081
0.056407485,0.041188072,0.9024044
0.061145596,0.037250016,0.90160435
0.06306225,0.043130897,0.89380676
0.06474278,0.04325453,0.89200264
0.061460555,0.0419739,0.89656556
0.07458935,0.030158898,0.8952518
0.058386903,0.037605498,0.90400755
0.05563149,0.04168641,0.9026821
0.053886905,0.07387077,0.8722423
0.05933993,0.04252238,0.8981377
0.06633934,0.045616586,0.88804406
0.056261767,0.04058324,0.90315497
0.031473506,0.93793184,0.030594667
0.9843648,0.0116747245,0.0039605047
0.054591436,0.05483187,0.89057666
0.060009237,0.045585793,0.89440495
0.058127426,0.070423864,0.8714488
0.05969332,0.033062506,0.90724415
0.05337037,0.050087888,0.8965417
0.06013719,0.041798443,0.89806443
0.33932203,0.044141434,0.61653656
0.060434755,0.036175452,0.9033899
0.046958108,0.106755905,0.84628606
0.057133123,0.03685191,0.906015
0.06224806,0.046826974,0.89092493
0.056936357,0.04281026,0.9002534
0.061549157,0.038837526,0.8996133
0.056827758,0.049012516,0.8941597
0.05687662,0.04337522,0.8997481
0.08081748,0.032472357,0.88671005
0.05456893,0.04208532,0.9033457
0.059362456,0.04675365,0.8938839
0.06024147,0.045829296,0.89392924
0.054010365,0.05189056,0.89409906
0.05223175,0.047790334,0.8999779
0.062988624,0.043376043,0.8936354
0.06188131,0.047238003,0.89088064
0.0619694,0.049793813,0.8882368
0.051864374,0.042186033,0.90594965
0.05713274,0.04083093,0.90203625
0.0597934,0.042028848,0.89817774
0.063334465,0.045551326,0.89111423
0.059186477,0.043027762,0.8977857
0.058137182,0.04018206,0.9016807
0.060090125,0.036393154,0.9035168
0.056700382,0.04370782,0.8995918
0.98812836,0.007581381,0.004290312
0.06185425,0.04634932,0.8917964
0.076108836,0.03893908,0.8849521
0.05771191,0.05957296,0.88271517
0.9424385,0.012591739,0.044969756
0.05583513,0.043911178,0.9002538
0.05931179,0.04450932,0.8961789
0.059123423,0.04141612,0.89946043
0.05502122,0.04651386,0.898465
0.05412102,0.04159746,0.9042815
0.061387684,0.05007871,0.88853365
0.054378044,0.040588308,0.9050337
0.069531895,0.03839916,0.892069
0.05968126,0.04513785,0.89518094
0.05350813,0.036596432,0.9098954
0.061471485,0.039611537,0.898917
0.0540739,0.040223572,0.90570253
0.06666751,0.04002339,0.8933092
0.06044918,0.041882146,0.8976687
0.08888677,0.03973322,0.87138003
0.08389559,0.045513127,0.87059134
0.055006098,0.049403545,0.89559036
0.049404636,0.036428694,0.91416675
0.0505933,0.03448479,0.91492194
0.06033832,0.04516925,0.8944924
0.061492503,0.04628119,0.8922264
0.07542426,0.03702907,0.88754666
0.059102487,0.036913224,0.9039843
0.059205547,0.04490944,0.89588505
0.06595435,0.039220024,0.89482564
0.063191034,0.04292454,0.89388436
0.059630282,0.043329235,0.8970405
0.052993316,0.04806285,0.8989438
0.061399072,0.036788587,0.9018124
0.05905771,0.045547213,0.89539504
0.9807885,0.013922053,0.005289378
0.055818316,0.044199064,0.8999827
0.06342882,0.044129364,0.89244187
0.056098405,0.03275388,0.9111477
0.05894428,0.04125033,0.8998054
0.060623083,0.07255634,0.86682063
0.055690423,0.043754622,0.900555
0.057267074,0.03636564,0.9063673
0.041373394,0.069694564,0.88893205
0.046398636,0.043248285,0.9103531
0.057885744,0.037291814,0.90482247
0.0964604,0.047985088,0.85555446
0.062917516,0.045762513,0.89132
0.050872836,0.04385513,0.905272
0.045179445,0.049137704,0.9056828
0.059179787,0.05099126,0.889829
0.05461246,0.06096925,0.88441825
0.06956746,0.12173752,0.8086951
0.9827451,0.010633214,0.0066216844
0.06622685,0.037222523,0.8965506
0.0559336,0.045740925,0.89832544
0.055911735,0.047428507,0.89665985
0.06961348,0.03639825,0.89398825
0.4721318,0.03380266,0.49406558
0.06159694,0.04640509,0.89199793
0.05962009,0.034691285,0.90568864
0.053700894,0.04067435,0.90562475
0.062686995,0.046653304,0.8906598
0.0492183,0.34114265,0.60963905
0.044953372,0.06743359,0.88761306
0.054783054,0.04801651,0.89720047
0.98341733,0.013049738,0.0035329293
0.0557526,0.03183675,0.91241056
0.057732422,0.046208445,0.8960591
0.053884618,0.084071636,0.86204374
0.05768939,0.042975906,0.89933467
0.06172463,0.04180578,0.89646953
0.050199267,0.04200454,0.9077962
0.05488249,0.045410402,0.8997072
0.06472538,0.04525183,0.89002275
0.06448437,0.04577094,0.8897447
0.060506944,0.036789022,0.9027041
0.05617995,0.04943359,0.8943865
0.061273884,0.036552593,0.9021735
0.05520284,0.7013497,0.24344744
0.05295625,0.036807314,0.9102364
0.05249152,0.042612832,0.90489554
0.05050201,0.04906788,0.90043014
0.06115195,0.045912657,0.89293534
0.21090135,0.04348478,0.7456139
0.96771294,0.01249497,0.019792182
0.05286845,0.04811377,0.89901775
0.06474391,0.04497838,0.89027774
0.059594337,0.045436703,0.8949689
0.055510577,0.049468655,0.89502084
0.05642607,0.037560347,0.9060136
0.06484396,0.039138272,0.8960178
0.057005562,0.044722337,0.89827216
0.059451565,0.042696085,0.8978524
0.053712256,0.045763414,0.9005243
0.055736545,0.047790527,0.8964729
0.06554066,0.04241967,0.89203966
0.06253283,0.045084715,0.89238244
0.06055054,0.04137261,0.89807695
0.01855713,0.9724692,0.008973641
0.052310213,0.050750326,0.8969395
0.0615616,0.06120194,0.8772365
0.984744,0.009167126,0.006088759
0.053698506,0.04951771,0.89678377
0.05506317,0.044028994,0.9009079
0.055864047,0.04692753,0.8972084
0.05949948,0.04192448,0.898576
0.05711039,0.04340489,0.8994847
0.056705102,0.04494513,0.8983498
0.09479282,0.050160058,0.8550471
0.061098255,0.042383566,0.8965181
0.055700775,0.047088336,0.8972109
0.045530234,0.055027314,0.8994424
0.055348612,0.031970814,0.9126806
0.07077586,0.043095745,0.8861283
0.06922034,0.040971667,0.889808
0.052639328,0.040359974,0.90700066
0.060671832,0.048632313,0.8906958
0.9870782,0.009648665,0.0032731895
0.08390982,0.037664473,0.8784257
0.052960478,0.05128095,0.89575857
0.06825913,0.14366034,0.7880805
0.062261265,0.050965257,0.8867734
0.07359181,0.040970016,0.8854382
0.055414703,0.048051186,0.89653414
0.0566194,0.03935339,0.9040272
0.056125686,0.046416376,0.89745796
0.05356152,0.043164164,0.9032743
0.98799276,0.009369617,0.0026376653
0.055760503,0.042110793,0.9021287
0.058581755,0.04452315,0.8968951
0.051155563,0.04826785,0.9005766
0.06647583,0.041477818,0.8920464
0.06210853,0.046790507,0.8911009
0.053278532,0.042498093,0.9042234
0.054150306,0.039088797,0.906761
0.06097339,0.047393475,0.89163315
0.052168004,0.044993598,0.90283847
0.054720808,0.042950857,0.9023283
0.062362872,0.060621507,0.87701553
0.06040899,0.036586273,0.90300477
0.9793449,0.013793377,0.0068616387
0.06191464,0.045854058,0.8922313
0.055239733,0.032985155,0.9117752
0.062407203,0.043080706,0.89451206
0.028716095,0.908286,0.06299795
0.051952884,0.05287419,0.8951729
0.9886198,0.0072803358,0.004099882
0.06046299,0.04581849,0.8937185
0.060862698,0.035989597,0.90314776
0.063150495,0.044846054,0.8920034
0.059639238,0.04406119,0.89629954
0.055091213,0.048808116,0.89610064
0.057220504,0.043319024,0.89946043
0.060808267,0.043436494,0.89575523
0.06154651,0.039756823,0.89869666
0.06260892,0.035154734,0.90223634
0.060705718,0.13887198,0.80042225
0.053869415,0.041647393,0.90448314
0.060955834,0.04242954,0.8966146
0.061673194,0.03469703,0.9036297
0.05596747,0.050414484,0.89361805
0.017977633,0.9777188,0.0043035527
0.060572684,0.043650176,0.8957771
0.060079597,0.043591823,0.89632857
0.055857435,0.041327704,0.90281487
0.049981926,0.04217129,0.9078467
0.04208533,0.2612252,0.6966895
0.05596906,0.05125988,0.89277107
0.05687472,0.05345495,0.8896703
0.061072852,0.0427817,0.89614534
0.060144942,0.044739597,0.8951154
0.05936862,0.03655809,0.90407324
0.15108036,0.030690089,0.81822956
0.061657548,0.036264308,0.90207815
0.027263999,0.91439474,0.058341246
0.30523217,0.0493797,0.6453881
0.09691065,0.031709045,0.87138027
0.10762203,0.040058628,0.85231936
0.058621112,0.047380194,0.8939987
0.056641847,0.041177846,0.9021803
0.057579055,0.1239354,0.81848556
0.05975968,0.044757936,0.8954823
0.06713936,0.047608934,0.8852517
0.052075945,0.0431514,0.9047726
0.059191763,0.041626275,0.89918196
0.062099,0.042575903,0.8953251
0.09233206,0.0915241,0.8161439
0.9752956,0.0105320215,0.014172384
0.053235512,0.045914292,0.9008502
0.05658627,0.04079738,0.90261626
0.06947884,0.036954027,0.89356714
0.06055867,0.041682333,0.897759
0.048882224,0.08972178,0.861396
0.021885531,0.9526648,0.025449716
0.05964693,0.04393796,0.8964151
0.065077476,0.03479946,0.90012306
0.051517826,0.043297708,0.9051845
0.058815088,0.036751665,0.9044333
0.061109506,0.052653972,0.88623655
0.0644481,0.0367035,0.8988483
0.20877428,0.02942313,0.7618025
0.045557823,0.18689413,0.7675481
0.053345453,0.042179126,0.90447545
0.06065496,0.04475693,0.8945882
0.05209239,0.03886329,0.90904427
0.040091105,0.6591553,0.30075356
0.05350131,0.044680197,0.90181845
0.055860545,0.04171522,0.90242434
0.05402049,0.05476412,0.8912153
0.065177225,0.03199835,0.90282446
0.061974965,0.046667084,0.89135796
0.01640871,0.97723424,0.006357086
0.025952054,0.93836725,0.035680708
0.055720896,0.048057877,0.8962212
0.054356124,0.044061936,0.90158194
0.0552698,0.044846356,0.8998839
0.05519669,0.04654841,0.8982549
0.06323617,0.036544718,0.9002191
0.06283418,0.04789518,0.8892706
0.056661088,0.04656265,0.8967763
0.0545548,0.03879865,0.9066465
0.065067545,0.04020457,0.8947279
0.06687758,0.045273736,0.8878487
0.07503652,0.03581443,0.8891491
0.8185457,0.02881366,0.15264057
0.05947771,0.044027757,0.89649457
0.06070388,0.041578766,0.8977173
0.063437216,0.04487403,0.8916887
0.06156275,0.044755276,0.89368194
0.06152715,0.035661384,0.90281147
0.058676366,0.045608036,0.89571565
0.062037453,0.037389524,0.900573
0.05482305,0.038067643,0.9071093
0.060422655,0.040328857,0.8992485
0.05979885,0.047189437,0.8930118
0.057078965,0.04568543,0.8972356
0.062230755,0.043169174,0.89460003
0.9802918,0.010411683,0.009296585
0.06148304,0.03348493,0.90503204
0.05395895,0.04314604,0.90289503
0.057488967,0.043671284,0.8988398
0.05351326,0.049298726,0.89718795
0.059317034,0.046173602,0.8945094
0.059645966,0.045265608,0.8950885
0.06275825,0.046004683,0.891237
0.060764883,0.043681905,0.8955533
0.5746981,0.06372813,0.36157373
0.06792151,0.04478391,0.8872946
0.06491845,0.036719486,0.8983621
0.060132086,0.037924834,0.9019431
0.057571143,0.04712606,0.89530283
0.058678936,0.04359584,0.8977253
0.05344909,0.038989794,0.90756106
0.058763903,0.0476815,0.8935546
0.05893119,0.04146327,0.8996056
0.057187628,0.043868687,0.89894366
0.05611016,0.047993563,0.8958963
0.049824074,0.046079736,0.90409625
0.06552202,0.0413848,0.8930933
0.06607107,0.03905036,0.89487857
0.059139572,0.042909767,0.89795065
0.063372634,0.042796403,0.89383084
0.06081178,0.039435957,0.89975226
0.060871545,0.0376119,0.90151644
0.05229723,0.04395276,0.90375006
0.070426024,0.18561585,0.7439582
0.048451368,0.039122324,0.91242635
0.056219175,0.061353996,0.88242686
0.062328722,0.044284094,0.89338714
0.05082323,0.051825628,0.89735115
0.058360066,0.037606575,0.90403336
0.058126215,0.03705567,0.90481806
0.04921533,0.03543982,0.91534483
0.05882162,0.043245457,0.89793295
0.057864744,0.045774784,0.8963605
0.059217937,0.046458006,0.8943241
0.053827662,0.042831413,0.90334094
0.05975383,0.045725454,0.89452064
0.05738318,0.047618806,0.894998
0.055186458,0.042769905,0.90204364
0.016254652,0.97089946,0.012845938
0.016216392,0.9743062,0.00947743
0.055608064,0.04648497,0.89790696
0.06432519,0.03568891,0.89998585
0.055018388,0.039958574,0.90502304
0.059752595,0.042901795,0.89734554
0.055208385,0.051159233,0.8936324
0.06298593,0.038165603,0.8988484
0.053145733,0.045324974,0.90152925
0.05679382,0.04608296,0.8971232
0.06549828,0.0439091,0.89059263
0.07621823,0.0395029,0.8842789
0.059414256,0.042420007,0.8981657
0.06456307,0.0472123,0.88822466
0.062943496,0.045803767,0.89125276
0.055267375,0.044888202,0.8998444
0.05763654,0.041656185,0.90070724
0.9796799,0.013947115,0.0063729957
0.057737373,0.043497417,0.8987652
0.056892645,0.04178646,0.9013209
0.060312957,0.07982369,0.8598633
0.061266713,0.035122436,0.9036108
0.0586227,0.051709093,0.88966817
0.05353903,0.043124977,0.9033359
0.061999198,0.04411454,0.8938862
0.050373286,0.045331053,0.9042956
0.050082427,0.047324568,0.90259296
0.057356365,0.036191877,0.90645176
0.0556576,0.043878555,0.9004639
0.051139027,0.041071307,0.9077897
0.98027337,0.011137218,0.008589381
0.06154913,0.047145296,0.89130557
0.0641344,0.042701863,0.89316374
0.050090592,0.05244325,0.8974661
0.06445807,0.04355067,0.89199126
0.06338302,0.043075982,0.893541
0.065332554,0.047195334,0.8874721
0.070370086,0.32822037,0.60140955
0.06286544,0.043503117,0.89363146
0.055634204,0.038106326,0.9062594
0.061065122,0.05420647,0.8847284
0.060469702,0.037381854,0.9021485
0.059125297,0.044892393,0.89598227
0.049029186,0.08529592,0.8656749
0.9847451,0.01239006,0.002864916
0.09405775,0.033154696,0.87278754
0.051360194,0.04886487,0.8997749
0.05916153,0.044744775,0.89609367
0.06187856,0.046845425,0.891276
0.06700542,0.04994029,0.8830543
0.9551175,0.013757719,0.031124841
0.054577727,0.040164568,0.90525764
0.054706354,0.03923073,0.90606296
0.056859877,0.04760109,0.8955391
0.05205084,0.047578312,0.9003709
0.053326067,0.045612205,0.9010617
0.15829504,0.034768563,0.8069364
0.057802737,0.040215127,0.9019821
0.057177175,0.033449,0.9093738
0.051877666,0.03572467,0.91239756
0.050169032,0.045235507,0.9045954
0.06096148,0.04583674,0.89320177
0.98711944,0.010161634,0.002718988
0.019876326,0.97515434,0.004969399
0.014626336,0.9813002,0.0040735034
0.019144462,0.9761869,0.0046686996
0.057621766,0.043219972,0.8991582
0.059194777,0.039819192,0.90098596
0.056820493,0.039919686,0.9032598
0.039238825,0.54645705,0.4143041
0.060014132,0.10664774,0.8333381
0.01689313,0.9789468,0.004160103
0.7507218,0.029682763,0.21959546
0.061793663,0.04554155,0.89266473
0.064490326,0.052391876,0.8831178
0.06894675,0.033000346,0.89805293
0.060511153,0.044184525,0.89530426
0.053005174,0.04433075,0.90266407
0.057455324,0.04203521,0.9005095
0.055505794,0.045169983,0.89932424
0.08390369,0.04179983,0.8742965
0.05923268,0.04622064,0.8945467
0.06206478,0.04354028,0.89439493
0.055122297,0.03903035,0.9058473
0.98715204,0.010191785,0.0026560903
0.06855263,0.037655566,0.8937918
0.054454714,0.05110554,0.89443976
0.056821797,0.045613036,0.8975651
0.05879025,0.041122448,0.90008724
0.020443609,0.9603326,0.019223757
0.061417416,0.064255,0.87432766
0.061735388,0.042951193,0.8953133
0.054039456,0.046562184,0.8993984
0.068661705,0.04091978,0.8904185
0.05816218,0.034468364,0.90736943
0.98736763,0.009345419,0.0032869638
0.052392278,0.042657066,0.9049506
0.06448532,0.049225803,0.8862889
0.06306754,0.039990414,0.8969421
0.09407897,0.034134552,0.8717864
0.06627696,0.044779588,0.8889435
0.060275566,0.04703443,0.8926899
0.051586583,0.13035525,0.81805813
0.020842237,0.94615954,0.032998238
0.069505535,0.03919905,0.89129543
0.056431286,0.046057872,0.8975109
0.053346135,0.04128313,0.9053708
0.06762347,0.039870426,0.89250606
0.062199507,0.04190175,0.8958988
0.054902475,0.04286261,0.90223485
0.060298067,0.041869346,0.8978326
0.064934224,0.04217106,0.8928947
0.01635738,0.9784678,0.0051747984
0.026873607,0.9253825,0.04774392
0.061693445,0.038343757,0.8999629
0.06171263,0.05459433,0.88369304
0.04447173,0.04378226,0.911746
0.0720527,0.05444137,0.87350595
0.053717658,0.071669966,0.8746124
0.020014612,0.97097296,0.009012488
0.0651035,0.045338742,0.8895578
0.06477312,0.03624583,0.898981
0.058193352,0.048243985,0.8935627
0.86502004,0.03257209,0.10240787
0.9708689,0.011996762,0.017134296
0.05887389,0.03975834,0.9013678
0.053615704,0.044841368,0.9015429
0.054693986,0.03367954,0.91162646
0.9870263,0.010493451,0.0024802727
0.057071038,0.04098648,0.9019425
0.060155403,0.035346273,0.90449834
0.058154408,0.038795974,0.9030496
0.059353296,0.0434026,0.8972441
0.054126866,0.042817872,0.9030553
0.057048094,0.044887017,0.8980649
0.05694094,0.04097299,0.902086
0.0628394,0.037113134,0.9000475
0.057761323,0.09012014,0.85211855
0.06329697,0.043503333,0.8931997
0.057790607,0.037770685,0.9044387
0.057580333,0.045661137,0.8967585
0.059921894,0.04479186,0.8952863
0.057471853,0.03955769,0.90297043
0.050694346,0.04456319,0.9047424
0.06573502,0.043068003,0.89119697
0.9810362,0.008765608,0.010198117
0.057385486,0.046268407,0.8963461
0.017702112,0.977418,0.004879827
0.049259514,0.05514111,0.89559937
0.0531725,0.041755956,0.9050715
0.95386255,0.016141895,0.029995488
0.05227322,0.040413342,0.9073135
0.061956793,0.037322685,0.9007206
0.05561441,0.50992453,0.4344611
0.04917684,0.039092496,0.9117307
0.061437648,0.043205686,0.89535666
0.04893451,0.09712801,0.8539374
0.054098397,0.051219333,0.8946823
0.07693443,0.03958312,0.8834825
0.06464959,0.04983551,0.88551486
0.057279255,0.043215547,0.8995052
0.058507938,0.036936548,0.9045555
0.06418874,0.044505686,0.8913055
0.052024446,0.04542086,0.9025547
0.054473355,0.042882074,0.9026446
0.06565729,0.039842613,0.89450014
0.06150753,0.045175996,0.8933165
0.06453078,0.046821456,0.88864774
0.061390504,0.037803132,0.90080637
0.051482607,0.042183336,0.9063341
0.05839081,0.05416112,0.8874481
0.0531747,0.04436409,0.90246123
0.05773105,0.048852377,0.8934166
0.030475121,0.91798776,0.051537067
0.054992776,0.041288365,0.9037188
0.06574296,0.037276752,0.8969803
0.04592002,0.045163967,0.90891606
0.057107087,0.039499022,0.9033939
0.05142363,0.03929333,0.90928304
0.05605765,0.045819987,0.89812243
0.06265155,0.045016184,0.8923322
0.08111616,0.033501994,0.8853819
0.06219091,0.046397246,0.89141184
0.06212652,0.049122136,0.8887514
0.047281858,0.055332102,0.89738595
0.091578215,0.10367043,0.80475134
0.05385502,0.04806365,0.89808124
0.045520637,0.039279576,0.9151997
0.0628674,0.15728839,0.7798442
0.057398647,0.05085238,0.891749
0.9864552,0.009794423,0.0037503615
0.9890324,0.008061961,0.0029056263
0.064158425,0.3429638,0.59287775
0.034201365,0.70050174,0.2652969
0.93691075,0.01311863,0.049970645
0.98760647,0.009911759,0.0024817307
0.0627447,0.037466567,0.89978874
0.94058096,0.018773293,0.040645827
0.9782946,0.012817994,0.008887439
0.98881,0.008091694,0.0030983733
0.054798685,0.06252097,0.8826803
0.06574241,0.038160425,0.89609724
0.08852981,0.04528289,0.8661873
0.04929553,0.057072233,0.89363223
0.053158257,0.03625078,0.91059095
0.986978,0.009232895,0.0037891727
0.23125717,0.03093263,0.7378102
0.50136685,0.036301162,0.462332
0.3565179,0.027775059,0.61570704
0.9858564,0.009340231,0.0048032464
0.9862018,0.010443809,0.003354381
0.055800356,0.043627452,0.9005721
0.06154651,0.039756823,0.89869666
0.98850995,0.006912339,0.0045777094
0.98606366,0.009704863,0.004231468
0.9868268,0.010228302,0.0029448015
0.079795144,0.09800604,0.82219875
0.98763615,0.009275213,0.0030886566
0.023322405,0.96683115,0.009846439
0.06490182,0.25283548,0.68226266
0.021460373,0.9296078,0.04893177
0.14283067,0.088232055,0.76893723
0.18444422,0.059778024,0.75577784
0.05639975,0.04220023,0.9014
0.055304173,0.037411544,0.90728426
0.053076927,0.0470006,0.89992255
0.05111239,0.045549177,0.9033385
0.051204924,0.0455871,0.9032081
0.05972197,0.04667077,0.8936073
0.060766667,0.045401156,0.8938321
0.058770537,0.04451422,0.8967153
0.05974314,0.04589621,0.8943606
0.053668704,0.046537198,0.89979416
0.052209947,0.04024634,0.9075437
0.06104996,0.042703062,0.89624697
0.054720994,0.045587346,0.89969164
0.06365105,0.04209132,0.89425766
0.062308434,0.04459511,0.8930964
0.058788434,0.04728399,0.89392763
0.060549702,0.044887,0.8945633
0.06122787,0.046037033,0.8927351
0.051784616,0.04100503,0.9072104
0.05837677,0.040416677,0.9012066
0.057123467,0.040546186,0.90233034
0.050515603,0.053199027,0.89628536
0.053308193,0.072792545,0.8738993
0.06464367,0.042977944,0.89237833
0.060034234,0.041686147,0.89827967
0.054986577,0.04271917,0.9022943
0.06032217,0.039290737,0.90038705
0.06598112,0.04817863,0.8858403
0.9084373,0.01850741,0.0730554
0.06046604,0.041395642,0.8981383
0.057991073,0.036646016,0.90536296
0.057533804,0.044242125,0.89822406
0.057576153,0.037814714,0.90460914
0.062301546,0.04426478,0.8934337
0.06139944,0.042926554,0.89567405
0.055077333,0.040256105,0.90466654
0.05184869,0.046887152,0.90126413
0.062174063,0.044477213,0.89334875
0.3312694,0.15514916,0.5135814
0.059501223,0.0427735,0.8977253
0.06133594,0.05950692,0.8791571
0.11576714,0.035479803,0.84875304
0.056137722,0.04577355,0.89808875
0.06246962,0.042997643,0.89453274
0.061206922,0.06019918,0.87859386
0.061671056,0.042199995,0.8961289
0.017703898,0.97656244,0.0057335985
0.062001716,0.035743948,0.90225434
0.9743172,0.011634822,0.014047987
0.11152326,0.026142167,0.8623346
0.0213212,0.95569247,0.022986272
0.063468955,0.034761142,0.90177
0.05879973,0.03898779,0.90221256
0.06077826,0.04259613,0.89662564
0.052272726,0.045282476,0.9024448
0.09904395,0.0532479,0.84770817
0.98236924,0.011846098,0.0057846135
0.05534873,0.3548034,0.5898479
0.48881546,0.06327887,0.4479057
0.0273969,0.96153915,0.011063945
0.13796075,0.041727837,0.8203114
0.06859764,0.037023723,0.89437866
0.05574398,0.040190116,0.9040659
0.052081805,0.03750396,0.91041416
0.047207795,0.040477667,0.91231453
0.059732005,0.04825451,0.89201355
0.06589707,0.04158106,0.8925219
0.056575924,0.04053183,0.9028922
0.06813765,0.040657055,0.8912053
0.06506991,0.044962708,0.88996744
0.0627401,0.04060707,0.8966529
0.029703634,0.9468905,0.0234059
0.06122322,0.042615663,0.89616114
0.9575252,0.017131425,0.025343342
0.05900684,0.03781043,0.9031827
0.06244027,0.04432004,0.89323974
0.058797076,0.043206315,0.89799666
0.049572904,0.04383346,0.9065937
0.055177405,0.045565337,0.89925724
0.062785126,0.039261162,0.8979538
0.07686099,0.09922297,0.82391614
0.06655939,0.045924593,0.887516
0.06403027,0.036823392,0.8991463
0.055487886,0.04679398,0.8977182
0.06223849,0.038231846,0.8995297
0.06054513,0.035298426,0.90415645
0.049385745,0.26418874,0.6864255
0.055955425,0.04668407,0.89736056
0.06503438,0.03785096,0.8971147
0.06391618,0.03590629,0.90017754
0.0635415,0.042431235,0.8940273
0.069167264,0.04170697,0.88912576
0.06018043,0.042425,0.89739454
0.06129115,0.038921002,0.8997878
0.054870255,0.042984117,0.9021457
0.053572334,0.04032022,0.90610737
0.06455784,0.04207017,0.89337194
0.053765252,0.048336264,0.89789855
0.055746447,0.03882239,0.90543115
0.053418823,0.04659273,0.8999885
0.043768052,0.93078935,0.025442569
0.09165656,0.033619925,0.8747236
0.067071974,0.047700696,0.8852273
0.058640983,0.04202152,0.8993376
0.79251385,0.113616325,0.09386984
0.062781826,0.041719727,0.8954984
0.06054439,0.044970807,0.89448476
0.06023166,0.045111425,0.8946569
0.062188484,0.043819204,0.8939923
0.05651009,0.046917185,0.89657265
0.06391407,0.045990642,0.8900953
0.9879879,0.00926946,0.0027427243
0.065185964,0.044998925,0.8898151
0.06519712,0.0470056,0.88779724
0.058055088,0.04919859,0.8927463
0.0526442,0.04776954,0.8995863
0.0638669,0.34073928,0.5953938
0.9803248,0.014134606,0.005540599
0.98852694,0.008411623,0.0030613993
0.9837923,0.0113532115,0.0048544286
0.9856479,0.010790334,0.0035617512
0.9848261,0.010770814,0.0044031
0.9869631,0.009895634,0.0031412872
0.9867083,0.010157401,0.0031343484
0.23817357,0.06558768,0.69623876
0.98858196,0.007948867,0.003469213
0.9871361,0.008915369,0.003948452
0.98270696,0.012620603,0.004672425
0.9719079,0.01646334,0.011628742
0.013940338,0.98111814,0.0049415417
0.018331783,0.977696,0.0039722766
0.017115567,0.9778913,0.0049930895
0.018048821,0.97776353,0.004187663
0.018605415,0.9769058,0.0044887657
0.03171929,0.9526702,0.015610451
0.018715926,0.976967,0.004317074
0.018134667,0.9776289,0.0042364425
0.016622227,0.9803299,0.003047896
0.016132966,0.9802408,0.003626213
0.021278089,0.95562476,0.023097148
0.023876505,0.970183,0.0059404303
0.061128806,0.042342685,0.8965285
0.06125375,0.04301331,0.89573294
0.060927898,0.042430807,0.8966414
0.06131583,0.040290523,0.8983937
0.05783537,0.04143411,0.90073043
0.060186803,0.04144662,0.8983665
0.05083918,0.035163723,0.9139971
0.056427334,0.0395275,0.9040453
0.04825665,0.035408907,0.9163344
0.051141366,0.042356297,0.90650237
0.060331132,0.042220864,0.897448
0.054362636,0.047023974,0.8986134
0.04852225,0.036376994,0.91510075
0.062965885,0.04676943,0.8902647
0.053221583,0.04440321,0.9023752
0.06048493,0.04459879,0.8949163
0.061041676,0.04064267,0.8983157
0.061698906,0.043516718,0.8947843
0.0614004,0.04072214,0.89787745
0.050626725,0.04407125,0.905302
0.059625242,0.042095233,0.89827955
0.059213676,0.043026518,0.8977598
0.05914947,0.042749632,0.89810085
0.061148364,0.0437862,0.8950654
0.062934764,0.045065384,0.89199984
0.05863028,0.042415798,0.8989539
0.050923817,0.04201169,0.90706444
0.05555779,0.04031095,0.9041313
0.06237636,0.04442627,0.8931973
0.06117482,0.037670318,0.9011548
0.055978414,0.039251346,0.90477026
0.053107895,0.044243496,0.9026486
0.05763596,0.04210565,0.9002584
0.054202605,0.04456408,0.90123326
0.061067726,0.042424485,0.8965078
0.0614961,0.04360727,0.8948966
0.057872903,0.052616745,0.88951033
0.060319938,0.045023393,0.8946567
0.0599978,0.039194115,0.9008081
0.04865464,0.041333,0.9100123
0.053179305,0.044281363,0.9025394
0.061237227,0.042834055,0.8959287
0.059795,0.039368,0.90083706
0.059877962,0.04111331,0.8990088
0.058747888,0.042252574,0.8989996
0.051634826,0.042452917,0.9059123
0.05475931,0.04579782,0.89944285
0.050245695,0.039786454,0.9099679
0.06047266,0.036894064,0.9026333
0.056164876,0.047065195,0.89677
0.06003712,0.03636105,0.90360177
0.06138254,0.04122035,0.8973971
0.059662893,0.042806033,0.89753103
0.060874607,0.04283064,0.8962947
0.06165533,0.044192363,0.89415234
0.06289684,0.03601296,0.9010902
0.04895809,0.035801016,0.9152408
0.066400275,0.03645548,0.8971443
0.076361075,0.037269976,0.88636893
0.062041488,0.041713748,0.89624476
0.061402075,0.03981876,0.89877915
0.056355692,0.039864723,0.9037796
0.05382276,0.043800347,0.90237695
0.062319342,0.047041107,0.89063954
0.05195455,0.045381993,0.9026634
0.056927234,0.041203845,0.9018689
0.050585344,0.035975624,0.913439
0.05827097,0.042155858,0.89957327
0.059456516,0.042616326,0.89792717
0.06272999,0.042073816,0.89519614
0.060732648,0.04287706,0.8963903
0.05435112,0.03840921,0.9072396
0.061875664,0.042964786,0.89515954
0.1030177,0.1974388,0.69954354
0.058152154,0.041035198,0.9008127
0.061271522,0.043173093,0.8955554
0.06014722,0.040321827,0.89953095
0.061427217,0.036787484,0.9017853
0.062203605,0.037453074,0.90034336
0.060896706,0.03677376,0.90232956
0.059187867,0.03993136,0.90088075
0.0629264,0.037319086,0.8997546
0.050433386,0.045075938,0.9044907
0.058762662,0.038051344,0.90318596
0.057953384,0.040359326,0.9016873
0.051517125,0.04419422,0.9042887
0.05545987,0.0355897,0.90895045
0.05036815,0.03476995,0.91486186
0.058883015,0.039609473,0.90150744
0.05151211,0.04163438,0.9068535
0.050328176,0.040876582,0.90879524
0.059602913,0.043330494,0.8970666
0.06214241,0.046270605,0.89158696
0.055234138,0.03840931,0.9063565
0.054186974,0.037773237,0.9080398
0.061122462,0.039812002,0.89906555
0.0636716,0.03828084,0.8980475
0.059435748,0.041634902,0.8989293
0.05090524,0.04280376,0.90629095
0.060941994,0.040894542,0.8981635
0.050868478,0.043937106,0.90519446
0.05490383,0.03842274,0.90667343
0.05946937,0.04109278,0.89943784
0.053305376,0.042457268,0.90423733
0.050831135,0.033976767,0.9151921
0.05996768,0.04099437,0.899038
0.054021012,0.03806425,0.9079147
0.059989754,0.04327234,0.8967379
0.052586526,0.04353195,0.9038815
0.050942488,0.040773857,0.90828365
0.05928077,0.03842435,0.9022948
0.06028722,0.03984742,0.8998654
0.059722114,0.04185593,0.89842194
0.058766425,0.04414316,0.8970904
0.053407703,0.040176693,0.9064157
0.05815681,0.04095841,0.9008848
0.062097672,0.037774652,0.9001277
0.057036858,0.039798707,0.9031645
0.051303286,0.043753657,0.9049431
0.05870574,0.04074378,0.9005505
0.06520608,0.046874538,0.8879193
0.05681697,0.04218157,0.90100145
0.057072137,0.04228834,0.90063953
0.060806062,0.04303382,0.8961601
0.052904926,0.04437673,0.9027183
0.060220566,0.04310079,0.8966786
0.053005774,0.04034436,0.9066498
0.05991692,0.043558784,0.89652437
0.066650294,0.04375304,0.88959664
0.060214628,0.040564604,0.8992208
0.05802501,0.041814256,0.9001607
0.05618006,0.045053862,0.8987661
0.053358357,0.040178787,0.9064629
0.061592206,0.04429826,0.89410955
0.05771108,0.04305509,0.89923376
0.06414512,0.036853433,0.8990015
0.060371537,0.04245594,0.8971725
0.058020987,0.039239798,0.90273917
0.05479481,0.039447956,0.90575725
0.053620234,0.039019257,0.90736043
0.05184321,0.04434385,0.90381294
0.053238988,0.041442323,0.90531874
0.061540317,0.042482276,0.8959774
0.051887717,0.043523494,0.9045889
0.0625964,0.036228023,0.90117556
0.05067855,0.03954566,0.90977573
0.052354097,0.044237513,0.9034084
0.059748836,0.041427244,0.898824
0.051111236,0.041149322,0.9077395
0.050631594,0.039547615,0.90982074
0.052466895,0.043944888,0.90358824
0.053778812,0.038396467,0.9078248
0.059194777,0.039819192,0.90098596
0.058625735,0.04029284,0.9010814
0.055253934,0.039391913,0.9053542
0.058351394,0.04346907,0.89817953
0.05569983,0.04095033,0.9033499
0.059649143,0.038194023,0.90215683
0.058373474,0.04091075,0.90071577
0.058952168,0.04506797,0.89597976
0.06020719,0.040243953,0.8995489
0.06032135,0.04018268,0.8994959
0.06132533,0.042770196,0.89590436
0.060207117,0.04156195,0.89823097
0.05469156,0.039048143,0.9062603
0.058850143,0.040585555,0.9005643
0.059785563,0.034668878,0.90554565
0.052555908,0.034332633,0.91311145
0.059683744,0.04422344,0.89609283
0.0541868,0.039105587,0.90670764
0.060054448,0.04180212,0.8981435
0.063560486,0.03732881,0.8991107
0.05239122,0.044442147,0.90316653
0.05160679,0.037207294,0.9111859
0.05398491,0.039592747,0.9064224
0.051673803,0.040401105,0.907925
0.060871333,0.046376355,0.89275235
0.061057143,0.043465454,0.8954775
0.058698997,0.0426109,0.8986901
0.058660965,0.03530279,0.90603626
0.05123352,0.032613747,0.91615266
0.060846653,0.044581622,0.8945718
0.060215976,0.039664526,0.90011954
0.05899048,0.04400958,0.89699996
0.055201754,0.038088065,0.9067102
0.062043324,0.035978127,0.90197855
0.0638411,0.03703871,0.8991202
0.059413858,0.03979131,0.90079474
0.06249183,0.046146136,0.891362
0.05760909,0.0438695,0.8985215
0.05461379,0.039087933,0.9062983
0.060725834,0.039476484,0.89979774
0.058575653,0.038471166,0.9029532
0.059481908,0.04439788,0.8961202
0.05093206,0.044510584,0.90455735
0.05448343,0.03872897,0.90678763
0.059213676,0.036427088,0.9043593
0.054605197,0.03879658,0.9065982
0.060489852,0.043209042,0.89630103
0.054030005,0.04453076,0.90143925
0.060643114,0.039906893,0.89945
0.05111534,0.04107233,0.9078124
0.059345625,0.046150766,0.89450365
0.052912652,0.03715606,0.90993124
0.053957056,0.040530536,0.9055124
0.059134163,0.041242003,0.8996238
0.06262111,0.045480255,0.89189863
0.048621275,0.034410376,0.91696835
0.98607045,0.0106276,0.0033019362
0.13292933,0.03534983,0.8317208
0.98667175,0.009366232,0.003962041
0.9880377,0.009224774,0.0027375105
0.9851741,0.011138378,0.0036874227
0.9853827,0.010045176,0.0045721484
0.9856483,0.010236059,0.004115597
0.983853,0.010347956,0.005799011
0.98809963,0.008350706,0.0035497504
0.9882808,0.008787327,0.0029319106
0.9881247,0.009425937,0.0024493164
0.98587036,0.009231545,0.004898051
0.027099792,0.9637338,0.009166374
0.017629925,0.9781969,0.004173186
0.01801702,0.97699445,0.00498851
0.015928604,0.98018885,0.0038825618
0.018901365,0.9770586,0.004040084
0.01837071,0.97786045,0.0037688625
0.017811026,0.9772091,0.00497987
0.01607707,0.9801891,0.0037338242
0.013644575,0.9801994,0.0061561004
0.017550208,0.97710776,0.005342067
0.01626444,0.9800601,0.0036754531
0.019639522,0.9753705,0.0049899546
0.015767582,0.9802806,0.0039517833
0.021455681,0.97115827,0.007385977
0.012022502,0.9825001,0.005477492
0.018890353,0.97648937,0.004620247
0.022488572,0.9670379,0.010473488
0.01807516,0.9782347,0.0036901664
0.0182206,0.9774769,0.004302488
0.014351156,0.97704583,0.008603007
0.049847484,0.041204125,0.9089485
0.05908278,0.042952374,0.89796484
0.061339118,0.041241508,0.8974194
0.060785834,0.042476814,0.8967374
0.051941488,0.04606257,0.901996
0.059777685,0.040964376,0.89925796
0.05425176,0.042375278,0.90337294
0.06231762,0.037448514,0.9002338
0.055047654,0.042537533,0.9024148
0.04891052,0.03315922,0.9179303
0.049192004,0.04146429,0.9093438
0.05668184,0.042702213,0.90061593
0.05673223,0.034781463,0.90848637
0.049557406,0.034344174,0.9160984
0.055344034,0.042683106,0.90197295
0.054311015,0.045734458,0.8999545
0.048984516,0.042850412,0.90816504
0.05773434,0.043986354,0.8982793
0.058801476,0.04005998,0.9011386
0.053027056,0.046138242,0.90083474
0.047910225,0.04366538,0.9084245
0.048971865,0.043983914,0.90704423
0.05887197,0.04330362,0.8978244
0.0581386,0.039938528,0.9019229
0.05990361,0.042457286,0.8976391
0.06179408,0.045099273,0.8931067
0.056712702,0.043060564,0.9002267
0.04844761,0.04364073,0.90791166
0.058275394,0.04383848,0.89788616
0.059054025,0.044294257,0.8966517
0.057093773,0.043244198,0.89966214
0.06180737,0.045329776,0.89286274
0.058657337,0.042851806,0.89849085
0.060616247,0.042962372,0.8964214
0.052284863,0.0468221,0.90089303
0.060293484,0.042380355,0.89732605
0.05934333,0.035643764,0.9050129
0.058390222,0.041954346,0.89965534
0.05863954,0.044894688,0.8964657
0.04871024,0.042902753,0.90838695
0.05809324,0.04200676,0.8999
0.060895342,0.045563985,0.8935407
0.05516069,0.043657012,0.90118235
0.05623487,0.043243274,0.9005219
0.059411187,0.041152928,0.8994358
0.05440278,0.047636665,0.8979606
0.058000542,0.043973926,0.8980255
0.058583874,0.040978093,0.90043795
0.06038189,0.0409763,0.89864177
0.048910193,0.04341675,0.9076731
0.060930412,0.044577643,0.8944919
0.059272174,0.04164214,0.8990856
0.058749188,0.040913533,0.9003373
0.05438874,0.042606913,0.90300435
0.060142912,0.035546605,0.9043105
0.0568996,0.04166931,0.90143114
0.05858725,0.041362416,0.90005034
0.060910165,0.041395392,0.8976944
0.04596476,0.033958547,0.9200767
0.04882452,0.034859255,0.9163163
0.06139171,0.04304708,0.8955613
0.061484378,0.045535408,0.8929802
0.061336644,0.041280136,0.8973832
0.049090598,0.03408718,0.91682225
0.04812848,0.041978408,0.90989316
0.048853062,0.035637107,0.9155098
0.052857306,0.045677222,0.9014654
0.06082459,0.045800857,0.8933745
0.049980547,0.034183774,0.9158357
0.053976715,0.04503322,0.90099
0.052665766,0.046500076,0.90083414
0.060454443,0.043331604,0.89621395
0.058696162,0.039580293,0.90172356
0.049286984,0.04405132,0.9066617
0.059680026,0.04209278,0.8982272
0.0471576,0.04194284,0.9108996
0.05880384,0.041779686,0.89941645
0.061350837,0.044557687,0.8940915
0.06262252,0.03670618,0.90067136
0.058428533,0.043082498,0.898489
0.059349827,0.043020293,0.89762986
0.055692572,0.041956935,0.90235054
0.05928548,0.042743456,0.8979711
0.059351224,0.039924428,0.90072435
0.058251776,0.04291024,0.8988379
0.061661273,0.045845147,0.8924936
0.05903361,0.04155562,0.8994107
0.047353078,0.034391437,0.91825545
0.048271175,0.04446949,0.90725935
0.059263192,0.04266484,0.89807194
0.054294854,0.046896596,0.89880854
0.05608873,0.04221414,0.9016971
0.05815681,0.04095841,0.9008848
0.054676294,0.04855892,0.8967647
0.05319821,0.045703243,0.9010985
0.055857275,0.043971512,0.90017116
0.049598232,0.043344922,0.90705687
0.048924662,0.04313372,0.90794164
0.053673007,0.046021175,0.90030575
0.06114748,0.044236854,0.89461565
0.055124015,0.042972572,0.9019034
0.058552034,0.04281667,0.8986313
0.059426516,0.04134484,0.8992287
0.057882626,0.04240991,0.8997074
0.046442658,0.03294886,0.92060846
0.057710286,0.041750234,0.90053946
0.054960065,0.04274029,0.9022997
0.062256034,0.037521265,0.90022266
0.04560216,0.03307131,0.9213265
0.058840677,0.043812167,0.8973472
0.05969528,0.042724837,0.89757997
0.04955539,0.035277568,0.9151671
0.058963038,0.04138452,0.89965236
0.047771987,0.04110167,0.9111263
0.05976007,0.042562865,0.89767706
0.057210803,0.0434812,0.89930797
0.05834298,0.041411787,0.9002452
0.045462433,0.036034055,0.9185035
0.04747496,0.032804757,0.9197203
0.05022747,0.043681018,0.90609145
0.058659267,0.041942358,0.8993983
0.046697058,0.034855142,0.9184478
0.04853767,0.042750765,0.90871155
0.05972004,0.043204173,0.8970757
0.056785475,0.04403065,0.8991839
0.058090594,0.04380628,0.8981032
0.016922912,0.97780377,0.005273281
0.05808681,0.040353607,0.9015596
0.054782458,0.040990118,0.9042275
0.051650163,0.042610917,0.90573895
0.058632996,0.040613893,0.9007532
0.05274227,0.04467444,0.90258324
0.057916217,0.043610852,0.89847296
0.055813458,0.04031888,0.90386766
0.057720825,0.03583968,0.9064395
0.05758383,0.041213635,0.90120256
0.059856016,0.043218058,0.8969259
0.059277967,0.042426154,0.8982958
0.056630433,0.041371062,0.9019985
0.06938817,0.046019804,0.884592
0.05054266,0.04079103,0.90866625
0.059414767,0.041095164,0.89949
0.05494068,0.041755863,0.90330356
0.059410688,0.036317024,0.90427226
0.05897155,0.042124495,0.89890397
0.044267036,0.035241097,0.92049193
0.04406169,0.03433204,0.9216062
0.058547564,0.041133054,0.9003194
0.05498834,0.041365746,0.9036459
0.05805618,0.039979395,0.9019645
0.055893775,0.042026345,0.9020798
0.048995677,0.041744843,0.9092595
0.05472264,0.040271215,0.90500605
0.05955277,0.043697566,0.8967497
0.048136935,0.040476028,0.9113871
0.058129515,0.04008858,0.9017819
0.06025722,0.039885975,0.89985687
0.058336947,0.042389464,0.8992736
0.06090696,0.043634646,0.8954584
0.05647353,0.046658445,0.896868
0.06356684,0.034594458,0.9018387
0.056558512,0.042588502,0.900853
0.060175046,0.03635572,0.90346926
0.05906766,0.04012361,0.9008088
0.05040369,0.033641737,0.9159546
0.06006929,0.03760876,0.90232193
0.05934862,0.04260135,0.89805
0.0581683,0.04384347,0.8979883
0.049621478,0.04067824,0.9097003
0.04620022,0.036654614,0.9171452
0.058848284,0.04193394,0.8992177
0.059992053,0.035319205,0.9046888
0.058295365,0.0421941,0.8995105
0.056470815,0.040993415,0.9025358
0.05233214,0.044197373,0.9034705
0.0598931,0.03646918,0.9036377
0.048807193,0.040108513,0.91108435
0.04547836,0.03569637,0.91882527
0.05708718,0.03983382,0.90307903
0.051494874,0.040182654,0.9083225
0.058376886,0.041294474,0.9003287
0.057669118,0.040674474,0.9016564
0.06094409,0.035583105,0.9034727
0.048440766,0.066534765,0.88502437
0.05852497,0.043259088,0.8982159
0.047898985,0.04033499,0.911766
0.06187866,0.040949255,0.89717203
0.04981748,0.04443859,0.9057439
0.044913944,0.032923985,0.922162
0.05914184,0.04331137,0.8975467
0.05608511,0.041394975,0.9025199
0.06404536,0.04577116,0.89018345
0.050163608,0.042241994,0.9075945
0.058454,0.042226363,0.89931965
0.057601135,0.042244907,0.9001539
0.051961575,0.042162035,0.90587646
0.05316556,0.040111877,0.90672255
0.046598587,0.03240423,0.92099714
0.053280227,0.04025732,0.9064625
0.04718632,0.03241482,0.92039883
0.058901884,0.044570155,0.8965279
0.059169013,0.043310117,0.8975208
0.059786577,0.043890554,0.8963229
0.058049995,0.042719863,0.8992302
0.053591248,0.039981507,0.90642726
0.06009436,0.043794565,0.8961111
0.05280242,0.03960516,0.9075924
0.05736724,0.041745946,0.90088683
0.0593671,0.04318015,0.8974528
0.059130564,0.04349383,0.8973756
0.051448427,0.04281918,0.9057324
0.05252221,0.039839897,0.9076379
0.054423593,0.04463666,0.9009397
0.06253209,0.036778674,0.90068924
0.05202734,0.04227728,0.9056953
0.058131147,0.04226055,0.8996083
0.053413976,0.040063865,0.90652215
0.057802796,0.042413507,0.8997836
0.059143133,0.044166576,0.89669025
0.051837515,0.04268204,0.90548044
0.05707711,0.04264454,0.90027833
0.058900453,0.042840738,0.8982588
0.058539767,0.04301723,0.89844304
0.05964036,0.043167606,0.8971921
0.053539082,0.044886734,0.9015742
0.05239773,0.041673247,0.90592897
0.05932008,0.043061763,0.8976182
0.053777423,0.039749917,0.9064726
0.061190523,0.037423283,0.9013862
0.058998104,0.041693173,0.89930874
0.056865662,0.041360743,0.9017736
0.060115185,0.043025367,0.89685947
0.051621,0.041824378,0.9065546
0.06186945,0.037361175,0.90076935
0.058198225,0.042912684,0.89888906
0.05863284,0.042812996,0.8985542
0.059597865,0.043411534,0.89699066
0.059493758,0.042893615,0.8976126
0.059682537,0.043367207,0.89695024
0.056724478,0.04330146,0.8999741
0.063804775,0.038025234,0.89817
0.052455474,0.03973104,0.9078135
0.061360214,0.044848274,0.89379156
0.05279599,0.040165074,0.9070389
0.05969279,0.04276479,0.8975425
0.05939435,0.04230239,0.8983032
0.059687585,0.043286245,0.8970261
0.061578583,0.037058644,0.90136284
0.053200535,0.03992326,0.90687627
0.061522447,0.04450812,0.8939695
0.058736593,0.041997653,0.89926577
0.05292812,0.04042319,0.90664876
0.05839501,0.041875917,0.8997291
0.052987862,0.039783087,0.907229
0.05435433,0.044973396,0.9006722
0.05748213,0.04246753,0.90005034
0.060628276,0.043647595,0.8957241
0.054503813,0.045428596,0.9000676
0.052771583,0.040166114,0.90706235
0.046147335,0.032373723,0.92147887
0.046403155,0.032872647,0.92072415
0.061736125,0.04512303,0.8931408
0.06369666,0.037463624,0.8988398
0.05913213,0.043030247,0.8978376
0.06334679,0.037058268,0.8995949
0.053081445,0.04030344,0.90661514
0.057390645,0.042234637,0.90037465
0.059011277,0.04279578,0.8981929
0.05927929,0.042843457,0.8978773
0.06396947,0.03686035,0.8991702
0.0592062,0.043147307,0.8976464
0.052389763,0.04226112,0.9053491
0.061448473,0.045220856,0.89333063
0.058861084,0.042603564,0.89853543
0.058659207,0.043698374,0.8976425
0.051087648,0.042477414,0.906435
0.058738273,0.04284812,0.8984136
0.052453436,0.039768312,0.90777826
0.059184045,0.04262867,0.8981872
0.058880772,0.042721994,0.8983972
0.061663225,0.045378894,0.8929578
0.053705465,0.045004252,0.9012902
0.059939798,0.04231731,0.89774287
0.06012194,0.035882927,0.9039952
0.057055414,0.04344788,0.8994968
0.045776032,0.035685237,0.9185387
0.055467896,0.044504467,0.9000277
0.060438454,0.04051706,0.89904445
0.043575224,0.035599813,0.920825
0.06053398,0.033708695,0.9057573
0.046122514,0.035588544,0.91828895
0.057484124,0.04199472,0.9005211
0.058980472,0.042857062,0.8981624
0.04857675,0.040646892,0.9107763
0.05800348,0.034669302,0.9073272
0.05924553,0.042072956,0.89868146
0.050444067,0.043104976,0.9064509
0.0608776,0.041031253,0.8980912
0.057936255,0.041082956,0.90098083
0.06024781,0.040035833,0.8997164
0.059816618,0.041656908,0.8985265
0.048985016,0.0401761,0.91083896
0.060328446,0.040069845,0.89960176
0.05845746,0.041290935,0.90025157
0.049316406,0.033458885,0.9172247
0.048566706,0.030111615,0.92132175
0.057643056,0.04198764,0.9003692
0.05570682,0.0421525,0.90214074
0.05863323,0.04674649,0.89462024
0.060503304,0.04518232,0.89431435
0.06029494,0.041480552,0.89822453
0.059518266,0.04206076,0.8984209
0.057191916,0.042918514,0.8998895
0.052126378,0.04310891,0.9047648
0.05840137,0.041331973,0.90026665
0.061139196,0.043929532,0.8949313
0.045421824,0.03420259,0.9203755
0.057241186,0.040333245,0.9024256
0.047153104,0.04025349,0.9125934
0.06019487,0.04175689,0.8980483
0.048978735,0.040743817,0.9102774
0.05934739,0.042621274,0.89803135
0.04872316,0.033956166,0.9173207
0.047401976,0.034067426,0.91853064
0.06197667,0.040526386,0.8974969
0.056800146,0.042025194,0.9011746
0.052593227,0.043410134,0.90399665
0.061674904,0.040388186,0.8979369
0.048798624,0.043828323,0.9073731
0.05942191,0.040979873,0.8995982
0.045856208,0.03444548,0.91969836
0.054363687,0.04039966,0.90523666
0.05682359,0.04074902,0.9024273
0.046091616,0.032192852,0.92171544
0.058982976,0.04149971,0.8995173
0.05874861,0.04180164,0.8994497
0.06438232,0.03680954,0.8988082
0.057750963,0.042833135,0.89941585
0.065105096,0.040961146,0.89393383
0.060068235,0.041143388,0.8987884
0.060691178,0.04527838,0.89403045
0.058603432,0.042854257,0.8985422
0.06340476,0.037055973,0.89953923
0.060793463,0.042794432,0.8964121
0.051575933,0.042218555,0.9062055
0.061131336,0.042303108,0.89656556
0.055157952,0.040177472,0.9046646
0.0498777,0.046377767,0.9037445
0.050984632,0.043524373,0.905491
0.05423208,0.04668254,0.8990854
0.058030188,0.040849276,0.90112054
0.059389118,0.03534186,0.90526897
0.05182418,0.045135688,0.9030401
0.05731078,0.04004846,0.90264076
0.06075116,0.03599387,0.90325505
0.06143994,0.0418575,0.8967025
0.054002963,0.03394303,0.91205394
0.0590026,0.042497978,0.8984994
0.057337336,0.04180575,0.900857
0.05766212,0.04386703,0.8984708
0.0595831,0.04321047,0.8972064
0.059135355,0.0412227,0.89964193
0.049654268,0.03335258,0.9169931
0.05860576,0.04237736,0.8990168
0.06574013,0.039505202,0.8947546
0.056981035,0.043817062,0.8992019
0.06013268,0.042308625,0.8975586
0.048662484,0.0411785,0.910159
0.060816694,0.040236656,0.89894664
0.057797663,0.042059164,0.9001432
0.054853655,0.045033343,0.90011305
0.056007553,0.034320414,0.909672
0.05916881,0.04199796,0.8988333
0.056979377,0.04032559,0.90269494
0.048719402,0.041835014,0.9094456
0.059528027,0.04190365,0.8985682
0.058404975,0.03642419,0.9051708
0.04781915,0.04282297,0.90935785
0.046679154,0.0332057,0.9201152
0.059623852,0.045182593,0.89519364
0.055203453,0.040269557,0.904527
0.054684825,0.047534205,0.897781
0.059753835,0.040908057,0.8993381
0.058652535,0.03720908,0.90413845
0.05214121,0.04592467,0.90193415
0.059253298,0.042824674,0.897922
0.048528265,0.04027065,0.91120106
0.063922994,0.037560046,0.89851695
0.059645977,0.040005326,0.90034866
0.060856994,0.040917348,0.8982256
0.057191886,0.040278833,0.9025293
0.062019713,0.044671122,0.8933092
0.058998648,0.04212328,0.8988781
0.05939595,0.03920086,0.9014031
0.060269717,0.04144296,0.89828724
0.051909894,0.04488042,0.9032097
0.05365662,0.040581327,0.90576214
0.060509413,0.03630868,0.9031819
0.057140518,0.041580964,0.9012785
0.058823656,0.041895926,0.89928037
0.058527693,0.041018832,0.90045345
0.04964142,0.042068455,0.90829
0.05837517,0.04395644,0.8976684
0.054856062,0.044991363,0.90015256
0.05459361,0.040769108,0.9046372
0.05852906,0.036146853,0.9053241
0.05838975,0.040643368,0.9009669
0.0473045,0.04340905,0.9092864
0.054701027,0.040650357,0.90464854
0.046129305,0.034549255,0.9193215
0.057305574,0.040576257,0.9021182
0.05619767,0.041235723,0.90256655
0.058976397,0.042045757,0.8989779
0.063548274,0.03663553,0.89981616
0.05847115,0.0401866,0.9013423
0.04782292,0.03157816,0.9205989
0.0634928,0.052278772,0.88422847
0.05462657,0.04107354,0.9042998
0.047433205,0.04169646,0.9108704
0.05734648,0.05127971,0.89137375
0.059403624,0.041714117,0.8988823
0.058490872,0.042939354,0.89856976
0.05762977,0.040448736,0.9019215
0.049327537,0.03971328,0.9109592
0.05852879,0.042757895,0.8987133
0.059537753,0.041747104,0.898715
0.057833806,0.034839,0.9073272
0.05721191,0.035523683,0.90726435
0.048460413,0.041612618,0.909927
0.05028248,0.03462617,0.9150913
0.05758704,0.041600082,0.90081286
0.05998595,0.043333024,0.896681
0.06015538,0.042823505,0.89702106
0.049046855,0.0362887,0.91466445
0.05125235,0.044703092,0.90404457
0.05295753,0.045629956,0.9014124
0.06194855,0.043586247,0.8944652
0.05135741,0.043629054,0.9050135
0.04828289,0.033764545,0.9179525
0.047088556,0.032174386,0.9207371
0.05039038,0.044123292,0.9054863
0.058704365,0.043838914,0.89745677
0.05163939,0.04281056,0.90555
0.058418777,0.035311874,0.9062693
0.05034407,0.04367566,0.9059802
0.059615497,0.043128543,0.897256
0.97604555,0.019067064,0.004887272
0.9862089,0.010261905,0.003529145
0.97859186,0.0144301215,0.006977951
0.9846752,0.010674927,0.004649888
0.9659501,0.02339235,0.010657631
0.9889642,0.008531187,0.0025046337
0.075283304,0.061249733,0.8634669
0.9858029,0.0087226,0.0054744785
0.98364925,0.012775374,0.003575417
0.9855016,0.011152965,0.0033454585
0.9873552,0.010144228,0.0025005587
0.020995246,0.97380406,0.005200674
0.9843932,0.011399042,0.004207831
0.9863599,0.010506867,0.0031332416
0.98455226,0.010508117,0.004939505
0.98136556,0.013862391,0.004772037
0.9873582,0.009613774,0.003028064
0.82547885,0.024373652,0.15014748
0.9888721,0.00864782,0.0024800624
0.9858872,0.009722098,0.0043906597
0.9876173,0.010226503,0.0021561885
0.985846,0.010687619,0.0034663754
0.9838721,0.0115893865,0.004538469
0.98685557,0.0108776605,0.0022667607
0.9829306,0.012313002,0.004756366
0.98354554,0.011461752,0.00499262
0.9848142,0.009806819,0.005378944
0.98480415,0.010961575,0.0042343256
0.9757918,0.018394612,0.0058136135
0.98700166,0.0102902325,0.0027080649
0.98410994,0.011592187,0.004297974
0.054438937,0.066961035,0.87859994
0.986006,0.01178591,0.0022080285
0.98793703,0.0093416795,0.0027212403
0.9852622,0.010362778,0.0043750396
0.98531055,0.010262575,0.0044268286
0.05936797,0.15708348,0.78354853
0.98676205,0.010078904,0.0031591034
0.9860656,0.011137574,0.0027968353
0.983442,0.013464319,0.0030936138
0.98560494,0.008980121,0.005414898
0.23618938,0.027226003,0.73658454
0.61634827,0.043105725,0.34054607
0.084964246,0.02882306,0.88621277
0.98394287,0.012716942,0.0033401675
0.98869216,0.008955622,0.0023522384
0.9869888,0.010943061,0.0020682232
0.98594075,0.009732124,0.004327047
0.9865073,0.01021501,0.003277692
0.9850337,0.010199751,0.0047665425
0.98519856,0.009877942,0.004923478
0.9849973,0.011546124,0.0034566333
0.98614776,0.011369287,0.0024829102
0.9857065,0.011747861,0.00254562
0.978581,0.017211474,0.0042075682
0.98397326,0.010604996,0.0054217945
0.019622805,0.9669563,0.013420852
0.06260011,0.04012273,0.8972771
0.9848697,0.0097405575,0.0053897635
0.9851253,0.009582671,0.005292054
0.9516477,0.019558879,0.028793454
0.97695744,0.017334606,0.0057079783
0.98742396,0.009775362,0.0028006881
0.9568373,0.03157926,0.011583376
0.98755175,0.009466582,0.0029817026
0.9834632,0.011416111,0.0051205806
0.76329833,0.14102373,0.09567803
0.97609097,0.018070811,0.005838157
0.9888286,0.00864744,0.0025239317
0.9735902,0.017487027,0.00892278
0.9874006,0.009511462,0.00308792
0.8405861,0.035414003,0.12399994
0.9887444,0.008672071,0.002583565
0.98831546,0.008908603,0.0027759748
0.986238,0.010807344,0.0029545634
0.9881103,0.009135799,0.0027538005
0.9858197,0.01064567,0.0035346495
0.9729364,0.019821437,0.0072422223
0.9847682,0.010644705,0.004587181
0.98668087,0.010357451,0.002961669
0.98492056,0.009684152,0.0053953086
0.9758992,0.017752448,0.0063484013
0.98577416,0.011166951,0.0030588428
0.9868794,0.009991895,0.003128775
0.8698978,0.110676125,0.019426107
0.9863739,0.010455838,0.0031702204
0.020004172,0.97521657,0.004779329
0.96467596,0.012614895,0.02270917
0.9873979,0.00940981,0.003192161
0.9874802,0.009799815,0.002719982
0.9889053,0.008648111,0.0024464685
0.98671144,0.010029296,0.0032592171
0.98622894,0.011292762,0.0024782692
0.9877465,0.009294385,0.0029590824
0.96955085,0.013119484,0.017329648
0.98520654,0.011402891,0.0033904961
0.98361224,0.011462528,0.00492516
0.9880437,0.008967245,0.0029890204
0.9767851,0.011618819,0.011596148
0.06641682,0.077308655,0.8562745
0.989225,0.00784603,0.0029289855
0.98745584,0.00987161,0.0026725214
0.98168474,0.009871589,0.008443617
0.9508844,0.01327534,0.03584027
0.9891561,0.008254177,0.002589694
0.9743449,0.017500583,0.008154438
0.9814409,0.015786245,0.0027728651
0.98448193,0.010990139,0.0045279968
0.9730401,0.020135727,0.006824127
0.9860976,0.011672457,0.0022299038
0.9850771,0.011901975,0.0030210682
0.01826463,0.9774498,0.004285595
0.016445337,0.9765504,0.0070043146
0.018704936,0.97734743,0.0039476617
0.024133548,0.9668396,0.009026859
0.01796193,0.9782969,0.0037412017
0.98637354,0.009326896,0.004299455
0.043150507,0.63409203,0.32275748
0.013768995,0.98144,0.004791077
0.019957244,0.9625335,0.017509313
0.015003127,0.9794288,0.0055680657
0.043162193,0.055367257,0.90147066
0.0615667,0.2855168,0.6529165
0.018293934,0.96808463,0.013621476
0.020552536,0.9749238,0.0045236195
0.018941278,0.9767343,0.0043244837
0.04572651,0.8257012,0.12857234
0.02163827,0.9718009,0.0065607447
0.022196846,0.96905106,0.008752033
0.02102496,0.96476275,0.014212314
0.018016847,0.976985,0.004998214
0.01980303,0.96729827,0.012898669
0.017661592,0.9780418,0.0042965743
0.020462925,0.9754242,0.0041128756
0.017392848,0.97880507,0.003802091
0.017306592,0.97919613,0.003497213
0.0758143,0.04845003,0.87573564
0.018942347,0.975836,0.0052217143
0.01788903,0.9776624,0.004448586
0.01793308,0.9772025,0.0048644785
0.018696887,0.97692686,0.004376322
0.018007949,0.9774566,0.004535372
0.017719941,0.9779248,0.004355199
0.019383585,0.9749589,0.005657495
0.07708863,0.040247727,0.8826636
0.020353695,0.9730641,0.0065821162
0.024680667,0.9705813,0.0047380687
0.033311103,0.85994405,0.10674486
0.021359328,0.97058094,0.008059723
0.054951843,0.15392826,0.7911199
0.057547994,0.04049007,0.901962
0.019654065,0.96377933,0.016566554
0.05978318,0.048745982,0.89147085
0.03001595,0.9015113,0.06847275
0.02736952,0.9582359,0.014394582
0.018659476,0.97687817,0.004462415
0.036751155,0.9547924,0.008456466
0.02206415,0.9651411,0.012794715
0.015604873,0.9768196,0.0075755576
0.014258103,0.9754622,0.010279761
0.015355892,0.9801927,0.0044513964
0.018863698,0.9760642,0.00507214
0.98306805,0.013083376,0.003848601
0.01917523,0.97680146,0.004023274
0.017969167,0.97773564,0.004295229
0.018455738,0.97712404,0.0044201612
0.019008458,0.9759005,0.0050911373
0.018235935,0.9778221,0.0039418726
0.022162473,0.9713373,0.006500232
0.019309582,0.9759906,0.0046997787
0.020325605,0.9726706,0.007003792
0.016550079,0.9798952,0.0035548217
0.059044056,0.061366126,0.87958986
0.05904032,0.048446823,0.89251286
0.019490244,0.976025,0.004484718
0.043355305,0.89146525,0.06517942
0.02798558,0.9622623,0.009752173
0.018970245,0.97631925,0.0047105527
0.020574538,0.97263736,0.006788076
0.98551756,0.010969516,0.003512922
0.015806574,0.9769637,0.0072297137
0.019834377,0.96930254,0.010863038
0.022086639,0.9623583,0.0155550735
0.021663716,0.9729437,0.005392525
0.020878447,0.9712279,0.00789367
0.05510762,0.042376444,0.90251595
0.02030156,0.9715199,0.008178576
0.056902003,0.070643015,0.87245494
0.017477367,0.96736765,0.015154972
0.05165737,0.039375685,0.9089669
0.05863532,0.084340535,0.85702413
0.052482247,0.041013163,0.90650463
0.055114448,0.042257715,0.9026278
0.059820455,0.3614247,0.57875484
0.06954205,0.041303016,0.88915485
0.06515519,0.043275747,0.89156914
0.98577523,0.010676422,0.0035483234
0.060806714,0.044335343,0.89485794
0.01853095,0.9758505,0.005618602
0.06017185,0.03728865,0.9025395
0.07053154,0.039690383,0.8897781
0.9798467,0.01425243,0.005900821
0.06079399,0.03839849,0.90080756
0.06043887,0.03655079,0.90301037
0.06335413,0.042202953,0.8944429
0.085012905,0.05827175,0.8567153
0.09787431,0.042466827,0.8596589
0.08345193,0.044407636,0.87214047
0.11660684,0.03366313,0.84973
0.04783544,0.043384857,0.9087797
0.04691091,0.034929387,0.9181598
0.98429835,0.01298512,0.002716518
0.057626925,0.045765065,0.896608
0.048840743,0.044775043,0.9063842
0.41967258,0.03776081,0.5425666
0.06233815,0.051958464,0.88570344
0.06899418,0.03845734,0.8925485
0.06518989,0.050572004,0.88423806
0.016886007,0.95121044,0.0319035
0.061491635,0.042802498,0.8957059
0.051142894,0.047623884,0.90123326
0.06255067,0.04481222,0.8926371
0.05933553,0.05023462,0.89042985
0.06197847,0.049220897,0.8888006
0.05937315,0.041327886,0.899299
0.058590945,0.05135407,0.890055
0.06300883,0.064629145,0.872362
0.060674425,0.042919695,0.89640594
0.06475931,0.039955538,0.8952852
0.054628663,0.04500219,0.90036917
0.052392017,0.049265828,0.8983422
0.06420386,0.045151006,0.89064515
0.05944994,0.048403308,0.89214677
0.059243355,0.04604874,0.8947079
0.051441524,0.03940309,0.9091554
0.06497752,0.045450307,0.8895722
0.060458086,0.046332195,0.89320976
0.059241254,0.043895572,0.89686316
0.059373688,0.04831763,0.89230865
0.059106603,0.04388142,0.89701194
0.057240795,0.043419108,0.89934015
0.05764765,0.044983804,0.8973685
0.048788816,0.05108033,0.9001308
0.057137486,0.04820865,0.8946539
0.054704692,0.043232735,0.90206254
0.056451034,0.036913186,0.9066357
0.058114495,0.048225675,0.89365983
0.058438346,0.054258164,0.8873035
0.052863758,0.046880454,0.9002558
0.055838022,0.04561819,0.8985437
0.0678712,0.050240953,0.88188785
0.07342855,0.050614722,0.8759568
0.5783441,0.037335124,0.38432077
0.07339037,0.040788107,0.88582146
0.055586033,0.3473912,0.59702283
0.060203064,0.042941235,0.8968558
0.059247594,0.043793224,0.8969592
0.058526993,0.036180895,0.90529215
0.053860556,0.049280636,0.89685875
0.79165787,0.029867938,0.17847425
0.055544678,0.034337245,0.91011816
0.060962345,0.041451093,0.8975866
0.061489757,0.04064225,0.897868
0.056800812,0.04069294,0.9025063
0.054478195,0.05244236,0.89307946
0.060704067,0.046384614,0.8929113
0.06078239,0.045590643,0.893627
0.05802309,0.039645668,0.90233123
0.048482295,0.043842897,0.9076748
0.066949815,0.03595835,0.89709187
0.0750674,0.13116969,0.7937629
0.055625223,0.06011584,0.8842589
0.07017163,0.039170984,0.8906573
0.04814776,0.043370627,0.90848154
0.053594716,0.047412783,0.89899254
0.05720419,0.036539175,0.90625656
0.04787384,0.043504573,0.9086215
0.047209427,0.03508307,0.91770756
0.04718989,0.035034318,0.91777575
0.048133444,0.04365514,0.90821147
0.054069933,0.04250219,0.9034279
0.053485807,0.047594495,0.8989197
0.057733484,0.04531553,0.896951
0.053451143,0.04777313,0.8987758
0.06657793,0.045225196,0.8881968
0.05753382,0.047743812,0.89472246
0.049872756,0.14286011,0.8072671
0.96051955,0.0151509065,0.024329584
0.013358931,0.97194046,0.0147006
0.06173708,0.045544297,0.8927186
0.054805566,0.042350464,0.9028439
0.054516647,0.040355388,0.905128
0.04827934,0.103437394,0.8482833
0.06840753,0.044470176,0.8871223
0.05806999,0.05892688,0.8830031
0.05567159,0.048462883,0.89586556
0.05877446,0.046200227,0.89502525
0.011981362,0.9781822,0.009836368
0.08396677,0.041933503,0.8740997
0.2121216,0.03179187,0.75608647
0.04095275,0.91315997,0.045887303
0.05957961,0.04501699,0.8954034
0.09516396,0.03695868,0.8678774
0.05824445,0.04259175,0.89916384
0.020708378,0.97039807,0.008893525
0.047343653,0.037269484,0.91538686
0.05461484,0.042161886,0.9032232
0.051316403,0.06878455,0.87989914
0.060873102,0.054592945,0.884534
0.061060797,0.04515551,0.89378375
0.07164847,0.04218171,0.8861698
0.05972653,0.083348304,0.85692513
0.053526804,0.045985542,0.90048766
0.058013495,0.054658532,0.88732797
0.0751675,0.045904126,0.8789283
0.049163796,0.66328734,0.2875489
0.063692875,0.046689805,0.8896174
0.06057976,0.048772372,0.8906479
0.05912951,0.0408779,0.8999925
0.9864928,0.01014527,0.0033619308
0.98302,0.012441038,0.0045389687
0.9845221,0.011394969,0.004082889
0.98649687,0.009910296,0.003592778
0.95700496,0.019269723,0.023725323
0.05627171,0.03820571,0.9055226
0.98640186,0.0100752255,0.0035229481
0.98830813,0.009022355,0.002669609
0.98452157,0.010820188,0.0046582515
0.9882613,0.009235877,0.0025028535
0.9881607,0.009047477,0.0027918506
0.9839697,0.011778809,0.0042514456
0.9846832,0.011024638,0.0042920867
0.985338,0.009556701,0.005105352
0.98817235,0.009194551,0.0026329972
0.98665327,0.010087639,0.003259025
0.98641473,0.010314288,0.0032709895
0.98572,0.010759554,0.0035205127
0.98827153,0.009048492,0.0026799582
0.9865927,0.009862982,0.0035443369
0.9880635,0.009288293,0.0026481783
0.9749005,0.016337585,0.008761974
0.9875421,0.010057364,0.0024005258
0.9821086,0.0116138905,0.0062774727
0.9850604,0.010209994,0.004729577
0.98629564,0.010133342,0.0035710596
0.9880052,0.009278678,0.002716118
0.9851317,0.009954739,0.004913537
0.9836923,0.011689558,0.004618108
0.9872716,0.010232913,0.0024954686
0.9869964,0.0102901785,0.0027133445
0.9837589,0.0112425005,0.0049985824
0.98825955,0.008450509,0.003289933
0.9873261,0.01015384,0.0025200965
0.9883767,0.009182991,0.0024403895
0.98616296,0.010102339,0.0037346338
0.061713193,0.06274628,0.8755405
0.9863027,0.010666498,0.0030307407
0.9873675,0.009928733,0.0027037824
0.9865882,0.010356477,0.003055395
0.9880967,0.009234338,0.002669038
0.9881281,0.009047179,0.0028246671
0.9875051,0.01004717,0.0024477805
0.985586,0.010570637,0.003843415
0.98602444,0.010190088,0.0037855122
0.98722166,0.009744768,0.0030335644
0.9841904,0.012197054,0.0036124908
0.98319465,0.011775281,0.0050299824
0.98329633,0.0113696745,0.005334065
0.985045,0.011007169,0.0039477907
0.9821148,0.014077687,0.0038075037
0.98694336,0.010179684,0.002876925
0.98488796,0.011601352,0.003510678
0.9853393,0.0113932965,0.0032674232
0.98835564,0.008467853,0.0031765897
0.9826088,0.009005434,0.008385795
0.9864608,0.01054907,0.002990066
0.98289883,0.011589234,0.005511917
0.985137,0.010371584,0.004491361
0.9858063,0.009721299,0.00447252
0.9830488,0.012171014,0.0047802217
0.9873144,0.0103641,0.0023215944
0.984063,0.0112899905,0.004646997
0.9846577,0.011230814,0.004111461
0.98435277,0.011504815,0.0041424246
0.9815015,0.013100853,0.0053976225
0.07268377,0.045729302,0.8815869
0.9830577,0.011947375,0.004995019
0.9847851,0.010854838,0.0043601287
0.099530034,0.06160377,0.8388662
0.24098594,0.05192636,0.70708764
0.98726094,0.010113587,0.0026254358
0.98401606,0.010974215,0.0050096638
0.98631775,0.010353639,0.0033286684
0.98686916,0.010208783,0.0029220101
0.98662215,0.010008822,0.0033689453
0.9730549,0.019911159,0.0070339823
0.06833239,0.047680415,0.8839872
0.037134353,0.95724,0.005625644
0.023407998,0.9506817,0.025910292
0.9882725,0.008600479,0.003127078
0.9865274,0.009549567,0.0039229635
0.9881373,0.009389308,0.0024733841
0.060842775,0.036966126,0.902191
0.98475605,0.01078057,0.0044633946
0.988081,0.00895883,0.0029600845
0.9880783,0.008950062,0.0029716617
0.9875163,0.009671818,0.0028119124
0.98778826,0.0086975945,0.003514146
0.9881193,0.009153742,0.0027270631
0.97820526,0.011189953,0.010604786
0.9882217,0.00853311,0.0032451353
0.9876414,0.00965417,0.0027045324
0.9871105,0.009868158,0.0030213974
0.982735,0.012334618,0.0049303877
0.9843671,0.011905015,0.0037278328
0.98615706,0.01025135,0.0035915405
0.9853338,0.0109781865,0.0036880204
0.98479,0.010449248,0.004760712
0.9846229,0.011329558,0.004047576
0.98790705,0.008673193,0.0034197688
0.9862375,0.009946469,0.0038160265
0.98789227,0.009250478,0.0028572811
0.98766357,0.009892991,0.0024433965
0.9846261,0.01083191,0.004541947
0.9851344,0.011867847,0.0029977327
0.98801,0.009526632,0.0024634239
0.017292863,0.9788972,0.0038098833
0.01923056,0.9767542,0.004015229
0.017718676,0.9702453,0.012035981
0.018646643,0.97716016,0.004193261
0.019899674,0.9682293,0.01187104
0.015233601,0.9809708,0.0037956482
0.016153492,0.9790948,0.004751705
0.01800706,0.9778857,0.0041071796
0.020104907,0.97345036,0.0064447685
0.0154107455,0.9808164,0.0037728793
0.01875222,0.97742873,0.0038190568
0.017450968,0.9787249,0.0038241213
0.014915516,0.9813463,0.0037382324
0.018094614,0.9778541,0.004051278
0.016341697,0.9789626,0.0046957117
0.018957837,0.97711086,0.0039313193
0.023523454,0.9694685,0.0070080566
0.020165935,0.9721237,0.0077103917
0.020450888,0.97342354,0.006125497
0.016781198,0.9781753,0.0050435527
0.015146064,0.98106533,0.0037886072
0.01819214,0.9778581,0.0039497246
0.018713756,0.9773309,0.0039553125
0.016728604,0.97844803,0.004823345
0.018166134,0.9778917,0.003942153
0.018111052,0.9773097,0.0045791906
0.017543305,0.978633,0.003823762
0.018263707,0.97740036,0.004335893
0.01615394,0.979122,0.0047240756
0.0173922,0.9787685,0.0038392597
0.017409157,0.97876656,0.003824284
0.017601645,0.9780595,0.004338817
0.018160172,0.9780481,0.0037917378
0.017005704,0.9792348,0.0037594456
0.018492509,0.97668344,0.004824059
0.017348543,0.9786983,0.003953118
0.019045895,0.96926606,0.011688091
0.02071442,0.9730539,0.0062317564
0.023924667,0.9641039,0.01197148
0.020068897,0.9660297,0.013901319
0.060653545,0.061009977,0.8783364
0.07499326,0.33283028,0.59217644
0.018865028,0.97708684,0.0040480993
0.015938377,0.97935486,0.004706777
0.018027121,0.97754216,0.0044306978
0.021785954,0.97176784,0.006446207
0.018321445,0.97714466,0.004533924
0.016539553,0.97975016,0.0037103482
0.017876755,0.9769915,0.00513179
0.020371042,0.97436905,0.0052598915
0.015887039,0.9809785,0.0031344595
0.018167794,0.97559637,0.0062358477
0.014866361,0.98194045,0.0031931726
0.017774966,0.9785695,0.0036555554
0.019931205,0.97546244,0.0046063825
0.018596824,0.97740865,0.003994446
0.0152792875,0.98103434,0.0036862995
0.01916769,0.9768942,0.003938132
0.01805037,0.9773702,0.004579474
0.017481728,0.97901493,0.0035034013
0.015714662,0.9812935,0.0029918826
0.018541079,0.97733796,0.004120945
0.018650854,0.97072226,0.010626936
0.01935178,0.97431016,0.0063380646
0.01745321,0.9783729,0.004173937
0.017881382,0.97772163,0.004397025
0.021438302,0.9727436,0.0058181356
0.017184708,0.9784914,0.0043238103
0.01713019,0.97872686,0.004142953
0.016585568,0.97960174,0.003812625
0.021086702,0.97328204,0.005631243
0.01587989,0.981016,0.0031041172
0.018970886,0.9768291,0.0042000357
0.016714465,0.9795323,0.0037532498
0.02583493,0.953487,0.020678015
0.019304523,0.9766883,0.0040071243
0.06862212,0.062511675,0.8688662
0.02054767,0.96899855,0.010453807
0.020207288,0.9745929,0.0051998068
0.019100538,0.9768048,0.004094634
0.018953117,0.97639084,0.0046560145
0.017871596,0.97575605,0.0063723135
0.019434849,0.9456129,0.034952212
0.019273963,0.97228944,0.008436632
0.018949063,0.97665864,0.0043922444
0.0191416,0.9656123,0.0152461175
0.01666101,0.9797428,0.003596166
0.016152333,0.979981,0.0038666055
0.016841976,0.9793241,0.0038339437
0.020580579,0.974825,0.0045943903
0.018738478,0.97053236,0.010729124
0.01677073,0.9794763,0.003753035
0.017221343,0.9781864,0.00459226
0.015694343,0.98098207,0.0033236188
0.0152207315,0.9791853,0.0055939285
0.01635545,0.9797863,0.003858294
0.03004081,0.8943628,0.07559638
0.016833767,0.97932476,0.0038414416
0.013049195,0.98337644,0.0035744254
0.018215602,0.97768605,0.0040983288
0.017265055,0.9778005,0.0049344595
0.016713161,0.9789778,0.0043090945
0.020033047,0.96713334,0.012833652
0.015623131,0.97987443,0.004502406
0.016213398,0.9788946,0.004891974
0.018334173,0.97686905,0.004796787
0.018453026,0.97745764,0.0040893764
0.060832925,0.043923415,0.8952437
0.018592497,0.9771813,0.0042262403
0.015590753,0.9797554,0.004653844
0.017985936,0.9772156,0.0047984887
0.017757416,0.9785584,0.0036841845
0.018248376,0.9780115,0.0037401104
0.018882666,0.97704566,0.004071716
0.01711521,0.9793043,0.0035805425
0.01681507,0.9772823,0.0059026447
0.020936798,0.9673072,0.011755955
0.016900783,0.97939026,0.0037089854
0.01849143,0.96713555,0.014373041
0.98291886,0.010687151,0.0063940655
0.018524613,0.97647005,0.005005346
0.01698344,0.9793864,0.0036301352
0.017279413,0.9790916,0.0036290425
0.015178102,0.98026454,0.0045572924
0.017930234,0.978002,0.0040677493
0.017320791,0.9780874,0.004591795
0.016435897,0.97980976,0.0037543129
0.015864976,0.97961617,0.0045188367
0.048964243,0.23571503,0.7153207
0.46025604,0.40781403,0.13192996
0.015606263,0.98073006,0.0036636265
0.018528515,0.9766757,0.0047958377
0.01867572,0.9767743,0.0045499443
0.017870314,0.97759366,0.0045360075
0.014474476,0.98207915,0.003446393
0.016153732,0.9752922,0.008554084
0.017887779,0.9775939,0.004518324
0.016826438,0.9788984,0.0042752135
0.018635077,0.9775081,0.0038568485
0.019122286,0.9769623,0.0039153975
0.02105057,0.964995,0.013954399
0.015583918,0.9802828,0.004133362
0.021032609,0.9731582,0.0058092587
0.016900536,0.97937596,0.0037234474
0.021152575,0.95557046,0.023276975
0.01811234,0.9773792,0.0045085177
0.018450208,0.9706504,0.01089941
0.01716098,0.9790508,0.003788219
0.014936616,0.981296,0.0037673588
0.01713488,0.9789948,0.0038702656
0.06087296,0.14894311,0.7901839
0.019726826,0.96075714,0.019516053
0.048855655,0.06548617,0.8856582
0.018831411,0.97059476,0.010573784
0.0153536955,0.98101014,0.0036361539
0.018451337,0.9778455,0.0037031353
0.016376408,0.98056304,0.0030605532
0.019778093,0.9755608,0.004661151
0.01891993,0.9770636,0.0040165014
0.01841267,0.97722673,0.004360598
0.017772114,0.97841245,0.003815441
0.01784043,0.97834444,0.0038151757
0.019184178,0.97630346,0.00451236
0.021918532,0.97102094,0.007060528
0.018683631,0.977188,0.004128368
0.017763836,0.9779568,0.004279451
0.014977225,0.9815647,0.0034580692
0.017471932,0.97846633,0.0040617394
0.018256335,0.9774829,0.004260702
0.016498802,0.9797252,0.0037760495
0.016530644,0.9797007,0.0037685875
0.019512571,0.9700125,0.010474971
0.017687323,0.97803295,0.0042797844
0.016456883,0.97962475,0.003918407
0.018523468,0.9773636,0.004113012
0.018966243,0.9765901,0.004443707
0.016515328,0.9802279,0.0032568285
0.017329168,0.9795165,0.0031543355
0.021104513,0.9750558,0.003839666
0.05931218,0.04362742,0.89706045
0.019981625,0.9760218,0.0039965766
0.019616926,0.976153,0.004230047
0.01909859,0.9700512,0.010850215
0.017385527,0.9788711,0.0037433978
0.021155523,0.97265166,0.006192788
0.016699273,0.9795982,0.0037025341
0.017955039,0.97792155,0.004123406
0.021080771,0.97063565,0.008283614
0.014005368,0.9789797,0.0070148855
0.023962887,0.9689502,0.007086875
0.019222477,0.97634363,0.0044339164
0.018098565,0.97759,0.004311398
0.017659644,0.97841156,0.0039288714
0.01760711,0.97836316,0.004029706
0.017639706,0.9787396,0.0036206595
0.02227969,0.97314286,0.0045775133
0.015900899,0.978962,0.0051371213
0.01789371,0.977918,0.004188325
0.061812777,0.040875707,0.8973115
0.06939487,0.039424334,0.89118075
0.057877906,0.04292728,0.8991948
0.060034677,0.043431804,0.89653355
0.06677939,0.037975505,0.89524513
0.1040125,0.039440162,0.8565473
0.06503611,0.045892876,0.889071
0.055062532,0.07431213,0.8706253
0.06283134,0.043585796,0.89358294
0.061615888,0.041306403,0.8970776
0.061274074,0.040066965,0.898659
0.0628298,0.045788053,0.8913821
0.059327792,0.039203703,0.9014685
0.061840888,0.04131578,0.8968433
0.055603243,0.047444005,0.89695287
0.058295615,0.042629164,0.89907527
0.05917375,0.048913248,0.89191306
0.05712707,0.04224645,0.9006265
0.062160302,0.041630693,0.89620894
0.060530104,0.039062094,0.9004078
0.06347271,0.04303175,0.89349556
0.059205133,0.03568251,0.9051123
0.06655761,0.053716086,0.87972635
0.055723593,0.07770528,0.8665711
0.07251386,0.039328966,0.88815725
0.060322113,0.038851917,0.90082604
0.069210365,0.04197821,0.88881135
0.03876494,0.85430616,0.10692896
0.059885792,0.045804072,0.8943102
0.06567124,0.042255864,0.89207286
0.06747081,0.047240417,0.8852888
0.06165269,0.04510607,0.8932412
0.0733796,0.10307839,0.8235421
0.055977505,0.0377194,0.90630305
0.0713942,0.039524,0.88908184
0.055985987,0.03646637,0.90754753
0.01638391,0.9776649,0.005951269
0.062721826,0.041761346,0.89551675
0.072787955,0.032099005,0.895113
0.017677454,0.97558004,0.006742446
0.057574477,0.04048893,0.90193653
0.07342244,0.038202815,0.88837475
0.9849225,0.01168134,0.0033961455
0.072898224,0.039019607,0.88808215
0.062027115,0.043684166,0.8942887
0.9874742,0.008771585,0.0037542356
0.060931507,0.044123676,0.89494485
0.063646145,0.044345472,0.89200836
0.060470797,0.037804723,0.90172446
0.06310103,0.04472349,0.8921755
0.059583127,0.042333364,0.89808345
0.06339861,0.044584714,0.8920167
0.018115774,0.9775645,0.0043197144
0.06274455,0.05098606,0.8862694
0.057847045,0.041240614,0.9009123
0.06284236,0.037287448,0.8998702
0.016714554,0.97905934,0.0042261006
0.017589109,0.97831786,0.004092975
0.056988213,0.041938484,0.90107334
0.06379014,0.042183306,0.8940265
0.06185452,0.03803311,0.9001124
0.06521164,0.044622734,0.89016557
0.05598779,0.037542567,0.9064696
0.062236585,0.038700227,0.89906317
0.06851873,0.042048596,0.8894326
0.06333728,0.041365564,0.8952972
0.070599265,0.039854787,0.889546
0.019512745,0.9662393,0.0142479725
0.06084046,0.04860108,0.89055854
0.98338866,0.012537193,0.0040742075
0.048743755,0.049318332,0.901938
0.05682867,0.043742593,0.89942867
0.9822749,0.012280778,0.0054442426
0.05253073,0.044105902,0.9033634
0.050432943,0.033751786,0.9158152
0.056789562,0.052265927,0.89094454
0.057144072,0.038656175,0.9041997
0.98864543,0.008145843,0.0032087036
0.9882211,0.00905687,0.0027220228
0.98838145,0.009005419,0.0026130595
0.9779269,0.016008668,0.0060643484
0.9790958,0.015934162,0.0049700327
0.3037815,0.03058943,0.6656291
0.98765975,0.009375611,0.0029646072
0.9627849,0.021500412,0.015714686
0.9854541,0.0113225235,0.0032234308
0.90173036,0.020176345,0.078093305
0.9864755,0.010214681,0.003309751
0.9790446,0.016231729,0.004723702
0.9859761,0.010002268,0.004021597
0.051366154,0.055757433,0.89287645
0.9822525,0.0114690615,0.0062783924
0.9811679,0.012278924,0.006553207
0.9861682,0.010923291,0.0029085511
0.9885682,0.008322094,0.0031097392
0.98712176,0.010201428,0.0026768404
0.9883917,0.008788314,0.0028199074
0.9859973,0.010012255,0.003990386
0.98523617,0.011182675,0.0035811851
0.9850559,0.011507412,0.0034366436
0.98358315,0.011044632,0.00537222
0.9892462,0.008262994,0.0024907112
0.98776835,0.009312762,0.002918966
0.9866479,0.010613075,0.0027390046
0.9855101,0.011473436,0.0030164989
0.98485804,0.011818263,0.003323742
0.9858927,0.009962429,0.004144855
0.026054028,0.9103993,0.06354663
0.9443944,0.033308655,0.022296954
0.019210052,0.97618914,0.0046008197
0.016507324,0.97831863,0.00517401
0.017790968,0.9761085,0.006100547
0.017477667,0.9778321,0.0046902886
0.020074595,0.9757868,0.0041385833
0.016963227,0.97345597,0.009580778
0.018090496,0.9762004,0.005709128
0.01617575,0.9775758,0.0062484997
0.04240591,0.2132361,0.744358
0.014821211,0.9799147,0.0052640624
0.017331706,0.97631717,0.0063511203
0.66627145,0.040444847,0.29328373
0.024318894,0.96573955,0.009941544
0.018880535,0.9769354,0.004184116
0.016134458,0.97889656,0.0049690213
0.023877857,0.96929103,0.0068311067
0.020439327,0.9638893,0.015671374
0.0244612,0.96195066,0.0135881435
0.025708562,0.9670648,0.0072266897
0.018142361,0.9780437,0.0038140027
0.01802361,0.9778291,0.004147245
0.079353176,0.0350498,0.88559705
0.064982556,0.041894473,0.8931229
0.07219702,0.040498856,0.8873041
0.065168984,0.041983914,0.8928472
0.0603348,0.041285638,0.8983796
0.050483797,0.049410757,0.9001054
0.055187963,0.04406418,0.90074784
0.061198406,0.036418546,0.9023831
0.06138819,0.046157584,0.89245427
0.059687953,0.045686197,0.89462584
0.06241668,0.03811731,0.89946604
0.09014492,0.04069106,0.86916405
0.05284682,0.14042766,0.80672556
0.15266718,0.037020866,0.8103119
0.9839288,0.01241005,0.0036612463
0.986943,0.008076416,0.004980597
0.064048156,0.04006075,0.8958911
0.0768803,0.039180435,0.8839393
0.9861049,0.009306162,0.004588924
0.98619485,0.009687216,0.004117879
0.9813923,0.012783458,0.0058241854
0.9857401,0.009087223,0.0051726894
0.9861227,0.010555758,0.0033215166
0.9883809,0.0079627875,0.0036563256
0.05485318,0.0384248,0.90672207
0.98601323,0.008741518,0.0052453484
0.9867666,0.009176989,0.004056388
0.9886601,0.008241985,0.0030979037
0.9864689,0.0092101265,0.004320917
0.9866708,0.009086924,0.0042423513
0.985499,0.0090761315,0.005424901
0.9886606,0.008331003,0.0030084627
0.987439,0.009699437,0.0028615538
0.98225063,0.0073473426,0.010401967
0.9879941,0.0060850377,0.0059209047
0.9848422,0.01055235,0.0046054805
0.98434734,0.011260214,0.004392372
0.98463756,0.009438648,0.0059238845
0.9863123,0.009908441,0.0037792285
0.9849097,0.008982555,0.00610765
0.055532623,0.045147702,0.8993197
0.9863019,0.0102029145,0.0034951782
0.054412127,0.03865941,0.9069285
0.9763757,0.012956296,0.01066797
0.9860912,0.009964435,0.003944272
0.9842845,0.011549042,0.0041664788
0.9771354,0.009007898,0.013856659
0.98199236,0.011876295,0.0061313296
0.9880121,0.0068886466,0.00509925
0.9765505,0.014612511,0.008837008
0.97137445,0.015011103,0.0136144785
0.98522854,0.011347602,0.0034238454
0.9724327,0.012816063,0.014751199
0.98757905,0.009042151,0.0033788055
0.0607035,0.03982977,0.89946675
0.98270077,0.008780481,0.008518649
0.1532341,0.03974967,0.8070162
0.9678551,0.014624519,0.017520359
0.98405886,0.00967568,0.0062654167
0.98674995,0.008404705,0.004845306
0.20004888,0.018914318,0.7810368
0.06172073,0.03967516,0.89860404
0.08449056,0.034237426,0.881272
0.9795828,0.010084049,0.010333272
0.9790846,0.01135419,0.009561187
0.9836736,0.00965302,0.006673404
0.98533547,0.009802432,0.004862043
0.06982787,0.04625493,0.88391715
0.066105455,0.035923366,0.8979711
0.9597202,0.014110444,0.026169404
0.9489296,0.015443226,0.035627153
0.067034885,0.043028116,0.8899369
0.9851112,0.009648263,0.00524055
0.9867137,0.007996071,0.005290244
0.9642001,0.014162472,0.021637412
0.987603,0.00942096,0.0029760392
0.98456514,0.011677101,0.0037578263
0.98600465,0.008724384,0.005270977
0.98448074,0.0092999125,0.006219324
0.98768276,0.009504894,0.0028123865
0.98202574,0.009875017,0.008099205
0.9766815,0.011869884,0.011448646
0.9869768,0.00944261,0.0035805122
0.98494184,0.010379661,0.00467848
0.9458254,0.019231511,0.034943003
0.9831803,0.011558639,0.0052610137
0.7175323,0.16108327,0.12138441
0.05925411,0.03488476,0.9058611
0.068532914,0.03836847,0.8930986
0.9810682,0.011578951,0.007352845
0.98559105,0.010285567,0.0041234037
0.98391205,0.0125806695,0.0035071992
0.9670679,0.012782753,0.020149408
0.98673147,0.009951451,0.003317082
0.9863907,0.010631052,0.002978197
0.07727088,0.03927387,0.8834552
0.053435136,0.03301702,0.9135478
0.1531887,0.04141177,0.80539954
0.9872996,0.009381349,0.003318992
0.9851547,0.010795473,0.004049762
0.97767305,0.015942117,0.006384833
0.95720786,0.011599182,0.03119296
0.98376036,0.0114418855,0.004797716
0.09212911,0.038031906,0.8698391
0.71345574,0.26764238,0.018901873
0.9843785,0.010323195,0.0052983803
0.9793428,0.008292881,0.012364278
0.9844111,0.011975513,0.003613301
0.20004085,0.026920995,0.7730381
0.95750135,0.014624329,0.027874326
0.9870564,0.010240677,0.0027029305
0.9857653,0.011287453,0.0029473847
0.985617,0.010591636,0.0037913455
0.06251875,0.043337204,0.8941441
0.98709714,0.00964885,0.003254129
0.06421344,0.03582752,0.899959
0.9837887,0.013176342,0.0030348476
0.96394354,0.01912719,0.016929211
0.9877644,0.008638133,0.0035973943
0.9860321,0.01027009,0.0036978493
0.07282946,0.03819149,0.888979
0.9880564,0.0061933375,0.0057503195
0.98570734,0.010448772,0.0038438884
0.985811,0.010542122,0.003646819
0.9851778,0.0111058345,0.003716358
0.9883314,0.008865355,0.0028032619
0.024910668,0.9140042,0.061085142
0.018058704,0.977344,0.004597275
0.047576014,0.067784436,0.88463956
0.020557618,0.9535059,0.025936557
0.025977928,0.9578289,0.016193192
0.050363317,0.06732599,0.88231075
0.016847253,0.9781969,0.004955781
0.059700347,0.6933163,0.24698332
0.01464712,0.98029834,0.0050544995
0.07344011,0.35535967,0.57120025
0.020104932,0.9748784,0.005016746
0.018138474,0.9673862,0.014475382
0.027293796,0.96496236,0.0077438103
0.019599931,0.9767371,0.003662991
0.019509764,0.9750963,0.0053939098
0.043975294,0.038468465,0.9175562
0.020822449,0.9582736,0.020903947
0.019740984,0.95957065,0.020688374
0.019642217,0.9655527,0.014805021
0.02334808,0.94455135,0.03210058
0.060337722,0.049535617,0.89012665
0.018484464,0.94437593,0.037139624
0.018665595,0.94528514,0.036049217
0.018561466,0.97127265,0.010165879
0.066267915,0.062101148,0.8716309
0.061313633,0.047751106,0.89093524
0.04816735,0.07008308,0.8817495
0.023862535,0.96866906,0.0074684587
0.018930241,0.96150047,0.019569336
0.019483062,0.9732862,0.00723069
0.023807023,0.96594375,0.010249277
0.0229017,0.969535,0.0075632497
0.024926348,0.9445333,0.030540396
0.030820288,0.95692027,0.012259464
0.0939928,0.041243263,0.86476386
0.013256481,0.9787187,0.008024773
0.05794465,0.0457709,0.8962845
0.017667195,0.9778746,0.0044582505
0.013601524,0.97997355,0.006424905
0.01865711,0.9758009,0.005542026
0.0137019735,0.9795283,0.0067697335
0.01813225,0.9765444,0.0053233677
0.027501142,0.9332205,0.03927832
0.03707526,0.77661294,0.18631175
0.05475381,0.48635024,0.458896
0.061749898,0.065604165,0.8726459
0.03385802,0.9331651,0.032976944
0.03980042,0.15372968,0.8064698
0.015580777,0.9791285,0.0052907486
0.047825716,0.85940075,0.09277351
0.061561458,0.041715626,0.8967229
0.01820239,0.97793156,0.0038660623
0.01823087,0.9770733,0.0046958122
0.018483883,0.97479886,0.0067173387
0.018186308,0.9780221,0.003791637
0.019213738,0.97589976,0.004886542
0.017732447,0.9776599,0.004607751
0.04086795,0.39771542,0.5614167
0.05375219,0.43050152,0.5157463
0.016500568,0.9779182,0.005581237
0.015742727,0.97301745,0.011239839
0.02088245,0.9638545,0.015263014
0.02248665,0.9589621,0.018551284
0.017937658,0.9717415,0.010320869
0.05630566,0.038509782,0.90518457
0.018290581,0.96885294,0.012856471
0.063746646,0.35546345,0.5807899
0.015458308,0.97905135,0.005490341
0.01880564,0.9773457,0.0038486833
0.051960256,0.044836305,0.9032035
0.057218447,0.034083378,0.90869814
0.06132512,0.043210864,0.89546394
0.06405171,0.043936156,0.8920121
0.05762139,0.040147725,0.90223086
0.05845383,0.03959048,0.90195566
0.061976146,0.044033587,0.8939902
0.022975808,0.94782364,0.029200563
0.051010117,0.04393055,0.9050594
0.051312514,0.03826278,0.9104247
0.054673668,0.04333499,0.90199125
0.060523048,0.04530754,0.89416945
0.052744515,0.040658426,0.90659714
0.061500337,0.04003858,0.89846104
0.067843415,0.03104582,0.90111077
0.04375432,0.042408142,0.9138376
0.05572263,0.035246935,0.9090304
0.06185607,0.05153149,0.8866124
0.08936329,0.028360717,0.882276
0.055383503,0.03979397,0.9048225
0.076457135,0.035625387,0.88791746
0.05728223,0.041847233,0.9008705
0.051435575,0.039514128,0.9090503
0.065767765,0.04389643,0.89033574
0.06628659,0.042902455,0.8908109
0.0602956,0.04190854,0.8977959
0.060947567,0.0530039,0.88604856
0.05873942,0.044144426,0.8971161
0.05800925,0.043830458,0.8981603
0.053396706,0.045228772,0.9013746
0.06488515,0.041587286,0.8935276
0.061293487,0.038884487,0.89982206
0.06232978,0.03682114,0.9008491
0.060364265,0.045632128,0.89400357
0.052233133,0.046005633,0.90176123
0.05450498,0.036575053,0.9089199
0.056349378,0.03908929,0.90456134
0.05699281,0.04009945,0.9029077
0.0440107,0.05016372,0.9058256
0.10825351,0.024320306,0.86742616
0.06577485,0.03812337,0.89610183
0.06908777,0.04410827,0.8868039
0.060326792,0.039217077,0.9004561
0.05297285,0.04491359,0.90211356
0.98701906,0.009714266,0.0032666072
0.060737595,0.048471544,0.8907909
0.048433214,0.030531537,0.9210353
0.060900442,0.037155055,0.9019444
0.062105756,0.043782286,0.89411193
0.06460813,0.040450484,0.8949414
0.056161147,0.05106045,0.89277834
0.06405356,0.04085432,0.89509207
0.06416947,0.04086834,0.89496213
0.04793539,0.040941294,0.9111233
0.09185144,0.039235678,0.8689129
0.059531406,0.044478238,0.89599043
0.063759066,0.68146986,0.25477105
0.019122133,0.9580586,0.022819245
0.055954736,0.04450223,0.899543
0.055485293,0.04771468,0.8968
0.061812814,0.049595293,0.8885919
0.055244427,0.049666077,0.8950895
0.05568777,0.047748707,0.89656353
0.05265381,0.040096037,0.9072501
0.0542948,0.04777482,0.8979303
0.056706384,0.040526222,0.90276736
0.056734264,0.046645552,0.89662015
0.055146083,0.044789687,0.9000643
0.057816494,0.046570417,0.89561313
0.052271,0.036013115,0.9117159
0.06193746,0.045938198,0.89212435
0.06263082,0.047507625,0.88986164
0.0591919,0.037222654,0.90358543
0.053692494,0.039939858,0.9063677
0.056098726,0.047750056,0.8961512
0.060696192,0.043888934,0.89541495
0.06885393,0.03736219,0.8937838
0.05979116,0.7341184,0.20609045
0.98390955,0.010583619,0.0055068186
0.0744469,0.13758224,0.7879709
0.062238146,0.04174393,0.89601785
0.061810438,0.043755323,0.8944342
0.014414936,0.978995,0.006589978
0.06449119,0.03430122,0.9012076
0.059129465,0.04219607,0.8986744
0.062074926,0.037248064,0.9006771
0.059943292,0.048377916,0.89167875
0.054308917,0.04269005,0.90300095
0.06449101,0.042625956,0.892883
0.065590285,0.04777646,0.88663334
0.05265443,0.6761972,0.2711484
0.09185568,0.04046326,0.867681
0.026501155,0.96009487,0.013403928
0.05507582,0.04468896,0.90023524
0.058688283,0.044538822,0.89677286
0.06537767,0.04436653,0.8902558
0.05707686,0.044843916,0.89807916
0.053918514,0.044743694,0.90133786
0.054281607,0.043171544,0.9025468
0.049462188,0.045968954,0.90456885
0.05520348,0.04862184,0.89617467
0.056278754,0.045133013,0.89858824
0.053070974,0.040492725,0.90643626
0.054987725,0.042699203,0.90231305
0.06104492,0.044530764,0.8944243
0.056781415,0.039697926,0.90352064
0.04912628,0.046285268,0.9045884
0.050058473,0.043364327,0.9065772
0.063975856,0.042017892,0.89400625
0.061211616,0.039290294,0.8994981
0.09945785,0.039677672,0.8608645
0.055341538,0.03786886,0.9067896
0.059301823,0.041601982,0.8990962
0.06495275,0.0366493,0.898398
0.060550813,0.045306195,0.894143
0.06502074,0.03695736,0.89802194
0.05575077,0.04403793,0.9002113
0.06239176,0.042443734,0.8951645
0.0660529,0.03975134,0.8941958
0.058653004,0.14344132,0.7979057
0.06078328,0.036366314,0.9028504
0.061495155,0.03924169,0.89926314
0.060285598,0.034585316,0.9051291
0.05861167,0.035671487,0.90571684
0.060641386,0.040812217,0.8985464
0.057247438,0.037580464,0.90517205
0.05148315,0.043057807,0.90545905
0.057726894,0.044109717,0.8981634
0.052588757,0.70776474,0.23964651
0.06216848,0.04194224,0.8958893
0.05142624,0.069370724,0.87920296
0.048831314,0.033381462,0.9177872
0.050753202,0.043453928,0.90579283
0.06125079,0.04655166,0.8921976
0.05659707,0.03708103,0.90632194
0.06180209,0.043229163,0.8949687
0.060377188,0.04367959,0.8959432
0.057235595,0.0326836,0.9100808
0.058835246,0.043023773,0.89814097
0.053727824,0.039308116,0.9069641
0.07974101,0.04005716,0.88020176
0.06190696,0.043791566,0.8943014
0.05720371,0.040961575,0.9018347
0.055650022,0.034284983,0.910065
0.06116633,0.044815842,0.8940179
0.054101847,0.043260306,0.90263784
0.058709253,0.041125987,0.9001647
0.059420854,0.044504162,0.896075
0.055246938,0.049185652,0.8955673
0.06704352,0.04247005,0.8904864
0.053502697,0.04377437,0.90272295
0.058888946,0.041272014,0.89983904
0.052028935,0.029107314,0.9188638
0.061848223,0.041858822,0.89629304
0.05682458,0.045127887,0.8980475
0.06262862,0.037051912,0.9003195
0.049241755,0.029764723,0.92099345
0.056074444,0.043777574,0.9001479
0.05995464,0.044707056,0.8953383
0.0637497,0.0454044,0.89084595
0.053393018,0.043091446,0.90351546
0.065980785,0.12548496,0.8085342
0.06327093,0.045639142,0.89109
0.04792357,0.038059037,0.9140173
0.05766751,0.043338846,0.8989936
0.060166303,0.046583813,0.89324987
0.054304045,0.041010864,0.90468514
0.053799573,0.045972295,0.9002282
0.05431187,0.039988447,0.9056996
0.91440314,0.019033512,0.06656337
0.049739417,0.038398124,0.91186243
0.059928257,0.044253107,0.89581865
0.055846177,0.040639073,0.9035148
0.0603713,0.04333544,0.8962933
0.016892815,0.975112,0.0079952
0.049104545,0.03783405,0.9130615
0.05974744,0.040132124,0.9001205
0.05311608,0.053742196,0.89314175
0.06457759,0.038279638,0.89714277
0.062517606,0.05052951,0.8869529
0.057131328,0.048747852,0.89412075
0.046278197,0.038610287,0.91511154
0.06607442,0.04031167,0.89361393
0.06731041,0.03953112,0.8931585
0.0514048,0.030725198,0.91787004
0.06539591,0.04148706,0.89311695
0.06842392,0.05500702,0.87656903
0.062467717,0.04738391,0.8901484
0.04598761,0.0884057,0.86560667
0.062146846,0.04271286,0.89514035
0.9834661,0.011261127,0.005272832
0.06283004,0.05055936,0.8866106
0.05679382,0.04608296,0.8971232
0.04339933,0.05106205,0.9055386
0.97677714,0.015079861,0.008142922
0.056963068,0.64873236,0.29430455
0.05350131,0.044680197,0.90181845
0.05426568,0.038593028,0.9071413
0.05750251,0.04234796,0.9001495
0.054587193,0.028430304,0.9169825
0.05092244,0.04292289,0.90615463
0.05746779,0.042706437,0.8998258
0.057662804,0.044732757,0.8976044
0.05701702,0.04365248,0.8993305
0.056432553,0.043842547,0.89972496
0.062544934,0.04206251,0.8953926
0.060393967,0.04210007,0.8975059
0.05885609,0.03916833,0.9019756
0.11759441,0.043920368,0.83848524
0.076819405,0.04295523,0.8802254
0.44304422,0.03873168,0.5182241
0.06103027,0.037746817,0.901223
0.061611187,0.046620242,0.89176863
0.06374844,0.03931265,0.8969389
0.062096458,0.04042667,0.8974769
0.068937846,0.040113036,0.8909491
0.061578855,0.044505443,0.8939157
0.98132676,0.011593319,0.007079936
0.056212008,0.044510804,0.8992772
0.061270524,0.04493605,0.8937934
0.04879961,0.03669227,0.91450816
0.05516844,0.026867263,0.91796434
0.0592288,0.04102659,0.89974463
0.06079275,0.04368061,0.8955267
0.055908754,0.040446922,0.9036443
0.0546218,0.047317415,0.8980608
0.06240465,0.045300923,0.8922944
0.05420415,0.0462954,0.8995004
0.05239075,0.039143182,0.90846604
0.054297358,0.08044245,0.86526024
0.068215206,0.046292145,0.8854926
0.059212226,0.048730437,0.8920573
0.035200268,0.93026346,0.034536295
0.17594531,0.02778427,0.7962704
0.038932014,0.078433916,0.88263404
0.054789484,0.04571132,0.8994992
0.06449319,0.041721333,0.8937854
0.055787805,0.06039468,0.8838175
0.06402014,0.04961608,0.8863638
0.09692705,0.0370598,0.8660131
0.061881162,0.044408403,0.8937105
0.07274082,0.03283492,0.8944242
0.05530477,0.037622612,0.90707254
0.06032805,0.03368435,0.9059876
0.052492823,0.044354733,0.9031524
0.05470149,0.038430966,0.9068675
0.056468196,0.037947994,0.90558386
0.04906865,0.06097753,0.88995373
0.06965956,0.045750827,0.8845897
0.056226935,0.097104,0.846669
0.14489608,0.033610385,0.8214936
0.36128548,0.04711347,0.591601
0.05933362,0.044157635,0.89650875
0.052887548,0.037612922,0.9094995
0.060507238,0.04424643,0.8952464
0.05243549,0.037878677,0.90968585
0.061256323,0.036828723,0.90191495
0.060439605,0.042691015,0.8968694
0.05804011,0.04332171,0.8986381
0.05927862,0.043730658,0.8969907
0.06471167,0.03759882,0.8976895
0.062574334,0.045758016,0.89166766
0.107704364,0.04967314,0.84262246
0.05960126,0.048597652,0.8918011
0.056241956,0.046195652,0.8975624
0.052330013,0.04202782,0.9056422
0.053901795,0.039744694,0.9063535
0.05787212,0.039503917,0.90262395
0.06687128,0.03840094,0.89472777
0.08379601,0.042176444,0.87402755
0.05899352,0.044836093,0.89617044
0.06068968,0.040487308,0.89882296
0.059144672,0.044579394,0.8962759
0.050522543,0.045155626,0.90432173
0.022904312,0.95881695,0.018278752
0.080565095,0.11445018,0.8049847
0.052119784,0.043229923,0.90465033
0.057384606,0.060610216,0.88200516
0.23417439,0.036727544,0.7290981
0.052529845,0.045884512,0.9015856
0.059635505,0.042807277,0.8975572
0.06166183,0.0357569,0.90258133
0.06018075,0.040226284,0.89959294
0.062368233,0.044550806,0.8930809
0.06053033,0.034430254,0.9050394
0.05263733,0.03862328,0.9087394
0.050129145,0.053466517,0.8964043
0.059015725,0.046662495,0.8943218
0.051488955,0.3496794,0.5988317
0.05440803,0.040059242,0.9055327
0.05662879,0.045792263,0.89757895
0.06404641,0.03438216,0.9015715
0.30984795,0.033563036,0.656589
0.9707211,0.014725235,0.014553681
0.059808005,0.04617093,0.8940211
0.058365125,0.04412089,0.897514
0.058167513,0.044294745,0.8975377
0.060506802,0.04381612,0.8956771
0.058928892,0.047628954,0.8934421
0.05874858,0.045308806,0.8959426
0.062459033,0.047516327,0.89002466
0.062309854,0.048055373,0.8896347
0.1660738,0.049786847,0.7841394
0.05415194,0.03795211,0.9078959
0.2717753,0.041637406,0.6865873
0.05274889,0.04675575,0.9004954
0.049512368,0.04056898,0.9099187
0.06028209,0.09774005,0.8419779
0.07494713,0.15544239,0.76961046
0.059139527,0.04247199,0.89838845
0.036947526,0.055573244,0.9074792
0.12030621,0.03712836,0.8425655
0.062246457,0.0429278,0.8948257
0.06045165,0.04184298,0.8977054
0.054350037,0.047683522,0.8979665
0.049117792,0.048214827,0.9026674
0.057756744,0.04668157,0.8955617
0.054771632,0.03941202,0.9058163
0.06351771,0.04235326,0.89412904
0.11853232,0.047160417,0.83430725
0.061810404,0.039597232,0.8985924
0.056182887,0.046759546,0.8970576
0.06292055,0.03784777,0.89923173
0.054920956,0.045620088,0.89945894
0.07141098,0.038429398,0.8901596
0.0618319,0.044950947,0.8932171
0.06150951,0.042961534,0.89552885
0.018802203,0.97573674,0.0054610767
0.061045986,0.044077255,0.8948768
0.05950936,0.03648407,0.9040066
0.05673075,0.04407422,0.8991951
0.062088374,0.045358334,0.8925532
0.054901276,0.048592363,0.8965063
0.05687984,0.04200205,0.90111804
0.06241034,0.044342082,0.8932476
0.058774453,0.044888254,0.8963373
0.0561631,0.043145925,0.900691
0.06246962,0.042997643,0.89453274
0.06362523,0.05203092,0.88434386
0.059314698,0.040075585,0.9006097
0.08322649,0.047201563,0.869572
0.05722584,0.06535396,0.8774202
0.053435367,0.04980724,0.89675736
0.065175496,0.034665182,0.9001593
0.052674733,0.037940186,0.9093851
0.0526309,0.04316635,0.90420264
0.05277273,0.043240424,0.90398693
0.05874014,0.043694615,0.89756525
0.04806605,0.040554807,0.91137916
0.056535214,0.036806133,0.90665865
0.05863241,0.033115406,0.9082522
0.14948435,0.043125708,0.80739
0.05300508,0.038140863,0.9088541
0.052705426,0.03626812,0.9110265
0.059456524,0.04283538,0.89770806
0.05370922,0.052824922,0.8934659
0.05791645,0.042289898,0.8997937
0.06560597,0.048197985,0.8861961
0.057292234,0.047381118,0.8953266
0.05672446,0.32714474,0.6161308
0.06371694,0.040225033,0.89605796
0.052774623,0.04232286,0.9049026
0.07236775,0.039965264,0.88766694
0.050793096,0.03782002,0.91138685
0.05382903,0.038828433,0.9073425
0.045443323,0.033295784,0.92126083
0.063348666,0.04403058,0.8926207
0.055128954,0.062058855,0.8828122
0.89343446,0.017453255,0.08911228
0.05339737,0.042572092,0.90403044
0.053307876,0.034874912,0.9118172
0.062275942,0.043348428,0.8943757
0.056396943,0.049262393,0.8943407
0.058799043,0.04185795,0.8993431
0.056204464,0.039796595,0.903999
0.054823335,0.048192807,0.8969838
0.060703028,0.049447697,0.88984936
0.060266245,0.036660578,0.9030731
0.055315487,0.032550067,0.91213435
0.043834243,0.040658996,0.91550684
0.06128621,0.041630626,0.8970832
0.05269131,0.03674856,0.91056013
0.08550582,0.07993403,0.83456016
0.056618746,0.04024684,0.90313435
0.068128675,0.03751416,0.8943572
0.06135825,0.033901796,0.90474
0.05940325,0.046535164,0.89406157
0.053419456,0.6720963,0.27448422
0.06778062,0.040691633,0.8915277
0.05504536,0.045656495,0.89929813
0.020785237,0.9706762,0.008538579
0.98866826,0.0076599633,0.0036717036
0.08983065,0.0427658,0.86740357
0.062655956,0.036191724,0.9011523
0.057139903,0.03894701,0.9039131
0.018497327,0.97407997,0.0074226805
0.05925007,0.04068219,0.90006775
0.1075977,0.03902643,0.85337585
0.06278282,0.04432447,0.8928928
0.07224098,0.054105993,0.873653
0.051951025,0.036143914,0.91190505
0.05265396,0.040757425,0.9065886
0.056401335,0.03643322,0.90716547
0.05995318,0.044293128,0.8957537
0.06359879,0.039818544,0.8965827
0.0632376,0.048747074,0.8880153
0.031260334,0.8880515,0.08068819
0.055873312,0.030856175,0.91327053
0.05429494,0.047333773,0.8983712
0.017796097,0.9721085,0.010095447
0.98543763,0.0091378195,0.0054245633
0.049303953,0.042836018,0.90786
0.061872337,0.03467336,0.90345436
0.052183066,0.039854158,0.90796274
0.05985439,0.03709192,0.90305364
0.060594484,0.044180606,0.89522487
0.13005579,0.035633482,0.8343108
0.055332437,0.03979612,0.90487146
0.04691076,0.128047,0.8250422
0.047583025,0.12852564,0.8238913
0.051335838,0.042704623,0.9059595
0.066230975,0.19263075,0.7411383
0.06298566,0.04472899,0.8922853
0.060118444,0.040341917,0.8995397
0.05621318,0.039647594,0.9041392
0.052686255,0.055322666,0.8919911
0.05820541,0.04323348,0.8985612
0.048206,0.040435262,0.9113588
0.060537018,0.038952272,0.90051067
0.985881,0.008146898,0.0059720506
0.062009457,0.036063984,0.90192646
0.079368666,0.034428973,0.88620245
0.06157172,0.046795577,0.8916327
0.056037117,0.043535333,0.9004275
0.06177379,0.043230467,0.89499575
0.059942093,0.04008632,0.89997166
0.056708235,0.047520526,0.8957713
0.077568,0.038605742,0.88382626
0.12041036,0.031649552,0.84794
0.057188105,0.04429956,0.8985123
0.05266309,0.044346765,0.90299016
0.056190316,0.03494904,0.9088606
0.05902356,0.043035213,0.8979412
0.13372026,0.044539873,0.82173985
0.07465773,0.02740811,0.8979342
0.027547713,0.9366284,0.03582388
0.06903075,0.044897236,0.886072
0.05548737,0.045486927,0.89902574
0.057913754,0.04671714,0.8953692
0.9817347,0.013052878,0.0052123973
0.05007828,0.03854663,0.9113751
0.061041478,0.08803765,0.8509209
0.060602605,0.044489615,0.8949078
0.06026372,0.05503173,0.88470453
0.058687948,0.041473985,0.89983803
0.058432806,0.04564103,0.8959261
0.048302393,0.031354323,0.9203433
0.060247537,0.044859696,0.8948927
0.05807624,0.037441954,0.90448177
0.05355888,0.049364846,0.8970763
0.05737334,0.053009875,0.8896167
0.6094919,0.04593266,0.34457546
0.05879175,0.037133843,0.9040744
0.036305267,0.025996929,0.9376977
0.63140225,0.031374328,0.33722347
0.058278497,0.04247123,0.8992502
0.06009012,0.042986434,0.8969234
0.058795348,0.040379826,0.9008247
0.049957175,0.035528876,0.91451395
0.15872316,0.050225694,0.79105115
0.05647001,0.03835907,0.9051709
0.056702968,0.047609005,0.8956881
0.05541008,0.03601204,0.9085779
0.05080856,0.0424107,0.9067808
0.056277275,0.04252182,0.90120095
0.0531362,0.037095048,0.9097688
0.061421126,0.03600199,0.90257686
0.061264873,0.047203332,0.89153177
0.061528757,0.03519524,0.9032759
0.054677956,0.040613372,0.9047087
0.059809994,0.04264004,0.89755
0.06783709,0.030696243,0.90146667
0.061703324,0.042574015,0.8957226
0.067819476,0.03839786,0.8937827
0.058902685,0.049795166,0.89130217
0.06259637,0.035788454,0.9016152
0.059038684,0.046510007,0.8944513
0.049448844,0.043130048,0.9074211
0.061704323,0.038613576,0.8996821
0.05340841,0.03283175,0.9137599
0.054597955,0.0406928,0.9047092
0.05672247,0.044652604,0.89862496
0.06300332,0.047072243,0.88992447
0.053830154,0.048064917,0.8981049
0.063699946,0.04310154,0.89319843
0.05844114,0.04067914,0.9008797
0.055497028,0.050137386,0.89436555
0.05626847,0.045745943,0.8979855
0.058304634,0.040723074,0.9009723
0.053617533,0.034181375,0.9122011
0.05051138,0.04536663,0.90412194
0.061391167,0.04174267,0.89686614
0.05601612,0.048715204,0.89526874
0.059677582,0.04607025,0.8942521
0.053758837,0.0391966,0.9070446
0.0644956,0.037748758,0.89775556
0.9787971,0.008239837,0.012963084
0.0590005,0.04165417,0.8993453
0.9805627,0.008198464,0.011238852
0.050586756,0.032821134,0.916592
0.054255813,0.048896525,0.89684767
0.057597343,0.04362561,0.89877707
0.058023408,0.048409406,0.89356714
0.062261622,0.037874382,0.899864
0.056226347,0.03210728,0.9116664
0.055250764,0.0438566,0.9008927
0.05856754,0.044317164,0.89711535
0.051195618,0.043111034,0.90569335
0.053615645,0.10441201,0.8419723
0.17333253,0.036798626,0.7898688
0.051733114,0.04637327,0.9018936
0.05803809,0.051218428,0.8907435
0.057072926,0.03985305,0.90307397
0.05364148,0.043060068,0.9032985
0.05979298,0.043788217,0.89641887
0.05358524,0.039646555,0.9067682
0.984696,0.008192921,0.0071111843
0.054493178,0.047809113,0.8976977
0.063335694,0.0389819,0.8976823
0.061453898,0.045136604,0.89340955
0.062208924,0.035169736,0.9026213
0.06054355,0.04585714,0.8935993
0.074825466,0.046392184,0.8787823
0.1462192,0.036990315,0.8167905
0.9870285,0.009973906,0.0029976359
0.12548834,0.035386972,0.8391247
0.051902093,0.039717067,0.9083809
0.05258002,0.04320893,0.90421104
0.092244744,0.039902247,0.8678531
0.05709302,0.04938577,0.89352125
0.062485866,0.043622166,0.893892
0.05542263,0.045723174,0.8988542
0.052417908,0.041304316,0.90627784
0.0636168,0.045221336,0.89116186
0.05104259,0.045088936,0.90386844
0.054954205,0.04767515,0.89737064
0.06648042,0.048353963,0.8851656
0.06587714,0.052266005,0.88185686
0.9817655,0.009166214,0.009068276
0.061341476,0.044703424,0.89395505
0.058523305,0.038889866,0.9025869
0.06176042,0.04431094,0.8939287
0.059308264,0.03973999,0.9009518
0.050757285,0.045144465,0.90409815
0.059828725,0.042778544,0.8973928
0.06039443,0.046464555,0.893141
0.059549514,0.047245756,0.8932048
0.05767331,0.040164284,0.9021624
0.06018567,0.04453007,0.89528424
0.05579062,0.035845675,0.9083637
0.058988616,0.043601796,0.8974096
0.05412786,0.037493274,0.90837884
0.052487142,0.046660244,0.9008526
0.05394437,0.03676891,0.9092867
0.05971696,0.030905208,0.90937775
0.06315295,0.043937434,0.8929096
0.059370056,0.045320995,0.895309
0.053108346,0.045116503,0.90177524
0.03621038,0.9527623,0.011027377
0.05907225,0.04180677,0.899121
0.06734957,0.042238995,0.89041144
0.12488589,0.048537273,0.8265769
0.0558709,0.04285863,0.90127057
0.05637089,0.04400901,0.89962006
0.061824623,0.04984757,0.8883278
0.060913008,0.046159513,0.89292747
0.0540064,0.044948112,0.90104544
0.05733808,0.042672504,0.8999894
0.060281903,0.046062026,0.893656
0.42381814,0.02825574,0.5479261
0.061059095,0.043871976,0.895069
0.053339932,0.04800074,0.8986593
0.053858954,0.045798864,0.9003422
0.050540656,0.041715953,0.90774333
0.05866557,0.035669446,0.905665
0.8884225,0.0266713,0.08490619
0.06388786,0.04898452,0.8871275
0.057226885,0.040352713,0.90242034
0.08731025,0.04158621,0.87110347
0.060254,0.044320177,0.89542586
0.04682154,0.07573954,0.87743896
0.0594091,0.043379817,0.8972111
0.070843615,0.04196321,0.8871932
0.075081505,0.035344973,0.8895735
0.04945755,0.04429019,0.9062523
0.052952673,0.12997574,0.81707156
0.0762549,0.035035845,0.8887092
0.050315797,0.041999385,0.9076848
0.06130236,0.04269159,0.8960061
0.062222168,0.038484,0.8992938
0.06639472,0.037849046,0.8957562
0.060616277,0.042524107,0.89685965
0.056043334,0.047377925,0.8965788
0.052578535,0.047640115,0.8997813
0.065887816,0.036033098,0.89807916
0.05959439,0.038196247,0.90220934
0.05218297,0.045160595,0.9026565
0.05251296,0.03734652,0.9101406
0.06095075,0.042947076,0.8961022
0.05714525,0.033766635,0.909088
0.06541712,0.036803342,0.8977796
0.062110677,0.040426057,0.89746326
0.054593835,0.04517157,0.9002346
0.059102796,0.043942917,0.8969542
0.97853094,0.009565116,0.01190398
0.06688615,0.030727556,0.90238625
0.061834928,0.040970292,0.8971948
0.053091507,0.04673884,0.90016973
0.05816899,0.044708733,0.8971223
0.055485293,0.04771468,0.8968
0.068411134,0.04051247,0.8910764
0.0504539,0.04203249,0.90751356
0.06457802,0.042860992,0.892561
0.064427435,0.046179306,0.88939327
0.062137734,0.045907065,0.89195526
0.91434,0.014635307,0.071024634
0.04748626,0.03616094,0.9163527
0.06651241,0.033071045,0.9004165
0.053881045,0.024722803,0.92139614
0.061930485,0.0399268,0.8981427
0.05467245,0.04247512,0.9028525
0.05405157,0.037076578,0.90887195
0.060907517,0.046245586,0.89284694
0.05657907,0.041800357,0.9016206
0.053966925,0.037254244,0.9087789
0.050960764,0.04750065,0.90153855
0.05766212,0.04386703,0.8984708
0.06346736,0.036984053,0.8995486
0.059936207,0.034892265,0.9051716
0.05945806,0.04390589,0.89663607
0.05577128,0.039278336,0.90495044
0.05431507,0.056148775,0.88953614
0.12637757,0.115180515,0.7584419
0.89976144,0.013796229,0.086442396
0.05587081,0.043300286,0.900829
0.06173796,0.052910514,0.8853516
0.05967221,0.04484544,0.8954823
0.058651686,0.043820966,0.8975274
0.060800117,0.0374213,0.90177864
0.08933563,0.0655511,0.8451133
0.05245618,0.04502177,0.90252197
0.051519025,0.052947186,0.89553374
0.061586875,0.04438103,0.8940321
0.05851725,0.03368577,0.907797
0.060127355,0.041955173,0.89791757
0.05758584,0.03144677,0.9109674
0.052091774,0.04064843,0.9072598
0.059354816,0.042939957,0.8977053
0.057035185,0.04334773,0.8996171
0.059449233,0.037457563,0.9030932
0.054259315,0.044004943,0.9017358
0.05817273,0.034957718,0.9068696
0.017956188,0.97798413,0.004059738
0.062146686,0.04402558,0.89382774
0.060165375,0.03871314,0.90112144
0.061038658,0.03673371,0.9022276
0.05807564,0.04405237,0.897872
0.060533747,0.041199885,0.8982664
0.05555785,0.042514566,0.90192753
0.054041073,0.048726775,0.8972321
0.056529887,0.043512605,0.8999575
0.05394492,0.04691395,0.8991412
0.05233602,0.05028193,0.897382
0.054201033,0.04018057,0.90561837
0.06307513,0.043372035,0.89355284
0.0570239,0.039134547,0.9038416
0.0616679,0.03786286,0.9004692
0.05605916,0.04051615,0.9034247
0.046266306,0.044646207,0.9090874
0.060405392,0.04541862,0.89417595
0.06373999,0.03922116,0.8970389
0.055130363,0.046379104,0.89849055
0.0659354,0.038403478,0.8956611
0.049582068,0.03431097,0.91610694
0.06159032,0.045636147,0.8927735
0.058595285,0.043864418,0.8975404
0.061499912,0.052245293,0.8862548
0.063563034,0.044287566,0.89214945
0.057942674,0.04624106,0.89581627
0.049987562,0.04560317,0.9044093
0.05765776,0.04481629,0.89752585
0.05171385,0.04628814,0.90199804
0.061687488,0.046746407,0.8915661
0.05796351,0.036219545,0.90581685
0.055760924,0.05217832,0.8920608
0.059369534,0.042264074,0.89836645
0.057865083,0.041821357,0.9003135
0.06723031,0.031479456,0.9012902
0.9871452,0.009868505,0.0029863024
0.015767867,0.9759998,0.008232351
0.053296674,0.045698494,0.9010048
0.060576633,0.04117877,0.89824456
0.055010453,0.040980227,0.90400934
0.048962377,0.044169076,0.9068685
0.050465204,0.042703964,0.9068307
0.64052683,0.04608351,0.31338966
0.103773594,0.038720597,0.8575058
0.052489676,0.044852976,0.9026574
0.051019892,0.0446309,0.90434915
0.07619898,0.033681266,0.8901197
0.064053886,0.038661413,0.8972847
0.05758967,0.04725646,0.8951538
0.061284024,0.04603428,0.8926817
0.05625404,0.04467478,0.8990712
0.01639517,0.9773819,0.006222905
0.05392405,0.73860556,0.20747042
0.06799451,0.033725534,0.89827996
0.063012674,0.0425741,0.89441323
0.053246457,0.04527803,0.9014755
0.986074,0.010565548,0.0033605034
0.049733642,0.042064372,0.90820193
0.05195267,0.052003436,0.8960439
0.055823714,0.043667026,0.9005093
0.05696338,0.04761793,0.89541864
0.06502907,0.039461385,0.8955096
0.060992874,0.047524497,0.8914826
0.056006584,0.04097529,0.9030182
0.06121438,0.047118388,0.8916673
0.059016805,0.040730316,0.90025294
0.0698255,0.044775594,0.88539886
0.06194301,0.045852672,0.89220434
0.056355212,0.042956606,0.9006882
0.0509117,0.05629911,0.8927892
0.049655505,0.03489439,0.9154501
0.061264105,0.03956474,0.8991712
0.016522078,0.9791931,0.004284861
0.05722459,0.04937888,0.8933966
0.10142692,0.037960667,0.86061245
0.07440614,0.035370786,0.8902231
0.056085065,0.044475388,0.8994396
0.06105825,0.037745688,0.90119606
0.053782165,0.042317294,0.9039005
0.051970188,0.035788387,0.9122414
0.054458942,0.04401614,0.9015249
0.05379297,0.045209836,0.90099716
0.061575193,0.04587065,0.89255416
0.059008338,0.041965947,0.8990257
0.06999394,0.2574375,0.67256856
0.05511866,0.03288073,0.9120006
0.05418334,0.045783166,0.90003353
0.051009126,0.035959564,0.9130313
0.07105957,0.21893233,0.7100081
0.018443625,0.970304,0.011252363
0.05614739,0.042093538,0.901759
0.053165544,0.038782954,0.9080515
0.06082669,0.04445832,0.894715
0.052730598,0.036919896,0.91034955
0.054729138,0.04588447,0.89938635
0.07008549,0.14564338,0.7842711
0.058694825,0.03430332,0.90700185
0.9737704,0.010536108,0.01569349
0.060294736,0.042360548,0.8973447
0.05729977,0.04550526,0.897195
0.050473493,0.045199987,0.90432656
0.06946491,0.032335747,0.8981994
0.06275253,0.04522103,0.8920265
0.06004254,0.042868588,0.8970889
0.057235915,0.04525523,0.89750886
0.055585787,0.042473674,0.9019405
0.054475583,0.04328353,0.9022409
0.059684664,0.038282134,0.90203315
0.053999722,0.046824228,0.8991761
0.05612774,0.041547984,0.90232426
0.059968553,0.042296283,0.89773506
0.017886223,0.97703165,0.005082127
0.039720945,0.056675807,0.90360326
0.058236547,0.044913907,0.89684945
0.055413026,0.051575016,0.89301187
0.06164329,0.04153718,0.8968195
0.059549674,0.042871084,0.89757925
0.06173493,0.044705473,0.8935597
0.057958778,0.031642698,0.9103985
0.06149525,0.04208997,0.89641476
0.05248465,0.042296335,0.9052191
0.056650396,0.040151536,0.9031981
0.055526156,0.039974466,0.9044993
0.058314186,0.04539296,0.8962928
0.061455976,0.04641206,0.892132
0.059277967,0.042426154,0.8982958
0.20047194,0.05192886,0.7475991
0.05941975,0.03749387,0.9030863
0.060106114,0.03259944,0.9072944
0.052677065,0.042327214,0.90499574
0.06509931,0.035793606,0.8991071
0.06324686,0.04600206,0.8907511
0.061145447,0.042738542,0.89611596
0.054610014,0.07259421,0.8727958
0.060688797,0.047495835,0.89181536
0.06368693,0.04242464,0.8938884
0.048928574,0.034594055,0.9164774
0.05546418,0.041927934,0.90260786
0.05104779,0.039235372,0.90971684
0.055677254,0.04045684,0.90386593
0.056767307,0.044775266,0.89845747
0.05865367,0.03320839,0.9081379
0.064840354,0.04137635,0.8937833
0.9089241,0.01635745,0.0747184
0.088973254,0.04389467,0.86713207
0.058804557,0.042645864,0.89854956
0.057936028,0.042844687,0.8992193
0.060223855,0.044798296,0.89497787
0.05715838,0.042601127,0.90024054
0.055407047,0.032731555,0.9118614
0.059695426,0.037447758,0.9028568
0.051207747,0.041999124,0.9067931
0.061001625,0.042586,0.8964124
0.055592168,0.029052848,0.9153549
0.058267936,0.0457127,0.8960194
0.05653174,0.03775031,0.905718
0.05554834,0.049696054,0.89475554
0.05459261,0.044753425,0.90065396
0.054153472,0.04586978,0.8999768
0.055659585,0.045162626,0.89917785
0.06100335,0.03992891,0.89906776
0.05737494,0.03897377,0.90365136
0.059299804,0.037674848,0.90302527
0.06135046,0.04543623,0.8932133
0.05706828,0.06149498,0.88143677
0.058698073,0.043941364,0.89736056
0.05854238,0.046040274,0.89541733
0.054619875,0.042955447,0.9024247
0.06161777,0.044338293,0.894044
0.516911,0.047381047,0.435708
0.047738,0.054147094,0.8981149
0.25981826,0.039418697,0.7007631
0.061108384,0.043100215,0.8957915
0.058759734,0.040741444,0.90049887
0.055078927,0.045952804,0.8989682
0.055954505,0.04186708,0.90217847
0.06437423,0.033413224,0.90221256
0.09809872,0.028517006,0.8733843
0.05843511,0.037252594,0.9043122
0.06008871,0.04781342,0.8920979
0.06642331,0.04136418,0.8922125
0.053131133,0.042942945,0.90392596
0.061759084,0.044331618,0.89390934
0.054114863,0.038167633,0.9077174
0.054762103,0.044870455,0.9003675
0.050207026,0.03428841,0.9155046
0.019187693,0.9703034,0.010508855
0.053572427,0.04736993,0.89905757
0.06737607,0.04425108,0.88837284
0.059689745,0.037098415,0.90321183
0.3839813,0.046310067,0.56970865
0.048609387,0.03195674,0.91943383
0.055721845,0.04453392,0.8997443
0.06051162,0.052011672,0.8874767
0.05198427,0.030388858,0.91762686
0.0567957,0.04429738,0.8989069
0.056851797,0.04642375,0.89672446
0.06060102,0.04538807,0.8940109
0.05977558,0.039240085,0.9009843
0.057742275,0.043416224,0.8988415
0.058780786,0.0452231,0.89599615
0.052233476,0.045558847,0.9022077
0.06482606,0.04333132,0.89184266
0.054633748,0.04623142,0.8991348
0.05589881,0.04238047,0.90172076
0.049045302,0.063593425,0.8873613
0.046012662,0.052088287,0.90189904
0.05396115,0.042665944,0.90337294
0.034891106,0.73157567,0.23353326
0.06200565,0.034360018,0.90363437
0.28066856,0.04208593,0.6772455
0.05897047,0.04608349,0.894946
0.060390677,0.03819967,0.9014096
0.04971829,0.037916135,0.9123656
0.055343334,0.0505879,0.89406884
0.046861637,0.042191505,0.91094685
0.05951966,0.03675863,0.90372175
0.058448225,0.048883036,0.8926687
0.05895637,0.037972275,0.90307134
0.0635942,0.037257537,0.89914834
0.04386177,0.032420695,0.92371756
0.047884144,0.07297895,0.87913686
0.04607199,0.03977476,0.9141532
0.07025631,0.038011633,0.89173204
0.063736245,0.052968357,0.8832953
0.091637686,0.41079193,0.49757046
0.062075697,0.046424493,0.8914999
0.057110403,0.0442826,0.89860696
0.05502772,0.04376494,0.9012074
0.05992056,0.04873886,0.8913406
0.056838993,0.05231142,0.89084965
0.05957313,0.044683617,0.89574325
0.06251088,0.04976507,0.88772404
0.05852028,0.0446505,0.89682925
0.054603647,0.032605328,0.912791
0.058718156,0.043614328,0.8976675
0.072577186,0.0319553,0.8954675
0.04253469,0.25402418,0.7034411
0.0564186,0.039676063,0.9039054
0.066120125,0.040084314,0.8937956
0.056659717,0.0439546,0.8993857
0.05453511,0.039588243,0.90587676
0.052952603,0.040422145,0.90662533
0.057579044,0.045682415,0.89673847
0.059214406,0.04038072,0.90040493
0.052063715,0.048221648,0.8997146
0.06378998,0.04196748,0.89424247
0.057005998,0.046029817,0.8969642
0.06329928,0.03953439,0.8971663
0.05864807,0.04036728,0.9009847
0.05569411,0.040607654,0.90369827
0.09013141,0.03059089,0.8792777
0.062015653,0.044733677,0.89325064
0.05554905,0.03736678,0.90708417
0.04655522,0.039126933,0.9143178
0.40780526,0.053257857,0.53893685
0.06303749,0.043942846,0.89301956
0.05482589,0.04199544,0.9031787
0.056904223,0.041591384,0.90150434
0.053399302,0.040327597,0.9062731
0.06495042,0.036683794,0.89836574
0.05965654,0.03454342,0.90580004
0.051948853,0.045045875,0.90300524
0.063267656,0.039795395,0.89693695
0.060448047,0.043432925,0.89611906
0.058256306,0.036670096,0.90507364
0.06101939,0.040115315,0.8988653
0.06980137,0.034235094,0.8959635
0.055164002,0.0413967,0.90343934
0.065360904,0.038068872,0.89657027
0.054431327,0.03964819,0.9059205
0.060919315,0.048238236,0.89084244
0.057388566,0.035650775,0.90696067
0.071772985,0.033117797,0.8951092
0.09939582,0.051233336,0.84937084
0.061374154,0.047681686,0.8909441
0.059174173,0.042788375,0.89803743
0.069842406,0.03235311,0.89780456
0.05245095,0.037594985,0.9099541
0.051776268,0.030467436,0.91775626
0.049594,0.032287195,0.9181189
0.056237303,0.04758836,0.8961744
0.0525689,0.043411247,0.90401983
0.05506431,0.0404831,0.9044526
0.0611506,0.035408538,0.90344095
0.054031197,0.04230616,0.9036626
0.058337525,0.037537012,0.90412545
0.05813219,0.043560263,0.89830756
0.054096643,0.038491603,0.90741175
0.05534638,0.043082763,0.9015708
0.05596095,0.04527432,0.8987647
0.06466471,0.03324593,0.9020893
0.05160821,0.046035964,0.9023558
0.23631115,0.031164212,0.73252463
0.05476322,0.07340466,0.8718321
0.06025962,0.038528442,0.901212
0.056065418,0.040629633,0.90330493
0.05446034,0.038693663,0.90684605
0.05628196,0.043321773,0.9003963
0.055879977,0.042262886,0.90185714
0.07406964,0.0266565,0.89927393
0.05197672,0.05505943,0.89296377
0.059244014,0.04909103,0.8916649
0.058439534,0.047279585,0.8942809
0.053272,0.043056805,0.9036712
0.103115775,0.045645773,0.8512384
0.05833199,0.043348648,0.8983193
0.049837325,0.04317275,0.9069899
0.052939363,0.048154786,0.89890593
0.05166516,0.042332917,0.906002
0.06721895,0.541785,0.39099604
0.0545084,0.047543075,0.8979485
0.05262424,0.043287523,0.90408826
0.056948546,0.041725527,0.90132594
0.052959368,0.043393355,0.90364724
0.9675793,0.010675607,0.021745075
0.057897855,0.03509968,0.90700245
0.08022622,0.036698874,0.88307494
0.054622065,0.043357555,0.90202045
0.05947078,0.043701377,0.8968279
0.06598935,0.039365586,0.89464504
0.056893993,0.1668588,0.77624714
0.052663565,0.042130813,0.90520567
0.05622184,0.03905799,0.90472007
0.06409547,0.03891385,0.8969907
0.059157513,0.04524704,0.89559543
0.035946444,0.90206486,0.061988693
0.053669162,0.04388913,0.9024418
0.06046643,0.044890977,0.8946426
0.05921028,0.048326023,0.8924637
0.06370751,0.041678526,0.8946139
0.06410983,0.03957414,0.896316
0.04825915,0.041157484,0.9105834
0.057904117,0.04205441,0.90004146
0.05191671,0.044755,0.90332824
0.1936798,0.044474825,0.7618454
0.05055913,0.04003464,0.90940624
0.052829187,0.038453005,0.90871775
0.04572711,0.03850609,0.9157667
0.057093695,0.04236633,0.90053993
0.047261,0.14395718,0.8087818
0.061823897,0.038070004,0.9001061
0.050387416,0.036186527,0.91342604
0.05862055,0.042574737,0.89880466
0.061034676,0.042505167,0.8964602
0.04718515,0.044936527,0.90787834
0.063546345,0.0362253,0.90022826
0.06278985,0.04334485,0.89386535
0.05833621,0.048528,0.8931358
0.060347546,0.03932646,0.9003261
0.057498667,0.040872324,0.90162903
0.06906606,0.035708748,0.89522517
0.059674896,0.046113186,0.8942119
0.05927421,0.034557465,0.90616834
0.070685506,0.03694073,0.8923738
0.054811694,0.14756373,0.7976246
0.060206223,0.041137345,0.8986564
0.0617319,0.03311539,0.9051526
0.062850356,0.042422976,0.89472675
0.053233095,0.033557307,0.9132097
0.062291883,0.046155978,0.89155215
0.06857546,0.04212452,0.88930005
0.061548803,0.038403586,0.90004766
0.057860106,0.04934559,0.8927943
0.06307256,0.046894442,0.890033
0.05446078,0.04310306,0.90243614
0.03878268,0.050508104,0.9107092
0.0596797,0.040341888,0.8999784
0.047617596,0.045972627,0.90640974
0.059233025,0.043590475,0.89717656
0.058540996,0.042997137,0.8984619
0.05208824,0.040270332,0.9076414
0.056528755,0.044849124,0.89862216
0.06725031,0.04386758,0.8888821
0.05539527,0.046194177,0.8984105
0.05419474,0.047338784,0.8984664
0.070501216,0.04810114,0.88139766
0.05910231,0.04219729,0.8987004
0.059881274,0.04456522,0.8955535
0.06563779,0.039472595,0.89488965
0.058133215,0.044420198,0.89744663
0.05103938,0.05655064,0.8924099
0.054803163,0.052038826,0.893158
0.06283019,0.03659488,0.9005749
0.05615392,0.039335977,0.90451
0.059477117,0.04709624,0.89342666
0.056159224,0.043651506,0.9001893
0.06086923,0.043352846,0.895778
0.05817015,0.039417583,0.9024123
0.05662891,0.041837167,0.9015339
0.05235305,0.036281608,0.9113653
0.05617405,0.033674344,0.9101516
0.07090282,0.05386106,0.87523615
0.05359757,0.041195136,0.9052072
0.056489073,0.04508102,0.89842993
0.06279282,0.042862825,0.89434433
0.96490365,0.012929717,0.022166694
0.050878726,0.041974492,0.9071468
0.05458201,0.040089343,0.9053287
0.05685834,0.037070762,0.90607095
0.054118123,0.044734254,0.90114766
0.04998079,0.034849647,0.91516954
0.05154583,0.03500561,0.91344863
0.057169225,0.03712814,0.90570265
0.057344504,0.03771779,0.90493774
0.06047156,0.033600025,0.9059285
0.079035714,0.039125513,0.8818387
0.063698135,0.041601237,0.8947007
0.06372678,0.037886146,0.89838713
0.027923146,0.95310915,0.018967694
0.061294813,0.037984554,0.90072066
0.051417846,0.043829948,0.9047522
0.057203665,0.042282443,0.90051395
0.066777475,0.042363524,0.890859
0.06107344,0.036184818,0.9027417
0.046743546,0.39454487,0.5587115
0.057118937,0.040622234,0.9022588
0.059250746,0.042427383,0.8983218
0.05100428,0.04492329,0.90407246
0.057735022,0.046165425,0.8960995
0.056182694,0.037517227,0.9063001
0.057200115,0.041462053,0.90133786
0.05970362,0.04346734,0.89682907
0.06171329,0.045040306,0.8932465
0.05488338,0.039223384,0.90589327
0.05762876,0.04354297,0.89882827
0.053087298,0.045054603,0.9018581
0.060838293,0.041650493,0.8975113
0.075457826,0.040925674,0.8836165
0.06786639,0.043392006,0.8887416
0.05811996,0.042005565,0.89987445
0.056085873,0.044022303,0.8998918
0.06268787,0.051843345,0.8854688
0.06273772,0.041955903,0.89530635
0.059939798,0.04231731,0.89774287
0.06086066,0.04261225,0.89652705
0.061134033,0.045320176,0.8935458
0.058637246,0.046681263,0.8946815
0.057132944,0.035526656,0.9073403
0.0618565,0.043916404,0.89422715
0.06458819,0.04640769,0.8890041
0.05840477,0.040396582,0.9011986
0.042188995,0.7573722,0.20043883
0.058135677,0.04042702,0.90143734
0.05364986,0.044673186,0.90167695
0.072057776,0.040184602,0.8877576
0.054337103,0.033549756,0.9121131
0.056912325,0.042334974,0.90075266
0.055609085,0.043393068,0.9009978
0.062272698,0.05122412,0.8865033
0.06015286,0.039353013,0.90049416
0.057930768,0.042053226,0.90001607
0.060687497,0.041618325,0.89769423
0.05214121,0.04592467,0.90193415
0.05935971,0.04242247,0.8982178
0.05680657,0.045868788,0.8973246
0.11189699,0.034001905,0.85410106
0.05263096,0.044929806,0.9024393
0.053210787,0.04415639,0.9026328
0.061074194,0.046690222,0.89223546
0.056114037,0.04178194,0.90210396
0.056485504,0.041184667,0.9023298
0.061334714,0.0443723,0.894293
0.9828441,0.007825931,0.009329897
0.061690323,0.03883168,0.89947796
0.16888504,0.032362375,0.79875255
0.9761351,0.016648363,0.0072165313
0.061924696,0.04917819,0.8888972
0.061958697,0.03531162,0.90272963
0.06175105,0.04489217,0.89335674
0.05415969,0.04751652,0.89832383
0.057863377,0.042728323,0.8994082
0.05660418,0.056659486,0.88673633
0.057678405,0.040960073,0.90136147
0.05533744,0.03616735,0.90849525
0.05076958,0.029999308,0.9192311
0.9718223,0.010412846,0.017764816
0.058700524,0.04652672,0.8947727
0.061117698,0.039886728,0.8989955
0.061990585,0.07089924,0.8671102
0.05581707,0.042901047,0.9012819
0.9401558,0.017783519,0.042060625
0.06443618,0.041259218,0.8943046
0.06118767,0.044482596,0.8943297
0.05352123,0.04564521,0.90083367
0.061277695,0.048309244,0.89041305
0.0575016,0.04609117,0.8964072
0.054321345,0.041588653,0.90409
0.054149617,0.047693625,0.89815676
0.06081372,0.042913333,0.896273
0.05731528,0.0426139,0.90007085
0.06317968,0.040474415,0.89634585
0.05396363,0.044824883,0.9012115
0.052424997,0.03895895,0.90861607
0.05436713,0.04826077,0.8973722
0.35081714,0.054168582,0.5950143
0.060006313,0.046505332,0.8934884
0.052505016,0.04633552,0.9011594
0.06034189,0.033683855,0.90597427
0.86301386,0.033560857,0.10342521
0.05941013,0.043582264,0.8970076
0.053551164,0.041583687,0.9048652
0.05937463,0.046558186,0.8940672
0.06745968,0.059416797,0.87312347
0.05687634,0.042061027,0.9010626
0.058153298,0.0357224,0.90612423
0.052910894,0.032957558,0.9141316
0.0671146,0.034463394,0.89842206
0.053583324,0.05068215,0.89573455
0.061939303,0.04634512,0.8917155
0.058222152,0.04558766,0.89619017
0.053513054,0.050615687,0.8958713
0.091362976,0.040750466,0.86788654
0.056324642,0.03818567,0.90548974
0.056857757,0.042813834,0.90032846
0.060010932,0.04512202,0.89486706
0.052750245,0.0506799,0.89656985
0.05359305,0.038620476,0.9077865
0.066096164,0.030782633,0.90312123
0.059742626,0.04284231,0.897415
0.06186673,0.04266592,0.8954674
0.113625385,0.037515443,0.8488592
0.053339306,0.03830647,0.9083543
0.05191772,0.03765144,0.91043085
0.6826192,0.022928542,0.29445228
0.98696077,0.008966167,0.0040730657
0.05625905,0.049842756,0.8938982
0.04810498,0.04599183,0.9059033
0.06010077,0.036222305,0.9036769
0.050538093,0.0448618,0.9046001
0.059096254,0.041417312,0.89948636
0.0613661,0.046936292,0.89169765
0.05695117,0.041241303,0.9018076
0.053077836,0.046544638,0.90037745
0.05426746,0.043861378,0.9018711
0.058746837,0.045774426,0.89547867
0.052356757,0.03621338,0.9114298
0.095316514,0.04091513,0.86376834
0.0782467,0.03993524,0.88181806
0.056500245,0.044892214,0.8986076
0.053512722,0.03295214,0.91353506
0.059959922,0.042872354,0.89716774
0.020286558,0.9689077,0.0108057195
0.086151876,0.043745,0.87010306
0.055539146,0.042396612,0.9020642
0.08246533,0.032246616,0.88528806
0.0491291,0.05502198,0.895849
0.05363455,0.045385893,0.9009796
0.052585494,0.04443304,0.9029814
0.058570255,0.049514133,0.8919156
0.05495848,0.04452847,0.90051305
0.065856524,0.04195304,0.8921905
0.059179064,0.038753767,0.9020671
0.062141564,0.043012686,0.8948457
0.05420156,0.037070695,0.90872777
0.08470799,0.038199533,0.87709236
0.060673997,0.044238582,0.89508754
0.059070423,0.039638646,0.9012909
0.0588026,0.045306202,0.8958912
0.056286175,0.040167037,0.9035468
0.16679013,0.026545115,0.80666476
0.06494831,0.035398107,0.8996536
0.056801047,0.038924545,0.9042744
0.053838007,0.03689404,0.90926796
0.08999244,0.02929484,0.8807128
0.0593907,0.04411388,0.89649534
0.113306634,0.037110005,0.8495834
0.061498094,0.041388795,0.89711314
0.05405898,0.040488306,0.90545267
0.05682198,0.04253692,0.9006411
0.05631722,0.04623489,0.8974479
0.057964478,0.04719387,0.89484173
0.053730287,0.04500307,0.9012666
0.051482808,0.047474522,0.90104264
0.060542956,0.042369105,0.89708793
0.050153553,0.043319594,0.90652686
0.047083236,0.064954974,0.8879618
0.05866452,0.04229575,0.89903975
0.057163186,0.04712459,0.8957122
0.057452127,0.045160796,0.897387
0.11841055,0.04119223,0.84039724
0.059701957,0.028926421,0.91137165
0.058891438,0.044301912,0.8968066
0.05817865,0.043234706,0.8985867
0.08329273,0.032522485,0.8841847
0.05664506,0.049454972,0.89390004
0.057628706,0.044859376,0.89751184
0.05630958,0.046364255,0.8973262
0.057050463,0.036034018,0.90691555
0.06039785,0.048153363,0.8914488
0.055615813,0.043717343,0.9006669
0.067454524,0.04790254,0.88464296
0.122752495,0.038795903,0.8384516
0.06354881,0.045371957,0.8910792
0.06042672,0.043332886,0.8962405
0.06533428,0.056652654,0.8780131
0.059057742,0.04204212,0.89890015
0.12937064,0.032773968,0.8378554
0.060201928,0.05556904,0.884229
0.05991479,0.043155007,0.8969302
0.06180599,0.046222787,0.8919712
0.054312814,0.049211502,0.8964757
0.051114462,0.04727315,0.9016124
0.052716836,0.045135155,0.902148
0.0657662,0.045222484,0.8890113
0.052829556,0.04529797,0.90187246
0.065562405,0.04253747,0.89190006
0.05519123,0.046204157,0.89860463
0.050609976,0.03995767,0.9094323
0.05398087,0.044079423,0.90193975
0.05960692,0.04019444,0.90019864
0.06271927,0.041800447,0.8954802
0.051124252,0.034676954,0.91419876
0.05241878,0.049218852,0.8983624
0.055003714,0.03977275,0.90522355
0.05902195,0.040426742,0.90055126
0.0637362,0.037744015,0.8985198
0.06346825,0.047884956,0.8886468
0.06312676,0.04781372,0.8890596
0.05865467,0.03937888,0.90196645
0.06557581,0.040597834,0.89382637
0.05327533,0.038129978,0.9085947
0.061447933,0.04217069,0.89638144
0.05582695,0.03964527,0.9045278
0.052201316,0.044824906,0.90297383
0.05985236,0.042400252,0.8977474
0.9860693,0.009723893,0.0042067715
0.05611039,0.04008071,0.9038089
0.057216696,0.038980313,0.90380305
0.054575264,0.031324636,0.9141001
0.055396147,0.04530141,0.8993025
0.060716636,0.047494423,0.8917889
0.052975073,0.036020182,0.9110047
0.0536458,0.046065275,0.9002889
0.059776414,0.04054561,0.89967793
0.05565157,0.03824873,0.90609974
0.05420055,0.04899003,0.8968094
0.06131023,0.031784043,0.9069058
0.0596227,0.04345084,0.89692646
0.06491007,0.04252751,0.89256245
0.05749326,0.038317468,0.9041893
0.075471774,0.03902064,0.8855076
0.061772548,0.036670577,0.90155685
0.052923206,0.044046603,0.9030302
0.07259979,0.036452033,0.89094824
0.055425454,0.037074868,0.90749973
0.0578694,0.043067925,0.8990627
0.061480112,0.042544466,0.8959755
0.052196182,0.042269755,0.9055341
0.96326727,0.024783414,0.011949417
0.059722587,0.034801874,0.90547556
0.056684915,0.04133006,0.90198505
0.11553841,0.035522263,0.8489394
0.050268326,0.04820115,0.9015305
0.04630958,0.059608024,0.8940825
0.071833804,0.03448307,0.8936832
0.05985994,0.042717353,0.89742273
0.061378587,0.04543487,0.89318657
0.056825664,0.041594848,0.90157944
0.07308151,0.037472475,0.889446
0.070359774,0.039642084,0.88999814
0.0569859,0.0485526,0.8944615
0.064095005,0.04154481,0.8943601
0.057429485,0.04466066,0.89790976
0.891282,0.052183703,0.056534346
0.054254785,0.047599953,0.8981452
0.055591952,0.024351636,0.9200564
0.07707072,0.035501577,0.8874277
0.057807256,0.038376536,0.90381616
0.059206918,0.03697845,0.90381473
0.061256543,0.09559676,0.8431467
0.051791042,0.04530549,0.9029035
0.06276632,0.03625548,0.9009782
0.056009587,0.03915831,0.9048321
0.056319065,0.039606072,0.9040748
0.057612225,0.042939384,0.89944834
0.05696923,0.045331202,0.8976996
0.056123182,0.04162583,0.90225095
0.9808584,0.013587242,0.0055544525
0.059391495,0.041909736,0.89869875
0.06966013,0.047900043,0.88243985
0.044952262,0.039728384,0.9153193
0.047322623,0.046588954,0.9060884
0.053989004,0.039077163,0.9069338
0.051771402,0.07514327,0.8730853
0.68013936,0.059429917,0.26043072
0.05646375,0.042434186,0.901102
0.1129916,0.050066326,0.83694214
0.0580926,0.041577768,0.90032965
0.055088464,0.03917818,0.90573335
0.061526645,0.03522842,0.9032449
0.05762645,0.050140116,0.8922334
0.096762925,0.045418352,0.8578188
0.059829365,0.043644052,0.8965266
0.060147066,0.039445408,0.90040743
0.69263995,0.030701127,0.27665898
0.06152752,0.042681344,0.8957911
0.86435467,0.027035195,0.10861011
0.057518303,0.042743973,0.89973766
0.5003071,0.03721043,0.4624825
0.053451885,0.044682533,0.9018656
0.0720988,0.03354543,0.89435583
0.052338388,0.045405813,0.9022557
0.060778826,0.044336658,0.8948845
0.06171052,0.044210322,0.89407915
0.061562933,0.03730336,0.9011337
0.041051164,0.83506906,0.123879746
0.049313765,0.040425986,0.91026026
0.054675985,0.043294523,0.90202945
0.05195499,0.040069364,0.9079756
0.9831874,0.00875913,0.008053544
0.050962172,0.043061383,0.9059764
0.053015962,0.0454578,0.9015263
0.055213433,0.044062994,0.9007236
0.06325538,0.045873657,0.890871
0.050703533,0.04040465,0.9088918
0.054618817,0.040768024,0.90461314
0.06369751,0.042701893,0.8936005
0.052491784,0.039953146,0.9075551
0.065543294,0.040637184,0.8938195
0.061679903,0.06921326,0.86910677
0.06279019,0.04290291,0.89430684
0.05066955,0.04237736,0.9069531
0.05226568,0.039221715,0.90851253
0.05604724,0.036963657,0.9069891
0.049143534,0.050358094,0.9004984
0.064371824,0.039158035,0.8964702
0.05465338,0.044130176,0.9012164
0.061161477,0.04183087,0.8970076
0.06179959,0.044577826,0.8936225
0.07651252,0.046136074,0.87735146
0.053338144,0.036551494,0.91011035
0.05743495,0.040174447,0.90239066
0.060019765,0.04082016,0.8991601
0.9247388,0.010682147,0.064579055
0.059213128,0.039521564,0.9012652
0.054595787,0.03385794,0.91154623
0.05870862,0.043331314,0.89796007
0.048742495,0.0329004,0.9183571
0.06245498,0.04714349,0.89040154
0.050490726,0.037778895,0.9117304
0.05700705,0.040741097,0.90225184
0.058177557,0.044129677,0.8976927
0.07900025,0.044706326,0.8762934
0.05729477,0.22815959,0.71454567
0.05480115,0.043308966,0.9018899
0.052706443,0.038692884,0.9086006
0.06262454,0.03974831,0.8976272
0.053889334,0.049210757,0.89689994
0.05618728,0.03964868,0.90416396
0.04975336,0.038128603,0.912118
0.052852076,0.033586625,0.91356134
0.0583246,0.044784576,0.8968908
0.05111262,0.040236462,0.908651
0.064180955,0.038946725,0.8968723
0.057588752,0.049018335,0.89339286
0.0594339,0.04473182,0.89583427
0.052776013,0.042739317,0.9044847
0.09117711,0.020428978,0.88839394
0.054720044,0.03410943,0.91117054
0.07083521,0.037952404,0.8912124
0.057991244,0.043688677,0.8983201
0.055275857,0.045180976,0.89954317
0.04980783,0.042853255,0.90733886
0.056190174,0.04268466,0.9011252
0.06012023,0.042506915,0.89737284
0.061696537,0.04070929,0.89759415
0.04819759,0.03480028,0.91700214
0.059336174,0.044116437,0.8965473
0.050692927,0.8968003,0.052506793
0.05828245,0.045037188,0.89668036
0.05738404,0.045416683,0.8971992
0.053504474,0.04594392,0.9005517
0.055668008,0.04545709,0.8988749
0.057833537,0.046289384,0.8958771
0.03524295,0.6728243,0.2919327
0.05296146,0.042472694,0.9045658
0.049678102,0.045787964,0.90453386
0.061240993,0.042337626,0.8964214
0.053656664,0.035257693,0.91108567
0.061678153,0.041652095,0.89666975
0.07814113,0.05042707,0.87143177
0.058901068,0.04370749,0.8973914
0.04286739,0.1323313,0.8248013
0.059178945,0.042272635,0.8985484
0.06431561,0.043053143,0.89263123
0.15221159,0.03313577,0.8146527
0.06132239,0.04194094,0.89673674
0.060778547,0.036882058,0.90233946
0.053213667,0.04498578,0.9018005
0.05550071,0.04437885,0.9001205
0.06472523,0.0382736,0.8970012
0.058846492,0.04459352,0.8965599
0.05991805,0.033858057,0.9062239
0.052839935,0.044669837,0.90249026
0.05769376,0.04202457,0.9002816
0.055971134,0.050788414,0.8932404
0.06258154,0.041283164,0.89613533
0.049410272,0.054002244,0.8965875
0.07677617,0.031601325,0.8916225
0.10746966,0.039545536,0.85298485
0.059920885,0.040425893,0.89965326
0.06045736,0.037137736,0.9024049
0.05832934,0.045582473,0.89608824
0.06476988,0.041982252,0.8932479
0.06035267,0.04537897,0.89426833
0.0543023,0.046765815,0.8989318
0.05555005,0.041767903,0.90268207
0.06493092,0.04047432,0.8945948
0.08288673,0.035410594,0.88170266
0.06310129,0.038160905,0.8987378
0.056740113,0.03642014,0.9068398
0.06635324,0.04411454,0.8895322
0.061702594,0.044769417,0.8935279
0.06727367,0.03852841,0.8941979
0.060538862,0.035398327,0.9040628
0.05568497,0.044287674,0.9000273
0.87491447,0.021988783,0.10309675
0.05846463,0.03455468,0.9069807
0.05975307,0.0444264,0.89582056
0.05367594,0.045089457,0.9012346
0.057445765,0.04087462,0.90167964
0.054387003,0.038660433,0.9069525
0.058200862,0.048557457,0.89324164
0.08052145,0.04614935,0.8733293
0.06807988,0.0390759,0.8928442
0.052978635,0.057060238,0.8899611
0.054096732,0.05037448,0.8955288
0.061962787,0.045112133,0.8929251
0.052040923,0.03536773,0.91259134
0.070212014,0.032067016,0.89772093
0.05684579,0.04257553,0.9005786
0.049008504,0.04813104,0.9028604
0.061853807,0.042428512,0.8957176
0.054939333,0.04310133,0.90195936
0.064463034,0.041296564,0.8942404
0.05844401,0.04589563,0.89566034
0.05050619,0.038819097,0.9106747
0.06837443,0.042548038,0.8890776
0.059255186,0.043670706,0.8970741
0.052110706,0.048241615,0.89964765
0.05271083,0.045684293,0.90160495
0.060795818,0.043194972,0.89600915
0.10009499,0.039428107,0.8604769
0.06265011,0.041764542,0.8955853
0.05553873,0.040198855,0.9042625
0.09169348,0.0408879,0.8674186
0.0626904,0.043551777,0.8937578
0.06458789,0.044239096,0.891173
0.05074219,0.038339637,0.9109182
0.05523944,0.04361273,0.90114784
0.051178534,0.062674634,0.88614684
0.114548124,0.029490303,0.8559616
0.8120511,0.019285025,0.16866389
0.05383515,0.038719244,0.9074456
0.05708811,0.045094308,0.8978176
0.08479891,0.03888068,0.8763204
0.01782337,0.9764548,0.0057217805
0.05586988,0.036694072,0.907436
0.056531873,0.041278902,0.90218914
0.048256382,0.030929293,0.9208144
0.05278397,0.039940827,0.90727526
0.0491647,0.04906877,0.9017665
0.062216293,0.043391574,0.8943921
0.81544507,0.021435795,0.16311918
0.057675134,0.034388985,0.9079359
0.055775203,0.04931767,0.8949071
0.04746839,0.035404935,0.9171268
0.024838855,0.812967,0.16219413
0.059229802,0.042765908,0.89800423
0.056691837,0.046045154,0.89726305
0.05380019,0.04376061,0.9024392
0.05259893,0.04021102,0.9071901
0.057832956,0.04586146,0.89630556
0.057393692,0.046569698,0.8960366
0.057660088,0.04433924,0.8980006
0.12882002,0.038925085,0.83225495
0.058246396,0.04693961,0.89481395
0.059123423,0.04141612,0.89946043
0.05797187,0.044884767,0.89714336
0.061369646,0.04032588,0.89830446
0.057453524,0.034559265,0.90798724
0.06200662,0.035226952,0.90276635
0.05420575,0.0365523,0.909242
0.05420133,0.04853834,0.8972603
0.05825897,0.04323102,0.8985101
0.05699714,0.04266805,0.90033484
0.06607717,0.03764964,0.8962732
0.047069207,0.033919234,0.9190116
0.060701862,0.036335338,0.90296274
0.054617085,0.04212246,0.90326035
0.0703846,0.045800135,0.88381517
0.061639354,0.040503107,0.8978576
0.062291883,0.046155978,0.89155215
0.05565378,0.040420044,0.90392613
0.056857653,0.043255024,0.8998874
0.051813673,0.045770083,0.9024163
0.05421476,0.04742569,0.89835954
0.058058754,0.03949609,0.9024451
0.056475423,0.043555673,0.899969
0.06783764,0.039012983,0.89314944
0.059938118,0.04584409,0.8942178
0.059525885,0.043253377,0.8972207
0.05882592,0.04492756,0.8962465
0.05694094,0.04097299,0.902086
0.06258183,0.04520825,0.89220995
0.05668675,0.035111777,0.9082015
0.054401,0.04062527,0.90497375
0.054683074,0.036982354,0.9083346
0.06477733,0.039251085,0.89597166
0.06273983,0.03622248,0.9010377
0.01474826,0.9803429,0.00490879
0.05444626,0.05994369,0.88561004
0.4223712,0.03370224,0.5439266
0.055938948,0.040370084,0.90369093
0.05156205,0.03848642,0.90995157
0.06085169,0.042315707,0.8968326
0.061361406,0.03935761,0.89928097
0.06253392,0.04157529,0.8958908
0.052599937,0.03307732,0.9143228
0.05680826,0.045402203,0.89778954
0.06258606,0.043617506,0.8937965
0.05369983,0.04069341,0.90560675
0.062159047,0.043617062,0.8942239
0.057687588,0.041247595,0.9010648
0.05942286,0.04228139,0.8982957
0.058669202,0.043535426,0.89779544
0.055081468,0.04415128,0.90076727
0.053086016,0.039334774,0.9075792
0.05187577,0.0402041,0.9079202
0.05625554,0.047279485,0.89646506
0.059765447,0.029006718,0.9112279
0.3641061,0.048631016,0.5872628
0.06287628,0.042028036,0.8950957
0.05592875,0.038778566,0.9052927
0.2693422,0.04135542,0.6893024
0.064450294,0.0388627,0.896687
0.061497558,0.03744614,0.9010563
0.053194154,0.04621588,0.90058994
0.05781573,0.044393837,0.89779043
0.2732766,0.036848772,0.6898746
0.05522588,0.04560537,0.8991688
0.05717267,0.04324057,0.8995867
0.05032538,0.03290764,0.91676694
0.054367755,0.04209428,0.9035379
0.057157233,0.042840157,0.90000266
0.2648978,0.08624152,0.64886075
0.049101558,0.048529502,0.90236896
0.05921446,0.044327933,0.89645755
0.30217853,0.034572177,0.66324925
0.055721387,0.036820598,0.907458
0.78196824,0.03125213,0.18677962
0.0563666,0.046275426,0.89735794
0.21243097,0.03974928,0.7478198
0.06900766,0.046081383,0.88491106
0.09657456,0.048112307,0.8553132
0.079436615,0.05351382,0.86704963
0.06280472,0.047038566,0.8901567
0.049101524,0.03476723,0.91613126
0.05715175,0.034765992,0.9080823
0.06330683,0.04269981,0.8939934
0.057230853,0.0453397,0.89742947
0.06251407,0.03793522,0.8995508
0.0608035,0.045695636,0.89350086
0.062211636,0.04389978,0.8938886
0.06451883,0.036085907,0.89939535
0.060901538,0.04153124,0.8975673
0.06083145,0.038685706,0.90048283
0.0199143,0.93273175,0.047353886
0.051333923,0.044949483,0.90371656
0.061824594,0.04375466,0.8944207
0.0572898,0.04216042,0.9005497
0.055500604,0.04569816,0.8988012
0.043762505,0.15980326,0.79643416
0.055575024,0.04748944,0.89693546
0.061299413,0.04339357,0.89530706
0.07547486,0.038548782,0.8859763
0.049687993,0.042500395,0.9078115
0.054646607,0.04644596,0.8989075
0.8838486,0.03584513,0.08030632
0.06421465,0.03492995,0.9008553
0.06217454,0.038342047,0.8994834
0.06180088,0.04499425,0.8932049
0.06579489,0.03520028,0.89900476
0.06011209,0.029396597,0.91049135
0.0533279,0.035402823,0.91126937
0.061665624,0.03789845,0.9004359
0.07847475,0.031070638,0.89045453
0.054618377,0.046060707,0.8993209
0.057773445,0.042021018,0.9002055
0.060264822,0.033591595,0.9061436
0.03846364,0.040054493,0.9214818
0.06230724,0.034968264,0.9027245
0.050314024,0.041589767,0.90809613
0.058645796,0.0342245,0.90712976
0.06593782,0.04142433,0.89263785
0.057636585,0.04033518,0.9020282
0.055782232,0.04041455,0.9038032
0.09396437,0.04089994,0.86513567
0.05427034,0.03939604,0.9063336
0.054429352,0.03146286,0.9141078
0.053228866,0.0420664,0.90470475
0.017385771,0.97079283,0.011821383
0.06356771,0.042036217,0.89439607
0.062231507,0.045774747,0.89199376
0.054241925,0.041224808,0.90453327
0.050527778,0.04018602,0.9092862
0.052755818,0.04838783,0.8988564
0.065178774,0.04031264,0.89450854
0.05889547,0.04467424,0.89643025
0.06561838,0.041284084,0.8930975
0.06435053,0.041224495,0.894425
0.061930493,0.044737738,0.8933317
0.98634887,0.010620224,0.0030308824
0.98693687,0.010673356,0.0023897018
0.9801682,0.015102687,0.0047291233
0.9844749,0.011767608,0.0037574817
0.9880586,0.00829347,0.0036480017
0.9867513,0.0096548945,0.0035937047
0.98445606,0.010517355,0.0050266087
0.984829,0.010287654,0.0048833303
0.87302035,0.019363021,0.10761662
0.985507,0.010980115,0.0035128845
0.98756903,0.00956899,0.0028619308
0.015321276,0.9798952,0.004783536
0.964463,0.014124894,0.02141206
0.9876667,0.009051789,0.0032815442
0.98758984,0.0096630985,0.0027469795
0.98573273,0.01116648,0.0031008197
0.98461807,0.010437226,0.0049446616
0.9867361,0.010614024,0.002649791
0.89326084,0.03269628,0.074042864
0.97497445,0.018120786,0.006904794
0.98472184,0.011035842,0.0042422493
0.98665804,0.01012717,0.0032147868
0.019186184,0.9764055,0.004408292
0.053476594,0.044681363,0.901842
0.020090671,0.975615,0.004294293
0.01582177,0.9798146,0.004363615
0.026130278,0.9662728,0.0075969216
0.019370548,0.96577746,0.014851915
0.019422617,0.9759686,0.0046087727
0.018771527,0.977003,0.004225469
0.026921226,0.9648923,0.00818649
0.013205378,0.98163337,0.00516121
0.016766103,0.978728,0.00450593
0.017695475,0.97896177,0.003342788
0.02064293,0.9753941,0.0039629247
0.018984623,0.9756291,0.005386327
0.09820128,0.061302945,0.8404958
0.025075406,0.9660878,0.008836746
0.018571876,0.9770512,0.0043768794
0.014723495,0.9791747,0.0061018076
0.97546697,0.015416761,0.009116306
0.015803402,0.97963333,0.004563262
0.98538303,0.011239087,0.003377883
0.08013975,0.04939678,0.8704635
0.019550651,0.976186,0.004263367
0.014148641,0.9812982,0.0045531965
0.015487024,0.97991264,0.004600364
0.020632226,0.9748883,0.0044794953
0.020755608,0.9617494,0.017495051
0.025900109,0.9419924,0.032107547
0.021225179,0.96542746,0.013347392
0.056725863,0.044156577,0.8991176
0.020060742,0.9751135,0.004825721
0.07862761,0.29837203,0.6230004
0.02360084,0.9510544,0.02534474
0.027106019,0.9648971,0.00799689
0.02385688,0.96843946,0.0077037066
0.026716936,0.96366805,0.009615006
0.02259084,0.9728597,0.004549446
0.01859188,0.9771489,0.004259246
0.017475316,0.9786558,0.0038689254
0.024007274,0.968851,0.0071417266
0.017598605,0.97789055,0.0045108763
0.021935517,0.971299,0.0067655086
0.015066052,0.9806594,0.004274548
0.018830158,0.97623366,0.0049361843
0.018003985,0.97819626,0.0037997263
0.018063117,0.9766286,0.0053082523
0.016897434,0.9787183,0.0043843472
0.06038869,0.049167626,0.8904437
0.05621895,0.047899146,0.8958819
0.0719603,0.038013104,0.89002657
0.057849742,0.0455845,0.89656574
0.059499875,0.04016146,0.9003387
0.06992941,0.039883513,0.89018714
0.0602532,0.049129225,0.89061755
0.0615964,0.0354583,0.90294534
0.98525375,0.011171959,0.0035742614
0.057304487,0.039713044,0.9029825
0.012517831,0.9809115,0.006570716
0.16048269,0.04920805,0.79030925
0.05581497,0.04469556,0.89948946
0.98085326,0.0113747,0.007772036
0.051621594,0.04225593,0.90612245
0.054976072,0.04246148,0.9025625
0.8898668,0.014667044,0.09546618
0.022309702,0.97018087,0.007509391
0.06410177,0.046886407,0.8890119
0.05378244,0.042753663,0.9034639
0.06066503,0.054806285,0.88452864
0.06356587,0.049024057,0.8874101
0.06741587,0.17892285,0.7536612
0.057022978,0.045307558,0.89766955
0.05723715,0.04347999,0.8992829
0.056577288,0.04622215,0.8972005
0.051095262,0.046750482,0.9021542
0.061333217,0.045268465,0.8933983
0.059669875,0.046630055,0.8937001
0.059549443,0.04418861,0.8962619
0.065856844,0.03692431,0.8972189
0.06321107,0.04480148,0.8919875
0.06114305,0.045615498,0.8932414
0.05780604,0.043676924,0.898517
0.05114263,0.04674815,0.9021092
0.057822004,0.051277507,0.89090043
0.025792038,0.95097494,0.023232998
0.056044284,0.035684854,0.90827084
0.05425264,0.04059369,0.9051537
0.056076527,0.044620868,0.89930266
0.05527881,0.040285174,0.90443605
0.062955245,0.045190237,0.8918544
0.058066122,0.04069534,0.9012385
0.064068794,0.043245405,0.89268583
0.06243854,0.04260019,0.8949613
0.060850624,0.044519268,0.8946302
0.060167935,0.042623807,0.8972082
0.059119303,0.041921865,0.8989588
0.06571732,0.038090017,0.89619267
0.0494887,0.041027572,0.90948373
0.058366008,0.04015353,0.9014805
0.047857136,0.104682826,0.8474601
0.06948709,0.039236512,0.8912764
0.019098962,0.9757707,0.005130385
0.017995626,0.97678775,0.0052166083
0.050898228,0.046027645,0.90307415
0.062228136,0.04320953,0.89456236
0.06471591,0.044522006,0.89076203
0.07524918,0.040992256,0.88375854
0.06264768,0.04114558,0.89620674
0.053599797,0.04292169,0.9034785
0.05395371,0.039705347,0.90634096
0.053951163,0.037535466,0.9085134
0.062447693,0.04899183,0.8885605
0.060300987,0.043137282,0.8965618
0.06204927,0.03874422,0.8992066
0.056929205,0.042930473,0.9001403
0.049836624,0.04804457,0.9021188
0.05478551,0.040495045,0.9047195
0.05745175,0.04779225,0.89475596
0.06267069,0.044288542,0.8930408
0.06556695,0.04724917,0.88718385
0.053577386,0.047281876,0.8991407
0.05550214,0.044793632,0.8997042
0.057340197,0.043515753,0.8991441
0.060660116,0.03633695,0.9030029
0.06129858,0.04667907,0.8920223
0.057333842,0.044499278,0.89816684
0.013793955,0.9689214,0.017284608
0.057009097,0.04641601,0.8965749
0.054400027,0.042408176,0.9031918
0.9866623,0.010489582,0.0028481556
0.059356555,0.043788154,0.8968553
0.05674464,0.04427917,0.89897615
0.061207063,0.04374272,0.8950503
0.064028494,0.04645701,0.88951445
0.06015033,0.04246594,0.89738375
0.05606766,0.045649506,0.8982828
0.059540935,0.043011554,0.8974475
0.059520654,0.065402575,0.87507683
0.057439435,0.04537182,0.8971887
0.06183152,0.046264466,0.89190406
0.0618897,0.04405814,0.8940521
0.017498335,0.9785105,0.003991146
0.98787814,0.009080291,0.0030415168
0.98420125,0.010827236,0.0049716136
0.9876429,0.009069268,0.0032878802
0.984623,0.009383366,0.005993625
0.06939752,0.04589136,0.88471115
0.98500603,0.010441339,0.0045525823
0.9888799,0.008021454,0.0030985924
0.97884893,0.0109059345,0.010245176
0.9821024,0.011389187,0.006508402
0.98222995,0.012875841,0.0048942827
0.9846058,0.011723287,0.0036709278
0.98416406,0.01278206,0.0030538468
0.98557985,0.010215378,0.004204683
0.9871919,0.009289167,0.0035188904
0.9800513,0.015338689,0.00461001
0.98721933,0.009811588,0.0029690785
0.069203794,0.043370117,0.8874262
0.3016265,0.03827268,0.6601008
0.9882613,0.009235877,0.0025028535
0.9837022,0.012461836,0.003836069
0.9873717,0.009987123,0.0026411605
0.9794518,0.01337046,0.0071776886
0.9623755,0.016049132,0.02157539
0.98583823,0.009533581,0.0046281824
0.98832464,0.009263569,0.002411831
0.97976935,0.013718737,0.0065119914
0.9876084,0.009606824,0.0027848457
0.06391866,0.92607117,0.010010228
0.19033307,0.051258724,0.7584082
0.9876417,0.008946107,0.0034121794
0.9867834,0.009664641,0.0035519523
0.12532796,0.034058426,0.84061366
0.9882704,0.008295248,0.0034344164
0.059984915,0.042473413,0.8975417
0.97679716,0.014056264,0.009146585
0.765063,0.027813042,0.20712398
0.6284695,0.027829595,0.34370092
0.9778781,0.015155945,0.0069660554
0.98542756,0.011011444,0.003560955
0.9873115,0.01016361,0.002524986
0.8945151,0.03358418,0.07190068
0.9866223,0.009901881,0.0034758872
0.98196894,0.01142105,0.0066099963
0.9484327,0.010702055,0.040865228
0.93837386,0.05443354,0.0071926136
0.9871777,0.009612017,0.003210204
0.985546,0.010086165,0.004367761
0.98791724,0.009516439,0.0025663225
0.9832228,0.012161286,0.004615904
0.92339635,0.015550211,0.061053466
0.9870517,0.009046152,0.003902117
0.98594344,0.0073677665,0.0066888034
0.056511123,0.042511284,0.9009776
0.9883642,0.007993817,0.0036420098
0.9865003,0.010426587,0.003073077
0.98060983,0.015558699,0.003831486
0.063495986,0.030376583,0.90612733
0.022489917,0.9694597,0.008050413
0.9848631,0.011760756,0.0033761007
0.97484833,0.012152274,0.0129993465
0.070087396,0.044225153,0.88568735
0.98743224,0.009129529,0.0034382122
0.9904302,0.0071386388,0.0024311726
0.977847,0.009502588,0.012650503
0.9884172,0.008610142,0.002972681
0.98528844,0.010839196,0.0038723901
0.98729265,0.009262937,0.0034444472
0.9888082,0.007454405,0.0037373449
0.9882433,0.00846689,0.0032898788
0.98747814,0.007939992,0.0045818714
0.82384175,0.025868887,0.15028936
0.96599233,0.012160049,0.021847652
0.07806252,0.031172656,0.8907648
0.84640133,0.0118051125,0.1417936
0.9847964,0.009185538,0.006018142
0.98420584,0.012131908,0.0036622772
0.9887045,0.0078189615,0.0034764265
0.98478496,0.010876059,0.00433889
0.98564595,0.0100576775,0.0042962832
0.19037372,0.045782857,0.7638434
0.98242396,0.011381796,0.0061942204
0.06078547,0.045105804,0.89410865
0.016117543,0.97882575,0.0050567733
0.017727181,0.9697636,0.012509225
0.06402437,0.0679708,0.86800486
0.033196148,0.9578954,0.008908485
0.02744084,0.93939453,0.033164684
0.023108754,0.9711614,0.0057297978
0.028562786,0.9654676,0.005969571
0.049538948,0.7401558,0.21030523
0.031931035,0.9538927,0.014176233
0.02670381,0.82992023,0.14337595
0.020178696,0.97511655,0.00470475
0.02099244,0.97177404,0.00723357
0.022857359,0.9695497,0.007592967
0.01942213,0.97499156,0.0055863126
0.06426274,0.09377607,0.84196115
0.02191672,0.9718893,0.00619398
0.02599714,0.966999,0.0070038717
0.061563198,0.042126194,0.89631057
0.98455435,0.012024133,0.0034215027
0.031942073,0.96029866,0.0077592432
0.019281704,0.97648686,0.004231494
0.01470202,0.9815734,0.0037245203
0.13607323,0.29950574,0.56442106
0.018343909,0.9778651,0.0037910284
0.018969944,0.97678065,0.0042493334
0.027945876,0.9317882,0.04026586
0.028328532,0.9353678,0.036303584
0.059378386,0.050418396,0.8902033
0.16198692,0.1672514,0.67076176
0.07080218,0.05861116,0.87058663
0.9641083,0.014942529,0.020949233
0.76673657,0.19353035,0.03973301
0.06256506,0.043720126,0.8937148
0.058804963,0.057865012,0.88333005
0.052880425,0.034629066,0.9124906
0.06614512,0.06256382,0.8712911
0.59963953,0.03878554,0.36157495
0.056533303,0.04652574,0.89694095
0.05936874,0.05879179,0.88183945
0.08632119,0.045688413,0.8679904
0.058911677,0.04572391,0.8953644
0.067559496,0.035100788,0.8973397
0.080447,0.045325425,0.8742276
0.06067724,0.058495376,0.88082737
0.05233262,0.0485892,0.8990782
0.98912734,0.007961023,0.0029115863
0.059379593,0.042540412,0.89808
0.05320865,0.19264366,0.7541477
0.111899614,0.8506872,0.037413105
0.07245932,0.039184418,0.88835627
0.058287002,0.03394874,0.9077642
0.04659232,0.041928552,0.91147906
0.092475966,0.036964446,0.87055963
0.06371023,0.038136106,0.89815366
0.06221761,0.043371316,0.8944111
0.21096464,0.039455634,0.7495798
0.10366182,0.031561088,0.86477715
0.018534645,0.97604513,0.0054202904
0.049241323,0.04758671,0.9031719
0.07485131,0.03743599,0.8877127
0.053552207,0.04816825,0.8982795
0.98270434,0.009959346,0.0073363935
0.8460429,0.034211513,0.11974565
0.07796438,0.034126703,0.887909
0.05251149,0.040478792,0.9070097
0.06801623,0.043668684,0.8883151
0.0688319,0.036360525,0.8948076
0.054626986,0.28441384,0.6609591
0.06700154,0.043069758,0.88992876
0.9507346,0.017362371,0.031903118
0.0603591,0.0391424,0.9004985
0.056385234,0.046836387,0.8967784
0.05284792,0.050674673,0.8964774
0.058500104,0.04191033,0.8995896
0.9872083,0.009556158,0.003235482
0.06943899,0.14282782,0.7877332
0.9796267,0.010703491,0.009669798
0.107009724,0.04012352,0.85286677
0.90364677,0.016326126,0.08002718
0.063831046,0.04025774,0.89591116
0.061934974,0.042922057,0.89514303
0.08130243,0.035605222,0.88309234
0.05524467,0.055325653,0.8894297
0.078562945,0.028239075,0.89319795
0.12641576,0.030730922,0.84285325
0.0678889,0.81185186,0.12025926
0.0914036,0.0362869,0.8723095
0.059849694,0.04331912,0.89683115
0.018258136,0.9775794,0.0041624135
0.07847041,0.045570675,0.87595886
0.10863279,0.051792774,0.83957446
0.9515258,0.0140173165,0.034456838
0.29052418,0.03415188,0.675324
0.0794728,0.038346186,0.882181
0.06913963,0.04685079,0.88400954
0.061378367,0.040628098,0.89799356
0.05461395,0.055311713,0.8900744
0.85214704,0.025284233,0.12256877
0.062274624,0.051627472,0.8860979
0.068328395,0.2231414,0.7085301
0.062963754,0.67891026,0.25812602
0.064998895,0.04208957,0.8929115
0.05930272,0.05725408,0.88344324
0.06074285,0.04533906,0.8939181
0.10043355,0.044360865,0.85520566
0.059657667,0.043327972,0.89701444
0.01863502,0.976551,0.0048139933
0.050373852,0.043552384,0.9060737
0.08048325,0.038465735,0.881051
0.054335047,0.047507714,0.8981573
0.05752155,0.04356821,0.8989102
0.0523252,0.04608672,0.9015881
0.058745466,0.042292114,0.89896244
0.05975331,0.05572341,0.8845233
0.049211603,0.045513295,0.90527505
0.06435794,0.03761304,0.8980291
0.015325604,0.97921526,0.005459179
0.33010188,0.04439175,0.62550634
0.077541165,0.040662292,0.88179654
0.06103058,0.04037817,0.8985912
0.056661095,0.041292526,0.9020463
0.052998085,0.039154734,0.9078472
0.065919414,0.04820413,0.8858765
0.057346284,0.04341425,0.89923954
0.060794573,0.044089057,0.8951163
0.2276394,0.040753756,0.73160684
0.05364666,0.043849315,0.902504
0.06282917,0.044055004,0.8931158
0.06329373,0.044424113,0.8922822
0.06199013,0.052507687,0.88550216
0.052800104,0.048028115,0.89917177
0.057544712,0.04098502,0.90147024
0.06603092,0.03897902,0.89499
0.05515776,0.044147715,0.90069455
0.05623791,0.04538745,0.8983746
0.059832826,0.04446398,0.8957032
0.06386281,0.04109224,0.8950449
0.0621009,0.047777437,0.89012164
0.052872006,0.044090014,0.90303797
0.061028138,0.041293703,0.8976781
0.06089416,0.038574606,0.90053123
0.05584631,0.04283977,0.90131384
0.08647193,0.030975869,0.88255215
0.06544558,0.038136803,0.8964176
0.061321434,0.051537063,0.8871414
0.06149917,0.043122426,0.89537835
0.06191464,0.045854058,0.8922313
0.6693575,0.038507365,0.2921352
0.059727024,0.04002059,0.90025246
0.9385217,0.024550969,0.03692742
0.06336424,0.049011923,0.88762385
0.060185462,0.043002106,0.89681244
0.058593612,0.042575955,0.8988304
0.053955816,0.039225142,0.906819
0.05582718,0.04140629,0.9027666
0.058487162,0.03992375,0.90158916
0.06106881,0.039777063,0.8991541
0.05558724,0.036705058,0.9077077
0.06768662,0.04527653,0.88703686
0.056859687,0.037490316,0.90565
0.056559358,0.046524458,0.8969162
0.05656982,0.041296523,0.90213364
0.057866056,0.044000685,0.8981333
0.05473792,0.03956123,0.90570086
0.015926128,0.9786022,0.005471768
0.053997412,0.043345794,0.9026568
0.046672497,0.20739187,0.74593574
0.05148834,0.049130514,0.89938116
0.079462856,0.037389256,0.88314795
0.87124044,0.031242928,0.09751658
0.020439561,0.94710475,0.03245565
0.052582692,0.0387342,0.9086831
0.054870255,0.042984117,0.9021457
0.06698427,0.036776114,0.8962397
0.062127974,0.046057004,0.89181507
0.052661393,0.042170238,0.90516835
0.05930423,0.049866065,0.8908297
0.058212943,0.04705029,0.89473677
0.06257219,0.048399277,0.8890286
0.052690122,0.040320095,0.9069898
0.0582336,0.044085998,0.8976804
0.06335424,0.042637996,0.89400774
0.056820348,0.036829554,0.9063501
0.100055434,0.046917938,0.85302657
0.05539177,0.040092483,0.9045158
0.053335212,0.040595107,0.9060697
0.06564369,0.04916485,0.88519144
0.06847829,0.038263083,0.89325863
0.062000766,0.044526834,0.89347243
0.063746676,0.037146818,0.8991065
0.07633164,0.034607552,0.8890608
0.05637875,0.04255691,0.90106434
0.058468252,0.043747958,0.8977838
0.059032872,0.03782711,0.90314007
0.054325,0.035766643,0.90990835
0.060360853,0.044812594,0.8948265
0.05638377,0.04115066,0.9024656
0.05811221,0.03905281,0.90283495
0.061382536,0.0392464,0.899371
0.062038813,0.03648855,0.9014727
0.057817806,0.04392108,0.8982611
0.056483857,0.04429141,0.8992247
0.0587972,0.04276564,0.89843714
0.059057884,0.043355606,0.89758646
0.05124629,0.04613919,0.90261453
0.061711993,0.043313935,0.89497405
0.06402239,0.043066636,0.89291096
0.062807605,0.04699481,0.8901975
0.9665159,0.010305545,0.02317859
0.06284902,0.040037148,0.8971138
0.059919268,0.044833656,0.89524704
0.062217988,0.04641745,0.8913646
0.06606455,0.042633656,0.8913018
0.069001116,0.04444184,0.88655704
0.05822591,0.03937839,0.90239567
0.06011677,0.039929252,0.8999539
0.055037383,0.03874255,0.90622
0.053623162,0.038080256,0.9082965
0.05727367,0.03978871,0.9029377
0.06680737,0.04323951,0.8899531
0.060239132,0.038855348,0.90090555
0.056383044,0.04204378,0.9015731
0.059655476,0.039632536,0.90071195
0.05949892,0.04674686,0.8937542
0.056019276,0.039212927,0.9047678
0.05823216,0.04235466,0.89941317
0.06429765,0.038076498,0.8976259
0.05331056,0.047647476,0.89904195
0.058228698,0.041532975,0.90023834
0.06266479,0.036055718,0.90127945
0.07893313,0.19130228,0.72976464
0.05096068,0.043973774,0.90506566
0.057601374,0.034294732,0.908104
0.05698655,0.04108598,0.9019275
0.060501114,0.04127833,0.8982206
0.055673372,0.050616987,0.89370966
0.0556295,0.040838756,0.90353173
0.06411406,0.0406044,0.89528155
0.050826818,0.038516257,0.910657
0.06963715,0.038251285,0.89211154
0.06280947,0.045661625,0.89152896
0.051893704,0.03319569,0.91491055
0.061738953,0.04070745,0.8975536
0.06056873,0.035363946,0.9040673
0.08318566,0.041386507,0.8754278
0.06210485,0.04423289,0.89366233
0.05669006,0.03947953,0.90383047
0.08564522,0.053792045,0.86056274
0.053895514,0.039856654,0.90624785
0.05259583,0.0380502,0.90935403
0.06353343,0.04211624,0.8943503
0.060957585,0.03757322,0.9014692
0.053677157,0.04065637,0.9056665
0.06010647,0.044039294,0.8958541
0.060227253,0.04386998,0.89590275
0.068766646,0.046393726,0.88483965
0.059128266,0.03913869,0.90173304
0.055181768,0.043291528,0.90152675
0.056529358,0.03602008,0.90745056
0.057033025,0.046891183,0.8960758
0.058327153,0.04474282,0.89693004
0.05551031,0.044213478,0.9002762
0.058981758,0.035791717,0.90522647
0.054456215,0.038766377,0.90677744
0.057710808,0.043498643,0.89879054
0.05631874,0.040053137,0.9036282
0.063183956,0.043468084,0.893348
0.05768815,0.042557344,0.8997546
0.048237585,0.64352363,0.3082388
0.060185507,0.036629338,0.9031852
0.058158927,0.039602883,0.90223813
0.07295378,0.030441375,0.89660484
0.062345695,0.04794235,0.8897119
0.066832654,0.04287736,0.8902899
0.05551752,0.045846205,0.8986363
0.052489072,0.033331517,0.9141794
0.062151756,0.048735853,0.88911235
0.0565544,0.03514973,0.9082958
0.0645514,0.0469509,0.8884977
0.06556646,0.04117092,0.8932626
0.05839079,0.04545259,0.89615655
0.056688044,0.04171758,0.90159446
0.055362154,0.038838193,0.9057997
0.054840796,0.03864188,0.9065174
0.076257415,0.42037448,0.5033681
0.05615007,0.042487904,0.90136194
0.05401789,0.0818063,0.8641758
0.058693476,0.046204206,0.8951023
0.05884616,0.043284636,0.8978691
0.065771155,0.040362455,0.89386636
0.06496162,0.045683898,0.8893544
0.059487063,0.04431509,0.89619786
0.059359524,0.04549031,0.8951502
0.054042045,0.045197938,0.90076005
0.05957758,0.04373712,0.89668536
0.05960178,0.049459886,0.8909384
0.06093187,0.037539035,0.9015291
0.06597314,0.053898312,0.8801285
0.060078934,0.037013557,0.90290755
0.056877505,0.042041358,0.9010811
0.058630876,0.039768606,0.90160054
0.056085873,0.044022303,0.8998918
0.060544416,0.04146954,0.8979861
0.053521216,0.039023343,0.90745544
0.048088178,0.045440137,0.9064717
0.054174952,0.037986778,0.90783834
0.072035015,0.04005439,0.8879106
0.022122739,0.95502996,0.022847293
0.054292787,0.03855579,0.90715146
0.056895293,0.041301556,0.90180314
0.053259287,0.0415189,0.9052218
0.05886733,0.039425284,0.9017075
0.07587616,0.04058385,0.88354
0.052293446,0.04490402,0.9028025
0.06410424,0.037028298,0.89886737
0.059168477,0.03495361,0.90587795
0.059866406,0.043927703,0.8962059
0.058665458,0.043596465,0.89773816
0.053765755,0.040842958,0.90539134
0.058922358,0.04336185,0.89771575
0.06038629,0.04702889,0.89258474
0.061807685,0.046632107,0.8915602
0.063772075,0.050275724,0.8859522
0.06364593,0.04608933,0.89026475
0.054161955,0.03777423,0.90806377
0.06637461,0.045109108,0.88851625
0.06308869,0.042729657,0.89418155
0.057629045,0.04791633,0.89445466
0.057071645,0.041856576,0.90107167
0.05377004,0.04076651,0.90546346
0.054401834,0.038841285,0.90675694
0.06398521,0.04209592,0.89391875
0.044025075,0.051621538,0.90435344
0.04856037,0.043190487,0.90824914
0.061598517,0.03938449,0.8990169
0.060582753,0.041739658,0.8976776
0.050821494,0.039061435,0.91011703
0.053496227,0.06091588,0.8855879
0.058141556,0.04384471,0.8980138
0.06599418,0.045824572,0.8881813
0.062382095,0.04106127,0.8965566
0.072766826,0.040968243,0.886265
0.05809024,0.0416167,0.900293
0.059846856,0.045551322,0.8946018
0.054688275,0.04219797,0.90311384
0.0512912,0.05451928,0.8941895
0.9751356,0.012037723,0.012826609
0.060154688,0.043710284,0.89613515
0.057187807,0.036815204,0.905997
0.064417526,0.086218916,0.8493635
0.05419638,0.044233795,0.90156984
0.062359553,0.03811963,0.8995208
0.05948112,0.041342437,0.8991765
0.059362594,0.04105908,0.8995783
0.06579778,0.043895025,0.8903072
0.58686286,0.019520612,0.39361653
0.9854778,0.011196348,0.0033258337
0.9801788,0.01514716,0.0046740775
0.018340712,0.97769475,0.0039645205
0.9829638,0.012519545,0.004516601
0.98734355,0.009899448,0.002757043
0.9737664,0.016935527,0.009298046
0.9884201,0.0066016447,0.004978319
0.98349607,0.011721517,0.004782397
0.98446286,0.009473907,0.006063289
0.9809091,0.012311701,0.0067792763
0.9821614,0.014023468,0.0038151285
0.9850798,0.012376131,0.0025440017
0.98593444,0.0101296315,0.0039359503
0.98516315,0.011084,0.003752772
0.9824388,0.012116041,0.005445151
0.9866186,0.009738815,0.0036426848
0.98670363,0.009357392,0.0039390214
0.411473,0.13826431,0.45026273
0.9838395,0.01157769,0.004582855
0.5883928,0.040512614,0.37109464
0.9793331,0.013552871,0.0071140174
0.98772126,0.009141124,0.0031375661
0.9838166,0.011944928,0.00423835
0.9829064,0.012318713,0.004774864
0.9874434,0.009910122,0.0026465163
0.98184997,0.0070492066,0.011100795
0.9877429,0.009168145,0.0030889905
0.98776615,0.008964726,0.0032690796
0.91198176,0.021322453,0.066695765
0.9778024,0.015959803,0.0062377537
0.98523,0.011160786,0.0036092505
0.9846442,0.0113630425,0.0039927005
0.9792828,0.009944073,0.010773128
0.9834669,0.0115846135,0.0049485364
0.9845775,0.012000954,0.003421583
0.9833387,0.011237698,0.0054235924
0.9820354,0.011321875,0.0066428003
0.97919375,0.011761771,0.0090445215
0.98637795,0.009812803,0.003809123
0.97800684,0.013614054,0.008379188
0.98654723,0.0103915045,0.0030612417
0.978084,0.017619284,0.0042967596
0.022502214,0.96998984,0.0075079123
0.9640702,0.016668936,0.01926092
0.98655206,0.010295595,0.0031522685
0.98644954,0.0104107885,0.0031396528
0.98227304,0.010997653,0.0067292983
0.9676953,0.023252243,0.009052511
0.98790354,0.008775399,0.003321022
0.98336744,0.011117951,0.005514545
0.07600975,0.03391077,0.89007956
0.98009515,0.013262166,0.0066426373
0.98285854,0.011933295,0.005208182
0.9850198,0.007789822,0.00719035
0.9758926,0.018315846,0.005791547
0.9832303,0.012220906,0.004548815
0.9841372,0.011972181,0.003890595
0.98488474,0.011026894,0.004088383
0.98492557,0.01136629,0.0037081563
0.98211735,0.010678436,0.007204254
0.20377754,0.24580263,0.5504198
0.9874657,0.00955865,0.0029756255
0.9806786,0.013751597,0.0055697286
0.9866953,0.010236931,0.0030676865
0.9810932,0.013146657,0.0057601994
0.98340076,0.011538672,0.0050606024
0.9829474,0.009884286,0.007168219
0.77822846,0.019944584,0.20182697
0.9756408,0.017285904,0.007073367
0.98642504,0.010065627,0.003509296
0.98567396,0.0075404267,0.0067856493
0.98713624,0.009974996,0.0028887496
0.05647759,0.040878396,0.90264404
0.058999877,0.045170553,0.89582956
0.059733007,0.046930786,0.8933362
0.98316634,0.01200132,0.004832426
0.98497665,0.010788252,0.0042350674
0.9838914,0.010792163,0.005316485
0.98479086,0.011759894,0.0034491657
0.9842672,0.010372551,0.0053602294
0.98528117,0.010660655,0.0040582
0.103177704,0.029756412,0.86706585
0.983691,0.011885228,0.0044238707
0.98637086,0.009236232,0.0043928134
0.10491613,0.035513375,0.85957044
0.9855053,0.010621509,0.0038732423
0.98739606,0.009736977,0.0028670235
0.9871344,0.010151869,0.002713724
0.1676569,0.034349672,0.7979934
0.061371416,0.037662428,0.9009661
0.98548675,0.009093762,0.005419539
0.40973592,0.079217896,0.51104623
0.9849723,0.010119746,0.004907947
0.9824327,0.012647921,0.004919254
0.9825178,0.008625879,0.008856344
0.9856607,0.010880416,0.0034589614
0.9831066,0.011694013,0.005199332
0.9876632,0.009412339,0.0029243613
0.98093903,0.012966103,0.0060949195
0.9766975,0.011150906,0.012151568
0.98856956,0.008902197,0.0025282034
0.98484313,0.010088818,0.0050680246
0.0132121965,0.979267,0.007520734
0.9834253,0.013307227,0.003267452
0.9845024,0.011087389,0.004410258
0.98676956,0.009893693,0.0033367039
0.9709725,0.021778755,0.007248809
0.9881826,0.008591302,0.003226049
0.9855639,0.009681017,0.004755156
0.9878804,0.008818146,0.0033015423
0.9881734,0.009056433,0.00277016
0.9678055,0.011970593,0.02022394
0.07266816,0.036415163,0.8909167
0.05764598,0.042817947,0.899536
0.9873968,0.009539333,0.0030638778
0.9805947,0.012575041,0.0068302574
0.9867252,0.009449428,0.0038253777
0.057987716,0.034931716,0.90708053
0.98621875,0.010053699,0.0037275576
0.9517544,0.011521842,0.03672377
0.9869408,0.009780125,0.0032791323
0.5517578,0.2881413,0.16010094
0.98711884,0.00965849,0.003222576
0.085057415,0.90159583,0.013346788
0.9598623,0.022332603,0.017805103
0.40246046,0.023289146,0.5742504
0.9851622,0.011040778,0.003797005
0.9849593,0.011590868,0.0034497557
0.042243183,0.80019003,0.15756674
0.9823934,0.013423718,0.004182911
0.98346263,0.012075485,0.0044618873
0.08062749,0.3795681,0.5398044
0.042676065,0.9460269,0.011296994
0.9848298,0.01168024,0.0034899616
0.98441124,0.012010649,0.0035781867
0.9802342,0.013225245,0.00654058
0.98292935,0.009874457,0.007196142
0.9736283,0.020000866,0.0063708485
0.9864587,0.0099487,0.003592639
0.36673006,0.03567849,0.59759146
0.9862898,0.0100544235,0.003655723
0.9873584,0.009437041,0.0032045266
0.9778807,0.014747178,0.007372025
0.98814976,0.008334834,0.0035154321
0.061280906,0.056482192,0.88223684
0.98490185,0.011715367,0.0033828341
0.054691106,0.04479041,0.9005184
0.018151466,0.9780568,0.0037917714
0.98103815,0.014694003,0.004267855
0.018325094,0.9773393,0.0043356223
0.016136926,0.9790462,0.0048168767
0.022552272,0.96930367,0.008143997
0.01407467,0.9780763,0.007849049
0.019037055,0.964097,0.016865894
0.06564445,0.1524045,0.781951
0.058833256,0.92616737,0.014999367
0.07150172,0.1746507,0.7538476
0.018737266,0.9714177,0.009844961
0.012926536,0.9798576,0.00721581
0.023360586,0.96888685,0.007752558
0.018468315,0.9754057,0.006125994
0.029231653,0.94098926,0.029779095
0.025265763,0.8967581,0.077976175
0.019247618,0.9766663,0.004086065
0.027799057,0.8332992,0.13890174
0.9837676,0.011782143,0.004450214
0.013867663,0.98078066,0.005351684
0.024285045,0.94851696,0.027197955
0.01763559,0.9761252,0.006239228
0.019240323,0.97534335,0.0054163933
0.021424057,0.9678348,0.010741178
0.018316269,0.97401094,0.0076727313
0.017740363,0.97475886,0.0075007468
0.018385256,0.9738678,0.007746888
0.025111262,0.9684144,0.006474346
0.018843789,0.9764633,0.004692881
0.014976382,0.97672856,0.00829501
0.019474553,0.9757155,0.004809875
0.015178605,0.9793402,0.005481245
0.013503527,0.9710146,0.015481871
0.02292722,0.9348001,0.04227269
0.018238604,0.9770106,0.00475086
0.01695295,0.9771509,0.0058960905
0.025616184,0.95562434,0.01875951
0.019824758,0.9721496,0.008025586
0.11167728,0.04232587,0.84599686
0.052714486,0.050448097,0.8968375
0.023850642,0.9573738,0.01877551
0.015886592,0.97951496,0.0045984965
0.018768117,0.97254217,0.008689714
0.020959053,0.97450155,0.004539358
0.049940396,0.7713444,0.17871524
0.0150999315,0.9790329,0.0058672014
0.017464789,0.97854394,0.0039912825
0.048801012,0.058721717,0.8924773
0.022137292,0.94498575,0.032876935
0.04443505,0.67106926,0.28449568
0.016517332,0.9770017,0.0064809257
0.02086103,0.95817584,0.02096314
0.05424804,0.049032956,0.8967191
0.02032166,0.97343194,0.0062463656
0.015736597,0.9783543,0.0059091193
0.018502224,0.9771966,0.004301254
0.024622206,0.9673372,0.008040636
0.018157568,0.97790784,0.003934526
0.057716172,0.11217815,0.83010566
0.018815927,0.9769258,0.0042582736
0.04111728,0.5065682,0.4523145
0.017399492,0.97870106,0.0038994504
0.020793539,0.9739129,0.0052934918
0.028045079,0.96572167,0.006233306
0.013884663,0.9677032,0.018412162
0.026905777,0.92468244,0.04841179
0.046231303,0.05067608,0.9030926
0.02145598,0.97212064,0.0064234072
0.01776917,0.977773,0.0044577876
0.019119777,0.9749282,0.005952022
0.01667562,0.97773325,0.0055910903
0.018907122,0.97544914,0.0056437813
0.019620966,0.9758774,0.00450159
0.014995728,0.97990227,0.00510204
0.06057342,0.38349065,0.555936
0.07795123,0.70296156,0.21908718
0.016958265,0.97889006,0.004151745
0.022586504,0.9641615,0.013252012
0.018104149,0.9778917,0.004004233
0.017542986,0.97670573,0.0057512647
0.02418712,0.94377023,0.032042727
0.036338005,0.90479463,0.058867324
0.05515379,0.555404,0.38944215
0.04508034,0.71558094,0.23933874
0.07239325,0.49399394,0.43361285
0.024635008,0.9697323,0.0056326645
0.035891324,0.80657774,0.15753089
0.019986479,0.97435397,0.0056595095
0.016177196,0.9800529,0.003769942
0.020407997,0.97375643,0.0058355806
0.017093942,0.9790431,0.003862905
0.018096734,0.9779685,0.00393477
0.017607858,0.96795064,0.014441457
0.018684162,0.97530895,0.0060069105
0.019473577,0.97661996,0.0039063883
0.015369474,0.97962373,0.005006822
0.059219625,0.796617,0.14416336
0.016892591,0.9760518,0.0070556463
0.06672047,0.04013349,0.89314604
0.044961337,0.6360117,0.31902695
0.016315235,0.9802449,0.0034399556
0.02102585,0.97332066,0.0056535075
0.019373553,0.9749302,0.005696134
0.018002039,0.976182,0.005815938
0.034961652,0.484993,0.48004535
0.10248452,0.55728185,0.3402336
0.017504565,0.9774261,0.0050693057
0.9849997,0.010289437,0.004710848
0.024515925,0.9674036,0.008080546
0.022179702,0.97304225,0.004777996
0.018159235,0.97704315,0.0047976417
0.017502083,0.9782422,0.0042556915
0.019632079,0.97500086,0.0053671114
0.019820398,0.9747874,0.0053922012
0.023549488,0.9677021,0.00874839
0.018868534,0.9758379,0.0052936054
0.017421434,0.9785008,0.0040777805
0.15463643,0.047980215,0.79738337
0.017736582,0.9783653,0.0038981128
0.014597148,0.9802988,0.0051041045
0.054434273,0.61300963,0.33255607
0.014063304,0.9801538,0.005782852
0.019058459,0.9765584,0.004383224
0.01850587,0.9773891,0.0041050934
0.018374987,0.97570306,0.005921952
0.06190966,0.36178753,0.5763028
0.01639741,0.97275394,0.010848615
0.020222936,0.97534764,0.004429393
0.054179717,0.050230533,0.89558977
0.05736753,0.051801942,0.8908305
0.028060203,0.939262,0.0326778
0.068638444,0.5809095,0.35045207
0.9290175,0.04531417,0.025668392
0.057448648,0.05089668,0.8916547
0.9849266,0.010349137,0.0047243186
0.048829682,0.041888785,0.90928155
0.9847429,0.010939506,0.004317571
0.055318058,0.040928632,0.90375334
0.05982604,0.037548024,0.9026259
0.057396654,0.04914192,0.8934614
0.061829638,0.04149019,0.8966802
0.069671586,0.039082218,0.8912462
0.047921255,0.040334046,0.91174465
0.018007351,0.97790146,0.004091233
0.06145218,0.043853607,0.8946942
0.057686474,0.037739463,0.90457404
0.058724165,0.1551715,0.7861044
0.059080936,0.04909954,0.8918194
0.05234116,0.044032652,0.9036262
0.058154907,0.04450191,0.89734316
0.04945698,0.03563122,0.91491187
0.05729955,0.040236607,0.9024639
0.06428156,0.03744022,0.89827824
0.02735154,0.9604161,0.012232365
0.066710345,0.06606205,0.86722755
0.8338141,0.026620312,0.13956562
0.055400882,0.09723157,0.8473675
0.060261697,0.047253773,0.8924845
0.055897966,0.06885646,0.87524563
0.06040008,0.060223386,0.8793765
0.0299374,0.9562082,0.0138543695
0.05462145,0.045128267,0.9002503
0.056214273,0.039629005,0.90415674
0.01931898,0.9745603,0.006120685
0.02026107,0.97432816,0.0054107555
0.12304524,0.54903245,0.3279223
0.057428982,0.07399275,0.86857826
0.056410693,0.048156474,0.89543283
0.060345758,0.040672794,0.8989815
0.05405984,0.045323335,0.9006168
0.98040515,0.010987464,0.008607332
0.8788399,0.015419517,0.10574051
0.06643432,0.035961334,0.89760435
0.051152505,0.043032683,0.9058148
0.05867734,0.04032831,0.90099436
0.9663511,0.010766689,0.022882288
0.054064732,0.047433216,0.898502
0.065267235,0.052035574,0.8826972
0.06727239,0.057766337,0.87496126
0.061146673,0.042938113,0.8959152
0.052892648,0.0463596,0.9007478
0.062232364,0.044890005,0.8928776
0.019494828,0.9743498,0.0061553232
0.0649205,0.039098468,0.895981
0.065296926,0.04684825,0.88785475
0.058476135,0.040544815,0.9009791
0.073209204,0.04358733,0.88320345
0.05368441,0.052826308,0.89348924
0.015034908,0.9795885,0.005376591
0.058919333,0.048655413,0.89242524
0.057013843,0.04062676,0.90235937
0.056604538,0.36525333,0.5781421
0.054563213,0.03997782,0.9054589
0.9840588,0.0092325965,0.006708694
0.060076907,0.062256947,0.8776661
0.056143474,0.03264443,0.91121215
0.028340152,0.8098254,0.16183445
0.023746891,0.96727496,0.008978164
0.9856877,0.010377382,0.0039349655
0.056135368,0.03877008,0.9050946
0.050902117,0.85174507,0.09735285
0.056120157,0.03637571,0.90750414
0.058212325,0.044873312,0.89691436
0.07436943,0.11031415,0.81531644
0.98058736,0.014277138,0.00513561
0.06619906,0.5189192,0.4148817
0.06433797,0.037473075,0.89818895
0.048488088,0.056055244,0.8954566
0.049888343,0.038194723,0.91191703
0.06454428,0.03680317,0.89865255
0.05817781,0.03796809,0.90385413
0.05568621,0.042947005,0.90136683
0.055697937,0.037890077,0.90641195
0.056814864,0.04616761,0.8970175
0.05666123,0.061325256,0.8820135
0.04156248,0.07627731,0.8821601
0.9844498,0.011383012,0.0041671786
0.060044352,0.043715414,0.89624023
0.053877737,0.049853098,0.89626914
0.042356227,0.074301206,0.88334256
0.05403249,0.04536681,0.9006008
0.017658982,0.97551286,0.0068281195
0.053068906,0.048461556,0.8984695
0.06094564,0.040837124,0.89821726
0.0628798,0.06739434,0.8697259
0.064434975,0.044763755,0.8908013
0.04451445,0.14060584,0.8148797
0.061234374,0.04506329,0.8937023
0.06252439,0.04390557,0.89357007
0.091770515,0.035832718,0.8723967
0.056602553,0.036101956,0.90729547
0.05672479,0.05117156,0.8921037
0.055082083,0.04809039,0.8968275
0.062211532,0.042809546,0.89497894
0.05575088,0.04710769,0.89714146
0.12986675,0.042710654,0.8274226
0.057238445,0.04521306,0.89754856
0.10832483,0.0698715,0.8218037
0.05479955,0.040249124,0.9049514
0.06085187,0.041436628,0.8977115
0.054093827,0.05999347,0.8859128
0.04749156,0.044072893,0.9084355
0.98582315,0.009913204,0.004263616
0.065882236,0.05348348,0.8806342
0.07895174,0.032370098,0.88867813
0.45864108,0.042535465,0.4988235
0.051777754,0.040245872,0.90797645
0.06183741,0.046609,0.8915536
0.06186388,0.042053822,0.8960823
0.06337922,0.044876814,0.89174396
0.018028004,0.97806746,0.0039045447
0.058397427,0.044906233,0.89669627
0.09127723,0.050915178,0.85780764
0.05921748,0.04602863,0.89475393
0.9743422,0.011332345,0.014325427
0.12554836,0.02844436,0.8460073
0.9857722,0.010167604,0.004060223
0.05316778,0.044488464,0.90234375
0.05891222,0.03516092,0.90592694
0.062127803,0.04518812,0.89268404
0.066637136,0.04697674,0.8863861
0.05588855,0.047385696,0.8967258
0.05586392,0.035910305,0.9082257
0.056988664,0.037520356,0.905491
0.9539276,0.011291659,0.034780756
0.08230332,0.029822849,0.8878737
0.13298206,0.42885235,0.43816566
0.07995633,0.038541835,0.88150185
0.022922937,0.9642936,0.01278348
0.09626428,0.044483785,0.859252
0.052788205,0.0434012,0.9038106
0.051500116,0.13021623,0.8182837
0.08387978,0.04036404,0.87575614
0.057504173,0.07405345,0.86844236
0.053213794,0.037022457,0.9097637
0.05301001,0.042036872,0.90495306
0.06005544,0.045287974,0.8946566
0.05886882,0.0555457,0.88558555
0.06332562,0.040886093,0.89578825
0.09433931,0.06891909,0.8367415
0.063855104,0.052066147,0.8840788
0.06879571,0.03643024,0.89477396
0.02220079,0.96922326,0.008575899
0.057860933,0.0396896,0.9024495
0.049436178,0.045587238,0.9049766
0.057722267,0.10557302,0.8367047
0.011564516,0.9836802,0.004755346
0.019129252,0.9697128,0.011157994
0.03311972,0.954291,0.012589254
0.05528859,0.05413985,0.8905716
0.06657679,0.06412012,0.8693031
0.06235718,0.04515608,0.89248675
0.064552605,0.051692486,0.88375485
0.064891726,0.04149008,0.8936182
0.05769168,0.048628736,0.8936796
0.058563333,0.043947656,0.897489
0.052778374,0.047541797,0.8996799
0.061116084,0.042979546,0.89590436
0.9824798,0.012648527,0.004871682
0.09341823,0.04458246,0.86199933
0.05852204,0.043745458,0.8977325
0.066370875,0.11153086,0.8220982
0.058040477,0.048565723,0.89339375
0.055285268,0.059399378,0.88531536
0.055190194,0.03961637,0.9051934
0.05477802,0.042391226,0.9028308
0.030864246,0.9206742,0.04846153
0.057399154,0.04735378,0.89524716
0.09262683,0.119604945,0.7877682
0.06632101,0.03365912,0.9000198
0.14853626,0.04317378,0.80829
0.1626587,0.03641388,0.80092746
0.98455334,0.010355323,0.005091333
0.072758295,0.05375349,0.8734881
0.98726857,0.0090216715,0.003709725
0.9883321,0.008934893,0.002732983
0.98543614,0.010788016,0.0037758714
0.9858438,0.011544768,0.0026114462
0.9877446,0.009330744,0.0029246022
0.98422873,0.010514926,0.0052563474
0.02496213,0.9678476,0.0071902857
0.9868982,0.008749363,0.0043524494
0.0639521,0.04280981,0.8932381
0.9804865,0.015330522,0.004182954
0.9871731,0.008557418,0.004269454
0.9878945,0.008861436,0.0032440606
0.9872528,0.00994699,0.0028002027
0.98784375,0.009487893,0.0026683547
0.989417,0.008096661,0.0024862804
0.9850884,0.010200317,0.004711272
0.98609656,0.010326074,0.003577319
0.9856285,0.011570459,0.002801061
0.9889148,0.008480921,0.0026042769
0.9868745,0.009827335,0.0032981806
0.98610663,0.011491597,0.0024017228
0.9876517,0.009513882,0.0028343552
0.9865891,0.010361544,0.0030494365
0.9866595,0.010367346,0.002973196
0.98868215,0.008739537,0.0025783614
0.9856104,0.009634318,0.004755381
0.98763925,0.008798791,0.0035619834
0.98553145,0.010487796,0.003980718
0.82665396,0.03479304,0.13855305
0.9852266,0.011662146,0.0031113573
0.98300236,0.011522739,0.0054749427
0.025009293,0.9635407,0.011450089
0.98101026,0.014779934,0.0042097825
0.055581227,0.040347643,0.9040711
0.9829124,0.0120393,0.00504822
0.98363125,0.012650989,0.0037177778
0.9879804,0.008497767,0.003521701
0.9867083,0.01104731,0.002244397
0.9841159,0.011631947,0.0042520775
0.9889893,0.008390937,0.0026197783
0.9725223,0.01056379,0.01691389
0.98456615,0.010580343,0.0048535047
0.9846645,0.009643888,0.0056915386
0.98546636,0.011722082,0.0028115613
0.8808106,0.015051937,0.10413736
0.9857722,0.009711475,0.0045162546
0.9820815,0.011579596,0.0063389014
0.9870335,0.0103106825,0.0026557713
0.9822222,0.013290948,0.0044868267
0.9893385,0.008223513,0.0024379978
0.977844,0.01701475,0.005141286
0.97872263,0.0166193,0.004658027
0.9888003,0.008860904,0.0023387517
0.98677075,0.010511244,0.0027180277
0.9873935,0.009548622,0.0030578892
0.98786664,0.009214176,0.0029192565
0.9749374,0.010936863,0.014125735
0.97458005,0.013928817,0.011491148
0.98839617,0.00871145,0.0028924365
0.98353106,0.012105844,0.0043630893
0.9812072,0.0127436565,0.0060491418
0.05918929,0.4637448,0.47706592
0.98634875,0.010424985,0.0032263573
0.9893351,0.008287982,0.0023768668
0.987772,0.009533643,0.0026943444
0.98439956,0.010424724,0.0051757535
0.98732436,0.009918609,0.0027569896
0.98461884,0.010611955,0.00476919
0.98645324,0.010969213,0.0025775784
0.9887573,0.008689139,0.0025534988
0.9898246,0.0072042863,0.0029711053
0.9861108,0.011302442,0.0025867682
0.98074806,0.014426652,0.00482525
0.7701248,0.032731876,0.19714336
0.9860909,0.011357535,0.0025515915
0.99009866,0.0074132825,0.0024879933
0.07603978,0.033528943,0.8904313
0.9874505,0.009642882,0.0029066503
0.17235215,0.0866218,0.7410261
0.985238,0.011030849,0.0037311309
0.98771197,0.009357811,0.002930223
0.9861676,0.00984911,0.003983288
0.9865311,0.008610513,0.004858444
0.9872866,0.009841045,0.00287231
0.98699015,0.009818894,0.0031908427
0.070344985,0.032427195,0.8972279
0.98243386,0.012163401,0.00540275
0.1400556,0.041587766,0.81835663
0.98532355,0.010113472,0.0045629535
0.98750126,0.009540343,0.0029583478
0.06451164,0.045367446,0.8901209
0.97586095,0.019166123,0.004973
0.9883807,0.0089703025,0.0026490283
0.9887058,0.008680206,0.002613917
0.983906,0.011015935,0.0050780578
0.9890532,0.0069635776,0.0039832564
0.98846906,0.008797589,0.002733362
0.9829233,0.012324941,0.004751688
0.9854134,0.010045489,0.0045411414
0.98851556,0.008089284,0.0033952459
0.9839925,0.010899192,0.005108348
0.9863002,0.008761156,0.004938619
0.9838213,0.0071886177,0.0089901695
0.9883681,0.008745297,0.0028867105
0.98809904,0.009216343,0.002684729
0.986349,0.011272099,0.0023789671
0.9853499,0.010583597,0.004066418
0.9877172,0.0093122795,0.0029705758
0.9869556,0.009713641,0.003330821
0.9836586,0.011723454,0.0046179495
0.9863448,0.010435128,0.0032200492
0.98731357,0.008969373,0.0037171468
0.98317885,0.012268095,0.004553022
0.98641276,0.009595195,0.003992067
0.97314936,0.009709606,0.017141033
0.9855494,0.009891113,0.004559544
0.98776996,0.00834792,0.0038821432
0.9867867,0.010262906,0.002950439
0.98079944,0.014568991,0.0046315854
0.9856387,0.010106833,0.0042545
0.98712534,0.010013926,0.0028606448
0.9750797,0.02098173,0.003938502
0.98840106,0.008643701,0.0029552656
0.9865177,0.010305295,0.0031768815
0.9856844,0.011408421,0.002907124
0.9849488,0.010543192,0.0045080776
0.9807848,0.014113646,0.0051016496
0.98555726,0.011966062,0.0024765814
0.4301142,0.049546815,0.52033895
0.9864618,0.010883943,0.0026542332
0.9854761,0.009689614,0.004834328
0.98681635,0.010079459,0.0031042285
0.9880763,0.0075146444,0.0044090115
0.9861858,0.011160709,0.0026534905
0.9446523,0.016622843,0.038724832
0.98470163,0.010769452,0.0045290072
0.9887776,0.00834013,0.0028822718
0.98660207,0.010336415,0.003061412
0.98737735,0.009870826,0.0027517579
0.981296,0.011706722,0.0069972333
0.98849034,0.008901483,0.0026082485
0.3194464,0.05204644,0.62850714
0.336133,0.04411259,0.61975443
0.05910078,0.052258227,0.88864106
0.98679084,0.009826503,0.0033827089
0.017882185,0.978243,0.0038748544
0.017820533,0.97773063,0.0044488967
0.019363025,0.96634567,0.014291349
0.018164193,0.97730994,0.004525843
0.015579805,0.9790674,0.0053527807
0.024981698,0.94201976,0.032998554
0.016879475,0.97911125,0.004009227
0.015171011,0.97980654,0.005022449
0.018120661,0.9778282,0.0040511703
0.058875047,0.5577733,0.38335162
0.0183494,0.96912515,0.01252543
0.019315707,0.9687026,0.011981688
0.6761654,0.1722602,0.15157436
0.023039345,0.9691905,0.0077701486
0.013758148,0.98066676,0.0055751037
0.018982936,0.9760189,0.0049981503
0.017212318,0.978629,0.0041587525
0.017263332,0.9786582,0.004078436
0.016318003,0.9794542,0.004227805
0.017928358,0.9778998,0.004171918
0.017790154,0.9779719,0.0042379294
0.019922135,0.97406685,0.006010989
0.01926044,0.9768399,0.0038996444
0.017768258,0.9597486,0.022483129
0.018133666,0.9780523,0.0038140367
0.014703446,0.9807103,0.0045861583
0.015373927,0.98038596,0.0042401007
0.014234233,0.9805088,0.0052569765
0.017941628,0.97814584,0.0039124917
0.017670607,0.9714002,0.010929153
0.019193,0.97675234,0.0040546246
0.014531436,0.9806625,0.004806019
0.017207336,0.97882354,0.003969098
0.017458422,0.9701011,0.012440473
0.023174409,0.97059745,0.0062281773
0.018103413,0.9702424,0.01165425
0.017577076,0.978126,0.004296944
0.01817958,0.97813785,0.003682601
0.019472832,0.9765826,0.0039445725
0.018113535,0.97792107,0.0039654383
0.016338797,0.97878885,0.0048723756
0.021752864,0.9712399,0.007007163
0.016254202,0.97944313,0.0043027303
0.022515366,0.9710307,0.0064539104
0.018521508,0.9772602,0.0042183343
0.017419685,0.97888047,0.0036998214
0.016908266,0.9783896,0.0047021387
0.01920343,0.97585267,0.0049439045
0.018221665,0.97753406,0.004244313
0.017895246,0.9775245,0.0045801974
0.015950136,0.97816485,0.0058849426
0.01906067,0.97571826,0.005221084
0.019162193,0.97613734,0.0047004856
0.015628492,0.9811684,0.0032031501
0.017017037,0.97940904,0.0035739383
0.018501882,0.97765577,0.003842392
0.019190842,0.9766426,0.004166555
0.015058974,0.97924197,0.0056990213
0.018444799,0.9770219,0.0045333547
0.023300497,0.9697035,0.006996078
0.058701295,0.087906204,0.85339254
0.014913643,0.97930855,0.0057778647
0.051386595,0.052323405,0.89629006
0.022178968,0.97016364,0.007657365
0.016490528,0.9773233,0.006186178
0.019752344,0.9761954,0.0040523126
0.017729545,0.97845477,0.0038156062
0.13765067,0.041279804,0.8210695
0.017405787,0.9776219,0.0049722525
0.018209165,0.977818,0.0039727725
0.0234141,0.96968496,0.0069009475
0.015116939,0.98013556,0.0047474746
0.016469203,0.9794012,0.0041296445
0.016983079,0.9793656,0.0036513908
0.01808049,0.97804546,0.0038740719
0.049125444,0.101106934,0.8497676
0.02930975,0.8101797,0.16051054
0.016864248,0.978228,0.0049077757
0.017439669,0.9785689,0.0039913845
0.019034304,0.9686762,0.012289473
0.018701995,0.9771937,0.004104273
0.018083468,0.977729,0.0041875155
0.017338734,0.9786226,0.004038655
0.017616576,0.97793365,0.0044498206
0.018485691,0.96967196,0.0118423775
0.023394212,0.97028154,0.006324197
0.025770653,0.9679815,0.0062478925
0.014386052,0.9813364,0.0042774985
0.01712258,0.9792478,0.0036296216
0.098273896,0.13998261,0.76174355
0.024071494,0.96954715,0.006381426
0.023120603,0.970711,0.0061683725
0.01782266,0.97832483,0.003852539
0.019347591,0.9533946,0.027257847
0.01727892,0.9790637,0.0036574015
0.018019773,0.9780984,0.0038818559
0.019031057,0.9770608,0.0039081513
0.054152258,0.04589115,0.8999566
0.016644984,0.9802351,0.0031198736
0.013883759,0.98191905,0.0041972552
0.017545985,0.97830474,0.0041492623
0.058019552,0.04146471,0.9005157
0.018677054,0.9773211,0.004001897
0.015873652,0.98015183,0.0039744843
0.015658394,0.9792132,0.005128413
0.01712098,0.9791564,0.0037226125
0.018660925,0.97695404,0.004385
0.01701836,0.9785291,0.00445253
0.016578143,0.97677577,0.00664605
0.02280885,0.9712787,0.005912395
0.016877936,0.9799785,0.0031435199
0.01732706,0.9770091,0.0056638583
0.018401854,0.9752231,0.0063750558
0.022146426,0.9715825,0.006271135
0.018823521,0.9768431,0.004333421
0.01867513,0.9772205,0.0041043856
0.018800521,0.9770797,0.004119856
0.016899055,0.97976846,0.0033324992
0.018050572,0.97785836,0.004091053
0.016596096,0.9792668,0.0041371505
0.018150361,0.9770427,0.004807019
0.022548137,0.96818,0.009271828
0.018854793,0.97703356,0.0041116234
0.017178608,0.9786219,0.0041995333
0.019025797,0.97679067,0.0041834963
0.016692398,0.9791949,0.004112678
0.016451692,0.9797941,0.0037542528
0.013394726,0.98218817,0.004417112
0.018072097,0.9780688,0.003859061
0.018842174,0.96830857,0.012849247
0.016198318,0.98037463,0.0034269986
0.015759537,0.98073775,0.0035027186
0.016573258,0.9774418,0.005984876
0.01853942,0.9772505,0.0042100623
0.017284341,0.9755526,0.007163091
0.05715358,0.057069916,0.88577646
0.016050054,0.9804551,0.0034948767
0.01791991,0.9779163,0.0041638482
0.017280046,0.97864956,0.0040704426
0.06293506,0.5423503,0.39471465
0.98303634,0.011693177,0.0052705277
0.019028736,0.97598785,0.0049833707
0.018774033,0.96763736,0.013588617
0.017560013,0.9786089,0.0038311437
0.017467063,0.97867143,0.0038614385
0.02441502,0.9686104,0.0069745565
0.015918832,0.9805448,0.003536397
0.018653061,0.97654235,0.0048045577
0.016940042,0.9787935,0.004266415
0.017521737,0.978385,0.004093256
0.05950098,0.049763504,0.89073545
0.016748171,0.9795925,0.0036593769
0.018367106,0.9776685,0.0039644144
0.016374644,0.9799788,0.0036465481
0.01916184,0.9761194,0.004718796
0.045955654,0.7125769,0.2414674
0.018141134,0.9779775,0.0038813762
0.017848453,0.9783066,0.0038449499
0.018252581,0.97775936,0.0039880825
0.016801724,0.97937167,0.0038266482
0.016208902,0.9795792,0.0042118602
0.013896678,0.9818733,0.0042299777
0.017031122,0.978785,0.004183858
0.01764953,0.9783288,0.0040217023
0.017201182,0.9789514,0.0038474842
0.018323138,0.9777123,0.003964592
0.019941209,0.9626997,0.017359095
0.016685612,0.9783191,0.004995274
0.01747452,0.9786112,0.003914353
0.018948246,0.97661656,0.004435156
0.015812736,0.97925514,0.004932158
0.057360705,0.039212216,0.9034271
0.016650386,0.97959614,0.0037534942
0.02098557,0.97478205,0.0042323642
0.018915659,0.976843,0.004241313
0.0151627045,0.9792701,0.0055671637
0.0232093,0.9198775,0.056913108
0.015440846,0.98033583,0.004223354
0.01677903,0.9794826,0.0037384275
0.016721357,0.9785019,0.004776735
0.016632296,0.97948796,0.0038797855
0.016073033,0.97898656,0.004940445
0.017286802,0.9780764,0.0046368036
0.01671769,0.9797212,0.003561139
0.018244248,0.97683585,0.004919973
0.019682368,0.96328396,0.01703367
0.016725935,0.969258,0.014016044
0.020578424,0.9619569,0.01746468
0.017846737,0.9715484,0.010604865
0.015711397,0.97965336,0.0046352176
0.01914561,0.97576886,0.0050854823
0.05850887,0.041327253,0.9001638
0.015243838,0.9797146,0.0050416333
0.018785333,0.97724426,0.0039704414
0.018216183,0.9777173,0.004066565
0.018518077,0.9770792,0.0044027264
0.020965122,0.9686158,0.010419109
0.018605156,0.97736925,0.0040256125
0.0174026,0.9788759,0.003721546
0.01785644,0.977789,0.004354594
0.017726148,0.97778976,0.0044840607
0.019078184,0.976138,0.004783845
0.01797972,0.97783226,0.0041879574
0.019876989,0.96712554,0.012997513
0.022137472,0.97166395,0.006198594
0.016438965,0.97903603,0.0045249895
0.019963842,0.97515327,0.004882804
0.013749667,0.98197836,0.004271945
0.018200299,0.97781914,0.0039805444
0.01846538,0.9771573,0.0043773544
0.019031364,0.9751701,0.005798573
0.048162952,0.08129038,0.8705467
0.044499263,0.037380762,0.91811997
0.06926852,0.045073885,0.88565755
0.05237417,0.06135131,0.8862745
0.03338078,0.95386237,0.012756824
0.055643182,0.04170535,0.9026514
0.05520712,0.042411517,0.9023813
0.054944266,0.041251946,0.9038038
0.07034129,0.05068967,0.87896895
0.05823106,0.049807664,0.89196134
0.95422727,0.023221571,0.02255112
0.05858015,0.04257657,0.8988433
0.057980046,0.040358186,0.9016618
0.061538447,0.0442596,0.894202
0.058432784,0.040376514,0.90119076
0.053534523,0.048482634,0.89798284
0.05429074,0.038592007,0.9071173
0.055342417,0.04138888,0.90326875
0.056530274,0.04613867,0.897331
0.05631266,0.041038603,0.90264875
0.05840477,0.040396582,0.9011986
0.04673143,0.052362278,0.9009063
0.11859634,0.033086136,0.8483175
0.05080858,0.034852054,0.9143394
0.059925854,0.03814703,0.9019272
0.050802015,0.09078576,0.85841227
0.06305173,0.045904938,0.8910433
0.07231731,0.039117172,0.88856554
0.04952758,0.048238743,0.9022336
0.9821285,0.012533362,0.005338146
0.9882124,0.008872948,0.00291458
0.05552871,0.04433625,0.900135
0.05396052,0.04091093,0.90512854
0.060968775,0.038716283,0.9003149
0.05757193,0.036559224,0.9058688
0.050374873,0.04087457,0.90875053
0.06387218,0.04661594,0.88951194
0.06256436,0.03803996,0.8993957
0.054281265,0.031646524,0.9140722
0.05171261,0.038570542,0.90971684
0.060259305,0.045110103,0.8946307
0.10092024,0.045167394,0.85391235
0.98197204,0.010908725,0.0071192686
0.045691475,0.0334286,0.92087996
0.052509703,0.041396856,0.9060935
0.060603503,0.043163583,0.8962329
0.053377077,0.047776867,0.8988461
0.06332128,0.04487959,0.89179915
0.053224266,0.0341634,0.9126124
0.055639546,0.042869132,0.90149134
0.05986125,0.035657626,0.9044811
0.059538256,0.042177737,0.898284
0.062463466,0.044837233,0.8926993
0.06009459,0.04553932,0.894366
0.0641691,0.048272103,0.8875588
0.05316711,0.040526483,0.9063064
0.06027783,0.046126436,0.8935957
0.056613553,0.046048976,0.8973375
0.031524062,0.86460656,0.103869356
0.05411097,0.043098915,0.90279007
0.07303549,0.04499586,0.8819686
0.056516666,0.061138935,0.8823444
0.017249072,0.97880507,0.003945835
0.058140684,0.046923105,0.89493614
0.057611555,0.04382856,0.8985599
0.05913297,0.04126131,0.8996057
0.053441335,0.047069788,0.89948887
0.059559513,0.04139692,0.8990435
0.04972586,0.042657573,0.90761656
0.050661035,0.045191053,0.90414786
0.052952655,0.04263184,0.9044154
0.9883791,0.008745395,0.0028754885
0.05334242,0.04443888,0.90221864
0.45384637,0.04940172,0.49675193
0.0477643,0.0412559,0.9109798
0.047837585,0.033526726,0.9186358
0.055521265,0.050159283,0.8943194
0.05707186,0.044927653,0.89800054
0.054296993,0.046420008,0.899283
0.06158856,0.043481328,0.8949301
0.05271241,0.038584057,0.9087035
0.023174781,0.96353,0.013295167
0.06765107,0.042959664,0.88938934
0.054348692,0.037344154,0.90830714
0.9871868,0.008286153,0.0045271544
0.019107364,0.9766768,0.0042158165
0.98149806,0.008907839,0.00959412
0.06868216,0.032332454,0.8989854
0.06508851,0.034635827,0.9002757
0.053905245,0.04145185,0.9046429
0.05588353,0.049220808,0.8948957
0.09994602,0.034330245,0.86572367
0.063135765,0.040703844,0.8961604
0.05683845,0.04225938,0.90090215
0.056555446,0.03646149,0.90698314
0.058908287,0.044466313,0.89662534
0.060862914,0.04038538,0.89875174
0.9773613,0.012053422,0.010585295
0.05693009,0.053402595,0.8896673
0.080380306,0.04654327,0.8730764
0.058788203,0.042034548,0.89917725
0.071920104,0.036376216,0.8917037
0.06867946,0.040236805,0.8910837
0.08380284,0.035242617,0.8809545
0.05960337,0.041569244,0.89882743
0.060186766,0.0462596,0.8935537
0.07740436,0.07151745,0.8510782
0.05755641,0.045619886,0.8968237
0.052301507,0.042107604,0.9055909
0.051012643,0.1763213,0.77266604
0.069913305,0.044439603,0.88564706
0.061136745,0.045277942,0.8935854
0.05667223,0.042424813,0.9009029
0.8664141,0.016501075,0.11708477
0.9884072,0.008711548,0.0028811921
0.06294969,0.04527459,0.8917757
0.06195685,0.050419778,0.88762337
0.015954867,0.97941107,0.004634071
0.060030214,0.040213924,0.89975584
0.05612728,0.04199636,0.90187633
0.046920694,0.035176314,0.917903
0.044930406,0.26246005,0.6926095
0.052688338,0.04256427,0.9047474
0.05907225,0.04180677,0.899121
0.023438532,0.9683298,0.008231716
0.018433308,0.97593653,0.0056300825
0.020839525,0.9746381,0.0045222943
0.060665395,0.036473442,0.9028611
0.04884259,0.05704704,0.8941104
0.025923135,0.9595495,0.014527367
0.04267948,0.87244225,0.08487829
0.06826824,0.039472066,0.89225966
0.014748452,0.97892064,0.006330853
0.40851143,0.052934904,0.5385536
0.051931426,0.045806948,0.9022616
0.016447121,0.9766564,0.0068964716
0.05992146,0.055229194,0.8848494
0.05605246,0.041512523,0.902435
0.05699325,0.04053284,0.9024739
0.061839655,0.047879405,0.89028096
0.9864101,0.010114743,0.0034751396
0.055867426,0.037179403,0.9069532
0.05512188,0.03638001,0.90849817
0.06333681,0.040278997,0.8963842
0.054248735,0.04595047,0.8998008
0.04717346,0.051356543,0.90146995
0.059684325,0.04158507,0.89873064
0.048584484,0.09442964,0.85698587
0.061024446,0.048771862,0.8902038
0.05482551,0.04420437,0.9009701
0.055936642,0.10094257,0.8431208
0.055611495,0.04159012,0.9027984
0.05459692,0.039827105,0.90557593
0.055110365,0.03235819,0.9125315
0.07044523,0.036297526,0.8932572
0.04964905,0.02941609,0.92093486
0.05220892,0.040265203,0.90752584
0.052828472,0.0386879,0.9084836
0.049897477,0.042017885,0.90808463
0.05751823,0.043184467,0.89929724
0.061034467,0.050352883,0.8886126
0.05572038,0.03683792,0.9074416
0.055231486,0.040665533,0.90410304
0.058623474,0.04384268,0.89753383
0.054894634,0.04079423,0.9043111
0.055922274,0.042418964,0.90165883
0.05713944,0.045112822,0.89774776
0.06377434,0.04242068,0.89380497
0.056055196,0.038375933,0.9055689
0.061605178,0.036642715,0.9017522
0.060319737,0.044152416,0.89552784
0.05514931,0.04341419,0.90143645
0.057351187,0.04025321,0.9023956
0.05141811,0.036728933,0.911853
0.05681697,0.04218157,0.90100145
0.056133028,0.041898243,0.90196866
0.06870389,0.040765382,0.8905307
0.05099783,0.04061933,0.9083828
0.0507288,0.04612149,0.9031497
0.0688352,0.043711606,0.8874532
0.050931647,0.04628331,0.902785
0.058047403,0.042323478,0.8996291
0.06470028,0.035574216,0.8997255
0.05355503,0.047679372,0.8987656
0.06659092,0.03170977,0.9016993
0.061637986,0.044897582,0.89346445
0.052460793,0.04493787,0.90260136
0.06357893,0.040118314,0.89630276
0.051578183,0.04394516,0.9044767
0.062391847,0.037621483,0.8999866
0.057424236,0.035051353,0.90752435
0.058046624,0.04540586,0.89654756
0.053381477,0.04373922,0.9028793
0.056237593,0.03657664,0.9071858
0.05146319,0.04519489,0.903342
0.058885254,0.04615191,0.8949628
0.04880319,0.033714317,0.91748255
0.052879564,0.04130348,0.905817
0.061122034,0.040696174,0.89818174
0.06053107,0.045180988,0.89428794
0.060933735,0.051487032,0.8875793
0.065776944,0.041586403,0.8926366
0.05803919,0.041580126,0.9003807
0.05391435,0.037748713,0.90833694
0.06035444,0.047095977,0.89254963
0.0573034,0.044129543,0.8985671
0.055742223,0.03977886,0.90447897
0.05406965,0.043829717,0.9021007
0.08050554,0.037769053,0.88172543
0.054085746,0.04574535,0.9001689
0.0605679,0.04197465,0.8974575
0.06718649,0.03211075,0.9007028
0.060624976,0.047191728,0.89218336
0.052006636,0.046187956,0.9018054
0.051594254,0.03877461,0.9096311
0.05373636,0.04180907,0.9044545
0.0611913,0.04136369,0.897445
0.07070988,0.03835055,0.8909396
0.05931208,0.047126357,0.8935616
0.052088432,0.038936306,0.90897524
0.14348185,0.040058047,0.8164601
0.05687567,0.04689901,0.89622533
0.061753508,0.04529027,0.8929562
0.054154925,0.044524882,0.9013202
0.03401983,0.025604393,0.9403758
0.06336752,0.046792775,0.8898397
0.05597848,0.042337384,0.9016841
0.05496151,0.039183445,0.90585506
0.059179228,0.044021238,0.8967995
0.05871607,0.043210037,0.898074
0.09097079,0.033613678,0.8754155
0.06248926,0.0347975,0.90271324
0.055313304,0.048481274,0.8962055
0.05594833,0.044172414,0.8998793
0.054262366,0.041746844,0.9039908
0.060259208,0.044237524,0.8955033
0.11135771,0.04341709,0.84522516
0.06883864,0.03670302,0.89445835
0.049996626,0.034767196,0.9152362
0.06095075,0.036359828,0.90268946
0.054482248,0.04360704,0.90191066
0.06419805,0.039128676,0.89667326
0.05043491,0.03527808,0.91428703
0.05820782,0.03747185,0.9043204
0.080700316,0.06116914,0.85813046
0.98395073,0.011624318,0.0044250386
0.056931596,0.04157077,0.90149766
0.14909029,0.04905685,0.8018529
0.05667647,0.04191322,0.9014104
0.06196903,0.05023308,0.8877979
0.05617071,0.043895572,0.8999338
0.0611607,0.045339946,0.89349926
0.06506362,0.042008225,0.8929281
0.062245388,0.045561943,0.89219266
0.055875294,0.039255634,0.9048691
0.0632364,0.036101457,0.90066206
0.04960033,0.043304443,0.90709525
0.053076543,0.04083453,0.9060889
0.061120477,0.036764994,0.90211457
0.056171853,0.046070535,0.89775765
0.06369603,0.044903364,0.8914007
0.05576531,0.040264428,0.90397024
0.052457284,0.04544235,0.9021004
0.061391708,0.050450154,0.8881581
0.06534653,0.042646553,0.8920068
0.06287652,0.042679626,0.89444387
0.063808486,0.041907974,0.8942836
0.058508348,0.036045946,0.90544564
0.05900414,0.040276647,0.9007192
0.057573296,0.04358611,0.8988406
0.059165258,0.043370854,0.89746386
0.058014553,0.034263562,0.9077219
0.06993834,0.026623484,0.9034382
0.05384462,0.0407633,0.9053921
0.0511192,0.045421984,0.90345883
0.052851435,0.04446193,0.9026866
0.058779065,0.043937586,0.8972834
0.05911881,0.04499719,0.895884
0.05497516,0.044238534,0.90078634
0.057342637,0.03420743,0.9084499
0.014864391,0.97798264,0.007152938
0.056981806,0.044681877,0.89833635
0.046600897,0.03325541,0.9201437
0.0527306,0.043121602,0.90414774
0.04948709,0.03839033,0.91212255
0.05772697,0.0366219,0.9056511
0.052643836,0.039834782,0.9075213
0.053939465,0.054442212,0.8916184
0.062410723,0.046949342,0.89063996
0.053736154,0.045338843,0.900925
0.05912659,0.044871457,0.8960019
0.05290668,0.037930895,0.9091624
0.052454956,0.04548473,0.90206033
0.058910843,0.044424836,0.89666426
0.060649555,0.038046297,0.9013041
0.060587525,0.043853164,0.8955593
0.056317586,0.051907524,0.89177495
0.06150969,0.04688559,0.8916047
0.06073751,0.037091855,0.9021706
0.06495144,0.04104445,0.89400405
0.058063876,0.04380752,0.8981287
0.058140457,0.048673145,0.89318645
0.06047085,0.04700285,0.89252627
0.054193784,0.0460386,0.8997676
0.062145468,0.042296834,0.89555764
0.06202922,0.042777978,0.8951928
0.057594504,0.049359504,0.893046
0.05475378,0.041492086,0.9037541
0.055076167,0.047316622,0.8976073
0.051415607,0.046518218,0.9020661
0.052340154,0.032729648,0.9149302
0.055315528,0.045813423,0.89887106
0.06424733,0.04493955,0.8908131
0.07207952,0.043357044,0.88456345
0.061234195,0.037176706,0.90158916
0.06229289,0.050916504,0.8867907
0.057488516,0.048056915,0.89445454
0.054878704,0.04018935,0.90493196
0.049164236,0.044221424,0.90661436
0.04984965,0.035150763,0.91499954
0.057127286,0.04312194,0.8997508
0.057714522,0.039919164,0.9023663
0.054880213,0.030612627,0.9145072
0.06005911,0.048282422,0.8916585
0.052899364,0.043154124,0.90394646
0.0655216,0.042262632,0.8922157
0.060404103,0.043253265,0.89634264
0.055051606,0.046426058,0.8985223
0.058204282,0.041495297,0.90030044
0.05059759,0.04063646,0.9087659
0.06442072,0.04801388,0.88756543
0.050770514,0.049739923,0.8994895
0.05339407,0.04439512,0.9022108
0.05265304,0.0432056,0.90414137
0.06988266,0.03507921,0.89503825
0.05990847,0.043255925,0.89683557
0.056610692,0.043025106,0.9003642
0.055594962,0.040993154,0.9034118
0.054767456,0.037714675,0.9075179
0.05335934,0.043253932,0.90338665
0.052444175,0.03816345,0.90939236
0.05176222,0.04671762,0.90152013
0.056007996,0.043153014,0.900839
0.06248081,0.038007718,0.89951146
0.057286914,0.041768994,0.9009441
0.062474348,0.035027828,0.9024978
0.061414637,0.036103804,0.9024815
0.0549041,0.041952796,0.9031431
0.05775205,0.043254286,0.8989937
0.055265784,0.049298625,0.8954356
0.05867603,0.04166853,0.89965534
0.048290707,0.06597335,0.88573587
0.05894706,0.052556757,0.8884962
0.05773734,0.032681603,0.90958107
0.06354712,0.03731185,0.899141
0.07334954,0.04261761,0.8840327
0.05719706,0.04458864,0.89821434
0.053373843,0.05264909,0.8939771
0.06301998,0.044644244,0.89233583
0.05546194,0.040202122,0.904336
0.054074112,0.039998498,0.9059273
0.060582794,0.04611147,0.8933057
0.062190566,0.04857617,0.8892333
0.06151236,0.053783175,0.88470453
0.054180972,0.0409779,0.9048412
0.056590777,0.040721018,0.90268815
0.050301332,0.044045318,0.9056533
0.05479381,0.10712403,0.8380822
0.06296547,0.035841625,0.9011929
0.05995464,0.044707056,0.8953383
0.060518496,0.04581579,0.89366573
0.069156535,0.036194663,0.8946488
0.06763704,0.04705715,0.8853058
0.060255297,0.0442995,0.89544517
0.057889752,0.046674985,0.8954353
0.054026138,0.0459186,0.9000553
0.0562574,0.04417851,0.8995641
0.060190905,0.04444705,0.8953621
0.04672121,0.03278431,0.9204945
0.046363633,0.037730195,0.9159061
0.062216137,0.044703327,0.8930806
0.06217695,0.040936235,0.89688677
0.06292188,0.049171392,0.88790673
0.054840725,0.04129501,0.90386426
0.08516934,0.052548226,0.86228245
0.058762807,0.042886958,0.8983502
0.053753342,0.049423274,0.8968234
0.0537311,0.03525492,0.911014
0.056782547,0.040560845,0.9026566
0.05571175,0.04338835,0.90089995
0.048384402,0.026779182,0.92483646
0.054754242,0.037503596,0.9077421
0.05286282,0.046017807,0.9011194
0.06891302,0.034787267,0.8962997
0.05442902,0.084962495,0.86060846
0.048605368,0.03830011,0.9130946
0.056548797,0.041432627,0.9020185
0.059904438,0.048559494,0.89153606
0.049975418,0.031596143,0.9184285
0.060262393,0.041559502,0.8981781
0.06560759,0.039695986,0.8946964
0.7778025,0.031085646,0.1911118
0.05845666,0.04262187,0.89892155
0.060955867,0.04810248,0.8909417
0.06461394,0.03554409,0.899842
0.05470929,0.042711783,0.9025789
0.06143672,0.03751885,0.90104437
0.058300484,0.042988084,0.8987115
0.058993988,0.046577025,0.89442897
0.0566433,0.039389234,0.90396744
0.059409335,0.04249942,0.89809126
0.056361184,0.044173647,0.89946514
0.05821282,0.04267268,0.8991145
0.01841408,0.9725413,0.009044693
0.0597986,0.044135805,0.89606553
0.35268062,0.02894979,0.61836964
0.054256313,0.034319427,0.9114242
0.04445178,0.05041968,0.90512854
0.058497,0.042839136,0.89866394
0.05720347,0.046234388,0.8965622
0.10193248,0.03274304,0.8653245
0.06621871,0.050376542,0.88340473
0.057868205,0.042648505,0.89948326
0.04959823,0.03979496,0.91060686
0.07704105,0.0570567,0.86590225
0.06500818,0.041080303,0.89391154
0.07127636,0.035457067,0.89326656
0.059875846,0.044214405,0.8959097
0.06439606,0.04577526,0.8898287
0.15619232,0.03524912,0.8085586
0.05924002,0.04566551,0.8950945
0.054357797,0.050174657,0.8954675
0.059024386,0.04521139,0.89576423
0.046966277,0.04405615,0.9089776
0.067258656,0.04764698,0.88509434
0.059508454,0.03958315,0.90090835
0.06251796,0.041382425,0.8960996
0.0631023,0.047748543,0.8891491
0.06024226,0.04056341,0.8991943
0.053572334,0.04032022,0.90610737
0.04922348,0.07912114,0.87165546
0.0617507,0.043151055,0.8950982
0.04456423,0.6390721,0.31636363
0.044708163,0.03421205,0.9210798
0.059433885,0.0421038,0.89846236
0.056423,0.03694894,0.9066281
0.056205317,0.045940686,0.8978539
0.9839992,0.010730288,0.0052705407
0.072695,0.04472053,0.8825846
0.060093876,0.03985562,0.9000506
0.062046994,0.03899902,0.898954
0.052330196,0.039810713,0.9078591
0.054801103,0.047264576,0.8979344
0.057476442,0.046071,0.8964526
0.05948335,0.03469633,0.9058203
0.055234402,0.051584776,0.89318085
0.088180706,0.03866463,0.87315476
0.06480198,0.047595706,0.8876022
0.05663537,0.038640827,0.90472376
0.056388296,0.04107366,0.902538
0.06609738,0.0421579,0.8917447
0.060265828,0.042381607,0.8973526
0.054449275,0.051200334,0.8943504
0.052276358,0.06180749,0.8859162
0.054909993,0.05193699,0.89315295
0.055548523,0.052310564,0.89214087
0.043473147,0.06263836,0.8938884
0.05823576,0.03656778,0.90519637
0.057954025,0.045178737,0.8968672
0.07488038,0.037929006,0.8871906
0.059747666,0.045387097,0.8948652
0.051460914,0.045237046,0.903302
0.062003247,0.037920337,0.90007645
0.055986874,0.042634178,0.901379
0.05128824,0.03649333,0.9122184
0.043554477,0.29931688,0.6571286
0.056645494,0.06930192,0.8740526
0.050345473,0.04541677,0.90423775
0.04767377,0.03817624,0.91414994
0.05080673,0.04333017,0.90586317
0.06311434,0.045393012,0.89149266
0.0516538,0.03521623,0.9131299
0.058832243,0.04438723,0.89678055
0.05397342,0.040681645,0.9053449
0.06320692,0.044864208,0.89192885
0.061010852,0.041565176,0.8974239
0.06122825,0.042974412,0.8957973
0.060020205,0.04846365,0.89151603
0.055643722,0.038826615,0.9055297
0.058507346,0.04529936,0.8961933
0.042611226,0.030616874,0.926772
0.06453038,0.044655252,0.89081436
0.05465708,0.04582406,0.89951885
0.05568336,0.03725648,0.9070601
0.06030473,0.04044716,0.8992481
0.062018484,0.043380525,0.894601
0.05397898,0.04102496,0.9049961
0.06556805,0.03852665,0.89590526
0.07909509,0.05462729,0.86627764
0.06304711,0.038109522,0.8988433
0.05360362,0.03887407,0.9075223
0.06424537,0.04714082,0.8886138
0.05737038,0.049577244,0.8930524
0.056184787,0.041895945,0.9019192
0.054523587,0.039348643,0.90612775
0.052306496,0.042900275,0.90479326
0.050498743,0.03940535,0.91009593
0.05558381,0.041185543,0.9032306
0.059769858,0.04328246,0.8969477
0.9785125,0.012820849,0.008666553
0.9874713,0.009512143,0.0030166043
0.9873245,0.009128533,0.0035469658
0.20578843,0.03612042,0.7580912
0.014843023,0.98039895,0.0047580344
0.048627116,0.03608371,0.9152891
0.05897303,0.03990315,0.9011239
0.05874014,0.043694615,0.89756525
0.058739726,0.040628262,0.900632
0.05160821,0.046035964,0.9023558
0.055506572,0.040313132,0.90418035
0.06419988,0.04433987,0.8914602
0.063013874,0.033778343,0.9032078
0.052754264,0.033369314,0.9138764
0.06252301,0.041305013,0.896172
0.049888365,0.036857292,0.9132543
0.06280616,0.04701668,0.89017713
0.06331017,0.044176042,0.8925138
0.05131502,0.03264171,0.91604334
0.060825888,0.04184583,0.8973283
0.06280536,0.03697549,0.9002191
0.06912247,0.038849995,0.8920275
0.055869278,0.035374224,0.90875643
0.058162622,0.040862616,0.9009748
0.06520918,0.043353923,0.8914369
0.06695361,0.040273722,0.8927727
0.049447466,0.033580583,0.916972
0.060093068,0.043815013,0.8960919
0.05975433,0.038261373,0.9019843
0.021641186,0.9634269,0.014931968
0.059399378,0.043098275,0.89750236
0.053147,0.03867489,0.90817815
0.05937094,0.042679846,0.89794916
0.055551082,0.03733167,0.9071173
0.062839344,0.04346383,0.8936968
0.05573301,0.040378887,0.90388805
0.050121848,0.043039285,0.9068389
0.21254502,0.038868308,0.7485867
0.05999182,0.043677166,0.896331
0.062314793,0.04187705,0.8958081
0.06127473,0.037419926,0.9013053
0.060707103,0.043279614,0.89601326
0.06329659,0.038260326,0.8984431
0.0571062,0.04039562,0.9024982
0.05627306,0.035525654,0.9082012
0.05457835,0.041037284,0.9043844
0.10171465,0.040587906,0.8576975
0.058719717,0.040515386,0.9007649
0.059109904,0.042512946,0.8983771
0.05478673,0.044000886,0.90121245
0.055471525,0.04224174,0.9022867
0.06072488,0.04080859,0.8984665
0.053197525,0.03820465,0.90859777
0.05948674,0.041690975,0.8988223
0.060075294,0.044972353,0.8949524
0.058216047,0.041301526,0.9004824
0.061739795,0.03937857,0.8988817
0.052380703,0.045955747,0.90166354
0.060567632,0.04066319,0.89876926
0.051945943,0.03890571,0.90914834
0.059628442,0.04028756,0.90008396
0.058974717,0.04031557,0.90070975
0.06098124,0.045963675,0.89305514
0.06462421,0.03714682,0.898229
0.05285251,0.04356029,0.9035871
0.05864417,0.045694433,0.8956614
0.062091053,0.0431354,0.8947735
0.061351016,0.037102412,0.9015466
0.051477313,0.03784595,0.9106768
0.058356833,0.04030435,0.9013388
0.105207875,0.037239272,0.85755277
0.31207344,0.04004548,0.64788115
0.06285908,0.046213794,0.89092714
0.06036991,0.044232316,0.89539784
0.08369684,0.039036844,0.8772663
0.0651413,0.047821566,0.8870371
0.06256243,0.04091941,0.8965181
0.06658197,0.053369664,0.8800484
0.059122708,0.044934284,0.89594305
0.061366018,0.040382612,0.8982514
0.053269267,0.037351724,0.90937895
0.054774612,0.041568715,0.9036566
0.062085364,0.041035924,0.8968786
0.051733337,0.038407426,0.9098592
0.059922487,0.035554938,0.90452254
0.060445394,0.0478396,0.89171505
0.051239837,0.046699986,0.9020602
0.060337126,0.044751257,0.89491165
0.065053545,0.037567466,0.897379
0.06012489,0.041994445,0.89788073
0.13464214,0.50123423,0.36412364
0.051851287,0.038438648,0.90971
0.06326146,0.03373764,0.90300083
0.057551295,0.03911266,0.90333605
0.050716314,0.044149242,0.9051345
0.06005927,0.039969053,0.89997166
0.05918914,0.031735852,0.9090749
0.05560386,0.035086043,0.90931016
0.054178886,0.043661688,0.90215945
0.06658409,0.042530585,0.8908853
0.058523405,0.041967988,0.89950854
0.07197247,0.039370324,0.88865715
0.06387684,0.040444292,0.8956788
0.060762055,0.041537408,0.8977006
0.057973873,0.043975174,0.89805096
0.048610758,0.03774735,0.9136418
0.059804667,0.04009218,0.9001032
0.052759565,0.037723977,0.9095164
0.059166744,0.042908527,0.89792466
0.047407497,0.03775966,0.91483283
0.057146296,0.042363968,0.9004898
0.06506955,0.036234345,0.89869606
0.061378628,0.04193842,0.896683
0.059853792,0.044566523,0.89557976
0.059714515,0.043730754,0.8965548
0.055658113,0.04254972,0.90179217
0.054596804,0.03761552,0.9077877
0.054692775,0.042119093,0.9031881
0.057326335,0.041109554,0.9015641
0.045820527,0.76596653,0.18821295
0.081198,0.04648033,0.87232167
0.057622045,0.032394145,0.90998375
0.0606289,0.040132,0.8992391
0.058426633,0.041796427,0.8997769
0.059996407,0.040973976,0.8990296
0.9866296,0.009439289,0.0039310404
0.057787836,0.03958144,0.9026307
0.06200054,0.04409396,0.8939055
0.06270841,0.043713443,0.8935782
0.056704156,0.041445155,0.90185076
0.05783771,0.041395348,0.9007669
0.051068533,0.043277863,0.90565354
0.055306856,0.043326143,0.901367
0.058669362,0.042216707,0.89911395
0.05875734,0.041220013,0.9000226
0.06053388,0.038122356,0.9013438
0.055328634,0.032320216,0.91235113
0.068886876,0.038210496,0.89290255
0.058011662,0.03851224,0.90347606
0.059941027,0.04317391,0.89688504
0.0641225,0.045491867,0.8903856
0.05413766,0.04394918,0.90191317
0.057488836,0.041916218,0.90059495
0.059598144,0.04253053,0.8978713
0.061763287,0.046010774,0.8922259
0.060924754,0.04028847,0.8987868
0.055984072,0.04136077,0.90265524
0.06518453,0.045019913,0.88979554
0.06169948,0.04263377,0.8956668
0.059815403,0.041676402,0.8985082
0.05761464,0.042899273,0.89948606
0.054985967,0.040524323,0.90448976
0.06193517,0.037218686,0.900846
0.061405357,0.045454685,0.89313984
0.055507176,0.037649836,0.906843
0.054697394,0.040272295,0.90503025
0.06110623,0.044445086,0.89444876
0.053049143,0.039115984,0.9078348
0.051746022,0.039059944,0.90919393
0.051131733,0.041651078,0.90721714
0.05855703,0.03921747,0.90222543
0.053710874,0.036950972,0.9093381
0.05537263,0.038656328,0.90597105
0.071935356,0.03964896,0.88841563
0.059208494,0.038716283,0.9020752
0.06114385,0.04123083,0.89762527
0.061124463,0.04065807,0.89821744
0.06502617,0.032921493,0.90205234
0.061083164,0.04393215,0.89498466
0.059089568,0.043719087,0.89719135
0.13254032,0.046582855,0.82087684
0.05116227,0.03930416,0.9095337
0.054691203,0.038611814,0.906697
0.05758552,0.043383013,0.89903146
0.053276096,0.030318774,0.9164051
0.06136097,0.04221394,0.896425
0.06128779,0.04423024,0.8944819
0.055354487,0.041620858,0.9030247
0.04761363,0.04072609,0.91166025
0.05363209,0.044549495,0.90181845
0.053284768,0.039289724,0.9074255
0.05419871,0.03845141,0.90734994
0.05908266,0.039879847,0.9010375
0.0609359,0.04099041,0.8980737
0.986013,0.009780478,0.004206531
0.9838914,0.010792163,0.005316485
0.9608245,0.011012619,0.028162932
0.91636044,0.017031392,0.0666082
0.70802134,0.026504591,0.2654741
0.26375097,0.023835994,0.71241295
0.9744183,0.010420289,0.01516143
0.96345145,0.021790186,0.014758381
0.06694326,0.041728698,0.89132804
0.9628074,0.014922367,0.022270253
0.98764205,0.00925717,0.003100764
0.982588,0.010105113,0.007306926
0.9878511,0.008749262,0.003399597
0.9826356,0.010884162,0.0064802165
0.97333604,0.011145133,0.015518882
0.9888488,0.008324456,0.0028267272
0.077872895,0.039579853,0.88254726
0.9470996,0.012979424,0.03992092
0.9859972,0.0099732205,0.0040295455
0.98680776,0.008604521,0.004587712
0.9756536,0.018098027,0.0062484057
0.98787063,0.009553236,0.0025762452
0.063056216,0.039286546,0.8976573
0.9857077,0.010833223,0.0034591265
0.9878925,0.008957121,0.0031503923
0.78582317,0.0499425,0.16423437
0.7951153,0.027340522,0.17754419
0.9866984,0.007614898,0.0056866114
0.773968,0.13377501,0.09225693
0.9860387,0.01039122,0.0035701294
0.07264043,0.03634798,0.8910116
0.02774076,0.9533786,0.018880641
0.98425573,0.011248178,0.0044961157
0.986642,0.010266412,0.00309158
0.9880774,0.00924318,0.0026794318
0.98543394,0.010819645,0.0037464788
0.9763297,0.015858142,0.0078121116
0.9835594,0.012094377,0.004346205
0.8329687,0.024475003,0.14255634
0.05991486,0.4903991,0.44968602
0.9849798,0.011201622,0.003818611
0.9862618,0.009687873,0.0040503554
0.9860458,0.007928475,0.006025777
0.9836299,0.011362429,0.0050076977
0.9842366,0.011661811,0.0041016834
0.9884201,0.008754303,0.0028255018
0.97803843,0.009970307,0.011991305
0.98366064,0.01024539,0.006093951
0.73904824,0.025141098,0.2358107
0.97393453,0.0118018715,0.014263607
0.9875059,0.009709572,0.0027845567
0.989165,0.008549601,0.0022854172
0.9780294,0.015731372,0.0062392014
0.985655,0.0109924935,0.0033525212
0.9871862,0.010152401,0.0026613756
0.05741318,0.036565386,0.9060215
0.98772484,0.009768796,0.0025063856
0.98212415,0.013380779,0.0044951495
0.98226225,0.013162322,0.004575508
0.9816927,0.013725547,0.0045817946
0.9856005,0.0109811565,0.0034184547
0.9870859,0.009197906,0.0037162895
0.9853478,0.011091492,0.0035606667
0.98779035,0.009515217,0.0026943944
0.9867555,0.0095798,0.0036646002
0.9817015,0.013598921,0.0046996614
0.9872665,0.0097642625,0.0029692203
0.9870117,0.010071613,0.0029167298
0.9851172,0.011302085,0.0035807528
0.9859723,0.010554147,0.0034735973
0.9880261,0.009461885,0.0025120513
0.9856505,0.011655775,0.002693814
0.98017967,0.015007299,0.0048130434
0.9868851,0.009731937,0.003383032
0.98724943,0.010083882,0.0026667493
0.97998273,0.01489479,0.005122429
0.98641545,0.010862197,0.002722361
0.98715276,0.00959302,0.0032543126
0.9846208,0.011219432,0.0041597695
0.9863229,0.0108188335,0.0028583193
0.9858775,0.010594436,0.003527959
0.98300606,0.0118306475,0.0051633827
0.98596394,0.01083604,0.0032000009
0.98569655,0.011707657,0.0025958018
0.9876132,0.008954588,0.0034321328
0.9847489,0.012554535,0.0026966117
0.97796804,0.016859768,0.005172156
0.98539865,0.0108404085,0.0037610075
0.9896199,0.007903003,0.002477095
0.9853672,0.010486048,0.0041466933
0.9024761,0.022461051,0.07506285
0.98478657,0.010801982,0.004411531
0.06968083,0.044162262,0.8861569
0.9862579,0.010516046,0.0032260602
0.98844725,0.008944664,0.0026081346
0.97948533,0.014386986,0.006127632
0.982522,0.012011035,0.005466926
0.97953403,0.010881641,0.009584276
0.9839919,0.01155689,0.004451229
0.060022783,0.044496376,0.8954809
0.98792773,0.009036515,0.0030357342
0.98637944,0.010323995,0.0032965261
0.98607385,0.010320796,0.0036052933
0.9885184,0.008577453,0.0029041164
0.9875963,0.009375008,0.003028794
0.98771334,0.008920583,0.0033660904
0.98723686,0.009271462,0.0034916652
0.980923,0.013105923,0.005971102
0.18512605,0.02675798,0.788116
0.98759216,0.009015819,0.0033920745
0.055633932,0.04076232,0.90360373
0.98456514,0.011677101,0.0037578263
0.9887024,0.008808263,0.0024893421
0.9890884,0.008507297,0.0024042847
0.98398316,0.0104610985,0.0055558477
0.9872636,0.009947098,0.002789316
0.9810434,0.011864819,0.0070917294
0.9866415,0.009758082,0.0036003303
0.9847157,0.011220513,0.0040638004
0.6437071,0.03261662,0.32367626
0.98768103,0.0094956,0.002823389
0.98502874,0.011115002,0.0038562766
0.9828623,0.0090077575,0.008129888
0.9793895,0.012932984,0.0076775197
0.6876401,0.0426485,0.2697114
0.9861594,0.010576787,0.003263762
0.98713547,0.010412942,0.0024516478
0.9865041,0.010027189,0.0034686893
0.9822719,0.013454866,0.0042732223
0.9845189,0.010926342,0.0045547765
0.017954912,0.96793836,0.014106742
0.019416844,0.97567856,0.0049045556
0.01612173,0.97908,0.0047982633
0.06935959,0.05071979,0.8799207
0.01762191,0.9767978,0.0055802898
0.05110997,0.12883598,0.820054
0.018891202,0.97653323,0.0045755524
0.016421016,0.9794007,0.0041783215
0.015322441,0.9790132,0.0056644026
0.019929832,0.97444314,0.00562696
0.05537417,0.042602215,0.90202355
0.056038793,0.053997338,0.88996387
0.023468316,0.9700338,0.006497851
0.04687291,0.66175866,0.2913684
0.015290977,0.979391,0.0053180708
0.019484969,0.97480845,0.0057065575
0.019095058,0.97557133,0.0053336667
0.03418849,0.9263067,0.039504725
0.022934655,0.9586817,0.018383574
0.024679922,0.97007823,0.0052418453
0.017623326,0.9778307,0.0045459773
0.052612472,0.047904205,0.89948326
0.02309161,0.962889,0.014019454
0.015141314,0.97693413,0.007924554
0.018481007,0.9770297,0.0044893348
0.06711682,0.040116444,0.89276665
0.017518297,0.9781928,0.0042888527
0.021157308,0.97083575,0.008006916
0.017365033,0.9772397,0.005395219
0.017736865,0.977426,0.004837165
0.017404595,0.97755504,0.005040355
0.01930108,0.9750847,0.0056141927
0.023066375,0.96985394,0.0070796437
0.016057907,0.9790207,0.004921356
0.017288199,0.97815543,0.004556378
0.02111222,0.9720837,0.0068041165
0.032871433,0.7817611,0.18536747
0.016096303,0.979447,0.004456707
0.015976632,0.97501737,0.009005946
0.018586496,0.976389,0.0050245197
0.016888943,0.97727156,0.0058395127
0.0179991,0.97364277,0.008358107
0.01896549,0.9751219,0.005912648
0.021039864,0.9626223,0.016337926
0.057266638,0.076610476,0.8661229
0.01846522,0.9771489,0.0043858746
0.018312208,0.976652,0.005035699
0.029262591,0.946596,0.024141371
0.04080602,0.6534507,0.30574325
0.028270813,0.9207867,0.050942477
0.019315932,0.9207495,0.059934624
0.02226292,0.97098696,0.006750139
0.017682597,0.97777164,0.004545703
0.016083939,0.9777393,0.0061767357
0.020140667,0.97518176,0.0046775765
0.019173324,0.9700504,0.010776288
0.030387525,0.8751399,0.09447257
0.013738011,0.9763668,0.009895117
0.018933276,0.9758449,0.005221762
0.02507972,0.93014526,0.044774976
0.029970791,0.9323639,0.037665285
0.050540768,0.061441943,0.88801724
0.033671856,0.81261396,0.1537142
0.02028725,0.9717836,0.0079291
0.028182514,0.9170148,0.054802775
0.020849317,0.9642066,0.014944052
0.012971668,0.9737231,0.013305244
0.01601129,0.9799993,0.0039894194
0.016751472,0.97882926,0.004419235
0.03465451,0.90428686,0.061058607
0.016842823,0.9769852,0.006171972
0.023869533,0.9609433,0.015187222
0.014642351,0.98045784,0.0048997863
0.01946655,0.9753145,0.005218924
0.017403573,0.9770204,0.005576113
0.018871367,0.9745557,0.0065729204
0.06387997,0.23030753,0.70581245
0.021900829,0.95333076,0.024768466
0.018691525,0.9771236,0.004184922
0.019330127,0.97655225,0.0041176323
0.017053444,0.9691227,0.013823792
0.021335026,0.9488701,0.029794818
0.01582483,0.9790476,0.005127546
0.026382748,0.96518487,0.008432432
0.022621907,0.95442235,0.022955723
0.01803416,0.967475,0.014490854
0.014346868,0.9796197,0.00603346
0.018044608,0.97801274,0.003942641
0.018139834,0.97743,0.0044301893
0.023036605,0.917502,0.05946136
0.016260196,0.978848,0.004891741
0.022176478,0.9695812,0.008242355
0.018590936,0.96665925,0.014749791
0.05898417,0.053261742,0.88775414
0.020442128,0.96402144,0.0155363735
0.015416556,0.97260046,0.011983001
0.018507773,0.97748965,0.004002587
0.020028703,0.9759359,0.004035441
0.023646113,0.9491639,0.027189942
0.016526427,0.9428489,0.04062464
0.018039376,0.9696469,0.0123138055
0.022026183,0.9700893,0.007884417
0.04388875,0.46498707,0.4911242
0.026984468,0.9165825,0.056433022
0.0569665,0.057133634,0.88589984
0.0177023,0.97647434,0.0058233645
0.019517297,0.97547275,0.0050100097
0.019938495,0.95601106,0.024050416
0.017818058,0.9766406,0.0055413805
0.020746158,0.94640774,0.032846123
0.019340456,0.9756437,0.0050157835
0.056683864,0.05098506,0.8923312
0.018572671,0.9775702,0.0038570934
0.022719694,0.9703207,0.006959632
0.06646124,0.04646544,0.88707334
0.018428711,0.97807807,0.0034932196
0.014880554,0.9780904,0.0070290756
0.050971925,0.45564073,0.49338734
0.015364991,0.9788598,0.0057752174
0.018860739,0.97686464,0.004274672
0.01720707,0.9788084,0.0039845714
0.014771814,0.97474325,0.01048502
0.017039275,0.9740079,0.008952799
0.042931758,0.501998,0.4550702
0.01587425,0.9792321,0.0048936605
0.015685359,0.97994196,0.004372714
0.02833947,0.96026057,0.011399973
0.018544892,0.976108,0.005347034
0.017785603,0.97772187,0.004492515
0.013266529,0.9804176,0.0063158143
0.017615797,0.977413,0.00497119
0.096544504,0.04201787,0.8614377
0.022440568,0.9682776,0.0092818225
0.01630427,0.97338766,0.010308108
0.017721307,0.97847784,0.00380082
0.02276959,0.87468463,0.102545716
0.018379811,0.97643596,0.005184264
0.015260698,0.97888446,0.005854865
0.015490418,0.98012745,0.0043820925
0.05778561,0.04357629,0.8986381
0.017940104,0.9780628,0.003997119
0.01711122,0.9785982,0.00429063
0.023217535,0.9606057,0.016176824
0.018439198,0.9662891,0.01527171
0.016882993,0.9769273,0.0061897137
0.017845877,0.96582574,0.016328389
0.015306986,0.977071,0.007622037
0.050707802,0.7695503,0.17974184
0.08076444,0.4993534,0.4198822
0.013387353,0.98068935,0.005923223
0.017608738,0.9779759,0.0044153826
0.03595218,0.8813092,0.08273857
0.0183159,0.97780347,0.0038806852
0.018713756,0.9773309,0.0039553125
0.016778257,0.97800374,0.005218005
0.01795184,0.97631603,0.0057321517
0.016141059,0.9802539,0.003605076
0.022018205,0.9706854,0.0072963736
0.016820434,0.9790273,0.004152327
0.064331226,0.1411656,0.79450315
0.017699977,0.97730017,0.0049998267
0.01734399,0.9774864,0.005169608
0.020203501,0.9658837,0.013912797
0.01436551,0.9808926,0.0047418703
0.058560666,0.6662759,0.2751635
0.023781149,0.95832044,0.017898438
0.021964328,0.97115123,0.006884438
0.018399172,0.97698724,0.0046135834
0.018100074,0.9681704,0.013729527
0.014099417,0.97692966,0.008970891
0.017421428,0.97802275,0.00455576
0.015310124,0.9782261,0.00646375
0.017104305,0.9791586,0.0037371907
0.017838268,0.9782259,0.0039358055
0.020364253,0.97356886,0.006066874
0.04552164,0.032980688,0.92149764
0.021625416,0.96554947,0.012825153
0.015275989,0.97986525,0.0048587173
0.021079168,0.9606606,0.01826032
0.03109,0.94293326,0.025976663
0.013479131,0.98164386,0.0048770527
0.017905574,0.9776112,0.0044832416
0.022910602,0.9708595,0.006229859
0.015304962,0.9788518,0.0058432464
0.021099702,0.97293144,0.005968905
0.012502324,0.9806536,0.006844022
0.016936721,0.9786017,0.0044615655
0.019806113,0.9759892,0.0042046285
0.019177163,0.9769,0.003922802
0.0176423,0.9784057,0.0039519365
0.019090956,0.9758381,0.0050709653
0.01734049,0.9787217,0.0039378004
0.01740758,0.97867787,0.0039146193
0.018078968,0.97796315,0.0039578713
0.022102635,0.9706087,0.0072886758
0.018081825,0.97764015,0.0042780656
0.017343288,0.97744673,0.0052099423
0.01562033,0.9796988,0.0046809223
0.018238833,0.9765459,0.0052153165
0.017777244,0.97821724,0.0040055662
0.019216789,0.96562594,0.015157262
0.017725883,0.9782527,0.0040213894
0.02127302,0.9723397,0.0063873185
0.021963555,0.97159135,0.0064450363
0.018539619,0.9763071,0.005153296
0.022560088,0.97106105,0.006378919
0.017199147,0.9783578,0.0044430634
0.018452285,0.97741836,0.0041293413
0.014315285,0.9812889,0.0043958626
0.01668624,0.9788336,0.0044800886
0.018573536,0.97809315,0.003333305
0.017918523,0.9783182,0.0037632694
0.018174283,0.9778528,0.003972914
0.01810429,0.9778993,0.003996451
0.017811522,0.9781909,0.0039976425
0.018018069,0.9770512,0.0049306783
0.01649619,0.97909206,0.0044117966
0.01463682,0.981045,0.004318194
0.01474955,0.9809075,0.0043429607
0.018627014,0.97803986,0.0033331236
0.014834181,0.98077226,0.0043935482
0.017926719,0.978288,0.0037852675
0.018226352,0.9777854,0.0039881887
0.018313214,0.97765994,0.0040268097
0.019099912,0.9758193,0.005080781
0.018036375,0.97804385,0.003919732
0.018685564,0.97728914,0.0040252823
0.01878851,0.9759788,0.0052326885
0.01827403,0.9784304,0.0032956067
0.0192008,0.9757189,0.0050802585
0.021534432,0.9652503,0.013215255
0.014580834,0.98111755,0.004301676
0.01661501,0.97894794,0.0044370694
0.018344944,0.97839797,0.0032571037
0.018949077,0.9757061,0.0053448323
0.017621534,0.97868663,0.0036918714
0.015363943,0.9797493,0.0048866915
0.016928822,0.97910094,0.003970223
0.01420739,0.97961605,0.0061765164
0.017303813,0.9790389,0.0036573089
0.016277501,0.9803683,0.0033541354
0.015551422,0.9801512,0.004297439
0.058209307,0.05059782,0.8911929
0.017749857,0.97814184,0.0041082553
0.018253168,0.9768364,0.004910376
0.01694987,0.9755433,0.007506783
0.01604917,0.9799226,0.004028254
0.016941948,0.9769936,0.0060644806
0.016675545,0.9782063,0.0051181386
0.022163155,0.9675802,0.01025662
0.019079326,0.97572,0.0052007386
0.014155807,0.97987944,0.00596475
0.95105535,0.01278154,0.036163162
0.016261462,0.9794023,0.0043362966
0.01706818,0.9790006,0.003931237
0.01781084,0.97910917,0.003079984
0.016533678,0.9789241,0.004542181
0.025919838,0.92177176,0.052308407
0.019050017,0.97137105,0.00957895
0.020623183,0.9730347,0.006342142
0.01817386,0.97783,0.003996168
0.017721582,0.97801536,0.004263023
0.015303783,0.97973263,0.0049635614
0.02217528,0.96905553,0.008769184
0.024492906,0.96791214,0.007594962
0.02185979,0.97078586,0.0073543605
0.018937668,0.9775023,0.0035600201
0.022480376,0.9681026,0.009417085
0.051900394,0.073693335,0.8744063
0.01730269,0.97897536,0.0037219243
0.018476874,0.9772882,0.0042349664
0.051765297,0.049298413,0.89893633
0.049286183,0.16223566,0.78847814
0.01683635,0.97804135,0.005122276
0.016671862,0.9727515,0.010576602
0.020146355,0.97450495,0.0053486894
0.017268097,0.97845036,0.004281611
0.018850313,0.9687269,0.012422849
0.017444327,0.97596675,0.006588869
0.0181873,0.96809757,0.013715094
0.022729207,0.92853826,0.048732493
0.018951422,0.9734474,0.0076011894
0.0187723,0.97704315,0.0041845776
0.018971967,0.9768847,0.00414324
0.020931788,0.9604874,0.018580792
0.019365614,0.9764361,0.0041983454
0.017817697,0.97757494,0.004607351
0.016834658,0.97889847,0.004266872
0.020497322,0.9727796,0.0067230915
0.015522562,0.97928816,0.005189263
0.054872267,0.073264085,0.8718636
0.06690838,0.1333559,0.7997357
0.015664691,0.9786508,0.005684467
0.017693287,0.9783627,0.003944052
0.016593708,0.97293055,0.010475746
0.017679397,0.9775947,0.0047259275
0.022495812,0.9692405,0.008263634
0.02282694,0.9677866,0.009386472
0.017921673,0.96426135,0.017816972
0.018992187,0.9764946,0.004513243
0.01610298,0.9798533,0.0040437337
0.01495601,0.9801743,0.0048697516
0.013994817,0.979198,0.0068072206
0.014485916,0.98045874,0.0050553265
0.017864771,0.9782452,0.003890029
0.016949438,0.9783805,0.004670061
0.017733546,0.9781979,0.0040685637
0.021751361,0.96549904,0.012749559
0.017355584,0.97766227,0.004982179
0.061230883,0.17513464,0.7636345
0.01996975,0.9754419,0.004588328
0.015480176,0.9794794,0.0050404225
0.0185519,0.97647685,0.004971281
0.021056732,0.9714243,0.007519015
0.014155795,0.98083603,0.005008125
0.01716029,0.97805583,0.004783891
0.021996152,0.9343872,0.0436166
0.016228378,0.98027736,0.0034942431
0.017731842,0.9766722,0.0055959416
0.018010773,0.9776098,0.004379382
0.056206293,0.20414361,0.7396501
0.016797436,0.9795999,0.003602671
0.01742226,0.9785472,0.004030464
0.013972399,0.9814558,0.0045717517
0.019783787,0.9734621,0.0067541404
0.019253695,0.9618281,0.018918209
0.01699715,0.97826445,0.0047384114
0.016471699,0.98002803,0.003500184
0.019608011,0.97238016,0.008011827
0.018513303,0.973019,0.008467735
0.02572099,0.9102448,0.064034164
0.015872005,0.9805289,0.0035990514
0.022818873,0.9404307,0.03675045
0.053951506,0.14935635,0.7966922
0.017782493,0.9789838,0.0032336921
0.016814565,0.98012024,0.0030651519
0.017618906,0.97758543,0.0047956198
0.02036912,0.9671674,0.012463558
0.018260064,0.9767284,0.005011562
0.018057695,0.97872204,0.0032202236
0.018348187,0.973329,0.00832284
0.055936437,0.04261658,0.9014469
0.01736545,0.978218,0.0044164755
0.017550513,0.97760195,0.0048474944
0.016193377,0.978641,0.005165615
0.056517404,0.04810643,0.89537615
0.066523485,0.044270936,0.8892056
0.98656285,0.00874639,0.0046907584
0.05555561,0.052189663,0.89225477
0.054906186,0.040150616,0.90494317
0.056390423,0.03971438,0.90389514
0.059869673,0.051284313,0.88884604
0.9045115,0.018772537,0.07671596
0.0321572,0.88111067,0.08673208
0.016720587,0.9741664,0.009113046
0.055955634,0.045803655,0.8982407
0.018098135,0.9756595,0.006242344
0.05887543,0.048928756,0.8921958
0.06098999,0.043206163,0.8958038
0.058810394,0.04517965,0.8960099
0.06037902,0.04539879,0.8942221
0.061556324,0.05870878,0.8797349
0.061791513,0.044702776,0.89350575
0.06604861,0.04460352,0.8893479
0.054197695,0.050789874,0.89501244
0.060903724,0.07292781,0.8661685
0.98237944,0.0108707035,0.0067497734
0.059401583,0.05265259,0.88794583
0.0133591425,0.97671324,0.0099276705
0.05973048,0.03644127,0.90382826
0.018674951,0.95597327,0.025351735
0.03780892,0.336905,0.62528604
0.05958813,0.043129798,0.8972821
0.2988672,0.21012539,0.49100745
0.025045503,0.9216476,0.053306878
0.05421841,0.05348219,0.8922995
0.062141772,0.06138782,0.8764703
0.054447014,0.048615716,0.8969372
0.016299753,0.9774039,0.0062964
0.053070296,0.08580576,0.861124
0.98598456,0.009107246,0.0049081957
0.0630895,0.032618724,0.90429175
0.0592178,0.07566679,0.86511534
0.058870953,0.04507186,0.8960571
0.021696227,0.91715735,0.061146416
0.018008586,0.97749114,0.004500236
0.057541177,0.042802747,0.89965606
0.057703674,0.06700283,0.8752934
0.019699711,0.9750215,0.0052788565
0.050088763,0.049844783,0.9000664
0.056170043,0.039060134,0.9047697
0.4454969,0.033410102,0.521093
0.058666848,0.05359966,0.8877336
0.05011304,0.049384307,0.9005026
0.056541,0.04639595,0.8970631
0.9740708,0.01742745,0.008501759
0.018772386,0.96566474,0.015562857
0.021414556,0.9683507,0.010234759
0.9801358,0.0108989645,0.008965243
0.03221613,0.9332548,0.03452913
0.057010137,0.04332869,0.8996612
0.056814644,0.044856384,0.8983289
0.054111436,0.046171106,0.8997174
0.05722317,0.041075673,0.90170115
0.053558808,0.04100485,0.90543634
0.051578265,0.047469746,0.900952
0.05798481,0.054259323,0.8877558
0.055489972,0.045003023,0.899507
0.05264915,0.047240507,0.90011036
0.052030925,0.043537192,0.9044318
0.060294613,0.04629725,0.8934081
0.016286135,0.9727799,0.010933993
0.017715978,0.97579837,0.0064855986
0.015087076,0.9705869,0.014326066
0.048414376,0.102589466,0.8489961
0.046042714,0.06415851,0.88979876
0.057103667,0.061773945,0.88112235
0.059980232,0.047355685,0.8926641
0.07580523,0.040833995,0.8833608
0.018314755,0.9763109,0.005374323
0.05401738,0.042109877,0.9038727
0.06402797,0.036858045,0.899114
0.055226464,0.04383731,0.9009362
0.052380703,0.045955747,0.90166354
0.057195093,0.055952072,0.88685286
0.06632318,0.03362737,0.9000494
0.06213694,0.12890516,0.80895793
0.91233385,0.027255733,0.06041046
0.058262635,0.03612314,0.90561414
0.05554849,0.05274656,0.8917049
0.050360385,0.039374217,0.9102654
0.062817976,0.048140705,0.8890413
0.058499802,0.11639757,0.8251026
0.06323724,0.04135067,0.8954121
0.05862245,0.045610648,0.8957669
0.06817836,0.20453928,0.7272823
0.058994498,0.041751735,0.8992538
0.05739774,0.04211629,0.900486
0.0613951,0.046050213,0.89255476
0.048068378,0.047601245,0.90433043
0.064269856,0.05197113,0.883759
0.058785915,0.049939707,0.89127433
0.05939486,0.044484697,0.8961205
0.059853725,0.0484947,0.8916517
0.05625554,0.047279485,0.89646506
0.06277133,0.06304778,0.874181
0.9818314,0.011057307,0.0071113007
0.22343951,0.08198836,0.69457215
0.055621635,0.0414153,0.90296304
0.06098477,0.044162247,0.89485294
0.05760886,0.041676853,0.9007143
0.017207718,0.9683866,0.014405694
0.056057926,0.08568708,0.85825497
0.049609184,0.050193965,0.9001969
0.015857317,0.97914326,0.004999482
0.05991983,0.043074425,0.8970057
0.058588307,0.046166472,0.89524525
0.06201683,0.04515148,0.8928317
0.068670064,0.051607594,0.8797223
0.066387445,0.27416244,0.6594501
0.98501945,0.010269566,0.0047109425
0.061621655,0.0416546,0.8967237
0.05063398,0.074358664,0.87500733
0.06066097,0.047497243,0.8918418
0.056609485,0.5160159,0.42737463
0.059467282,0.04638106,0.89415175
0.05377945,0.0419244,0.9042962
0.044500355,0.44572246,0.5097772
0.06647046,0.050223555,0.8833059
0.077284254,0.23085494,0.6918608
0.06279606,0.040189404,0.8970145
0.060371403,0.044645682,0.8949829
0.05604461,0.048668627,0.8952867
0.02445029,0.9283053,0.047244366
0.061076898,0.044467155,0.89445597
0.06064423,0.05166953,0.8876862
0.058157977,0.04751353,0.8943285
0.058259282,0.051088315,0.8906524
0.06411353,0.035131317,0.9007552
0.06041802,0.046528127,0.8930538
0.06455435,0.04690722,0.88853836
0.05754524,0.054085158,0.8883696
0.9588072,0.014933107,0.026259657
0.041703973,0.051699087,0.9065969
0.054090533,0.043019574,0.90288985
0.059735455,0.037463717,0.90280074
0.06211712,0.044916395,0.89296645
0.06345923,0.03622867,0.90031207
0.018005831,0.9754346,0.006559603
0.05882394,0.045834508,0.8953415
0.056477334,0.05052717,0.89299554
0.055660516,0.26625556,0.6780839
0.089221254,0.041654132,0.8691246
0.057770386,0.06292387,0.8793057
0.063366614,0.051140748,0.8854926
0.07656428,0.043774378,0.8796613
0.04831137,0.044117067,0.9075716
0.04933321,0.06157631,0.8890905
0.058217052,0.19924295,0.74254
0.98697656,0.009350844,0.003672587
0.0666496,0.054985322,0.8783651
0.019451965,0.97363245,0.006915521
0.051850464,0.04509248,0.90305704
0.05659259,0.06846397,0.8749435
0.01803992,0.9768042,0.00515592
0.06123909,0.44613674,0.49262422
0.06038704,0.045271993,0.8943409
0.1407219,0.042729564,0.8165485
0.018372668,0.9646851,0.016942235
0.017583888,0.9775499,0.004866208
0.8923696,0.017706973,0.08992343
0.018803695,0.97581416,0.005382091
0.060790848,0.048942313,0.89026684
0.058742292,0.044973355,0.8962843
0.06280905,0.04697295,0.890218
0.061611243,0.048359223,0.8900295
0.05039689,0.043999895,0.90560323
0.056812283,0.04226055,0.9009271
0.062075697,0.046424493,0.8914999
0.055255063,0.048170798,0.8965742
0.054457337,0.048435364,0.8971073
0.9861968,0.009994741,0.0038084236
0.9843539,0.010702753,0.004943335
0.054587595,0.04352102,0.90189135
0.05584074,0.045132976,0.89902633
0.072884165,0.03572965,0.89138615
0.05413765,0.039977115,0.9058853
0.062002555,0.045807198,0.89219034
0.061301444,0.41912392,0.51957464
0.05856116,0.04529677,0.8961421
0.07365211,0.04471591,0.8816319
0.04889676,0.041905385,0.90919787
0.0153621,0.9777204,0.0069174822
0.0575513,0.052683257,0.88976544
0.061010912,0.04767803,0.891311
0.05373448,0.04095896,0.9053066
0.07368822,0.04165954,0.88465214
0.054822106,0.04558247,0.8995954
0.05290966,0.052191213,0.89489913
0.013144015,0.9751654,0.011690529
0.057160575,0.043443028,0.89939636
0.061508525,0.043850973,0.89464045
0.015656812,0.97911423,0.005229033
0.05438275,0.047110327,0.89850694
0.050859295,0.045434423,0.90370625
0.052023336,0.045000464,0.9029763
0.059584204,0.05017493,0.89024085
0.05324931,0.040371716,0.906379
0.05477934,0.038391817,0.9068288
0.05774699,0.0413607,0.90089226
0.050892636,0.030567968,0.9185393
0.055291887,0.03873212,0.90597606
0.05402204,0.043791126,0.90218693
0.06457033,0.038387638,0.897042
0.055922274,0.042418964,0.90165883
0.051817995,0.04304261,0.90513945
0.061560206,0.041735157,0.89670473
0.05564598,0.039671417,0.9046825
0.06351509,0.042392887,0.8940921
0.059518747,0.045992527,0.8944887
0.058446366,0.04366757,0.89788604
0.05199194,0.04601734,0.9019908
0.06141356,0.046199214,0.8923873
0.061949212,0.042701952,0.8953488
0.054789834,0.04041922,0.90479094
0.057537396,0.048121266,0.89434123
0.045846593,0.50755125,0.44660214
0.060073137,0.0458801,0.8940467
0.053624317,0.03894609,0.9074295
0.049277086,0.037579667,0.9131433
0.058282156,0.04416587,0.8975519
0.054945108,0.046517603,0.89853734
0.05825448,0.04000837,0.90173715
0.053984575,0.03871313,0.9073023
0.050678756,0.045739755,0.90358144
0.05894047,0.04525748,0.895802
0.056226626,0.04426227,0.89951104
0.054982923,0.046300262,0.89871675
0.053084847,0.04465829,0.9022569
0.06107703,0.04708159,0.89184135
0.058510624,0.04655771,0.8949317
0.048646796,0.04503489,0.90631837
0.054878972,0.045032136,0.9000889
0.024776824,0.94530743,0.02991575
0.0498456,0.11282351,0.8373308
0.05149877,0.04629864,0.90220267
0.058786258,0.052541506,0.88867223
0.05896516,0.04616943,0.8948654
0.053187728,0.087147504,0.8596648
0.016625926,0.97959113,0.003782914
0.062240016,0.037768915,0.8999911
0.061151277,0.046794824,0.8920539
0.07109999,0.14713965,0.78176033
0.05838591,0.044656873,0.8969573
0.057511326,0.04110149,0.9013872
0.05787034,0.04349128,0.8986384
0.058283456,0.042828888,0.8988877
0.06361167,0.03743191,0.8989564
0.020284023,0.9697333,0.009982657
0.057021957,0.04225116,0.90072685
0.04878606,0.044074535,0.9071395
0.059712473,0.043325443,0.89696205
0.059688833,0.046327095,0.893984
0.060517356,0.03794483,0.9015379
0.05250885,0.03452875,0.9129624
0.06703687,0.041259903,0.89170325
0.057277676,0.043681074,0.8990413
0.058396075,0.044490516,0.89711344
0.055973545,0.040217925,0.9038085
0.055598687,0.040046234,0.9043551
0.054618057,0.03945533,0.9059265
0.060762815,0.04327705,0.89596015
0.050058477,0.034020435,0.915921
0.06378488,0.04226229,0.8939528
0.05724475,0.044669416,0.8980858
0.051593624,0.043658845,0.9047475
0.060579356,0.03695916,0.9024615
0.8913205,0.020920949,0.08775851
0.054971866,0.044735476,0.9002927
0.047124732,0.0309807,0.92189455
0.053773046,0.04380265,0.90242434
0.98151404,0.010578492,0.007907466
0.060436547,0.04186317,0.8977002
0.015307206,0.97899526,0.005697585
0.063838616,0.049717564,0.8864438
0.061328687,0.03745288,0.9012185
0.056474645,0.04004652,0.90347886
0.06254087,0.03532289,0.9021362
0.062479343,0.045466006,0.8920546
0.014749399,0.9770733,0.008177272
0.053527057,0.040246822,0.9062261
0.057444423,0.040456694,0.90209895
0.05667237,0.042862184,0.9004654
0.06160038,0.044608038,0.8937916
0.049643934,0.046002895,0.90435314
0.053133335,0.04686711,0.89999956
0.054623865,0.046403967,0.8989722
0.05398238,0.04713027,0.89888734
0.05493381,0.038783092,0.906283
0.06520763,0.03901338,0.89577895
0.06152385,0.13750002,0.80097616
0.053243,0.040485363,0.9062715
0.053479724,0.044184964,0.9023353
0.05133721,0.04665185,0.9020109
0.055248905,0.042568155,0.90218294
0.06067416,0.044672836,0.89465296
0.06422895,0.046082024,0.8896891
0.05354112,0.043528624,0.9029302
0.058928218,0.045893338,0.89517844
0.053471714,0.041239116,0.9052891
0.0620454,0.037706006,0.90024865
0.055317786,0.048841618,0.8958406
0.056659266,0.040001262,0.90333956
0.057603315,0.048341345,0.8940553
0.0457505,0.04425638,0.9099932
0.051968023,0.038941257,0.9090908
0.055770036,0.038857788,0.90537214
0.04968882,0.041597724,0.9087135
0.060411334,0.043576438,0.89601225
0.060056925,0.047881555,0.8920615
0.05252221,0.039839897,0.9076379
0.06013476,0.048390474,0.8914747
0.06226853,0.04040037,0.89733106
0.060082424,0.04834836,0.8915692
0.05250806,0.0475995,0.8998925
0.057734374,0.045738596,0.89652705
0.0479557,0.032039113,0.92000514
0.059570525,0.044725325,0.89570415
0.060561523,0.041198667,0.89823985
0.052795425,0.047673408,0.8995312
0.050373286,0.045331053,0.9042956
0.057258092,0.045761712,0.89698017
0.05802981,0.03754928,0.9044209
0.020708786,0.9633355,0.015955694
0.061068404,0.046345107,0.8925866
0.054126866,0.042817872,0.9030553
0.057878345,0.04948181,0.8926399
0.060696542,0.045194026,0.8941094
0.057531387,0.046909913,0.8955587
0.052220896,0.044907454,0.9028716
0.052825835,0.04360212,0.903572
0.047275107,0.044890493,0.9078344
0.043902867,0.033318102,0.9227791
0.056955747,0.041164145,0.90188015
0.061055165,0.039113402,0.8998314
0.051386006,0.044863462,0.90375054
0.05953981,0.04652841,0.8939318
0.056725863,0.044156577,0.8991176
0.052467532,0.039066784,0.9084656
0.05187447,0.04509133,0.9030341
0.05962614,0.046892595,0.89348125
0.048447456,0.032941647,0.91861093
0.057700984,0.04014433,0.9021546
0.059934944,0.045020904,0.89504415
0.059768386,0.047674786,0.89255685
0.05511163,0.04406774,0.9008206
0.057280466,0.043195363,0.89952415
0.04993675,0.045690488,0.90437275
0.05464303,0.04475104,0.900606
0.06405316,0.039985705,0.8959611
0.053767145,0.039490845,0.906742
0.05259415,0.040740956,0.90666485
0.060137827,0.042664934,0.8971973
0.046696734,0.033964466,0.9193387
0.060898196,0.041145463,0.8979564
0.065063246,0.038080994,0.8968557
0.063388824,0.03905272,0.89755845
0.057949748,0.047435977,0.89461434
0.045472253,0.031328984,0.9231987
0.04857554,0.031508543,0.91991585
0.057384543,0.046721693,0.89589375
0.059857722,0.044940952,0.8952014
0.061167024,0.040428936,0.89840406
0.059773065,0.039720353,0.9005066
0.056347866,0.043521,0.9001311
0.052281164,0.038493287,0.9092256
0.0677942,0.042673837,0.8895319
0.059976347,0.05479606,0.8852276
0.9149184,0.01835047,0.06673108
0.0632997,0.4349046,0.5017957
0.9887144,0.0065012304,0.0047843535
0.05289787,0.048023157,0.89907897
0.053646345,0.0464951,0.89985853
0.061565913,0.03681658,0.9016175
0.053521987,0.046071302,0.90040666
0.05975032,0.045344803,0.8949049
0.053594176,0.044344436,0.9020614
0.054308392,0.04093412,0.90475756
0.052340593,0.17852005,0.7691394
0.05386199,0.04133777,0.9048002
0.051860746,0.032469474,0.91566986
0.058361538,0.041546505,0.900092
0.057007622,0.051678427,0.8913139
0.060038745,0.03985796,0.9001034
0.057137918,0.03765538,0.9052067
0.061676957,0.05168422,0.8866388
0.055457555,0.33298528,0.6115572
0.057544895,0.048434,0.8940211
0.055831086,0.04310081,0.9010681
0.061289433,0.04311198,0.8955986
0.020656029,0.97363317,0.0057108207
0.06046764,0.046181403,0.8933509
0.91764414,0.013838765,0.06851708
0.05493206,0.044987746,0.9000802
0.05790696,0.042885963,0.89920706
0.06127914,0.048286803,0.890434
0.059875555,0.041151825,0.8989727
0.055857215,0.0382404,0.9059024
0.05907865,0.045208786,0.89571255
0.30489823,0.0490016,0.64610016
0.063098475,0.040176436,0.8967251
0.05586572,0.04206683,0.9020674
0.04926407,0.048028965,0.902707
0.054335948,0.042213693,0.90345037
0.06125632,0.042973127,0.89577055
0.06066604,0.045237523,0.8940965
0.05857883,0.04237857,0.89904255
0.056090187,0.04262951,0.90128034
0.060811978,0.044252664,0.89493537
0.056522343,0.041880958,0.9015966
0.06446692,0.038176738,0.89735633
0.058356527,0.044699825,0.8969436
0.05945806,0.04390589,0.89663607
0.04821357,0.048260678,0.90352577
0.049105685,0.034685392,0.9162089
0.049614754,0.034569096,0.91581607
0.04806797,0.04672576,0.90520626
0.057947874,0.04220967,0.8998424
0.061958864,0.04604392,0.89199716
0.050713394,0.03241691,0.9168697
0.061962787,0.045112133,0.8929251
0.05215127,0.04618091,0.90166783
0.055615813,0.043717343,0.9006669
0.034537528,0.8633295,0.10213291
0.047021087,0.035355005,0.9176239
0.05565378,0.040420044,0.90392613
0.060100354,0.041508514,0.8983912
0.06229873,0.045179885,0.8925213
0.0578922,0.042251557,0.8998562
0.05395157,0.04855116,0.89749736
0.04361076,0.05616162,0.9002276
0.053500228,0.046459116,0.9000406
0.062073007,0.046900943,0.8910261
0.061881386,0.046801843,0.8913168
0.057561543,0.04246395,0.89997447
0.050052162,0.047900237,0.90204763
0.06228226,0.037555404,0.9001623
0.063031875,0.04750931,0.88945884
0.045067027,0.034134854,0.9207981
0.050632697,0.04440046,0.90496683
0.058343146,0.04579406,0.89586276
0.98830086,0.008271237,0.0034278207
0.056089457,0.03179538,0.91211516
0.058539394,0.040827192,0.90063345
0.059298687,0.04428274,0.8964186
0.045833535,0.032675877,0.9214906
0.057158258,0.044798356,0.8980434
0.058668792,0.040028185,0.90130305
0.059498098,0.045886856,0.8946151
0.04923216,0.047764067,0.90300375
0.058748156,0.04575311,0.89549875
0.055160977,0.043211866,0.9016271
0.06212505,0.038668606,0.89920634
0.029681323,0.8665688,0.10374987
0.054915655,0.04395394,0.90113044
0.051314227,0.04354982,0.90513605
0.053299002,0.03991911,0.9067819
0.054477602,0.04368857,0.9018338
0.061022077,0.046197027,0.8927809
0.0496336,0.047084015,0.90328234
0.05775754,0.044479277,0.89776313
0.05867503,0.040366124,0.90095884
0.056131907,0.04455602,0.89931214
0.057230223,0.0427172,0.9000526
0.041987766,0.2252998,0.7327124
0.062156014,0.039067544,0.89877635
0.05637782,0.041692365,0.90192986
0.05922255,0.03362885,0.9071486
0.053461555,0.039208915,0.9073296
0.050513618,0.04532435,0.904162
0.052264404,0.05070589,0.8970297
0.058943946,0.20162298,0.73943305
0.06428779,0.052138153,0.88357407
0.053456545,0.044599235,0.9019442
0.98859173,0.00834671,0.0030616
0.017305488,0.9786557,0.0040387916
0.056967966,0.045352343,0.89767975
0.04615657,0.0640195,0.889824
0.058737103,0.04680644,0.8944564
0.020551363,0.9347789,0.044669658
0.06487231,0.038718116,0.8964096
0.94495666,0.0202345,0.034808777
0.062268153,0.04825827,0.88947356
0.058502607,0.03834822,0.90314925
0.051699594,0.063560545,0.8847399
0.052324086,0.039922856,0.9077531
0.059894398,0.04479317,0.8953125
0.051116765,0.044584833,0.90429837
0.051530425,0.040407214,0.90806234
0.05977535,0.04494489,0.8952798
0.0484535,0.04529614,0.9062503
0.061677035,0.044729024,0.89359397
0.050763767,0.043697048,0.90553916
0.04994717,0.046374377,0.9036785
0.049083043,0.044472937,0.906444
0.04830034,0.04389215,0.9078075
0.059627507,0.040741924,0.89963055
0.055017803,0.044816606,0.90016556
0.059260726,0.042704746,0.8980345
0.0644994,0.039006416,0.89649415
0.048091628,0.04182356,0.91008484
0.058745015,0.041860353,0.89939463
0.05214431,0.035681076,0.91217464
0.05353203,0.045012504,0.9014554
0.050766222,0.04497638,0.9042573
0.057284836,0.039160356,0.9035548
0.05906169,0.04766641,0.893272
0.05446445,0.03862108,0.9069145
0.06100283,0.043004762,0.8959924
0.06755214,0.039576355,0.89287156
0.05593074,0.040069606,0.9039997
0.053250704,0.03813097,0.90861833
0.0507729,0.044850707,0.9043763
0.05800728,0.04342424,0.8985685
0.05563194,0.043879747,0.9004883
0.050527044,0.043302562,0.9061704
0.05487845,0.045919877,0.89920175
0.0570222,0.042686805,0.90029097
0.054499023,0.0446331,0.9008679
0.05904976,0.03997458,0.9009756
0.043756966,0.032028913,0.9242141
0.05761032,0.043849025,0.89854074
0.06415101,0.041581117,0.8942679
0.04820475,0.043126147,0.9086691
0.057889577,0.043612085,0.89849836
0.056003556,0.044108193,0.8998883
0.053297978,0.038164817,0.90853727
0.05608828,0.04880178,0.89510983
0.055349678,0.046540875,0.89810944
0.059061162,0.043740768,0.8971981
0.046029326,0.030349344,0.92362136
0.058523733,0.043279305,0.89819694
0.057979308,0.042129587,0.8998911
0.05751009,0.044636074,0.89785385
0.055657465,0.04914153,0.89520097
0.06361864,0.037326492,0.8990549
0.04686988,0.03128311,0.9218469
0.062863976,0.039589774,0.89754623
0.057018377,0.041431345,0.9015503
0.05265299,0.0427648,0.90458214
0.059179004,0.043148555,0.89767236
0.058536105,0.04263815,0.8988257
0.06882604,0.039930828,0.89124316
0.059897367,0.04299525,0.89710736
0.05635762,0.045550738,0.8980917
0.05332531,0.043864205,0.90281045
0.059328195,0.04117578,0.899496
0.060021304,0.041453917,0.8985247
0.04415097,0.03282624,0.92302287
0.050501615,0.04643349,0.90306485
0.05331466,0.038307473,0.90837795
0.054136533,0.048362087,0.8975014
0.059214525,0.041257735,0.8995277
0.057573453,0.042265855,0.9001607
0.060920313,0.04255,0.89652973
0.045801044,0.03246195,0.921737
0.05905639,0.045568444,0.8953751
0.057654552,0.047494866,0.89485055
0.060990974,0.041877523,0.89713144
0.054903083,0.03799313,0.90710384
0.04807658,0.04301148,0.908912
0.05220881,0.037604596,0.91018665
0.0654038,0.03918811,0.89540803
0.048097055,0.03278333,0.9191196
0.05737159,0.03615732,0.906471
0.05992467,0.04605815,0.8940172
0.053974345,0.038895253,0.9071304
0.058133755,0.040238593,0.9016276
0.052592713,0.048261788,0.8991454
0.05982426,0.043725647,0.8964501
0.053245593,0.03999611,0.9067583
0.06637273,0.039478455,0.89414877
0.05834746,0.045286,0.8963666
0.045037743,0.03431314,0.9206492
0.05507083,0.04036945,0.9045597
0.06625181,0.039483566,0.8942646
0.046543956,0.03174022,0.92171586
0.057877645,0.045561973,0.8965604
0.058966525,0.043521672,0.8975118
0.052493718,0.0376992,0.9098071
0.053552855,0.038011763,0.9084354
0.05644706,0.04095617,0.9025968
0.05220789,0.036287166,0.9115049
0.058186006,0.04311368,0.8987003
0.05850887,0.041327253,0.9001638
0.058571547,0.042497627,0.8989308
0.05382763,0.04810962,0.8980628
0.05451924,0.0376539,0.90782684
0.0593349,0.044137035,0.89652807
0.0572272,0.048025705,0.8947471
0.062305603,0.03895179,0.89874256
0.04582987,0.032753132,0.9214169
0.059968695,0.04273232,0.897299
0.048212096,0.042092424,0.9096955
0.050738238,0.04285124,0.9064105
0.04971667,0.045489118,0.90479416
0.050026637,0.03082804,0.9191453
0.050137687,0.049796116,0.9000662
0.05916509,0.047308918,0.893526
0.052037813,0.044293497,0.90366876
0.046342045,0.031448595,0.9222093
0.06038659,0.04309318,0.8965203
0.057534046,0.04511491,0.897351
0.05915155,0.04709069,0.8937577
0.05353071,0.04459574,0.9018735
0.059487063,0.04431509,0.89619786
0.060245074,0.046644803,0.8931101
0.061750222,0.043595463,0.89465433
0.062112983,0.039732825,0.89815414
0.018489486,0.97271675,0.008793725
0.061582208,0.034798425,0.9036193
0.055383503,0.03979397,0.9048225
0.056547202,0.04541477,0.898038
0.056869384,0.043496948,0.89963365
0.04735273,0.041544497,0.9111028
0.05362186,0.038547013,0.9078311
0.06285212,0.048925392,0.8882225
0.0554904,0.04323707,0.9012725
0.06789049,0.04000832,0.8921012
0.013011908,0.977698,0.009290114
0.06387497,0.03784467,0.8982803
0.05911324,0.046398517,0.89448833
0.056433477,0.04118694,0.9023796
0.06585538,0.035630543,0.89851403
0.052463394,0.03892091,0.90861577
0.053924937,0.046827927,0.8992471
0.055472232,0.040465627,0.9040622
0.0496631,0.046517678,0.9038192
0.052574813,0.057320766,0.89010435
0.0622382,0.041086752,0.8966751
0.02126546,0.9283895,0.050345063
0.059286598,0.041408934,0.8993044
0.04613255,0.03178391,0.9220836
0.05227526,0.038601864,0.9091229
0.017108247,0.9750896,0.0078021893
0.093398094,0.25384364,0.6527583
0.017984284,0.9780805,0.0039352207
0.052937474,0.10717186,0.8398906
0.050832033,0.04902812,0.90013987
0.020029124,0.9584827,0.021488117
0.065576404,0.03752887,0.8968948
0.055057,0.04281567,0.9021273
0.053467073,0.040437967,0.90609497
0.058973797,0.03768791,0.9033383
0.018465845,0.9762281,0.0053060753
0.0590754,0.04285274,0.8980718
0.05582396,0.032825228,0.9113507
0.05684804,0.04429492,0.898857
0.06368276,0.03635628,0.89996094
0.051657077,0.04777499,0.900568
0.062660865,0.04618067,0.89115846
0.025636563,0.9573191,0.017044311
0.05830023,0.043430958,0.8982688
0.52019197,0.05544704,0.424361
0.056705534,0.043181445,0.9001129
0.01815717,0.976932,0.004910856
0.055129837,0.25429618,0.690574
0.053323675,0.039031483,0.90764475
0.059515744,0.045166787,0.89531744
0.04873866,0.044117793,0.9071435
0.023862584,0.93566453,0.04047288
0.9860676,0.008572914,0.0053595556
0.055217143,0.046633918,0.89814895
0.05980872,0.045722786,0.8944685
0.054327272,0.037945073,0.90772766
0.05810578,0.04311735,0.8987769
0.04931619,0.045255076,0.9054287
0.05874322,0.040571205,0.90068555
0.058134764,0.04614584,0.89571935
0.05414958,0.04681681,0.89903367
0.07104197,0.034707725,0.89425033
0.05208813,0.03760938,0.9103024
0.13383703,0.047511816,0.81865114
0.05711765,0.043283414,0.899599
0.06200376,0.036592796,0.9014034
0.05887228,0.04154335,0.89958435
0.057247836,0.045932595,0.89681953
0.058164157,0.042595383,0.8992405
0.054195948,0.038057208,0.9077468
0.058200195,0.048132002,0.89366776
0.061458033,0.043325663,0.89521635
0.0528152,0.036709275,0.91047543
0.058695067,0.041357677,0.8999472
0.059849884,0.042439923,0.8977102
0.04853503,0.045461062,0.90600395
0.057912905,0.041469406,0.90061766
0.053120278,0.036939356,0.90994036
0.045751497,0.03215878,0.9220897
0.05355613,0.03883963,0.9076042
0.059997898,0.044892486,0.89510965
0.047380645,0.031133734,0.9214856
0.059524674,0.04414867,0.8963266
0.054730155,0.04674466,0.89852524
0.0587443,0.04143281,0.8998229
0.055691887,0.038879205,0.9054288
0.058210317,0.04315276,0.89863694
0.053237688,0.04894916,0.8978131
0.051606394,0.045188066,0.90320563
0.06327281,0.049518112,0.88720906
0.05960391,0.038483176,0.901913
0.06599894,0.03747675,0.89652425
0.0576851,0.047427304,0.89488757
0.0514552,0.86436975,0.084175095
0.05596584,0.04035007,0.903684
0.057518303,0.042743973,0.89973766
0.019693032,0.96004826,0.020258717
0.048670672,0.03253266,0.91879666
0.013756379,0.9814988,0.0047448007
0.03968083,0.85339934,0.10691981
0.05847535,0.049313366,0.89221126
0.057548523,0.04968265,0.89276874
0.060495086,0.042688493,0.8968164
0.057127316,0.042682048,0.9001907
0.014561914,0.97507167,0.010366357
0.058030285,0.042166628,0.8998031
0.053374633,0.04694223,0.8996832
0.068480976,0.04344422,0.8880748
0.02144678,0.9674431,0.011110158
0.05857505,0.050742008,0.89068294
0.05935936,0.041989453,0.8986512
0.05070857,0.049582303,0.8997091
0.05572301,0.039668184,0.9046088
0.05831174,0.08939364,0.8522947
0.058633234,0.038848933,0.9025178
0.061470542,0.043567866,0.89496154
0.05488006,0.04457362,0.9005463
0.06225008,0.03805271,0.89969724
0.057299156,0.04376151,0.8989394
0.060489383,0.043654047,0.89585656
0.06100807,0.047722396,0.8912695
0.05745826,0.054214764,0.888327
0.05621844,0.048345152,0.89543647
0.051467944,0.04334035,0.9051916
0.9734168,0.01046053,0.016122669
0.059715264,0.044593826,0.895691
0.05295192,0.047050443,0.89999765
0.05488443,0.04669367,0.89842194
0.052792497,0.04640758,0.9007999
0.05992934,0.041168686,0.89890194
0.05637056,0.050579615,0.89304984
0.051653005,0.052236356,0.8961107
0.050164532,0.04487945,0.904956
0.06626672,0.04144841,0.8922848
0.057277553,0.041925617,0.9007969
0.05968537,0.049432613,0.89088196
0.051282644,0.04678467,0.90193266
0.05614739,0.042093538,0.901759
0.055044413,0.04171232,0.90324324
0.05898767,0.04580525,0.895207
0.054601125,0.046362,0.8990368
0.052076556,0.046227474,0.9016959
0.05671875,0.04515394,0.8981273
0.053620193,0.04123265,0.9051472
0.054434802,0.046198215,0.899367
0.050720114,0.046725564,0.90255433
0.059946604,0.04527217,0.89478123
0.05844376,0.03799296,0.90356326
0.059430793,0.04565625,0.89491296
0.05818671,0.044417676,0.8973957
0.06196238,0.04380937,0.8942282
0.060589872,0.039871857,0.89953834
0.050831858,0.032397583,0.91677064
0.059352588,0.04778438,0.89286304
0.052156348,0.03367467,0.91416895
0.05511562,0.04443828,0.9004461
0.049757615,0.046469875,0.9037725
0.05193,0.03497498,0.91309506
0.056435026,0.042041462,0.9015234
0.061708614,0.04729054,0.8910008
0.057542276,0.043223623,0.8992341
0.060213353,0.047146756,0.8926399
0.053638134,0.044882037,0.90147984
0.051194713,0.046658862,0.90214646
0.058296703,0.04611649,0.89558685
0.06384802,0.036934357,0.89921767
0.06290668,0.046361834,0.89073145
0.052647114,0.045517806,0.90183514
0.055020746,0.039475452,0.90550387
0.014966637,0.97847897,0.0065544215
0.058548212,0.044194505,0.89725727
0.048698377,0.04579259,0.90550905
0.048288487,0.04589756,0.9058139
0.051739972,0.040059716,0.9082003
0.05448137,0.03876535,0.9067533
0.05221511,0.045453966,0.90233094
0.049145106,0.04680309,0.9040518
0.06271046,0.048034843,0.8892547
0.058261555,0.040992122,0.9007463
0.056188602,0.041390438,0.90242094
0.015263067,0.9804716,0.0042653903
0.0570051,0.042094547,0.9009004
0.9862796,0.009783123,0.0039373287
0.98527783,0.01044422,0.0042779353
0.98842686,0.008669286,0.0029038475
0.9787026,0.010253654,0.011043619
0.9875739,0.009815112,0.0026109247
0.9873099,0.010404616,0.0022855909
0.97904235,0.015055904,0.005901737
0.98583823,0.010069468,0.0040923413
0.98517483,0.011035528,0.0037896445
0.9878824,0.009516103,0.0026015579
0.9870877,0.009658186,0.0032540981
0.9898976,0.0073111337,0.0027913009
0.9881287,0.009334372,0.002536967
0.9884715,0.008652762,0.0028757572
0.9879851,0.009314805,0.0027001947
0.9782136,0.015175956,0.0066104895
0.98758715,0.009384081,0.0030287663
0.98911965,0.008540863,0.002339507
0.98742795,0.0100169955,0.0025550511
0.9829715,0.011200638,0.0058278632
0.98828065,0.009182098,0.002537357
0.9885366,0.0085191745,0.002944148
0.016250987,0.9792494,0.004499534
0.9800459,0.015122939,0.004831222
0.987807,0.01006989,0.0021231677
0.9880932,0.009324926,0.0025818634
0.98765755,0.009616689,0.0027257889
0.98796296,0.009278282,0.0027587728
0.98806435,0.009055433,0.0028801926
0.36426124,0.04506147,0.59067726
0.98202753,0.012301689,0.0056707566
0.98819554,0.0088554835,0.002948886
0.9792875,0.016015291,0.0046972698
0.9873372,0.009670064,0.0029927224
0.98640037,0.009576351,0.0040233275
0.98858786,0.008772907,0.0026392539
0.98676896,0.010470246,0.0027608257
0.9894406,0.008168331,0.0023910895
0.9881092,0.009288722,0.0026021553
0.9895649,0.008089967,0.0023451361
0.9857706,0.011482073,0.0027472798
0.9853645,0.009594362,0.0050410833
0.98337656,0.012549289,0.0040741577
0.98902136,0.008785329,0.0021932572
0.9863404,0.011010886,0.0026487282
0.9894448,0.008264652,0.0022905334
0.9784465,0.016389005,0.005164589
0.985973,0.009934095,0.004092901
0.9881527,0.008898443,0.0029487582
0.989232,0.008500228,0.0022677856
0.9881989,0.008625071,0.0031760861
0.9865261,0.010477897,0.0029961101
0.9885439,0.009104175,0.0023518857
0.9841824,0.011683967,0.004133626
0.98551536,0.010304883,0.0041798446
0.9861589,0.009658525,0.004182574
0.98737735,0.009870826,0.0027517579
0.98594147,0.011228996,0.0028294472
0.98663783,0.010077636,0.0032845344
0.98786676,0.009703639,0.002429621
0.9861989,0.009658916,0.0041420953
0.9881593,0.009145179,0.002695401
0.9867344,0.010876325,0.0023892117
0.98621154,0.009361864,0.004426552
0.9865841,0.010366553,0.0030494211
0.9809713,0.014736111,0.004292642
0.9865933,0.0108588515,0.0025479102
0.9843725,0.00931707,0.006310404
0.98790723,0.009268704,0.0028240357
0.9874035,0.009823006,0.0027734134
0.98615974,0.009620878,0.0042195003
0.9872644,0.009840824,0.002894773
0.9875666,0.009265508,0.0031678604
0.9864638,0.009282315,0.0042539057
0.98664725,0.0107696755,0.0025831256
0.98872477,0.008999755,0.0022754942
0.98786074,0.009637472,0.002501839
0.9859698,0.0113616865,0.0026684995
0.9879094,0.009437697,0.0026529417
0.9852974,0.010353033,0.004349635
0.9857904,0.010619395,0.003590205
0.98811173,0.00867499,0.0032132412
0.9864966,0.01103416,0.0024692772
0.9855327,0.010778542,0.0036887648
0.98611,0.01124189,0.0026481096
0.98551255,0.011082519,0.0034048234
0.98623985,0.011096113,0.0026640221
0.985516,0.010964144,0.0035197844
0.9875893,0.010146634,0.0022640198
0.9883868,0.009382513,0.0022307194
0.9887578,0.008663724,0.0025785589
0.9816682,0.014327813,0.004004026
0.986299,0.011021181,0.002679838
0.9878643,0.00935012,0.0027855674
0.9862919,0.011075048,0.0026331244
0.9888025,0.0089129945,0.0022845797
0.98639476,0.010183967,0.0034212098
0.9845553,0.0106944945,0.00475029
0.97907454,0.016487844,0.004437643
0.98627996,0.0111074075,0.0026126015
0.9882394,0.0092627695,0.0024979147
0.9874139,0.0100658825,0.0025203205
0.98524714,0.011498412,0.0032543805
0.98667485,0.009439722,0.0038854205
0.98407435,0.012213493,0.0037121952
0.9857216,0.0099607,0.004317644
0.9870689,0.010131387,0.002799681
0.98720413,0.010039205,0.0027566536
0.9868824,0.010751223,0.002366348
0.9877679,0.009358341,0.0028737104
0.98790073,0.009497712,0.0026016063
0.9864014,0.010677989,0.0029206253
0.9796464,0.015672974,0.0046806717
0.9888115,0.008965453,0.0022229776
0.98667127,0.010206736,0.0031220114
0.985494,0.010095486,0.004410391
0.985578,0.010437203,0.003984796
0.98742956,0.00981847,0.0027519031
0.98573536,0.009951117,0.0043134894
0.9848695,0.011578498,0.003551994
0.9857962,0.009864648,0.004339107
0.9878278,0.010040644,0.0021315226
0.9882089,0.009074465,0.002716678
0.98689634,0.010584692,0.0025189996
0.9886418,0.009096189,0.0022620105
0.9861902,0.010918202,0.0028916234
0.98565906,0.011203876,0.0031371368
0.98530895,0.0119397035,0.0027513616
0.9853081,0.011287728,0.0034041172
0.98809403,0.00884593,0.0030600587
0.06885955,0.042506073,0.88863444
0.9883385,0.009474125,0.0021874662
0.98775357,0.00932172,0.0029246288
0.98646784,0.0102545805,0.003277561
0.9878197,0.009150967,0.0030294792
0.987845,0.009423269,0.0027316364
0.9894449,0.008313222,0.0022418476
0.98707086,0.009781414,0.0031477723
0.98579526,0.0097497115,0.0044550337
0.98550713,0.010125241,0.0043675886
0.9879511,0.009019095,0.0030298824
0.98785806,0.009894939,0.0022470125
0.9873366,0.009996524,0.0026669847
0.9871164,0.010484166,0.0023994911
0.98430103,0.011800049,0.0038988504
0.9863739,0.010455838,0.0031702204
0.98420006,0.009648759,0.006151119
0.9857035,0.010196725,0.0040997816
0.9883631,0.00904933,0.0025876178
0.98349243,0.012581446,0.0039262017
0.98589104,0.010079847,0.0040291115
0.982598,0.013283055,0.004118919
0.9889404,0.008870818,0.0021887985
0.9878319,0.009018008,0.003150199
0.9881705,0.00921701,0.0026125018
0.98692167,0.010144725,0.0029336028
0.9850776,0.010565185,0.0043571666
0.9873488,0.009952815,0.0026984555
0.9881562,0.009127305,0.002716533
0.9887245,0.00905264,0.002222782
0.98593044,0.01121791,0.0028516073
0.9899995,0.0075513613,0.002449175
0.9861456,0.009724645,0.004129755
0.98737526,0.008900129,0.0037246472
0.9855607,0.010255161,0.0041841213
0.987718,0.009132171,0.003149836
0.98702836,0.009761907,0.0032097183
0.9900092,0.007707897,0.0022829045
0.9799073,0.015846461,0.004246316
0.9847364,0.011475629,0.003787958
0.9877714,0.00934924,0.0028793388
0.9777208,0.017552646,0.0047265375
0.98758346,0.01011689,0.0022996592
0.986038,0.0098286,0.004133339
0.9878187,0.009894545,0.002286769
0.9865171,0.009521531,0.0039614197
0.98736703,0.009793908,0.0028390782
0.98677236,0.009864778,0.0033628836
0.9873584,0.009774713,0.002866914
0.9861837,0.011198898,0.002617454
0.9882337,0.008735573,0.003030749
0.9881897,0.0088900905,0.002920211
0.9876486,0.01023682,0.002114551
0.9833391,0.012186503,0.0044744164
0.98924774,0.008384937,0.0023673913
0.9882808,0.008787327,0.0029319106
0.9875466,0.009862882,0.0025905347
0.9864097,0.010915302,0.0026749095
0.9880532,0.00937019,0.0025767214
0.9791418,0.016225414,0.004632797
0.9861201,0.009677027,0.0042028814
0.9867764,0.010526713,0.0026968913
0.017984407,0.9771325,0.004883168
0.01805502,0.9657606,0.016184416
0.021723604,0.9718298,0.0064466177
0.018867956,0.9772385,0.003893623
0.017504212,0.9788392,0.0036565629
0.01802759,0.97804505,0.0039273994
0.018855546,0.9770726,0.0040718284
0.01819339,0.9779254,0.0038811695
0.01963053,0.9758766,0.004492803
0.018258272,0.9771095,0.0046322197
0.018217,0.9772838,0.0044992813
0.016808515,0.97785574,0.0053357244
0.017991934,0.9780189,0.003989141
0.020125242,0.9758632,0.0040115668
0.018261617,0.97776586,0.0039725606
0.018561054,0.9769587,0.0044802492
0.021762941,0.9716898,0.0065471944
0.013723663,0.9820373,0.0042389547
0.020859737,0.9732046,0.0059357
0.01907993,0.9767041,0.0042159343
0.021045027,0.9742085,0.0047464953
0.02022119,0.9657857,0.013993137
0.017950878,0.9776949,0.004354175
0.02150661,0.97393894,0.004554493
0.019000573,0.9759721,0.0050272816
0.017726436,0.9782833,0.0039902194
0.019757628,0.9759799,0.0042624674
0.026310649,0.9689131,0.0047763414
0.019575285,0.96933615,0.011088498
0.118531674,0.5348659,0.34660238
0.019269811,0.9768381,0.0038920278
0.019775337,0.96877956,0.011445087
0.01813482,0.9771598,0.004705409
0.01590879,0.9794479,0.0046433057
0.016928485,0.97812575,0.0049457513
0.018055683,0.9776578,0.004286507
0.022170193,0.9702535,0.0075762495
0.019670038,0.97640914,0.0039208303
0.018793406,0.9767099,0.0044966396
0.018163549,0.9772752,0.0045611775
0.01708164,0.9773836,0.0055347756
0.015457688,0.97996855,0.0045737475
0.019389044,0.9761864,0.004424553
0.021627102,0.9717738,0.006599115
0.017331403,0.9782088,0.004459774
0.019544486,0.9763548,0.0041007497
0.018385144,0.97767353,0.0039412733
0.018924687,0.9763554,0.0047199363
0.018133914,0.9775883,0.004277839
0.021316208,0.9728875,0.0057963105
0.015147436,0.98019665,0.0046559395
0.020115571,0.96827644,0.011607943
0.022198455,0.9733897,0.0044118767
0.017902294,0.97790945,0.004188288
0.015643068,0.9801672,0.004189767
0.017835595,0.97760177,0.004562701
0.02067767,0.9609492,0.018373149
0.018419571,0.97759295,0.0039874036
0.020249607,0.968088,0.011662489
0.019296093,0.97626173,0.004442213
0.0163643,0.97744876,0.0061869724
0.01995831,0.97298074,0.007060974
0.017093938,0.97856504,0.00434106
0.01699113,0.9788734,0.004135488
0.01861202,0.9767754,0.0046125827
0.019250335,0.9768042,0.0039454675
0.017949268,0.97808456,0.0039661014
0.019971328,0.96792734,0.0121014
0.015516411,0.9798565,0.0046271323
0.017460903,0.9778487,0.0046903687
0.015240938,0.9804852,0.0042737885
0.12028487,0.861131,0.018584153
0.014706283,0.9808996,0.0043941187
0.015775945,0.9798432,0.0043808217
0.01780854,0.9780271,0.00416432
0.018376194,0.9776748,0.0039489837
0.017317515,0.9788578,0.0038246408
0.017975524,0.9780815,0.003942918
0.020055233,0.9757981,0.004146722
0.024114445,0.9689088,0.006976705
0.017635852,0.97852576,0.0038383077
0.017157057,0.978827,0.004015899
0.016973302,0.9788017,0.0042249886
0.019311264,0.9755992,0.0050895656
0.019323325,0.97620857,0.004468074
0.019132761,0.9765436,0.0043236394
0.019049007,0.97702765,0.003923314
0.014709742,0.97826004,0.0070302947
0.017446639,0.9789601,0.0035932928
0.022748036,0.9320342,0.04521779
0.019903822,0.9646556,0.015440677
0.021218624,0.9585542,0.02022719
0.020172695,0.9672405,0.012586821
0.01836962,0.9778024,0.0038279865
0.019257387,0.97050506,0.010237514
0.020026302,0.9758188,0.0041549173
0.019098213,0.97668594,0.0042158556
0.019012105,0.9770414,0.003946426
0.015607845,0.97987217,0.004520017
0.017486557,0.97451526,0.007998114
0.019910192,0.9725327,0.007557057
0.017184854,0.97849977,0.0043154103
0.020530727,0.9738893,0.005579997
0.018182576,0.97782135,0.0039961324
0.014857722,0.980412,0.0047302996
0.018068155,0.9764241,0.0055077854
0.017967595,0.9781276,0.0039047848
0.018034698,0.977953,0.0040123127
0.016563535,0.97877824,0.004658292
0.01743774,0.9784607,0.004101576
0.019008966,0.9768801,0.0041109775
0.019525468,0.97635776,0.0041168123
0.01934724,0.97646254,0.004190267
0.019170256,0.97654814,0.0042816414
0.016211677,0.9787907,0.004997682
0.019655151,0.9676049,0.012739988
0.018117735,0.9776703,0.004211871
0.018159496,0.9780117,0.0038288059
0.01988396,0.96746475,0.012651362
0.018802742,0.9767181,0.004479146
0.022275403,0.96868926,0.009035301
0.020020375,0.9760065,0.003973165
0.016675709,0.9786936,0.0046306765
0.019104267,0.97699547,0.003900265
0.01738981,0.9786341,0.0039760885
0.019812275,0.9758163,0.0043713474
0.022554226,0.9703349,0.0071108774
0.01947539,0.97718793,0.0033367309
0.018253008,0.97778213,0.003964875
0.026918165,0.87331265,0.09976926
0.0187371,0.97046095,0.010801924
0.02235907,0.97090447,0.006736395
0.018503357,0.9767793,0.0047173775
0.017455038,0.9784752,0.0040697176
0.016483085,0.9797482,0.00376877
0.017984586,0.97857463,0.0034408083
0.017870314,0.97759366,0.0045360075
0.018613633,0.9773373,0.004049137
0.018306283,0.97729003,0.0044036764
0.017140597,0.97884345,0.004015966
0.019456847,0.9625309,0.018012222
0.017756931,0.97805417,0.004188908
0.017511096,0.978746,0.0037429193
0.018660177,0.97739196,0.0039478415
0.016253239,0.979385,0.004361702
0.0183066,0.9773069,0.004386584
0.018617643,0.9775479,0.0038344718
0.015373671,0.98036975,0.004256625
0.020692063,0.97342855,0.0058793686
0.02109005,0.9444089,0.03450102
0.017359044,0.9783347,0.004306264
0.01436154,0.98157966,0.004058778
0.06783593,0.041649904,0.8905142
0.018144999,0.9777083,0.0041467324
0.016689915,0.9795274,0.0037826682
0.018943574,0.96877766,0.012278762
0.017992891,0.9775934,0.0044136555
0.019798642,0.9756211,0.0045802165
0.017229673,0.9796157,0.0031546548
0.016893523,0.97944766,0.003658836
0.017445408,0.97841305,0.004141625
0.017154872,0.9787023,0.0041428492
0.017256837,0.9792458,0.00349739
0.019495282,0.9672619,0.013242796
0.016538503,0.9801665,0.0032950125
0.025173733,0.96751106,0.00731525
0.018992273,0.97697586,0.0040318593
0.01873742,0.9771344,0.0041281413
0.017957322,0.9775684,0.0044742976
0.017884448,0.9783668,0.0037487838
0.01528661,0.98054653,0.004166901
0.021437883,0.97224975,0.0063123205
0.018051857,0.97792804,0.004020055
0.01524319,0.9806301,0.0041267583
0.020707633,0.96234167,0.016950665
0.017573452,0.9779243,0.00450223
0.023347048,0.9426666,0.03398634
0.018398851,0.9774474,0.0041537313
0.014702859,0.9778023,0.007494832
0.020212753,0.973905,0.0058822464
0.014416595,0.9815011,0.0040823026
0.017322134,0.9791189,0.0035589498
0.017512668,0.9778786,0.004608782
0.016060637,0.97918725,0.004752154
0.01943279,0.9760031,0.0045641456
0.017519496,0.9787376,0.0037428872
0.014288604,0.98137486,0.004336552
0.017552093,0.9781675,0.0042803735
0.06130325,0.04573501,0.8929618
0.017502228,0.9782503,0.0042474233
0.02109054,0.9748862,0.0040232353
0.017253071,0.97903204,0.0037148772
0.017378714,0.97848743,0.004133858
0.01874053,0.97729653,0.003962906
0.018551651,0.9712332,0.010215224
0.019178187,0.9769521,0.003869741
0.017830804,0.97829413,0.003875057
0.018814664,0.9759068,0.0052784923
0.018764751,0.97665024,0.0045850477
0.017771581,0.9783831,0.003845251
0.016901875,0.9794535,0.0036445935
0.01633634,0.9805549,0.003108724
0.01766619,0.9782965,0.0040373094
0.013405612,0.98298633,0.0036080715
0.01727563,0.9788771,0.0038471923
0.020151787,0.97334087,0.0065072817
0.015170312,0.9807186,0.004111041
0.016050804,0.979544,0.0044052205
0.016934719,0.97944206,0.003623258
0.018140025,0.9779178,0.003942258
0.022003638,0.9719396,0.006056722
0.018432291,0.97683614,0.0047314935
0.017266195,0.9783426,0.004391233
0.018597402,0.9774391,0.003963484
0.018239614,0.9770646,0.004695771
0.018355552,0.9775308,0.0041137156
0.020846087,0.9730427,0.0061111534
0.017021786,0.9792042,0.0037740413
0.014877693,0.9807715,0.0043508476
0.021559533,0.97157985,0.006860625
0.015271167,0.980513,0.0042158747
0.019054107,0.97633535,0.004610505
0.014859619,0.9805371,0.0046032956
0.014937663,0.9808858,0.004176492
0.020271273,0.9748189,0.0049098143
0.018835278,0.97649914,0.0046656346
0.018816032,0.9764544,0.004729644
0.014916641,0.98046243,0.00462096
0.019034134,0.9762648,0.0047010994
0.017451463,0.9792308,0.0033176853
0.017341476,0.9792555,0.003403088
0.023048889,0.9681728,0.008778324
0.021713378,0.97232145,0.005965163
0.020637074,0.97321475,0.006148153
0.015794287,0.98002476,0.004180984
0.059840307,0.06252864,0.877631
0.019804664,0.9683232,0.011872191
0.01669668,0.97992444,0.0033789114
0.018178191,0.97758555,0.004236255
0.018917058,0.97691524,0.0041677183
0.019333988,0.96867293,0.011993028
0.015413118,0.97905344,0.0055334135
0.015008944,0.9807658,0.0042252066
0.016812015,0.9794931,0.0036949134
0.016927762,0.9790397,0.0040324926
0.018211938,0.9779669,0.0038211597
0.014643149,0.9814693,0.0038876338
0.0153514845,0.9799114,0.004737127
0.014503357,0.9806811,0.004815506
0.021253966,0.9728928,0.0058532245
0.018495353,0.9773107,0.004193907
0.022649279,0.95092267,0.026428023
0.01969165,0.9694017,0.010906668
0.01858774,0.96932876,0.012083469
0.016402628,0.97878176,0.0048155757
0.019066676,0.97697943,0.00395389
0.017882455,0.9782577,0.003859806
0.015228291,0.98062885,0.0041429047
0.016465414,0.97965413,0.003880444
0.016724303,0.9796305,0.003645252
0.017098786,0.97932065,0.0035806024
0.05600841,0.051900577,0.8920911
0.017576072,0.9785478,0.0038760616
0.018422108,0.97772765,0.0038501874
0.019842038,0.9763283,0.003829688
0.018882815,0.97705334,0.0040638037
0.01516808,0.98057437,0.0042575137
0.018855203,0.97657794,0.004566834
0.017651323,0.97795063,0.004398055
0.022616874,0.9607553,0.016627852
0.018916618,0.9778471,0.0032362519
0.016034137,0.97948277,0.00448306
0.018141272,0.9779849,0.003873832
0.017421156,0.97848517,0.004093675
0.01622162,0.979391,0.0043873605
0.016525188,0.9793773,0.0040974077
0.017709164,0.978285,0.004005844
0.019154735,0.9771878,0.0036575305
0.020181658,0.9738322,0.005986112
0.019545948,0.9678834,0.012570611
0.017777659,0.9782401,0.0039822576
0.031570267,0.8916166,0.07681317
0.017984835,0.9781105,0.0039047163
0.018781383,0.9765618,0.0046568294
0.018867861,0.9767566,0.0043755593
0.017257879,0.9788269,0.003915216
0.020474875,0.97218883,0.007336275
0.015900576,0.9789423,0.0051571233
0.017340193,0.979183,0.003476735
0.01888038,0.9769274,0.004192262
0.01577283,0.9767839,0.0074432846
0.01671592,0.9791393,0.0041446993
0.017449917,0.97866595,0.0038841085
0.014042205,0.9805966,0.005361141
0.018331036,0.97717893,0.00449002
0.019699382,0.9669453,0.013355328
0.018592805,0.9667564,0.014650778
0.01555781,0.97768515,0.006756995
0.019672371,0.9760482,0.0042794496
0.020441134,0.97438544,0.005173377
0.018716235,0.97127545,0.010008301
0.016753,0.9798749,0.0033721477
0.017977089,0.9767348,0.0052881325
0.016523447,0.9792742,0.004202333
0.018485714,0.9768014,0.0047128787
0.022607358,0.9707229,0.006669683
0.018855372,0.97658664,0.0045579635
0.01800214,0.9776185,0.0043794205
0.020424139,0.97547877,0.00409707
0.02085817,0.9712327,0.0079091415
0.01776144,0.9783025,0.003936114
0.018829621,0.97668266,0.0044877403
0.022518104,0.964062,0.013419939
0.017528668,0.9787719,0.0036994112
0.017136164,0.97906816,0.0037956925
0.016991954,0.9793991,0.0036089742
0.015224354,0.98037535,0.0044003567
0.017915562,0.97815657,0.0039278474
0.014879439,0.98088664,0.004233988
0.016420973,0.9789201,0.0046589673
0.017342538,0.9783595,0.00429797
0.015744971,0.9798313,0.004423759
0.019751567,0.9657271,0.014521289
0.015222297,0.979286,0.005491657
0.018713849,0.97685856,0.0044275993
0.017925378,0.97773725,0.004337387
0.017530577,0.97792304,0.0045464067
0.016319731,0.97955805,0.004122247
0.01994284,0.9741275,0.005929736
0.018044418,0.97752494,0.00443062
0.017414084,0.9704763,0.0121095935
0.01730564,0.9791423,0.0035520908
0.01866204,0.9770123,0.004325715
0.015809985,0.98004144,0.004148518
0.015179706,0.98036814,0.004452193
0.016560173,0.9800141,0.0034257383
0.01893732,0.97700703,0.004055682
0.02409352,0.96523595,0.010670573
0.01721898,0.9790077,0.0037732841
0.018491615,0.97759044,0.003917915
0.017151594,0.9789932,0.003855171
0.018598808,0.9765588,0.004842322
0.01685374,0.9795298,0.0036165125
0.015402749,0.9803075,0.004289738
0.019810166,0.96764684,0.012543017
0.018360818,0.9778112,0.0038280208
0.031091675,0.84693813,0.12197021
0.0550311,0.03530593,0.9096631
0.05646035,0.04644302,0.89709663
0.058415413,0.040001534,0.901583
0.04426333,0.042484567,0.9132521
0.057274558,0.04417199,0.89855343
0.22652498,0.042154297,0.7313208
0.05200873,0.031276487,0.9167147
0.059319835,0.03911241,0.9015677
0.06287909,0.042858884,0.894262
0.06702575,0.29580826,0.6371659
0.05950741,0.04573744,0.8947552
0.0625589,0.03636577,0.90107536
0.019070812,0.9762374,0.004691795
0.051313248,0.033122238,0.9155645
0.058241695,0.04351465,0.89824367
0.060512688,0.044597473,0.89488983
0.05560847,0.03456182,0.9098297
0.066866726,0.05276695,0.8803664
0.06361174,0.041372743,0.8950155
0.063305326,0.042067613,0.8946271
0.05884432,0.04112009,0.90003556
0.049421903,0.046746045,0.90383214
0.051641546,0.042770557,0.90558785
0.06145022,0.04344726,0.8951026
0.051546127,0.05069744,0.8977565
0.0563032,0.045595717,0.898101
0.056189924,0.044886097,0.89892393
0.069854155,0.044815853,0.8853299
0.05934101,0.045788057,0.89487094
0.058147654,0.039789017,0.9020633
0.060675222,0.03719884,0.902126
0.05580801,0.04613112,0.8980608
0.05949353,0.043335535,0.897171
0.04999044,0.04112102,0.9088886
0.05775205,0.043254286,0.8989937
0.061010115,0.04420218,0.8947877
0.9827207,0.00948489,0.0077944417
0.06991586,0.035276275,0.8948079
0.6826104,0.030883474,0.2865062
0.062146474,0.34417975,0.5936738
0.06109299,0.037638303,0.9012687
0.047745995,0.044287387,0.9079667
0.05879667,0.043651327,0.8975521
0.05145606,0.044444617,0.9040992
0.060248274,0.03958903,0.9001627
0.054898474,0.042051036,0.90305054
0.062948614,0.041363414,0.895688
0.048449524,0.04802556,0.9035249
0.05303507,0.049506582,0.89745826
0.05112379,0.034239195,0.914637
0.057805534,0.04543859,0.8967559
0.06267725,0.038501367,0.8988215
0.050575323,0.034827836,0.9145968
0.05483743,0.04091122,0.9042514
0.054965198,0.041328155,0.9037067
0.056202628,0.04203221,0.90176517
0.050333567,0.048287284,0.9013792
0.05564454,0.04013801,0.9042175
0.056506116,0.04215613,0.90133774
0.060275473,0.043542173,0.8961824
0.058719095,0.044475254,0.89680564
0.059039637,0.044089284,0.89687103
0.0599874,0.042433716,0.8975789
0.06042542,0.030794542,0.90878004
0.060709447,0.041929185,0.8973614
0.061189875,0.047934774,0.8908753
0.05947419,0.0475793,0.8929466
