p0,p1,p2
0.014381028,0.9829116,0.0027073978
0.98708725,0.010753455,0.0021592446
0.98650753,0.012938232,0.00055421423
0.99661165,0.0021843414,0.0012039541
0.99309397,0.006033394,0.0008725947
0.98881537,0.0064324234,0.0047522443
0.99578,0.0037490223,0.00047108173
0.99060315,0.009114235,0.00028257948
0.9891782,0.009850276,0.00097150705
0.989228,0.010084377,0.00068759214
0.9919539,0.001791889,0.006254307
0.38940927,0.07323932,0.5373514
0.9871912,0.010342587,0.0024661946
0.99190795,0.0074704736,0.00062165514
0.9420403,0.027170984,0.030788759
0.9855016,0.012261103,0.002237278
0.9940149,0.0058303694,0.00015476834
0.99304116,0.005140242,0.0018185469
0.9871243,0.012067297,0.0008084585
0.2504468,0.5041902,0.24536301
0.9961152,0.0034013605,0.00048335863
0.8877416,0.066478856,0.045779526
0.991479,0.0071952166,0.0013257922
0.8608485,0.03553146,0.10362007
0.9749153,0.0153479725,0.00973673
0.98993963,0.00806148,0.0019988376
0.6697077,0.21063,0.11966228
0.9714001,0.026192082,0.0024078602
0.9988379,0.00081645575,0.00034570912
0.9924092,0.0065831314,0.0010075861
0.9927105,0.0062103686,0.0010792003
0.99578875,0.0038379615,0.00037338817
0.99069643,0.007896163,0.0014074332
0.12112652,0.023596384,0.85527706
0.99108535,0.006677881,0.00223681
0.98914635,0.010063869,0.0007898042
0.99762875,0.0018629814,0.00050831697
0.99475455,0.0046609286,0.0005845242
0.99339855,0.0059069633,0.00069454865
0.9956689,0.0033998364,0.00093128067
0.98999155,0.009630007,0.00037853594
0.99208343,0.0074426658,0.00047393877
0.06489122,0.3767197,0.5583891
0.9893713,0.005929158,0.0046995194
0.98965526,0.008528815,0.0018158895
0.98939496,0.008848933,0.0017561242
0.9988952,0.0007191551,0.00038568856
0.9900996,0.007241561,0.0026588233
0.99024266,0.0081909355,0.0015663237
0.9896263,0.007223976,0.0031497637
0.9914522,0.0073800483,0.0011676932
0.9896041,0.009239399,0.0011564464
0.99392456,0.0051347767,0.00094060757
0.9773221,0.020224337,0.0024534904
0.99280906,0.005766705,0.0014242757
0.9959877,0.0029146525,0.0010976681
0.9897602,0.008783311,0.0014564156
0.95586944,0.02342109,0.02070945
0.98796123,0.011614846,0.00042389787
0.9915609,0.0074970885,0.00094204326
0.9856877,0.012789352,0.0015230018
0.99074054,0.007713591,0.0015458316
0.9564557,0.033275984,0.010268231
0.9954554,0.0017703355,0.0027742707
0.99489826,0.0042610494,0.0008406908
0.99179393,0.00633938,0.0018666117
0.98605657,0.013552952,0.00039052212
0.99703133,0.002147184,0.0008213711
0.9832671,0.015862023,0.0008707364
0.9946078,0.0050883717,0.0003037952
0.9958066,0.0037785273,0.00041492807
0.99305266,0.006409716,0.00053756766
0.9830967,0.015311408,0.0015918969
0.9982216,0.0005096134,0.0012687175
0.990568,0.008145758,0.0012863311
0.9920821,0.0069917277,0.00092611526
0.99210125,0.007115853,0.0007829346
0.9917144,0.006774104,0.0015115069
0.99542505,0.0043729395,0.00020214233
0.9900164,0.009499481,0.00048416707
0.98154163,0.01792497,0.000533416
0.9991511,0.00059985777,0.00024908307
0.98366433,0.013599523,0.0027360606
0.98986864,0.009134198,0.0009971856
0.9895188,0.00839543,0.0020857102
0.9811085,0.016749537,0.0021419784
0.992413,0.0059706634,0.0016164259
0.9752984,0.016122317,0.008579238
0.9975852,0.0013132764,0.0011015781
0.99891984,0.0007262304,0.00035393643
0.99213105,0.006453993,0.0014149877
0.97244805,0.023026658,0.0045253704
0.9935322,0.0036825673,0.0027851826
0.9883057,0.011217515,0.0004767673
0.9832609,0.015585533,0.0011535309
0.99007905,0.006453235,0.0034676874
0.9919789,0.005508776,0.0025122687
0.98832184,0.0111958105,0.00048239523
0.99058527,0.009025498,0.00038926268
0.98991185,0.009442984,0.0006451183
0.9924264,0.006532014,0.0010416206
0.9930958,0.005547388,0.0013567932
0.98683876,0.010771766,0.0023894643
0.9917177,0.0064010993,0.0018811069
0.9920322,0.0073412233,0.00062660937
0.9933444,0.0056251595,0.0010304378
0.9858564,0.013576691,0.0005669825
0.9934957,0.004296799,0.0022074871
0.85687715,0.100955896,0.042166956
0.9955147,0.0036683583,0.0008169243
0.9870308,0.0109008625,0.0020683114
0.9884121,0.010852343,0.000735632
0.9912794,0.0081516085,0.00056898897
0.99340034,0.004636437,0.001963191
0.99224466,0.0067118593,0.0010434659
0.9935853,0.005485461,0.0009293318
0.9908455,0.0073611406,0.0017933861
0.9876347,0.010928857,0.0014363567
0.9953194,0.0041236375,0.0005569847
0.9931385,0.005293582,0.0015678391
0.98958313,0.0082981605,0.0021186927
0.9829502,0.013483894,0.0035659047
0.99340254,0.005022996,0.0015743938
0.9880905,0.010271449,0.0016379256
0.9926959,0.00663668,0.00066746847
0.99900264,0.0006849573,0.00031237368
0.0062705376,0.9925875,0.0011419497
0.010071305,0.9463941,0.043534663
0.026765322,0.97251016,0.00072450406
0.019193038,0.97962004,0.0011868996
0.043057647,0.8692813,0.08766102
0.01280496,0.9859272,0.0012678627
0.00943647,0.98633504,0.0042285016
0.0040131556,0.9935622,0.0024246124
0.017325452,0.980742,0.0019325053
0.47834095,0.14912672,0.3725323
0.0046519055,0.9928288,0.002519337
0.005746062,0.99312687,0.0011270554
0.014489854,0.9845637,0.0009464217
0.09054124,0.90643233,0.0030263823
0.03771618,0.82553095,0.13675284
0.01435713,0.9851188,0.0005239808
0.007262087,0.99096864,0.0017692539
0.148689,0.8177101,0.03360088
0.017040377,0.9797951,0.0031644902
0.010096486,0.9865545,0.0033490332
0.006564556,0.99154365,0.0018918292
0.014614692,0.9833958,0.0019895067
0.02089572,0.9701347,0.0089696
0.016444078,0.9822139,0.0013419262
0.014382148,0.97820014,0.0074177687
0.006726973,0.99253863,0.0007343875
0.008821111,0.98821265,0.0029662668
0.022757107,0.97619915,0.0010437773
0.022330083,0.9739163,0.003753661
0.06339652,0.73354965,0.20305389
0.026368123,0.9703186,0.0033132746
0.012287581,0.9857026,0.002009814
0.020909838,0.97744924,0.001640987
0.014937809,0.9232675,0.061794687
0.012086568,0.9867715,0.0011419299
0.010261576,0.9881053,0.0016331584
0.017764315,0.97846085,0.0037748609
0.006346672,0.9909973,0.0026560414
0.010629009,0.98716474,0.0022063095
0.0027270408,0.995861,0.0014120096
0.024025477,0.9710069,0.0049676304
0.019287966,0.9748981,0.005813964
0.009832339,0.98160845,0.008559185
0.010393531,0.9881861,0.0014204152
0.01619521,0.9806652,0.0031395846
0.018566722,0.97868973,0.0027435743
0.015896283,0.98059124,0.0035124708
0.020874413,0.9777009,0.0014246892
0.049454615,0.4025161,0.5480293
0.017822418,0.97212136,0.010056222
0.016990155,0.9797736,0.0032363008
0.0018558507,0.9976999,0.00044426043
0.015903696,0.98296654,0.0011297773
0.01457525,0.9826592,0.0027654835
0.01628843,0.98054767,0.0031638294
0.001413271,0.9928646,0.005722149
0.013402164,0.9836938,0.002904088
0.020695204,0.9740518,0.0052530468
0.013794725,0.9832739,0.0029313352
0.014511201,0.9802537,0.0052351183
0.013320779,0.9844268,0.0022523664
0.00090983487,0.9899905,0.009099707
0.0021196872,0.9958656,0.002014734
0.026643291,0.9328099,0.040546894
0.019122839,0.9789007,0.0019765482
0.013928846,0.9831855,0.0028856297
0.0051556923,0.9940825,0.0007618482
0.017470816,0.9784038,0.004125439
0.0043073143,0.9920442,0.0036484373
0.016838454,0.9795974,0.0035641682
0.005835076,0.9890054,0.005159504
0.013021343,0.97745204,0.00952662
0.008549905,0.9901668,0.0012833013
0.012581104,0.9849074,0.0025114692
0.018486671,0.9792398,0.00227356
0.009027075,0.9897912,0.0011817842
0.010164293,0.9883426,0.0014931861
0.014958544,0.9736616,0.01137986
0.021322593,0.97746503,0.0012123731
0.01799344,0.98049164,0.0015149734
0.016887147,0.9766907,0.0064221695
0.01480854,0.9800337,0.005157834
0.010042992,0.98805887,0.0018981115
0.00626273,0.9874867,0.00625051
0.030950302,0.9666041,0.0024456154
0.01607179,0.98082465,0.0031035119
0.0037798248,0.99420494,0.0020153068
0.01899324,0.9770256,0.0039811996
0.017534763,0.9800688,0.00239636
0.012163332,0.987237,0.0005996915
0.021733318,0.9732143,0.0050523933
0.0885191,0.067936264,0.84354466
0.017510338,0.98157513,0.000914519
0.017315015,0.9801513,0.0025337469
0.004553114,0.99284744,0.0025993583
0.012850329,0.98556316,0.001586567
0.014548848,0.98471826,0.0007328829
0.020079568,0.9769821,0.00293829
0.007927841,0.99079305,0.0012791067
0.074403286,0.91129917,0.014297519
0.0097945,0.98742664,0.0027789006
0.0116154915,0.98608834,0.0022961777
0.01039241,0.987115,0.0024926371
0.013853403,0.98456776,0.0015787855
0.0039831293,0.9794103,0.016606634
0.011278713,0.985002,0.0037193245
0.017194847,0.9800254,0.0027797031
0.01692054,0.9814933,0.0015861994
0.012653917,0.9848201,0.002526004
0.014415879,0.98433185,0.0012522863
0.01961861,0.9762368,0.0041445377
0.05545751,0.70458525,0.23995726
0.022636835,0.96819913,0.009163989
0.015264952,0.9820301,0.0027049698
0.019912833,0.9783775,0.0017096458
0.0154029215,0.982235,0.0023621144
0.011589405,0.9867604,0.0016501605
0.088214785,0.33998302,0.5718022
0.018287634,0.97915876,0.0025535258
0.014447347,0.9826346,0.0029180085
0.018230395,0.9799145,0.0018550917
0.019121943,0.97789943,0.002978624
0.015980385,0.9828954,0.0011241927
0.014897127,0.9820526,0.0030502724
0.0022277287,0.9967483,0.0010239205
0.009145243,0.98623824,0.0046165152
0.004535807,0.99294454,0.0025196306
0.013143223,0.977013,0.009843819
0.019242229,0.97830176,0.0024559498
0.002533042,0.99628204,0.0011848964
0.014493094,0.98382264,0.0016842636
0.01681114,0.9808779,0.0023109687
0.0067730206,0.98672616,0.006500841
0.019527525,0.97836953,0.0021028833
0.0100732315,0.98813474,0.0017919763
0.01878915,0.9779202,0.003290673
0.013037877,0.9844445,0.0025176539
0.017018419,0.98236233,0.0006192908
0.075639576,0.8979377,0.026422657
0.012509844,0.9850839,0.0024062712
0.021341858,0.97643924,0.002218871
0.1632852,0.6075674,0.22914742
0.009347442,0.9885464,0.002106164
0.01702582,0.98087204,0.0021020942
0.010732032,0.9860832,0.003184799
0.017679552,0.9804716,0.0018489099
0.0130252,0.98541,0.0015647801
0.012430715,0.9846052,0.0029641096
0.02489287,0.9713083,0.0037988508
0.0139723485,0.9824111,0.00361654
0.028016994,0.9685306,0.0034523713
0.017687907,0.97902095,0.0032911617
0.023836397,0.9747209,0.0014427141
0.029773109,0.96687996,0.0033469808
0.15806401,0.8176487,0.024287293
0.029101577,0.96842897,0.00246945
0.019571437,0.9777011,0.0027274527
0.0137050655,0.9759296,0.010365351
0.015388617,0.984202,0.00040929255
0.014678449,0.98095715,0.0043644393
0.033444233,0.03756566,0.9289901
0.014824279,0.9810752,0.004100505
0.017835565,0.9737888,0.008375703
0.017635988,0.97901124,0.0033527648
0.010280846,0.9765182,0.013200867
0.0051037925,0.99373263,0.0011635412
0.0017504293,0.9978114,0.00043827688
0.015618117,0.98051697,0.0038649437
0.009385063,0.98865545,0.0019595465
0.008045342,0.94455904,0.047395665
0.023637824,0.97323114,0.0031310355
0.033145823,0.9379439,0.028910298
0.016736005,0.9784031,0.004860952
0.02266646,0.9742115,0.0031219705
0.03009613,0.9226484,0.047255475
0.025509741,0.9713713,0.0031189546
0.012485943,0.9870499,0.00046422367
0.020664904,0.9773865,0.0019485953
0.0037289786,0.9943327,0.0019383507
0.01944254,0.96182317,0.018734261
0.0071712146,0.9881715,0.004657293
0.0009631591,0.9961218,0.0029150448
0.016318927,0.98142457,0.0022564887
0.016350428,0.9804426,0.0032070382
0.01808248,0.979587,0.0023305758
0.013309463,0.9845515,0.0021390254
0.014930294,0.9823186,0.0027510591
0.010443327,0.98808414,0.0014725253
0.04819572,0.1417935,0.8100108
0.0020007617,0.99282986,0.0051693497
0.010502371,0.9820939,0.007403787
0.009950833,0.9876343,0.0024148582
0.0071967198,0.98493004,0.007873235
0.01223817,0.98173887,0.0060229385
0.019179778,0.9789433,0.0018769305
0.021508029,0.97257745,0.005914522
0.014986044,0.9821426,0.0028713308
0.016463103,0.9814316,0.0021053485
0.010768054,0.9864987,0.0027332467
0.018419368,0.9804504,0.0011301915
0.007630453,0.99064696,0.0017226537
0.018240757,0.9785583,0.0032008747
0.017062668,0.9801191,0.0028182375
0.016898334,0.9802051,0.0028966158
0.013088557,0.9844183,0.0024931207
0.0060722134,0.9888045,0.005123313
0.016633634,0.98100257,0.0023637628
0.014140608,0.98457956,0.0012798039
0.016375754,0.9810027,0.0026215627
0.014709498,0.98399264,0.0012979149
0.018543795,0.9803491,0.0011071353
0.01597671,0.980752,0.0032713232
0.012366058,0.98620254,0.0014314752
0.015042444,0.98199546,0.0029620328
0.016856425,0.9806429,0.002500595
0.017294891,0.97996867,0.0027364495
0.015496426,0.97003114,0.014472497
0.031173792,0.7413871,0.22743906
0.015876055,0.9822167,0.0019072669
0.14435525,0.05598096,0.7996638
0.015606769,0.98267937,0.0017138125
0.008903952,0.9897306,0.0013654652
0.020417668,0.97707623,0.0025061416
0.013625552,0.9826639,0.0037104962
0.014914137,0.9812556,0.0038302671
0.018755943,0.9790558,0.0021881862
0.021140227,0.97766006,0.0011996586
0.034797166,0.9478758,0.017327076
0.015569138,0.98126775,0.0031630625
0.054711297,0.74594325,0.19934538
0.016088394,0.981838,0.0020735664
0.009126531,0.98229986,0.008573583
0.06859392,0.04230078,0.8891053
0.039789625,0.95092416,0.009286188
0.05316433,0.042344928,0.9044907
0.04665655,0.013472166,0.9398713
0.11788955,0.019904375,0.86220604
0.030423017,0.027754633,0.9418224
0.031637833,0.040150497,0.9282117
0.025778562,0.009717782,0.9645036
0.19475347,0.08499844,0.72024816
0.029233921,0.099575445,0.87119067
0.047821417,0.052933488,0.8992451
0.042728107,0.045041822,0.91223
0.05809549,0.08527463,0.85662985
0.007997705,0.97446537,0.017536962
0.03551305,0.036891684,0.9275953
0.10784297,0.13021053,0.7619465
0.045302447,0.030444339,0.9242532
0.053059664,0.037150294,0.90979004
0.021753585,0.04144262,0.9368038
0.032218657,0.029884813,0.9378965
0.23114048,0.061066963,0.7077926
0.08473227,0.15283215,0.76243556
0.25276718,0.09500724,0.6522256
0.005891935,0.97837114,0.015736869
0.70502555,0.032360394,0.262614
0.15928884,0.07314171,0.7675694
0.067959964,0.01650857,0.91553146
0.04909018,0.054020427,0.8968894
0.047968123,0.04958755,0.9024443
0.07699363,0.5193916,0.40361476
0.12853304,0.27611968,0.5953473
0.5501426,0.0204242,0.42943326
0.07065822,0.053283565,0.8760582
0.18347417,0.81190115,0.0046246923
0.058550593,0.10057531,0.8408741
0.031213732,0.01374322,0.95504314
0.07866468,0.10482619,0.8165091
0.98221403,0.01578326,0.002002701
0.9709726,0.01044446,0.018582933
0.9411659,0.028727695,0.030106364
0.63935405,0.010693522,0.34995243
0.992147,0.0019993857,0.005853611
0.77929693,0.02134326,0.19935974
0.9958467,0.002169913,0.0019834612
0.81953317,0.05193255,0.12853432
0.9740855,0.018642507,0.0072720493
0.98691547,0.0063825566,0.0067019393
0.9473891,0.016622234,0.035988595
0.9741194,0.015930774,0.009949771
0.80424005,0.012636349,0.18312362
0.9881798,0.0090035815,0.002816551
0.9843746,0.013582788,0.0020426994
0.856126,0.049493022,0.09438097
0.75394785,0.24292551,0.00312668
0.15315409,0.03412328,0.8127227
0.8189516,0.08774039,0.093307994
0.77905923,0.024059936,0.19688086
0.9409132,0.019057043,0.040029805
0.1729803,0.029506868,0.7975129
0.18326941,0.034133974,0.78259665
0.97614515,0.008306263,0.015548481
0.1729597,0.021796938,0.8052433
0.99084973,0.0050691455,0.004081136
0.41792563,0.09011834,0.49195603
0.29461923,0.15442178,0.55095893
0.008452976,0.9904807,0.0010663121
0.3658021,0.42103565,0.2131622
0.014349131,0.98456997,0.0010808543
0.017871115,0.98146373,0.00066509197
0.33838275,0.20068103,0.46093622
0.026115345,0.9516775,0.022207137
0.017128382,0.691749,0.29112265
0.012614048,0.9865225,0.0008634412
0.03389702,0.946176,0.01992703
0.0051958812,0.9757612,0.019042902
0.9323002,0.017437987,0.050261773
0.9686674,0.0076904837,0.023642138
0.1585293,0.23406243,0.6074082
0.044124614,0.02616851,0.9297068
0.13690834,0.03742866,0.825663
0.045794908,0.0070434813,0.9471616
0.03730334,0.03386572,0.92883086
0.063333556,0.032857016,0.90380937
0.01783339,0.017016737,0.9651499
0.2791424,0.033338804,0.6875188
0.061336756,0.012340217,0.926323
0.044890184,0.025753105,0.92935675
0.041448914,0.05925698,0.8992941
0.021380894,0.010845898,0.9677732
0.041999545,0.040509075,0.9174914
0.07881805,0.015626654,0.9055553
0.049608808,0.019810254,0.9305809
0.034404173,0.03480972,0.9307861
0.04737726,0.51460326,0.43801948
0.03244804,0.04034282,0.9272091
0.13605912,0.048989456,0.8149514
0.0512351,0.038825646,0.90993935
0.03277396,0.0131645175,0.9540615
0.021408133,0.9001311,0.07846079
0.021165427,0.025480563,0.95335394
0.047616553,0.04687833,0.9055052
0.26137134,0.024670068,0.7139586
0.0349543,0.021221569,0.9438242
0.059629954,0.011237009,0.92913294
0.016557857,0.038800113,0.944642
0.014354577,0.029138977,0.9565065
0.078185335,0.55531263,0.366502
0.031103445,0.015367279,0.9535293
0.031934932,0.029305141,0.93876
0.022846088,0.027289832,0.9498641
0.029980779,0.028191853,0.9418274
0.62680024,0.067945376,0.30525437
0.03849609,0.027917886,0.93358606
0.022275541,0.03974924,0.9379752
0.058792535,0.038444296,0.9027632
0.03657175,0.009112323,0.95431596
0.039654665,0.05161852,0.9087268
0.04050338,0.016703919,0.94279265
0.11620055,0.05403827,0.82976115
0.04078463,0.09736069,0.8618547
0.046448868,0.069388375,0.8841627
0.038368795,0.028402103,0.9332291
0.031327594,0.029602496,0.93906987
0.07792721,0.02237017,0.89970267
0.023418106,0.008623457,0.9679585
0.04293367,0.042682838,0.9143835
0.016466105,0.100179955,0.88335395
0.041154377,0.036247745,0.9225979
0.506384,0.047714476,0.4459015
0.04213219,0.010115352,0.9477524
0.048893336,0.038414314,0.9126924
0.025623377,0.020349093,0.9540276
0.05860165,0.039807055,0.90159124
0.043152064,0.035116658,0.92173123
0.05438361,0.05972871,0.8858877
0.030029457,0.034868814,0.93510175
0.055743977,0.04810126,0.89615476
0.023952704,0.022990141,0.95305717
0.021974284,0.028941121,0.9490845
0.055480395,0.056079585,0.88844
0.07195292,0.05447226,0.8735749
0.0374556,0.038985714,0.9235587
0.022033613,0.016041616,0.96192485
0.056738067,0.04876819,0.89449376
0.035736304,0.037196185,0.9270676
0.017163401,0.04757515,0.9352615
0.4112187,0.21271333,0.3760679
0.06682244,0.040847737,0.8923298
0.023556402,0.023464564,0.9529791
0.480786,0.028556224,0.49065784
0.06546011,0.03089098,0.9036489
0.072319426,0.049655847,0.87802476
0.05747379,0.04304588,0.8994804
0.05408589,0.03201355,0.9139006
0.13565919,0.032921642,0.83141917
0.038322344,0.025930196,0.93574744
0.03846935,0.02768139,0.9338492
0.413171,0.16939954,0.41742942
0.054316755,0.0134284,0.93225485
0.0720545,0.045845374,0.8821001
0.21637812,0.03864322,0.74497867
0.59093875,0.1789983,0.23006295
0.10440653,0.31722784,0.5783656
0.068751484,0.042273916,0.8889746
0.012212938,0.02608303,0.9617041
0.023874922,0.054490365,0.9216347
0.020456465,0.0072797453,0.97226375
0.32978982,0.047883358,0.6223268
0.020884134,0.02361865,0.9554973
0.01647902,0.012585645,0.9709354
0.09156315,0.019976728,0.88846016
0.06377934,0.044525158,0.89169544
0.036656342,0.009618573,0.95372516
0.04932061,0.3615967,0.5890827
0.022588005,0.040110484,0.93730146
0.057831116,0.054168377,0.88800055
0.095645964,0.2797498,0.6246042
0.0479153,0.031057522,0.9210272
0.141219,0.026443725,0.83233726
0.049331877,0.033379618,0.9172885
0.054506775,0.06062882,0.8848644
0.012542878,0.12176612,0.865691
0.066977516,0.023649484,0.90937304
0.104612425,0.01647951,0.8789081
0.021507245,0.02382961,0.95466316
0.04173107,0.041285187,0.91698366
0.035856847,0.03394858,0.9301947
0.043290287,0.037428055,0.9192816
0.011354916,0.020905292,0.9677398
0.038679413,0.033311192,0.9280094
0.024607642,0.02082314,0.9545692
0.03822848,0.033769477,0.928002
0.04637982,0.112022586,0.8415976
0.07335778,0.023309577,0.90333265
0.05627627,0.045175117,0.8985486
0.02595775,0.050922167,0.9231201
0.023514727,0.05446023,0.92202497
0.04201136,0.26371112,0.6942775
0.033658113,0.024077874,0.942264
0.33308414,0.11249918,0.5544167
0.035692804,0.008042295,0.95626485
0.15621053,0.35409456,0.48969498
0.063904144,0.15739387,0.77870196
0.027511243,0.01865143,0.9538373
0.048950225,0.02199905,0.92905074
0.032417107,0.01743656,0.9501463
0.024112346,0.094624035,0.8812636
0.2703229,0.08148332,0.64819384
0.05053344,0.038745333,0.91072124
0.035388377,0.028463144,0.9361484
0.18291186,0.4254905,0.3915976
0.04564108,0.039421994,0.9149369
0.65840447,0.051633213,0.28996235
0.056220304,0.04656278,0.89721686
0.03879284,0.031384736,0.9298223
0.059636,0.13892893,0.80143505
0.007389509,0.028549057,0.96406156
0.42285782,0.04364287,0.53349936
0.08484824,0.020590888,0.8945609
0.03837136,0.042806346,0.9188222
0.035711855,0.04236748,0.9219207
0.38043624,0.046208527,0.5733552
0.01484771,0.9816667,0.0034855537
0.03571068,0.054028533,0.91026074
0.057582244,0.05217385,0.8902439
0.048968963,0.03155505,0.919476
0.29571074,0.6560629,0.048226327
0.03575875,0.042010847,0.9222303
0.023577927,0.040107403,0.9363147
0.07968126,0.011082622,0.90923613
0.047100253,0.035972226,0.91692746
0.18249427,0.06053387,0.7569719
0.25277632,0.06077704,0.6864466
0.018571107,0.022379166,0.9590497
0.015428247,0.030059906,0.9545118
0.053634778,0.039201736,0.9071635
0.07874746,0.022671958,0.89858055
0.06842021,0.03295686,0.89862293
0.020667236,0.04294821,0.9363845
0.0402688,0.045898683,0.91383255
0.03681996,0.039194643,0.9239855
0.049463183,0.039744783,0.91079193
0.022799365,0.030204253,0.94699633
0.015681546,0.030109132,0.9542093
0.029210575,0.033229463,0.93755996
0.40325454,0.026396979,0.5703485
0.01739133,0.02749432,0.95511436
0.038489893,0.023505433,0.93800473
0.018825494,0.0108847255,0.97028977
0.2574929,0.2476285,0.4948786
0.03364769,0.02529959,0.94105273
0.02246299,0.012070632,0.9654664
0.7030852,0.040715188,0.25619957
0.05226644,0.07656886,0.87116474
0.026192585,0.011829004,0.9619784
0.034079283,0.017440023,0.9484807
0.04843661,0.017784063,0.93377936
0.046235822,0.058049373,0.89571476
0.12278077,0.06675475,0.8104644
0.8031267,0.03318949,0.16368377
0.049662787,0.029597143,0.9207401
0.9341681,0.032819524,0.03301239
0.05600944,0.051447373,0.89254326
0.008011198,0.006300354,0.9856883
0.011013199,0.020575365,0.9684114
0.039651148,0.077937014,0.8824118
0.026654705,0.06264337,0.910702
0.04071791,0.034354955,0.9249271
0.047511604,0.031158874,0.92132956
0.062329747,0.051221002,0.8864493
0.021622127,0.034417354,0.9439605
0.013121967,0.011445182,0.97543293
0.028219344,0.03819643,0.9335842
0.039431628,0.04719348,0.91337484
0.05842657,0.09548621,0.84608716
0.0116761625,0.019100927,0.9692229
0.020796565,0.037879016,0.9413244
0.05871017,0.026488604,0.9148012
0.0401007,0.02282639,0.9370729
0.3765624,0.03749467,0.58594286
0.024492681,0.037383366,0.938124
0.053220373,0.018957786,0.9278218
0.059229758,0.05105924,0.88971096
0.040593524,0.015437687,0.9439687
0.062105007,0.027938299,0.90995663
0.035038266,0.15888165,0.80608004
0.0625592,0.06280406,0.87463677
0.03580049,0.020841494,0.94335806
0.08216686,0.039617065,0.87821615
0.056741938,0.032839715,0.91041833
0.25121734,0.08025469,0.66852796
0.022157017,0.032938387,0.9449046
0.4818925,0.049384907,0.46872258
0.054058462,0.035176516,0.910765
0.05471903,0.052622776,0.8926582
0.27655417,0.48965243,0.23379347
0.049893107,0.064001486,0.8861055
0.04085995,0.9000366,0.05910354
0.04863814,0.034523305,0.9168386
0.015577826,0.0035652672,0.9808569
0.04262437,0.016178386,0.9411973
0.02089623,0.021183882,0.9579198
0.019208584,0.14137995,0.83941144
0.060474757,0.018157816,0.9213674
0.056153495,0.06545803,0.87838846
0.040671617,0.013543696,0.9457847
0.054583427,0.0240093,0.9214073
0.021313904,0.09079265,0.8878935
0.052041057,0.046877638,0.90108126
0.8332727,0.14845224,0.01827505
0.007431135,0.01737944,0.97518945
0.048919346,0.026235832,0.9248449
0.013614955,0.0044853534,0.98189974
0.029749641,0.021893209,0.94835716
0.07541755,0.0752704,0.84931207
0.045552727,0.018713068,0.93573415
0.06778192,0.03236371,0.89985436
0.016237333,0.0101017,0.97366095
0.036829203,0.02988351,0.93328726
0.07755069,0.041835457,0.88061386
0.053372994,0.025187008,0.92143995
0.016050786,0.025226783,0.95872235
0.040834703,0.026134158,0.9330311
0.03973221,0.023609625,0.9366582
0.023614265,0.010748236,0.9656375
0.044362683,0.029093757,0.9265436
0.039761264,0.021979712,0.938259
0.018377932,0.022298286,0.95932376
0.045845415,0.05465586,0.8994988
0.013042166,0.011759625,0.9751982
0.03654857,0.013458603,0.9499929
0.054191463,0.0074932887,0.93831515
0.07576365,0.20039187,0.7238445
0.06619503,0.044658773,0.8891462
0.03549869,0.02451729,0.9399841
0.016668469,0.027724262,0.95560724
0.048070364,0.041358385,0.9105712
0.022545734,0.010322191,0.967132
0.016151901,0.053323317,0.93052477
0.0267239,0.03306413,0.9402119
0.029228095,0.039950065,0.9308218
0.044780586,0.009846601,0.9453728
0.06317271,0.033550777,0.9032765
0.0281805,0.019273818,0.9525457
0.04422298,0.045582235,0.91019475
0.08714313,0.048078034,0.8647788
0.15952952,0.020762872,0.8197076
0.07236381,0.038282294,0.88935393
0.04104412,0.027528819,0.93142706
0.038656782,0.051815588,0.90952766
0.05274373,0.09559987,0.85165644
0.04190413,0.042688902,0.91540694
0.09246953,0.039154068,0.8683765
0.028192345,0.08616275,0.8856449
0.98554534,0.013026989,0.00142773
0.04434297,0.014021432,0.9416355
0.06898418,0.05543034,0.8755855
0.08733296,0.022849005,0.889818
0.059444193,0.016124671,0.92443115
0.04555612,0.046545453,0.90789837
0.05485929,0.035212886,0.9099278
0.053423464,0.018845193,0.92773145
0.043579064,0.037311576,0.91910934
0.023174146,0.018951166,0.9578747
0.107276015,0.019593734,0.87313026
0.043646168,0.02315768,0.9331962
0.061096292,0.008975355,0.9299283
0.068320006,0.023795944,0.90788406
0.049794074,0.036895562,0.9133103
0.09098593,0.020966617,0.8880475
0.17736158,0.0120814,0.81055695
0.29864424,0.0386228,0.66273296
0.056102794,0.047243286,0.8966539
0.06717303,0.029662656,0.9031644
0.025320364,0.90618706,0.068492636
0.015327347,0.022410316,0.9622623
0.099540904,0.108473524,0.79198563
0.04337313,0.03198134,0.92464554
0.028755058,0.019937508,0.9513073
0.04246738,0.03704071,0.9204919
0.06606705,0.04303265,0.8909003
0.044278584,0.022770412,0.932951
0.18071023,0.045357276,0.7739325
0.038917817,0.068369634,0.8927126
0.02506658,0.009185529,0.9657478
0.051193647,0.028885791,0.9199205
0.048812967,0.022023223,0.9291638
0.18619908,0.013044533,0.80075634
0.03859555,0.026319878,0.9350846
0.029750265,0.8844163,0.08583341
0.043317292,0.023254106,0.9334286
0.03816514,0.024449507,0.9373853
0.035701938,0.044431776,0.9198663
0.06864032,0.05928734,0.8720723
0.052309122,0.05601,0.89168084
0.05085988,0.04232935,0.90681076
0.30906862,0.6197797,0.07115164
0.9939587,0.005006215,0.0010351104
0.1631539,0.14826345,0.6885826
0.9952362,0.004397803,0.000365963
0.99440384,0.005097274,0.0004988186
0.987867,0.0106990775,0.0014338911
0.99301904,0.003887558,0.0030933835
0.99047256,0.009104137,0.00042331856
0.9859519,0.0111908,0.0028572443
0.99124885,0.008336515,0.00041464553
0.96509373,0.030393153,0.0045131296
0.8572428,0.023409344,0.11934775
0.7762908,0.037423566,0.18628563
0.9947536,0.005010219,0.0002361689
0.08943482,0.1196446,0.79092056
0.99145186,0.00491617,0.0036320435
0.99248946,0.0055984063,0.0019122169
0.9942562,0.00446266,0.0012810731
0.99392843,0.004544737,0.0015267627
0.9919138,0.007326025,0.0007601861
0.97039884,0.017361755,0.0122394
0.96707135,0.002234371,0.030694298
0.98985785,0.0079513565,0.002190829
0.9746558,0.017938823,0.0074053407
0.9103874,0.06857532,0.021037197
0.9665167,0.009475397,0.024007974
0.99345535,0.0058727893,0.00067190453
0.7978058,0.0581041,0.14409019
0.98122865,0.016637465,0.0021338891
0.9951173,0.0046717445,0.00021095219
0.9729769,0.008600709,0.018422328
0.99325883,0.0065247365,0.0002163951
0.9910523,0.008392035,0.0005556811
0.99323434,0.0045282776,0.0022372862
0.99482465,0.004952201,0.00022317986
0.7746439,0.041406933,0.18394914
0.33663437,0.13634504,0.5270205
0.52862805,0.1746212,0.29675075
0.76279235,0.05416128,0.18304642
0.9909306,0.0010626373,0.008006751
0.9894582,0.007083048,0.0034587511
0.76340395,0.10007571,0.13652037
0.99730194,0.0026366434,6.140531e-05
0.0627968,0.03842442,0.8987788
0.99034274,0.009183303,0.00047403213
0.98894066,0.010534358,0.00052498723
0.98932296,0.007854474,0.0028225642
0.98158103,0.008135163,0.01028381
0.9949561,0.004866554,0.00017726421
0.98045224,0.01759309,0.0019547073
0.99272656,0.0047246763,0.0025487717
0.9826346,0.012333359,0.005032029
0.9949167,0.0027890636,0.002294221
0.9932469,0.00634247,0.00041064085
0.9856511,0.009095279,0.0052536726
0.08731768,0.01297228,0.89971006
0.9951905,0.004528343,0.00028112924
0.9937158,0.005828615,0.0004556416
0.06224918,0.014930571,0.92282015
0.84255385,0.023154736,0.13429138
0.93747085,0.041553207,0.020976044
0.09839984,0.15345006,0.7481501
0.9921278,0.0059456774,0.0019265122
0.83942413,0.04461838,0.11595752
0.97927743,0.0140919555,0.0066306167
0.9831456,0.015875557,0.0009788743
0.22259185,0.056060616,0.7213476
0.13143404,0.041115932,0.8274501
0.8866963,0.02351456,0.08978909
0.99227273,0.005320048,0.002407319
0.98800254,0.006483874,0.0055135502
0.9549769,0.026129223,0.018893834
0.95001817,0.009525211,0.040456653
0.98216176,0.0025265769,0.015311791
0.9040017,0.020991886,0.075006396
0.66897905,0.028308302,0.30271265
0.9948107,0.005059676,0.00012967033
0.9500837,0.049042284,0.0008740123
0.9958062,0.0040458567,0.00014794711
0.9938041,0.0036692144,0.002526742
0.9862982,0.0037060787,0.009995768
0.7494803,0.02712708,0.2233926
0.93267286,0.019767726,0.04755944
0.9930442,0.005939557,0.0010161384
0.9863594,0.0070333383,0.0066072093
0.6433757,0.32541075,0.031213475
0.9944154,0.004921244,0.00066342135
0.17155504,0.0428915,0.78555346
0.99228233,0.0054782676,0.0022395113
0.9658089,0.027883753,0.0063073523
0.82065785,0.07086421,0.108477935
0.89680266,0.040416032,0.06278123
0.10473814,0.053130563,0.8421313
0.9622645,0.015477797,0.022257695
0.9882563,0.0036487314,0.008095065
0.6672139,0.07355045,0.2592356
0.9435763,0.014681545,0.041742224
0.9846986,0.003121861,0.0121795405
0.9907685,0.008681343,0.0005501233
0.040952954,0.015974885,0.94307214
0.23032525,0.040734306,0.7289404
0.9118868,0.023900857,0.064212345
0.18199718,0.016560469,0.8014423
0.99329925,0.005367321,0.0013334248
0.38815784,0.048814006,0.5630282
0.9906408,0.007758141,0.0016009829
0.18132225,0.81780463,0.0008731379
0.6236766,0.033574168,0.34274927
0.09344598,0.024281805,0.8822723
0.98943114,0.006461621,0.004107256
0.9890687,0.005050161,0.0058812173
0.98199224,0.014751448,0.0032563244
0.24947987,0.08422071,0.6662994
0.9920074,0.0046118856,0.0033807245
0.9696274,0.008162644,0.022210047
0.9951957,0.0044062217,0.00039800955
0.1524325,0.07061133,0.7769562
0.9935383,0.005213611,0.0012480536
0.98217887,0.0160469,0.0017742311
0.92644995,0.0061096875,0.06744031
0.1673618,0.07595331,0.7566849
0.14361902,0.06467097,0.79171
0.9908529,0.008589317,0.00055774365
0.9603206,0.009847219,0.029832175
0.97271967,0.026202064,0.0010783245
0.81355774,0.023799837,0.16264236
0.8381161,0.018008152,0.14387567
0.98386186,0.008885798,0.007252377
0.9623116,0.018273853,0.019414458
0.98710865,0.01094439,0.0019469509
0.35817054,0.047908384,0.5939211
0.46458265,0.06684783,0.46856952
0.995937,0.0037422972,0.00032067357
0.06436603,0.07021065,0.8654233
0.9939177,0.005444594,0.0006376868
0.98449266,0.009336424,0.0061709993
0.99174315,0.0077364934,0.0005203414
0.9979944,0.0015847635,0.0004207415
0.96545523,0.004051013,0.030493746
0.9961098,0.002019168,0.0018710762
0.97301596,0.0074873352,0.019496681
0.42004332,0.042795043,0.5371616
0.41657776,0.052064497,0.53135777
0.12294959,0.06507523,0.8119752
0.78109944,0.0331012,0.18579935
0.98038256,0.0090820715,0.010535385
0.5252765,0.14729543,0.3274281
0.23030291,0.04490862,0.7247884
0.48999038,0.033861093,0.4761485
0.027917923,0.053865783,0.9182163
0.790532,0.044490013,0.16497792
0.7319559,0.056277256,0.21176685
0.9771624,0.013803018,0.009034577
0.9916403,0.0069342293,0.0014253804
0.98579246,0.010521353,0.0036861359
0.9797402,0.010673415,0.009586293
0.98002094,0.010408806,0.00957033
0.0561504,0.020656578,0.9231931
0.016005678,0.980613,0.0033812856
0.034160767,0.6307889,0.33505034
0.011814149,0.9825943,0.0055915187
0.123704895,0.5847133,0.29158187
0.061157435,0.038383633,0.90045893
0.12628992,0.08193801,0.79177207
0.017421689,0.95212144,0.030456815
0.025825696,0.96626705,0.007907219
0.009221759,0.9819443,0.008833905
0.067816034,0.30932015,0.6228638
0.01047595,0.9873066,0.0022174278
0.15728758,0.67642134,0.16629112
0.007864873,0.9771811,0.0149540845
0.024235087,0.97375613,0.0020088593
0.019339537,0.87922955,0.10143093
0.019688113,0.9758758,0.0044361223
0.01113156,0.9759556,0.012912836
0.020341719,0.8015136,0.17814463
0.03859547,0.18657225,0.7748323
0.016261484,0.965633,0.0181056
0.019021096,0.9794145,0.0015643991
0.063360274,0.067512564,0.8691272
0.017422676,0.97666115,0.0059162006
0.012606545,0.9849733,0.0024201402
0.072996184,0.31064457,0.6163593
0.02408588,0.9630471,0.012867087
0.0054772417,0.9834152,0.011107638
0.012071112,0.9874364,0.0004924297
0.0023426001,0.9962476,0.0014098017
0.012714416,0.9866338,0.00065183314
0.011655211,0.98752964,0.0008151339
0.013563821,0.9829999,0.0034361756
0.020396534,0.97225946,0.0073439768
0.017481416,0.9809115,0.0016070814
0.020294948,0.87912464,0.10058045
0.012764534,0.98666126,0.0005741343
0.03606734,0.04458073,0.9193519
0.1092875,0.43883294,0.45187956
0.008073267,0.9846332,0.0072935885
0.008725446,0.9870881,0.0041865148
0.016954739,0.9275071,0.055538185
0.015591515,0.9836383,0.00077021506
0.022120202,0.38856408,0.58931565
0.0125263,0.9854168,0.0020568788
0.011297633,0.98569125,0.0030111664
0.030495282,0.9239933,0.04551139
0.010369899,0.95095044,0.03867965
0.027761517,0.70573974,0.26649874
0.009003163,0.8745836,0.11641326
0.008997893,0.98274523,0.008256931
0.012331523,0.98344827,0.0042202445
0.037095804,0.8245371,0.13836707
0.012378428,0.9814216,0.0061999983
0.036736198,0.7744107,0.18885311
0.010569378,0.7860677,0.20336291
0.29285872,0.44742927,0.25971198
0.014698376,0.9813301,0.0039714975
0.0091197025,0.9882979,0.0025823982
0.016012961,0.9829773,0.001009774
0.050072566,0.67831093,0.27161655
0.010446851,0.9864891,0.003064052
0.044600397,0.6976117,0.25778794
0.0060792067,0.97936606,0.014554803
0.0654566,0.20063843,0.7339049
0.008930457,0.9878414,0.003228086
0.006366123,0.99209493,0.0015389015
0.12868218,0.117855005,0.7534628
0.010124205,0.989263,0.0006127744
0.014104977,0.9820987,0.003796303
0.036248103,0.33382002,0.6299319
0.024762904,0.9738153,0.0014218017
0.0052069505,0.9759319,0.018861141
0.05913009,0.9226948,0.018175097
0.011986567,0.9795633,0.008450091
0.03376046,0.41340065,0.55283886
0.015008451,0.97882,0.0061714975
0.018501945,0.9800489,0.0014491844
0.058226377,0.82124615,0.12052745
0.022800427,0.9465781,0.030621462
0.011495269,0.97779,0.010714769
0.012475205,0.9842768,0.0032480017
0.0013645882,0.9794826,0.019152898
0.013853569,0.98361856,0.0025278546
0.0125258025,0.98345506,0.004019156
0.027491294,0.8508556,0.121653154
0.058014266,0.5810089,0.36097687
0.01433684,0.9837266,0.0019364945
0.017244538,0.95541316,0.027342247
0.051552787,0.650911,0.29753622
0.026503315,0.9695957,0.0039010826
0.009296945,0.9899503,0.00075277727
0.014034583,0.6872086,0.29875687
0.017734319,0.9758553,0.0064104125
0.010219605,0.97545266,0.014327754
0.037557285,0.96107733,0.0013653549
0.042213198,0.37569144,0.5820954
0.008359785,0.98531765,0.0063226344
0.9580726,0.023751792,0.018175596
0.0579141,0.8725005,0.06958539
0.007263549,0.9338482,0.05888828
0.008128502,0.985578,0.0062934994
0.013155261,0.11622555,0.8706192
0.0046509723,0.9945702,0.0007787751
0.053323813,0.92690563,0.01977059
0.09833954,0.87756133,0.02409914
0.03362673,0.9441474,0.022225913
0.02048941,0.09022713,0.8892834
0.024113487,0.9585182,0.017368294
0.02996855,0.8219437,0.14808771
0.075933,0.058447722,0.86561924
0.007190925,0.97552526,0.017283857
0.014584518,0.98136544,0.0040499745
0.016619654,0.97635686,0.007023473
0.04176553,0.7973472,0.16088732
0.016393242,0.96588147,0.017725322
0.012732529,0.94555986,0.0417076
0.016418874,0.9683367,0.015244407
0.045697935,0.09750128,0.85680073
0.03339447,0.34258345,0.6240221
0.059629966,0.0985054,0.84186465
0.028994966,0.8277282,0.14327683
0.046993412,0.84115255,0.11185405
0.04229349,0.9569717,0.000734841
0.04801281,0.14070468,0.8112826
0.04044642,0.6740999,0.28545365
0.02394677,0.8807853,0.095267884
0.004266215,0.93666774,0.05906608
0.050181605,0.85166353,0.09815492
0.028815694,0.4260099,0.54517436
0.008576976,0.9524545,0.038968485
0.30867696,0.6156785,0.07564454
0.060234748,0.89820457,0.041560724
0.013834481,0.98226327,0.0039021943
0.045093082,0.052719153,0.9021877
0.015269689,0.9511823,0.033548065
0.05141206,0.118028656,0.83055925
0.039597042,0.9343838,0.026019145
0.09239885,0.026654301,0.8809469
0.08670684,0.8619211,0.051372103
0.04551599,0.94369406,0.010789901
0.008078669,0.98721826,0.0047030514
0.017590132,0.98124516,0.0011647356
0.019585313,0.9464419,0.033972833
0.019797483,0.97556406,0.004638463
0.010013227,0.9308829,0.059103932
0.04398771,0.21201652,0.7439958
0.013846019,0.98308253,0.0030714152
0.011780841,0.986545,0.0016741452
0.020760093,0.97806066,0.0011792381
0.009769591,0.98684096,0.0033894943
0.027340775,0.97230375,0.00035544162
0.078487925,0.7240007,0.19751142
0.026890483,0.9483852,0.024724336
0.057794206,0.4947761,0.44742966
0.039603177,0.60758984,0.35280693
0.011335371,0.8681,0.12056461
0.012013704,0.960913,0.027073298
0.08282699,0.3610159,0.5561571
0.048186228,0.030990077,0.9208237
0.05930949,0.12074814,0.8199424
0.09618745,0.028740034,0.87507254
0.036317624,0.06423933,0.89944303
0.04597885,0.040378552,0.9136425
0.044988632,0.048739407,0.90627205
0.022662634,0.032336164,0.94500124
0.05806658,0.03273184,0.9092016
0.07916496,0.07222143,0.8486137
0.079326116,0.051017117,0.8696568
0.0498817,0.044976432,0.9051419
0.037582565,0.057194754,0.90522265
0.1839918,0.10879883,0.7072094
0.042393163,0.05561603,0.9019908
0.039642144,0.056342848,0.90401495
0.03720857,0.03812816,0.92466325
0.05501408,0.050139833,0.894846
0.040210105,0.06668484,0.89310503
0.05718764,0.05780527,0.885007
0.033356298,0.034651205,0.9319925
0.031445872,0.031445872,0.93710834
0.053557295,0.06416232,0.88228035
0.08577227,0.09606039,0.8181673
0.05135438,0.0629207,0.88572496
0.059394144,0.061399315,0.87920654
0.049695846,0.4492509,0.5010533
0.02395153,0.9708584,0.005190009
0.23796563,0.11959822,0.64243615
0.06877354,0.06764122,0.8635852
0.14528945,0.08616526,0.76854527
0.049342923,0.036740232,0.9139169
0.027564652,0.06849019,0.90394515
0.043683495,0.042174432,0.9141421
0.061524197,0.03084581,0.90763
0.05584519,0.06115452,0.8830003
0.06253623,0.08631572,0.85114795
0.09636587,0.043055415,0.8605788
0.05687004,0.040405735,0.9027242
0.038657337,0.04466847,0.91667426
0.0510234,0.03568971,0.9132868
0.04697407,0.10975259,0.84327334
0.047210548,0.043534886,0.90925455
0.05625915,0.055063352,0.8886775
0.063929036,0.050968666,0.88510233
0.07902831,0.121448904,0.7995228
0.035690706,0.080823936,0.8834853
0.05415832,0.045784373,0.9000573
0.026203003,0.8647635,0.10903351
0.9858183,0.012753629,0.0014281254
0.062320523,0.060403123,0.87727636
0.048225105,0.059433863,0.89234114
0.030435376,0.08789583,0.8816688
0.5647213,0.10226127,0.3330175
0.046514634,0.0435261,0.90995926
0.01364302,0.984885,0.001472064
0.06286099,0.05785373,0.8792852
0.03947337,0.2389866,0.7215401
0.017193047,0.043181133,0.9396258
0.027260507,0.045876212,0.9268633
0.012643656,0.9584147,0.028941616
0.02808145,0.07191889,0.8999997
0.056568887,0.06757198,0.8758591
0.09284923,0.047888126,0.85926265
0.038686536,0.057286773,0.9040267
0.044652004,0.06067549,0.8946725
0.045942716,0.103533514,0.85052377
0.06805803,0.07315835,0.85878354
0.04901104,0.044105165,0.9068838
0.047640998,0.045503777,0.90685517
0.026376491,0.03194065,0.94168276
0.034610637,0.033578552,0.9318108
0.07169471,0.04113062,0.88717467
0.06665197,0.060509775,0.8728382
0.06909825,0.049575575,0.88132626
0.06494659,0.06819651,0.8668569
0.05620539,0.052491605,0.891303
0.03014941,0.04827281,0.9215779
0.068933636,0.62453145,0.30653495
0.090100415,0.02705305,0.88284653
0.059057806,0.029667143,0.9112751
0.041082982,0.119109966,0.83980703
0.029826857,0.066432774,0.90374035
0.055935804,0.058334686,0.88572955
0.03067875,0.037041787,0.93227947
0.053741936,0.081866674,0.8643914
0.058042407,0.034021556,0.90793604
0.019233236,0.9413028,0.03946404
0.035544697,0.045953356,0.918502
0.57890874,0.25303003,0.16806124
0.99061453,0.009016956,0.00036855738
0.09479331,0.12267166,0.782535
0.034078494,0.08401626,0.8819052
0.062702395,0.03855445,0.89874315
0.029147083,0.35874385,0.61210907
0.03359391,0.6190737,0.34733242
0.056171853,0.046070535,0.89775765
0.056618586,0.029603716,0.9137777
0.048274454,0.07017036,0.8815552
0.07829511,0.30322927,0.6184756
0.04652935,0.19589587,0.75757486
0.034891635,0.04300135,0.922107
0.05096595,0.04564099,0.90339303
0.048966143,0.025304263,0.9257296
0.022616781,0.05883559,0.91854763
0.05461398,0.060511228,0.8848748
0.048757676,0.05650469,0.8947377
0.103488244,0.14766215,0.7488497
0.04230563,0.061075307,0.896619
0.04764929,0.05415214,0.8981986
0.03251543,0.23908806,0.72839653
0.049422625,0.0732562,0.8773212
0.06674101,0.08241414,0.8508448
0.043127656,0.23925821,0.7176142
0.0451084,0.041759208,0.9131324
0.17702694,0.07034772,0.75262535
0.08833312,0.075629145,0.83603776
0.2654164,0.039220143,0.69536346
0.071080446,0.75823987,0.17067973
0.1048771,0.119423,0.77569985
0.058708835,0.035400674,0.90589046
0.0667471,0.19070266,0.7425502
0.026082925,0.018768487,0.9551485
0.0357557,0.033952143,0.93029225
0.04800014,0.029341897,0.92265797
0.03171155,0.021415241,0.9468733
0.059934095,0.04590821,0.89415777
0.04448555,0.03991555,0.915599
0.09651077,0.033158373,0.8703308
0.03747117,0.045776334,0.9167525
0.0319261,0.008255541,0.95981836
0.02790794,0.04156875,0.9305233
0.044354726,0.042738914,0.91290635
0.038528074,0.03528636,0.92618555
0.04765986,0.06787075,0.88446945
0.043810014,0.029498948,0.926691
0.13885158,0.10813773,0.75301075
0.48001885,0.08758883,0.43239227
0.040958446,0.2240293,0.73501223
0.031407524,0.025285993,0.94330645
0.045935795,0.024182832,0.9298814
0.033044074,0.027314357,0.9396415
0.027574405,0.8994211,0.07300448
0.07402622,0.011735546,0.91423815
0.078257315,0.011142688,0.91060007
0.050626833,0.026213609,0.9231596
0.02672649,0.032970596,0.9403029
0.05356388,0.040471643,0.90596443
0.0332559,0.051962454,0.91478163
0.056029584,0.029039394,0.914931
0.07002872,0.02713063,0.9028407
0.04481088,0.06475527,0.89043385
0.07026246,0.07334736,0.8563902
0.078387335,0.061828084,0.8597846
0.01654375,0.017236412,0.9662198
0.06919872,0.074094534,0.8567068
0.06389866,0.05744645,0.8786549
0.037300006,0.06252678,0.90017325
0.028400408,0.040247034,0.9313526
0.06285678,0.04928869,0.8878546
0.08536096,0.05336538,0.86127365
0.010437924,0.14402075,0.84554124
0.04240807,0.019340133,0.9382518
0.03282969,0.048995283,0.91817504
0.08562066,0.1196879,0.79469144
0.055822648,0.040602125,0.90357524
0.4669256,0.33862078,0.19445357
0.0632975,0.6410012,0.29570127
0.10437051,0.06582565,0.8298038
0.047655456,0.20250703,0.7498375
0.97832495,0.00947942,0.012195613
0.056335367,0.030899396,0.9127653
0.022069242,0.7105125,0.2674182
0.05618315,0.029062165,0.9147547
0.048935805,0.030414617,0.92064965
0.026736619,0.103295796,0.86996764
0.028660135,0.021319214,0.9500206
0.044490743,0.024474334,0.9310349
0.04431434,0.024712862,0.9309728
0.05123046,0.02728812,0.9214815
0.0529689,0.041454144,0.90557694
0.041701112,0.040181976,0.91811687
0.052545715,0.08479184,0.86266243
0.050813414,0.10017026,0.8490163
0.6821896,0.0664176,0.2513928
0.043512847,0.025232539,0.9312547
0.92868805,0.04917062,0.022141302
0.20102389,0.041060425,0.7579156
0.03643571,0.049221504,0.9143428
0.025294308,0.051145826,0.92355984
0.03885079,0.11781356,0.8433357
0.03299101,0.05418092,0.9128281
0.05022925,0.22043468,0.7293361
0.041782167,0.022917107,0.9353007
0.057914887,0.03348585,0.90859926
0.039680842,0.033057593,0.92726153
0.057325415,0.038038086,0.90463644
0.14748052,0.010226628,0.8422928
0.15644239,0.027452396,0.8161052
0.07151968,0.04778216,0.8806981
0.06506959,0.035794742,0.8991356
0.06636328,0.040487904,0.8931489
0.06505088,0.023698319,0.9112508
0.04356091,0.050630335,0.90580875
0.23899983,0.0058055334,0.75519466
0.03754973,0.050924987,0.91152525
0.068348706,0.047021233,0.8846301
0.05328398,0.03129346,0.91542256
0.028475372,0.062013984,0.9095107
0.047089763,0.026286298,0.92662394
0.086974315,0.09505731,0.8179684
0.026567465,0.070132785,0.90329975
0.017287238,0.012697115,0.97001576
0.072959974,0.03733716,0.88970286
0.09354649,0.09120119,0.81525224
0.22604835,0.04068686,0.73326474
0.12151539,0.05050696,0.8279777
0.03372634,0.049359903,0.91691375
0.023125805,0.016318776,0.9605554
0.059370287,0.041813027,0.89881665
0.06711125,0.015449886,0.91743886
0.02549912,0.91929305,0.055207837
0.055903137,0.028552528,0.9155444
0.019447675,0.017535228,0.9630171
0.042574883,0.025547063,0.9318781
0.043798346,0.29784948,0.6583522
0.05678366,0.048003793,0.89521253
0.03181326,0.011760729,0.956426
0.10632569,0.0618378,0.83183646
0.043763164,0.048441406,0.9077954
0.041406386,0.07630688,0.88228667
0.034827925,0.019233806,0.9459383
0.033402514,0.40792057,0.55867696
0.31718463,0.06651799,0.6162974
0.055989485,0.27052358,0.67348695
0.10847045,0.021940477,0.86958903
0.03828861,0.020374682,0.9413367
0.016516818,0.017893855,0.9655893
0.043421257,0.036315262,0.9202634
0.024751315,0.017914966,0.95733374
0.032514747,0.021893417,0.9455918
0.045966133,0.044205196,0.9098287
0.064753905,0.04221855,0.89302754
0.048545912,0.01921617,0.9322379
0.35377806,0.04816002,0.5980619
0.15242352,0.013717096,0.8338594
0.042727035,0.0526065,0.9046664
0.055128563,0.61899334,0.32587808
0.9593426,0.025715854,0.0149414465
0.12462749,0.09306862,0.7823039
0.049881924,0.039652996,0.91046506
0.044025958,0.036463175,0.9195109
0.5415211,0.052947916,0.40553102
0.040008932,0.06525877,0.8947323
0.049860388,0.09269774,0.8574419
0.049831543,0.46545863,0.48470986
0.041254025,0.03886827,0.91987777
0.030133784,0.05056325,0.91930294
0.050706536,0.038126078,0.9111674
0.0240769,0.0724441,0.903479
0.0273604,0.032333013,0.9403066
0.03821363,0.01953668,0.9422497
0.03624914,0.033426903,0.9303239
0.06465866,0.02692743,0.90841395
0.25937402,0.12469231,0.61593366
0.026877727,0.06992007,0.90320224
0.05548752,0.04811433,0.8963982
0.031907808,0.8375064,0.13058579
0.12307472,0.07516063,0.8017646
0.038951963,0.036484934,0.9245631
0.046307936,0.051308293,0.90238374
0.03378289,0.3271642,0.639053
0.02856322,0.029240575,0.94219625
0.04758913,0.12235667,0.8300543
0.031339593,0.028312963,0.94034743
0.075919546,0.03462299,0.8894574
0.086031616,0.03911981,0.87484854
0.039636213,0.02596869,0.93439513
0.123197846,0.049971253,0.8268309
0.038577914,0.3274554,0.6339667
0.041071124,0.03142888,0.9275
0.03519378,0.030161686,0.93464446
0.060288176,0.05981901,0.87989277
0.054535992,0.03647099,0.90899307
0.08403946,0.03682184,0.8791387
0.05075558,0.030042337,0.9192021
0.05005784,0.08700046,0.8629416
0.046234246,0.038630158,0.9151356
0.014164088,0.06298505,0.92285085
0.05310227,0.039040614,0.907857
0.04550051,0.030727116,0.9237724
0.13287732,0.04556381,0.82155883
0.03194588,0.028054817,0.9399993
0.024297193,0.026711317,0.9489914
0.018304054,0.0064316047,0.9752643
0.041307144,0.023125995,0.9355669
0.79598635,0.05224526,0.15176837
0.06359137,0.030690776,0.9057178
0.031248737,0.040241897,0.9285094
0.057756722,0.03877603,0.9034672
0.17822339,0.13102926,0.6907474
0.047114998,0.034774363,0.91811067
0.05695934,0.04505855,0.8979821
0.029898638,0.026256936,0.94384444
0.05349967,0.04602961,0.90047073
0.042044807,0.0304617,0.9274936
0.03719147,0.026761865,0.9360467
0.05260078,0.097221196,0.850178
0.030566985,0.26638955,0.7030434
0.08956739,0.03366557,0.87676704
0.4502465,0.025798032,0.5239554
0.031229215,0.014186511,0.9545843
0.042775445,0.0585814,0.89864314
0.63267154,0.13043967,0.23688874
0.022941703,0.05256539,0.9244929
0.012887794,0.015898768,0.9712134
0.032231275,0.034986716,0.93278205
0.05991331,0.032606132,0.9074806
0.07032739,0.036166105,0.89350647
0.03103473,0.044109244,0.92485607
0.04904003,0.045310345,0.90564966
0.058904823,0.050630584,0.89046454
0.03764187,0.03420644,0.92815167
0.11473249,0.07414924,0.8111182
0.052611772,0.046158474,0.9012298
0.029439012,0.009851209,0.96070975
0.0365266,0.05398282,0.9094906
0.054548237,0.05035044,0.89510137
0.060176633,0.025680233,0.91414315
0.30960196,0.047804672,0.6425933
0.04483693,0.07930845,0.8758546
0.052037288,0.021969518,0.92599314
0.02938135,0.050322182,0.92029655
0.052958056,0.060894847,0.88614714
0.03509683,0.015377656,0.94952554
0.048836593,0.051030584,0.90013283
0.075385265,0.030132959,0.89448184
0.03146605,0.029908054,0.9386258
0.041608572,0.10409441,0.8542969
0.061723776,0.0142652355,0.9240109
0.044344276,0.035806037,0.9198496
0.0491641,0.20507717,0.74575865
0.10225812,0.4146366,0.48310527
0.033867482,0.029053384,0.93707913
0.06912544,0.056916595,0.873958
0.034453798,0.03523642,0.9303098
0.022845423,0.012360341,0.9647942
0.13930887,0.05352509,0.80716604
0.04176457,0.034220662,0.92401475
0.070611574,0.031394955,0.8979935
0.040940773,0.03630695,0.92275226
0.04520138,0.028093597,0.9267051
0.023883428,0.0146139115,0.9615027
0.15432028,0.051188476,0.79449123
0.035051327,0.024952393,0.9399963
0.030145818,0.028374743,0.94147944
0.042656258,0.0318546,0.9254892
0.23598494,0.030713594,0.7333015
0.05174558,0.073044255,0.8752101
0.017797954,0.98127156,0.00093044876
0.055482708,0.034081906,0.9104354
0.08892819,0.013367277,0.89770454
0.039138615,0.07094012,0.8899213
0.026634064,0.13257805,0.8407879
0.07783175,0.08539802,0.83677024
0.047352545,0.04332602,0.9093215
0.054879814,0.030396434,0.91472375
0.06237922,0.05263126,0.88498956
0.028386805,0.027892174,0.94372106
0.057270434,0.037193865,0.90553564
0.07668885,0.059260555,0.8640506
0.09739339,0.04424294,0.8583637
0.09041424,0.087035485,0.8225503
0.01584026,0.019351117,0.96480864
0.15183085,0.016486673,0.83168244
0.34893566,0.06489422,0.58617014
0.83018166,0.068612896,0.10120543
0.21721195,0.027968219,0.75481975
0.08519803,0.023543399,0.89125854
0.045197245,0.029990476,0.9248123
0.025739888,0.013082613,0.96117747
0.051453173,0.0266675,0.92187935
0.113603085,0.19628851,0.6901085
0.04717797,0.034381576,0.91844046
0.047885243,0.057367127,0.8947476
0.040749863,0.08328732,0.8759628
0.15446228,0.038186766,0.807351
0.03132468,0.05054793,0.9181273
0.027155101,0.24638298,0.7264619
0.047399517,0.05298136,0.8996191
0.028606258,0.044219792,0.9271739
0.08064437,0.038693592,0.880662
0.09562955,0.04660612,0.85776436
0.039969478,0.042298716,0.91773176
0.03644683,0.0162048,0.9473484
0.28585964,0.08532919,0.6288112
0.3316493,0.10164242,0.5667083
0.26065987,0.10358213,0.6357579
0.052480087,0.04590825,0.9016116
0.05030497,0.05190182,0.8977932
0.05737265,0.07490114,0.8677262
0.09017679,0.08178679,0.8280365
0.067087464,0.045749675,0.8871628
0.2942705,0.15461601,0.5511135
0.05185857,0.026229365,0.9219121
0.16833593,0.044495817,0.78716826
0.02857952,0.025920501,0.94549996
0.048129275,0.1322419,0.8196288
0.20705289,0.3087057,0.48424143
0.057247307,0.017021718,0.925731
0.051742565,0.04045487,0.9078025
0.040444545,0.04441965,0.9151358
0.061618067,0.073531434,0.8648505
0.08289053,0.05883562,0.85827386
0.027605765,0.02550624,0.946888
0.028368646,0.03950152,0.9321298
0.07063389,0.0638124,0.8655537
0.42287645,0.5188786,0.058244992
0.045231063,0.041831896,0.91293705
0.032397464,0.018031904,0.9495706
0.020655343,0.030616185,0.9487284
0.044624228,0.0369226,0.9184532
0.09992935,0.040178444,0.8598923
0.09412734,0.057035398,0.8488372
0.0431704,0.054306682,0.902523
0.06968666,0.05183733,0.878476
0.037669063,0.036225982,0.92610496
0.05586825,0.030943902,0.9131878
0.03618716,0.04230708,0.92150575
0.041863862,0.03101957,0.9271166
0.057432916,0.041529283,0.9010378
0.046021793,0.058920283,0.8950579
0.023399437,0.022547012,0.9540535
0.8154783,0.026665345,0.15785629
0.0657378,0.060265515,0.8739966
0.9895195,0.0069464804,0.0035340828
0.122804545,0.051392913,0.82580256
0.017017962,0.013984929,0.968997
0.063069955,0.02538322,0.9115468
0.031962067,0.42681327,0.54122466
0.043477338,0.03056027,0.9259624
0.19430369,0.20602882,0.59966755
0.10429854,0.29799065,0.5977108
0.062355846,0.07052055,0.86712366
0.038995516,0.056849066,0.9041555
0.07598454,0.10810133,0.8159142
0.08954643,0.029171003,0.88128257
0.04780839,0.03948003,0.91271156
0.016985128,0.008302177,0.9747127
0.032519292,0.020832643,0.94664806
0.075351104,0.028824368,0.8958245
0.11869662,0.026653448,0.85464996
0.053791814,0.039935663,0.90627253
0.024694487,0.8375708,0.13773479
0.043871842,0.071489744,0.88463837
0.09042141,0.03561762,0.873961
0.023114206,0.24256685,0.7343189
0.036915787,0.034882966,0.92820126
0.029557707,0.027283069,0.9431592
0.02701598,0.034486547,0.93849754
0.049460974,0.031747837,0.91879123
0.05672266,0.037601385,0.90567595
0.036194466,0.029425893,0.93437964
0.093846105,0.031281393,0.87487245
0.05290625,0.024748277,0.9223455
0.81632525,0.03958482,0.14408997
0.06741116,0.035906844,0.89668196
0.080052786,0.016231976,0.9037153
0.04769917,0.011850094,0.9404507
0.026633527,0.023435246,0.9499312
0.039646797,0.039299868,0.9210534
0.07996185,0.035241123,0.884797
0.054616395,0.08727675,0.85810685
0.067722775,0.06596045,0.8663168
0.05960843,0.06445208,0.8759395
0.025940249,0.010118743,0.96394104
0.06630006,0.054377403,0.8793226
0.034558672,0.016678875,0.94876254
0.023394076,0.017165689,0.9594402
0.027165739,0.09706628,0.87576795
0.05568787,0.036735617,0.9075766
0.00668234,0.022650262,0.9706674
0.09782082,0.0070172525,0.8951619
0.06865493,0.081370674,0.84997445
0.05831859,0.08176191,0.85991955
0.06894934,0.010318703,0.9207319
0.03333371,0.05331916,0.9133472
0.035777457,0.013148945,0.9510736
0.07275267,0.038337965,0.8889094
0.065950505,0.04167578,0.8923737
0.08713064,0.012012687,0.9008567
0.06338916,0.057267327,0.8793435
0.042787053,0.01334573,0.94386727
0.03235364,0.020285971,0.9473604
0.04852093,0.028775789,0.9227033
0.062221866,0.054589804,0.88318837
0.09284981,0.04156558,0.8655846
0.06508965,0.092873126,0.8420372
0.040611163,0.046743162,0.91264564
0.088258505,0.073959105,0.8377824
0.029354196,0.43006533,0.54058045
0.13884562,0.043604467,0.8175499
0.026195481,0.027560076,0.9462445
0.04753847,0.042240318,0.9102212
0.05979133,0.0354598,0.904749
0.02188996,0.017779041,0.9603311
0.019666778,0.03458375,0.9457495
0.050033025,0.01782241,0.93214464
0.06469259,0.03788254,0.8974249
0.07071565,0.032598063,0.8966862
0.058193035,0.06724192,0.874565
0.045011308,0.037571646,0.917417
0.040127907,0.055440713,0.90443134
0.056892317,0.017710684,0.925397
0.050647557,0.04720871,0.90214366
0.03279775,0.02449252,0.9427097
0.044178993,0.03491435,0.92090666
0.044932824,0.1285027,0.8265645
0.03149517,0.036321584,0.93218327
0.07021573,0.05238413,0.8774001
0.05743346,0.04678436,0.89578223
0.015719209,0.30635116,0.67792964
0.032102548,0.37619856,0.5916989
0.04157482,0.022296904,0.93612826
0.046497386,0.036746554,0.916756
0.05127399,0.028260937,0.920465
0.0534065,0.025475014,0.9211185
0.07822332,0.03525801,0.8865186
0.24584635,0.01767909,0.7364746
0.018642994,0.027019642,0.95433736
0.16393983,0.03226591,0.8037942
0.041545667,0.08094625,0.8775081
0.045516018,0.016760767,0.9377233
0.051452443,0.035640065,0.9129075
0.5326703,0.05684298,0.41048673
0.18606767,0.014326995,0.7996053
0.03451913,0.10007967,0.8654012
0.020450724,0.009454908,0.97009426
0.027288092,0.03672014,0.93599176
0.06938424,0.037393454,0.89322233
0.044084687,0.018849814,0.9370654
0.05381062,0.03960004,0.9065894
0.086262554,0.020112488,0.893625
0.059087753,0.035386425,0.9055258
0.051074304,0.034727756,0.9141979
0.026315613,0.09796552,0.87571895
0.06151655,0.031852093,0.9066313
0.19813304,0.030384684,0.7714822
0.073331125,0.04544349,0.88122535
0.046580717,0.031425886,0.92199343
0.04634681,0.02638184,0.9272713
0.03965126,0.021940317,0.9384084
0.054526832,0.027713928,0.9177593
0.03907829,0.03336021,0.9275616
0.051149115,0.21283697,0.73601395
0.09253968,0.049388018,0.8580723
0.26198885,0.40439168,0.3336195
0.024668278,0.017475354,0.95785636
0.08374158,0.017708147,0.8985502
0.04676072,0.034885623,0.9183537
0.055063568,0.031620346,0.9133161
0.018186515,0.018472912,0.9633406
0.033255666,0.028445082,0.9382993
0.019551914,0.03930357,0.94114447
0.023983674,0.023588797,0.9524275
0.74903065,0.11387632,0.13709304
0.015073086,0.0114446245,0.9734822
0.043282595,0.038496338,0.918221
0.058100607,0.04714329,0.894756
0.036373977,0.032829072,0.9307969
0.2540204,0.022872696,0.7231069
0.02999253,0.023199074,0.9468084
0.046364207,0.03233584,0.92129993
0.045882728,0.03343765,0.9206797
0.059737206,0.061573308,0.8786895
0.037160028,0.031230822,0.9316091
0.2120259,0.042490758,0.7454833
0.055688683,0.037607327,0.906704
0.05644558,0.02721545,0.916339
0.019903447,0.020157741,0.9599388
0.042904556,0.055739928,0.90135556
0.04583674,0.06096148,0.89320177
0.070116356,0.64320576,0.28667787
0.15302049,0.029795023,0.8171844
0.040831994,0.04736594,0.91180205
0.040298227,0.025341423,0.9343604
0.05601753,0.041669365,0.90231305
0.05282403,0.040541165,0.90663475
0.18905675,0.024641931,0.7863014
0.03415982,0.057768334,0.9080719
0.07575346,0.03239081,0.8918558
0.043578085,0.087944224,0.86847764
0.06990812,0.0629105,0.86718136
0.05177499,0.016039142,0.9321858
0.052596517,0.05431913,0.8930844
0.025311278,0.04507819,0.9296105
0.10651868,0.042453032,0.8510282
0.03706035,0.116975166,0.84596443
0.03240929,0.058513973,0.9090768
0.03700202,0.8518812,0.111116804
0.020535672,0.02976274,0.9497016
0.051739745,0.020340877,0.92791945
0.12183947,0.02994565,0.8482149
0.053254057,0.027359348,0.9193867
0.083941236,0.06330033,0.85275847
0.0623607,0.035462722,0.90217656
0.03368843,0.023198966,0.9431127
0.07180835,0.040478,0.8877136
0.029751033,0.019993411,0.9502556
0.0981346,0.046627916,0.8552374
0.043328457,0.011996679,0.94467485
0.039142,0.03991401,0.920944
0.05036775,0.055970225,0.89366204
0.04656076,0.06019529,0.89324397
0.05564532,0.032142207,0.91221255
0.10940387,0.0577645,0.8328316
0.118915975,0.053625807,0.8274582
0.108528756,0.025229925,0.8662414
0.06139941,0.052929603,0.885671
0.032894194,0.013277484,0.9538283
0.05343332,0.054647066,0.89191955
0.029719595,0.04933543,0.920945
0.036594912,0.031515993,0.9318892
0.037939344,0.02748727,0.93457335
0.03939268,0.41481304,0.5457942
0.057532128,0.028341744,0.9141261
0.05797761,0.04654085,0.8954816
0.046954982,0.015438812,0.9376061
0.044544596,0.034153525,0.92130184
0.009159744,0.98780197,0.0030383135
0.051528014,0.14910124,0.7993707
0.035774775,0.025219908,0.9390053
0.038693406,0.026593564,0.934713
0.029286351,0.050701205,0.9200124
0.17341453,0.03638518,0.7902003
0.13752204,0.35014752,0.5123304
0.030685699,0.053071935,0.9162424
0.0510817,0.03726284,0.9116555
0.03671731,0.0355529,0.9277298
0.06335035,0.06212504,0.8745246
0.06877938,0.098618165,0.83260244
0.16808496,0.107469164,0.7244459
0.13904247,0.17052484,0.69043267
0.069307625,0.0449674,0.885725
0.06650489,0.03318052,0.90031457
0.1740057,0.030773876,0.7952204
0.05695355,0.024759969,0.9182865
0.017930096,0.03878234,0.9432877
0.9770274,0.016794277,0.0061782696
0.42227817,0.049196523,0.52852523
0.048904754,0.05933706,0.8917582
0.055734932,0.09800909,0.84625596
0.056923658,0.037734628,0.90534174
0.05048233,0.02629239,0.92322534
0.1523496,0.1637668,0.68388355
0.041947838,0.07507279,0.8829794
0.042741127,0.16368356,0.7935753
0.04765698,0.050483488,0.9018596
0.97353655,0.01609319,0.010370271
0.018485662,0.014680596,0.96683383
0.05779004,0.04918967,0.89302033
0.035414618,0.047655575,0.9169298
0.080056384,0.024970425,0.8949731
0.08004094,0.011067608,0.9088915
0.082240514,0.064551316,0.8532082
0.07291908,0.09622547,0.8308554
0.06259954,0.029111486,0.90828896
0.054821927,0.042946268,0.9022319
0.03275094,0.05484751,0.91240156
0.058886275,0.059580408,0.88153327
0.0728471,0.029232373,0.8979204
0.24950929,0.021159498,0.7293312
0.05566727,0.038862016,0.90547067
0.044276506,0.03007624,0.92564726
0.059803706,0.034375932,0.9058204
0.019401256,0.15119348,0.82940525
0.02737099,0.06887789,0.90375113
0.9637058,0.030025173,0.006269081
0.031008111,0.04221783,0.926774
0.035134092,0.054310564,0.91055536
0.06824908,0.056140162,0.87561077
0.043347444,0.034357693,0.9222948
0.041027028,0.025202077,0.93377084
0.030954711,0.037521273,0.93152404
0.06010157,0.11607529,0.82382315
0.052885152,0.024236245,0.92287856
0.019744966,0.019553082,0.96070194
0.039165273,0.1924021,0.76843274
0.06834494,0.04966158,0.88199353
0.037115037,0.016827367,0.94605756
0.02665505,0.014253493,0.9590914
0.04320671,0.05262869,0.9041646
0.018504415,0.97540534,0.006090202
0.058184326,0.04620774,0.89560795
0.05568387,0.03680479,0.9075114
0.04812451,0.029533062,0.9223425
0.054186083,0.050556324,0.89525765
0.058512993,0.0676777,0.87380934
0.03637885,0.061341,0.9022801
0.047914684,0.032866996,0.9192183
0.07019321,0.059514046,0.8702927
0.08550966,0.04324963,0.87124074
0.050360005,0.016884968,0.932755
0.22512631,0.01699089,0.75788283
0.05330581,0.026414072,0.9202801
0.21128386,0.12715286,0.66156334
0.8127456,0.079651766,0.10760268
0.037053153,0.02581679,0.93713003
0.20205972,0.043890934,0.7540494
0.044058915,0.09022663,0.8657144
0.0686484,0.03149097,0.8998606
0.04899401,0.068890505,0.8821155
0.064412035,0.03768144,0.8979066
0.105131514,0.021463308,0.8734052
0.05501407,0.038707238,0.90627867
0.037575178,0.040430557,0.92199427
0.04996896,0.037977275,0.91205376
0.70335335,0.15952758,0.13711907
0.035908338,0.04610722,0.9179844
0.063215144,0.089321926,0.8474629
0.032877546,0.049403265,0.91771924
0.051215813,0.02486328,0.9239208
0.05240259,0.034032483,0.9135649
0.045416623,0.052993808,0.90158963
0.026352828,0.0161249,0.95752233
0.02742996,0.018760491,0.95380956
0.022731883,0.033074696,0.9441934
0.023175005,0.01891489,0.9579102
0.08633888,0.04166929,0.87199175
0.0855875,0.035539083,0.87887335
0.020681944,0.020045627,0.95927244
0.03588602,0.03588602,0.928228
0.024061712,0.026921535,0.9490168
0.05741247,0.032142635,0.9104449
0.05081971,0.019785015,0.9293953
0.05899472,0.015465019,0.9255402
0.072414234,0.16112937,0.7664564
0.07502388,0.052426286,0.8725499
0.020913491,0.025976473,0.95311
0.039074842,0.19911784,0.7618073
0.058768492,0.010192505,0.931039
0.07717163,0.012499887,0.9103284
0.019604355,0.92001003,0.060385663
0.019953532,0.95207185,0.027974594
0.059512526,0.049579114,0.8909083
0.02528445,0.09034422,0.88437134
0.05757351,0.12081657,0.82160985
0.067308895,0.07961967,0.85307133
0.053835377,0.044457093,0.9017075
0.04244003,0.05633383,0.9012261
0.03080087,0.062891446,0.9063077
0.056573972,0.074729085,0.868697
0.41816747,0.034037374,0.5477952
0.05424936,0.033552874,0.91219777
0.13802506,0.04128107,0.82069385
0.81426716,0.044786103,0.14094676
0.028278552,0.01958798,0.9521335
0.047607876,0.025582395,0.92680967
0.06482204,0.022688111,0.9124899
0.06526259,0.034694567,0.90004295
0.04345912,0.024617594,0.9319232
0.02011965,0.062948816,0.91693157
0.035577156,0.03787168,0.92655116
0.08172349,0.03708833,0.88118815
0.0541944,0.04514865,0.90065694
0.07895732,0.046507362,0.87453526
0.056105413,0.05937498,0.8845197
0.01230423,0.005465303,0.98223037
0.017718334,0.023358643,0.95892304
0.07957365,0.011531041,0.9088954
0.045276217,0.046214323,0.9085095
0.08540355,0.15785001,0.7567464
0.057320286,0.041650716,0.90102893
0.042991158,0.026982114,0.93002665
0.029847281,0.027929612,0.94222313
0.03939141,0.017360749,0.9432478
0.123716265,0.19520406,0.6810796
0.055166397,0.047509987,0.8973236
0.04836943,0.019146312,0.93248427
0.07865166,0.029104363,0.89224404
0.027931591,0.02331494,0.9487535
0.03451008,0.007829143,0.95766085
0.06155249,0.04360465,0.89484286
0.12513198,0.034646247,0.84022176
0.032708474,0.02254614,0.9447454
0.039099056,0.04186532,0.9190356
0.04510356,0.04007678,0.91481954
0.019292403,0.08675858,0.8939491
0.02869848,0.07414799,0.89715356
0.055759754,0.053938754,0.8903015
0.041989475,0.11380532,0.84420514
0.076954186,0.037176296,0.88586956
0.04078939,0.09219001,0.8670206
0.051878072,0.033040185,0.9150818
0.03455176,0.015021021,0.9504272
0.029277017,0.014366352,0.9563567
0.0144598745,0.35241094,0.6331292
0.042178947,0.031900585,0.9259205
0.04692673,0.09905326,0.85402
0.029414393,0.036571074,0.93401444
0.026196664,0.016361466,0.9574418
0.032113906,0.023865027,0.94402105
0.08344768,0.056298345,0.86025393
0.071904555,0.04438572,0.8837098
0.035176232,0.041528765,0.923295
0.02026743,0.047912043,0.9318205
0.04561301,0.021067511,0.93331957
0.040831354,0.045152076,0.91401654
0.06109511,0.037164778,0.90174013
0.048735064,0.072096124,0.87916875
0.05190422,0.033446494,0.9146493
0.16438067,0.010953826,0.8246655
0.17930907,0.014725773,0.8059652
0.05074926,0.035532642,0.91371804
0.041869584,0.02998134,0.9281491
0.044995815,0.04592811,0.9090761
0.04516783,0.030621834,0.9242104
0.087026805,0.14278404,0.7701891
0.021989916,0.01986623,0.9581439
0.032661617,0.031287912,0.9360505
0.04164968,0.03327094,0.9250794
0.11821699,0.31420985,0.56757313
0.054510754,0.01081799,0.9346712
0.03297334,0.028480366,0.93854624
0.051556665,0.04698874,0.90145457
0.05724954,0.037545163,0.9052053
0.16599256,0.016564395,0.8174431
0.03439795,0.015702458,0.9498996
0.90772724,0.014262357,0.078010425
0.037840996,0.019940805,0.9422182
0.058717735,0.055810418,0.8854719
0.19974826,0.01523092,0.7850208
0.28672403,0.24239086,0.47088504
0.04754728,0.034922484,0.9175302
0.63345647,0.085791826,0.2807517
0.034262102,0.09665513,0.8690827
0.06603204,0.06331662,0.8706513
0.024936004,0.026466584,0.9485974
0.071382105,0.017272262,0.9113456
0.12706144,0.036671326,0.8362672
0.025816707,0.030628176,0.943555
0.1606215,0.033178505,0.8062
0.05774871,0.020192672,0.9220586
0.05238688,0.17515782,0.7724553
0.033089526,0.035120573,0.93179
0.07525673,0.3459506,0.5787927
0.040634103,0.024549745,0.9348161
0.059915688,0.035222616,0.9048617
0.06555006,0.45080584,0.48364407
0.035678443,0.01123769,0.95308393
0.0633776,0.029530944,0.9070915
0.074683465,0.097310536,0.828006
0.08547559,0.021235043,0.8932894
0.03762954,0.06394753,0.898423
0.068805456,0.039782677,0.89141184
0.9810508,0.017968573,0.0009806115
0.026956312,0.021872567,0.9511712
0.07526753,0.043774724,0.8809578
0.12687714,0.13348651,0.73963636
0.0131492475,0.013200713,0.9736501
0.03709765,0.02189394,0.9410084
0.049525972,0.021446966,0.9290271
0.06352272,0.029082816,0.90739447
0.05649059,0.034464628,0.9090448
0.034676958,0.059566364,0.9057567
0.05340456,0.036241353,0.9103541
0.03701419,0.040454123,0.92253166
0.09407629,0.034880176,0.8710436
0.030249832,0.053193904,0.91655624
0.032650784,0.0075460575,0.9598032
0.041508473,0.014685126,0.9438064
0.023363011,0.11016016,0.8664768
0.03784568,0.027152944,0.9350014
0.45088416,0.046402145,0.50271374
0.034435738,0.6217435,0.34382072
0.037920114,0.31441572,0.6476642
0.8008028,0.17912005,0.020077096
0.03653619,0.031251058,0.93221277
0.09046503,0.072336614,0.8371983
0.04462009,0.06134683,0.8940331
0.03863945,0.1701526,0.791208
0.03296217,0.027892793,0.939145
0.056391954,0.33563286,0.60797524
0.15018772,0.03472745,0.8150849
0.20548266,0.03958258,0.7549347
0.03976212,0.021958727,0.93827915
0.05578921,0.015237035,0.92897373
0.01536275,0.012587787,0.9720495
0.037860863,0.014812054,0.9473271
0.017479535,0.029101694,0.95341873
0.046023004,0.03587777,0.91809916
0.034187883,0.0408776,0.92493445
0.031256795,0.027209464,0.94153374
0.06849186,0.018669857,0.91283834
0.043402575,0.050991125,0.9056063
0.12834077,0.042095583,0.8295636
0.035810698,0.08205158,0.88213766
0.03549855,0.027270894,0.9372305
0.039584767,0.025408532,0.9350067
0.052686445,0.02340231,0.9239113
0.054184053,0.064470954,0.881345
0.058642436,0.02044519,0.9209123
0.01656211,0.07740951,0.9060284
0.052827988,0.051907483,0.8952645
0.02056617,0.008615219,0.97081864
0.04521887,0.034033142,0.920748
0.11213826,0.03129209,0.8565697
0.08717026,0.045667127,0.8671626
0.0341755,0.25326562,0.71255887
0.020590514,0.027171653,0.95223784
0.058093075,0.043765392,0.89814156
0.5966167,0.17139322,0.23199013
0.067115806,0.014486491,0.9183977
0.046481706,0.16657172,0.78694654
0.07194859,0.029875705,0.8981758
0.11483361,0.12307823,0.7620882
0.02090867,0.025269978,0.95382136
0.019945424,0.021841679,0.9582129
0.03829104,0.02306647,0.93864256
0.04140263,0.02907355,0.9295239
0.06940058,0.027958341,0.90264106
0.105032705,0.024085633,0.87088174
0.07528031,0.0742581,0.8504616
0.014197137,0.9760453,0.00975754
0.460926,0.018354025,0.52072
0.051990196,0.03363302,0.9143767
0.100088745,0.09653682,0.80337447
0.05323099,0.040259413,0.90650964
0.074067,0.025372883,0.90056014
0.047260486,0.18081445,0.77192503
0.042494345,0.19297385,0.7645318
0.051898528,0.03086921,0.91723233
0.037979797,0.009859361,0.9521608
0.06000957,0.03459547,0.9053949
0.99219394,0.006317212,0.0014887927
0.5263983,0.052149132,0.42145255
0.11596224,0.05314325,0.83089453
0.03592618,0.027518671,0.9365552
0.054907054,0.03614986,0.90894306
0.98938555,0.008643864,0.0019705922
0.059687957,0.034477334,0.9058347
0.022444148,0.013840947,0.9637149
0.055536225,0.046402253,0.8980616
0.05347009,0.029702518,0.91682744
0.047475148,0.02739613,0.92512876
0.08922752,0.030911583,0.8798608
0.059175927,0.036599923,0.90422416
0.07490292,0.020577552,0.9045195
0.07893041,0.09254974,0.8285198
0.059251666,0.076827265,0.8639211
0.05118881,0.10595983,0.8428513
0.030537732,0.031445626,0.93801665
0.02295846,0.06265182,0.91438967
0.1514052,0.03050556,0.81808925
0.04648691,0.016144084,0.937369
0.051704176,0.03983701,0.9084587
0.08453812,0.040128443,0.8753334
0.045252424,0.13119823,0.8235493
0.06389026,0.082518816,0.85359097
0.046423316,0.022958778,0.93061787
0.04699606,0.04699606,0.90600795
0.057411816,0.026803467,0.9157847
0.024902705,0.01847001,0.95662737
0.02404727,0.030280083,0.94567263
0.04445243,0.028035795,0.9275118
0.059610218,0.060136445,0.8802534
0.028285792,0.035931613,0.9357825
0.009115125,0.979158,0.011726935
0.034934923,0.24427904,0.7207861
0.05577341,0.040566307,0.9036603
0.059793394,0.035426416,0.9047802
0.19192953,0.052856334,0.75521415
0.04468649,0.037373435,0.91794
0.051746,0.012943645,0.93531036
0.043712817,0.015254994,0.9410321
0.08666945,0.050307594,0.8630229
0.21313925,0.27880156,0.5080592
0.020044059,0.10060621,0.87934977
0.039360676,0.019966507,0.9406728
0.04981162,0.022168625,0.92801976
0.054440435,0.032826886,0.9127327
0.02111072,0.24981685,0.7290724
0.07157342,0.03318736,0.89523923
0.045725394,0.03854226,0.9157323
0.021783069,0.88641715,0.09179974
0.07537338,0.13595146,0.7886752
0.024316011,0.020376395,0.95530766
0.03528867,0.0928825,0.87182885
0.058827292,0.036993366,0.90417933
0.049670804,0.060384344,0.8899449
0.026520474,0.053993,0.9194865
0.032528788,0.04878384,0.9186874
0.45761633,0.03367987,0.5087038
0.012623781,0.020133384,0.96724284
0.051452976,0.04890536,0.8996416
0.041466124,0.10882278,0.8497111
0.8890952,0.04095884,0.06994602
0.045935184,0.043960262,0.91010463
0.08115875,0.06401404,0.85482717
0.05686509,0.054049503,0.8890854
0.04435174,0.04101866,0.91462964
0.98744035,0.0110339355,0.00152571
0.8962846,0.028839173,0.074876204
0.92193145,0.026461469,0.051607054
0.0545054,0.040111344,0.9053833
0.97378606,0.010988141,0.015225757
0.91465354,0.02966104,0.055685356
0.9625077,0.010506182,0.026986137
0.54827154,0.042018335,0.4097101
0.9957455,0.0034469026,0.00080759404
0.8519215,0.011162205,0.13691625
0.02074026,0.9526287,0.026631024
0.080526866,0.057944715,0.86152846
0.09489907,0.030719092,0.8743818
0.028212102,0.052913435,0.91887444
0.059172418,0.039302018,0.90152556
0.73629093,0.014905391,0.24880375
0.341686,0.10329647,0.55501753
0.9884686,0.007817095,0.003714234
0.6142048,0.0344192,0.351376
0.9936685,0.0042975466,0.002033986
0.9881293,0.008590838,0.0032798764
0.04008871,0.014848972,0.9450624
0.99671125,0.0023528633,0.00093590433
0.88050044,0.06475605,0.054743487
0.96828496,0.022006696,0.00970836
0.9844439,0.013491204,0.002064906
0.034800146,0.44008818,0.5251116
0.79415977,0.16813956,0.03770065
0.030400867,0.9615751,0.008024022
0.04216893,0.9499694,0.007861648
0.080471665,0.04118126,0.87834716
0.016914012,0.9439895,0.0390965
0.29674911,0.59857225,0.10467862
0.07293748,0.04196635,0.8850962
0.041519474,0.043469563,0.9150109
0.049470816,0.030657196,0.919872
0.033851948,0.01938267,0.94676536
0.026469328,0.013651882,0.95987874
0.014648499,0.007351356,0.9780001
0.06443072,0.036963336,0.8986059
0.019123966,0.018035617,0.9628404
0.030427566,0.018365359,0.9512071
0.028185273,0.11739653,0.85441816
0.041290537,0.012494904,0.9462145
0.2899335,0.078954384,0.63111216
0.041644257,0.03339681,0.92495894
0.038230844,0.02551702,0.93625206
0.0444475,0.0116971815,0.9438553
0.034035876,0.03337756,0.9325866
0.031270836,0.074285835,0.8944433
0.037930496,0.048466496,0.913603
0.05299897,0.28414133,0.66285974
0.07506535,0.05996433,0.86497027
0.06751591,0.055212617,0.8772714
0.035142012,0.24789634,0.7169617
0.05999397,0.09671641,0.8432896
0.089456074,0.04591333,0.8646306
0.053301733,0.003746025,0.9429523
0.06592876,0.0069082426,0.92716295
0.06390086,0.03393749,0.9021617
0.042354234,0.03511289,0.92253286
0.12578955,0.076668665,0.79754174
0.039539777,0.0256037,0.93485653
0.04442063,0.026011733,0.92956764
0.041010313,0.045438632,0.913551
0.048017904,0.16500057,0.7869816
0.0377498,0.03687533,0.9253749
0.04561214,0.0418152,0.9125727
0.14938697,0.064817734,0.78579533
0.073634185,0.016080782,0.91028506
0.0379347,0.021196475,0.94086874
0.090925306,0.13973196,0.76934266
0.054685175,0.02489043,0.9204244
0.84081763,0.04748203,0.111700386
0.48333403,0.07872893,0.43793702
0.039663475,0.037995286,0.92234117
0.059974976,0.061277445,0.8787476
0.043586608,0.12308017,0.8333332
0.039508678,0.018123753,0.94236755
0.093643285,0.059407156,0.8469496
0.055407807,0.020165602,0.92442656
0.09731318,0.13669856,0.7659883
0.3843455,0.044708993,0.5709455
0.05637223,0.8904637,0.05316408
0.06317396,0.01481584,0.9220102
0.025746206,0.032356106,0.94189763
0.044921115,0.033219934,0.92185897
0.019738313,0.018945113,0.9613166
0.06050424,0.27949572,0.66
0.9894477,0.007451945,0.0031003715
0.10913859,0.13254926,0.7583121
0.14999892,0.020290235,0.82971084
0.7313821,0.056965493,0.2116525
0.08290473,0.06368953,0.8534057
0.038618263,0.031213006,0.93016875
0.062392265,0.030556398,0.9070514
0.061196763,0.05173454,0.88706875
0.19501902,0.05703157,0.7479494
0.10559112,0.06751222,0.82689667
0.025952758,0.031061383,0.9429859
0.04619171,0.028737158,0.9250711
0.03468749,0.036888596,0.9284239
0.085203014,0.10562347,0.8091735
0.07598817,0.07451843,0.8494934
0.022311393,0.9622339,0.015454651
0.036764488,0.011355788,0.9518797
0.1793025,0.32562748,0.49507007
0.058670472,0.028930753,0.91239876
0.054241046,0.03191782,0.91384107
0.03646364,0.04221603,0.9213204
0.026301742,0.03651635,0.9371819
0.064135544,0.021503704,0.91436076
0.04995052,0.027585298,0.9224642
0.11792849,0.13560237,0.74646914
0.048753954,0.032224398,0.9190217
0.013711357,0.020343384,0.9659453
0.05294247,0.045461327,0.9015962
0.041245293,0.05244533,0.90630937
0.041712802,0.011685481,0.9466017
0.09292486,0.24173594,0.66533923
0.034870997,0.019868897,0.9452601
0.042551264,0.035138708,0.92231005
0.05336595,0.021709694,0.9249244
0.04472266,0.05787543,0.8974019
0.051322386,0.02011777,0.92855984
0.09997733,0.014572879,0.8854498
0.064087965,0.037272822,0.8986392
0.04511741,0.054848824,0.9000338
0.05811822,0.030092504,0.91178924
0.038873777,0.015614665,0.9455116
0.05294087,0.050319582,0.8967395
0.025171457,0.015402038,0.9594266
0.043825284,0.018233448,0.9379414
0.9696172,0.0109732,0.019409614
0.07574229,0.03427334,0.88998437
0.05343001,0.012360495,0.93420947
0.07421331,0.030906517,0.8948801
0.95778054,0.018728536,0.023490848
0.02695955,0.0058304113,0.96721005
0.021385223,0.016300825,0.96231395
0.01957365,0.01871382,0.9617124
0.07661833,0.058860157,0.86452144
0.07268829,0.062722445,0.8645893
0.039677378,0.0304217,0.929901
0.9825393,0.0085172495,0.0089434525
0.0676798,0.039942626,0.89237756
0.04195846,0.035160463,0.92288107
0.054574035,0.042877503,0.90254843
0.019991357,0.01771136,0.96229726
0.076591216,0.091488816,0.83192
0.05330426,0.03271177,0.913984
0.98511815,0.014399243,0.0004827134
0.99102014,0.0083427355,0.0006370708
0.9933436,0.0055487724,0.0011076587
0.99098563,0.006929651,0.0020847262
0.9892992,0.010164201,0.0005365828
0.9904428,0.008738019,0.00081913685
0.99101967,0.0076706875,0.0013097394
0.98417664,0.013527113,0.0022962068
0.9862692,0.013542643,0.00018814848
0.99332047,0.006398934,0.00028060097
0.9894806,0.009738493,0.0007808665
0.020719353,0.94334066,0.035939947
0.018575663,0.9801176,0.0013067661
0.007085196,0.9916932,0.001221641
0.012318199,0.98623055,0.0014512218
0.014341499,0.9840463,0.0016122173
0.0043785144,0.9947491,0.00087234355
0.01244964,0.98514163,0.0024087634
0.013914166,0.9840695,0.0020163055
0.007798143,0.99089867,0.0013032006
0.019369673,0.9790279,0.0016024299
0.0164524,0.97887975,0.0046678833
0.02324009,0.970975,0.0057849158
0.04918501,0.03357403,0.91724086
0.04727083,0.016161814,0.9365674
0.06424279,0.0358264,0.89993083
0.050537214,0.035108812,0.91435397
0.0400356,0.030786425,0.929178
0.07280015,0.04463241,0.88256747
0.0335646,0.039548762,0.9268867
0.04922917,0.043402188,0.90736866
0.04098938,0.03335669,0.925654
0.026381264,0.04182907,0.9317897
0.04683303,0.036083892,0.91708314
0.051404722,0.030278359,0.9183169
0.055075604,0.041169237,0.9037551
0.023359343,0.020494113,0.95614654
0.05417667,0.05159487,0.89422846
0.049020495,0.020595053,0.9303844
0.06512037,0.042044867,0.8928347
0.03822373,0.032983106,0.92879325
0.049345214,0.034013942,0.9166409
0.021297816,0.012804742,0.96589744
0.056411162,0.035822116,0.90776664
0.022945784,0.021179974,0.95587426
0.020747423,0.022565147,0.9566875
0.029905781,0.049693014,0.92040116
0.029669428,0.08096553,0.8893651
0.01928321,0.031422243,0.9492946
0.02391245,0.028341329,0.9477462
0.04677209,0.0355476,0.9176804
0.02686863,0.037927866,0.9352035
0.026153237,0.039222337,0.9346245
0.044122025,0.03974432,0.91613364
0.05234789,0.040372387,0.9072797
0.024297792,0.03590981,0.93979234
0.049764425,0.042358436,0.9078771
0.052691586,0.03496332,0.9123451
0.040334158,0.026297249,0.9333687
0.05790602,0.59013695,0.351957
0.028283598,0.03326119,0.9384552
0.05643695,0.038038272,0.9055248
0.03397753,0.050362863,0.91565967
0.04569893,0.02650022,0.92780083
0.04954991,0.034490217,0.9159599
0.07500129,0.027216773,0.89778197
0.058477294,0.027676722,0.91384596
0.026417553,0.052281674,0.9213007
0.055218995,0.030674033,0.91410697
0.052856613,0.036398806,0.9107446
0.033240058,0.021545392,0.94521457
0.026902424,0.049432833,0.92366475
0.07143171,0.012125425,0.91644293
0.033385735,0.029233526,0.93738085
0.05812207,0.03446983,0.9074081
0.057394467,0.029775856,0.91282976
0.05304184,0.042787127,0.90417105
0.058555704,0.042756673,0.8986876
0.029885754,0.032188226,0.93792593
0.04478178,0.038907085,0.9163112
0.030188687,0.025149802,0.94466144
0.023963515,0.010367146,0.96566933
0.05560396,0.028399726,0.9159963
0.05550541,0.031014327,0.9134803
0.059749935,0.03170198,0.90854806
0.059586983,0.04270984,0.8977032
0.06223522,0.047023512,0.8907412
0.04964205,0.045155484,0.90520245
0.052757088,0.024799297,0.9224436
0.050459985,0.054241497,0.89529854
0.023737794,0.024348227,0.951914
0.056540757,0.034495234,0.90896404
0.039606486,0.033060156,0.9273334
0.041898683,0.029307181,0.92879415
0.040302556,0.035221238,0.92447627
0.06063811,0.051765326,0.8875966
0.14872524,0.1073322,0.74394256
0.057696447,0.03624683,0.9060567
0.00865024,0.007018873,0.98433083
0.051257502,0.030369064,0.91837347
0.01459765,0.031512737,0.95388967
0.03661405,0.022778627,0.9406073
0.023730058,0.020941705,0.9553283
0.06252546,0.028486805,0.90898776
0.032551527,0.040908583,0.92653984
0.045338552,0.04623278,0.9084286
0.05345876,0.04147141,0.9050698
0.05394035,0.026572345,0.91948736
0.044833425,0.030603612,0.924563
0.04309368,0.05290271,0.9040037
0.03528155,0.050341453,0.914377
0.06814236,0.040373012,0.8914846
0.02904662,0.018409144,0.9525442
0.034515575,0.021599295,0.9438851
0.05460537,0.024516612,0.920878
0.01873908,0.008800001,0.972461
0.059934214,0.043720536,0.8963453
0.0832647,0.03241643,0.8843188
0.0510366,0.03811282,0.9108506
0.024507027,0.02760786,0.9478851
0.03479255,0.016531417,0.94867605
0.037923973,0.05219148,0.9098846
0.0425872,0.05570714,0.9017056
0.04147641,0.033687167,0.92483646
0.052842498,0.03398467,0.9131728
0.06076184,0.01980369,0.91943455
0.060918435,0.03775131,0.9013303
0.064864226,0.0362083,0.8989275
0.0669671,0.029113254,0.9039196
0.059235793,0.032969683,0.90779454
0.040161368,0.03950013,0.92033845
0.020532032,0.011206763,0.9682612
0.02979564,0.023159588,0.94704473
0.05349959,0.036305845,0.9101946
0.05424386,0.046036165,0.89971995
0.051245723,0.032383457,0.9163708
0.027515167,0.030545872,0.941939
0.053598817,0.09601791,0.8503832
0.068648964,0.020875504,0.91047555
0.014438748,0.062109552,0.9234517
0.05347709,0.04774967,0.8987732
0.04792337,0.039846435,0.9122302
0.045573324,0.02100811,0.93341863
0.013451182,0.015512485,0.9710363
0.03066648,0.037426867,0.93190664
0.03253538,0.0449948,0.92246985
0.015814498,0.045095332,0.9390902
0.052626465,0.0432471,0.9041264
0.023219492,0.020773206,0.95600736
0.025058951,0.037361667,0.9375794
0.023021635,0.03832874,0.9386496
0.0517643,0.048438475,0.8997972
0.04930358,0.037508182,0.9131882
0.059633583,0.022002336,0.91836405
0.027694622,0.047992412,0.924313
0.057532705,0.031006271,0.91146106
0.019705351,0.017767565,0.96252704
0.02796954,0.03030141,0.94172907
0.033098564,0.027547065,0.9393544
0.038277518,0.028893385,0.93282914
0.057143137,0.030467274,0.91238964
0.07489892,0.04028674,0.8848143
0.04661525,0.03430486,0.91907984
0.04729816,0.036406692,0.9162952
0.030119672,0.011600834,0.9582795
0.043286186,0.028498879,0.92821485
0.051018298,0.04200751,0.9069742
0.023847507,0.03190285,0.94424963
0.039638016,0.017675357,0.9426866
0.050877485,0.058674112,0.8904484
0.04254898,0.034289375,0.9231616
0.025225595,0.016097121,0.95867723
0.032202784,0.028530085,0.93926704
0.048234455,0.031818822,0.91994673
0.05445557,0.04054706,0.90499735
0.064776346,0.026044529,0.9091791
0.03730218,0.039322082,0.9233757
0.06958539,0.0579141,0.8725005
0.02379771,0.025606124,0.95059615
0.029016653,0.029588956,0.9413944
0.05416794,0.03766789,0.90816414
0.053064708,0.035279747,0.9116555
0.042656258,0.0318546,0.9254892
0.05337606,0.027826676,0.91879725
0.06588446,0.037834264,0.89628124
0.009479847,0.017867032,0.97265315
0.013627747,0.019731672,0.96664053
0.052491937,0.039507076,0.908001
0.050317015,0.035749864,0.9139331
0.015336203,0.01996315,0.9647006
0.086777866,0.037652172,0.87556994
0.027175045,0.026032098,0.94679284
0.042498313,0.035439387,0.92206234
0.066330664,0.05651443,0.8771548
0.044186153,0.0248104,0.9310034
0.045739494,0.031962506,0.92229795
0.052601323,0.041937433,0.9054612
0.063922495,0.06436097,0.87171656
0.055387218,0.05593076,0.888682
0.011768707,0.008460141,0.9797712
0.051739972,0.040059716,0.9082003
0.05204758,0.027187144,0.9207653
0.037219282,0.026034044,0.9367467
0.046631902,0.04200517,0.9113629
0.040225692,0.035257213,0.92451715
0.06834839,0.03528596,0.8963657
0.024718026,0.021101194,0.9541807
0.054671776,0.026027666,0.9193006
0.032999434,0.051260483,0.91574013
0.02234601,0.025619827,0.9520341
0.047400713,0.039682206,0.9129171
0.014149586,0.0054445066,0.9804058
0.021355307,0.009193776,0.969451
0.050248932,0.058632325,0.89111865
0.039091744,0.03844812,0.92246014
0.05701335,0.034445535,0.9085412
0.03371389,0.07399833,0.8922878
0.0568996,0.040347856,0.90275246
0.05427323,0.050341804,0.8953849
0.022247845,0.022466173,0.95528597
0.059766058,0.049018394,0.8912155
0.03223672,0.02290395,0.94485927
0.05925399,0.045877453,0.89486855
0.05352762,0.041121285,0.90535104
0.03639728,0.044856936,0.9187458
0.060732804,0.045933153,0.893334
0.0446169,0.03797697,0.9174061
0.023846041,0.03747847,0.9386754
0.048990004,0.036513098,0.9144969
0.022966154,0.006193341,0.9708406
0.063620806,0.04254647,0.89383274
0.9899905,0.0072125336,0.0027970204
0.9822934,0.0074052913,0.010301328
0.84684175,0.04459698,0.10856126
0.9590718,0.018017735,0.0229104
0.9895817,0.0051023653,0.0053159934
0.9933002,0.005871872,0.00082794315
0.99148613,0.005431274,0.0030825816
0.98984444,0.008887601,0.0012679375
0.96156484,0.01386412,0.024571072
0.9935615,0.005896405,0.00054206146
0.9897585,0.009062106,0.0011794391
0.992388,0.005341491,0.0022705817
0.0064138905,0.9869298,0.0066563776
0.002230037,0.9919517,0.0058182674
0.016375322,0.9819354,0.0016892608
0.13799071,0.47139767,0.39061162
0.0129310135,0.9849948,0.002074148
0.018730413,0.98059195,0.0006776073
0.014301898,0.9842083,0.0014898471
0.007840188,0.98752373,0.004636095
0.02997723,0.96782136,0.0022014363
0.02314622,0.96705306,0.009800726
0.008909782,0.9903786,0.00071163237
0.015668126,0.98269653,0.0016353597
0.003847264,0.991402,0.004750737
0.007907104,0.98820144,0.0038914322
0.013196216,0.9838304,0.002973369
0.016835023,0.98131263,0.0018523039
0.008782137,0.98866206,0.0025557477
0.000989965,0.99817646,0.0008336343
0.009807165,0.9887034,0.0014893615
0.03311926,0.9659981,0.00088259846
0.024230935,0.033055138,0.9427139
0.029790984,0.04071945,0.92948955
0.049397513,0.051616706,0.8989858
0.033801876,0.04002329,0.92617494
0.047777478,0.044100724,0.9081218
0.025465565,0.036513377,0.93802106
0.047840837,0.034357656,0.91780156
0.035763353,0.022777012,0.94145966
0.045108892,0.059410445,0.8954807
0.048152126,0.03526327,0.9165846
0.025206603,0.036283523,0.9385099
0.048713848,0.028525747,0.92276037
0.049694616,0.036144953,0.9141604
0.0732042,0.03846305,0.8883328
0.05714341,0.032242917,0.9106137
0.051104747,0.043926172,0.90496916
0.026966184,0.03168098,0.94135284
0.053259913,0.025454756,0.92128533
0.053477645,0.033140235,0.9133821
0.053714987,0.038651694,0.90763336
0.04063128,0.031891853,0.9274769
0.021444071,0.05508115,0.92347485
0.06764261,0.04047021,0.8918871
0.0375561,0.040017325,0.9224266
0.073417515,0.03130017,0.89528227
0.08333057,0.041534584,0.87513477
0.04125253,0.034400526,0.9243469
0.023150237,0.028336579,0.9485132
0.03309172,0.013889305,0.95301896
0.054326918,0.023206534,0.9224665
0.06664629,0.046845753,0.8865079
0.044021793,0.041032825,0.9149455
0.02950926,0.030714756,0.939776
0.024894614,0.041853808,0.9332516
0.051211413,0.048108667,0.9006799
0.037807893,0.038104426,0.92408776
0.043754954,0.028003117,0.92824185
0.04211452,0.023394523,0.9344909
0.05669988,0.030887458,0.91241264
0.035030052,0.035581697,0.92938834
0.066159,0.03908324,0.89475787
0.059136514,0.017617824,0.9232457
0.04197557,0.056154307,0.90187013
0.04386018,0.06131152,0.89482826
0.046989392,0.04358559,0.909425
0.060031004,0.04129898,0.89866996
0.041115645,0.028563535,0.93032074
0.04671112,0.02781089,0.92547804
0.06806444,0.03885777,0.8930778
0.019434582,0.030336956,0.9502285
0.068059556,0.06343848,0.868502
0.038776744,0.03541022,0.9258131
0.04864628,0.037044294,0.91430944
0.052833855,0.03592416,0.91124195
0.049781296,0.030879738,0.919339
0.04120701,0.032756984,0.926036
0.03681686,0.032938022,0.9302451
0.048829746,0.043218534,0.9079518
0.07603795,0.036590453,0.88737166
0.081969604,0.038493495,0.8795368
0.035826884,0.021040983,0.94313216
0.03371204,0.036238443,0.9300495
0.030381976,0.025385087,0.94423294
0.067423515,0.042275045,0.8903015
0.024022488,0.034042962,0.9419345
0.062713675,0.0255623,0.91172403
0.041460562,0.053706378,0.9048331
0.03480781,0.041700196,0.923492
0.05876891,0.035298742,0.9059323
0.06283614,0.047431204,0.8897326
0.060921825,0.0468932,0.892185
0.026558245,0.05354444,0.9198973
0.04650945,0.029304508,0.924186
0.022980755,0.050047748,0.9269715
0.034049317,0.049252033,0.9166986
0.020472048,0.03645975,0.94306827
0.04308448,0.042004313,0.91491115
0.052385684,0.045424666,0.9021896
0.042111672,0.03254138,0.92534685
0.07424388,0.043095127,0.882661
0.045693133,0.032943685,0.9213632
0.048817825,0.040788822,0.9103933
0.031637367,0.031055758,0.9373069
0.048930217,0.035903145,0.91516656
0.047786843,0.033655092,0.918558
0.072999865,0.028952396,0.8980477
0.065705985,0.040440775,0.89385325
0.079317555,0.050269816,0.8704126
0.032980945,0.036470946,0.9305481
0.060155824,0.041062787,0.89878136
0.05278333,0.04216481,0.9050519
0.03308743,0.03427135,0.9326412
0.05473051,0.032143,0.91312647
0.053856086,0.037014708,0.9091292
0.048994306,0.030155057,0.9208507
0.053669415,0.0385812,0.90774935
0.027383039,0.037943408,0.93467355
0.02361664,0.027476164,0.9489072
0.03626675,0.03749113,0.9262421
0.03493296,0.024578406,0.9404886
0.056427088,0.045251966,0.8983209
0.03671682,0.030114075,0.9331691
0.04679299,0.036908016,0.91629905
0.045230098,0.030188646,0.9245812
0.064444155,0.06143302,0.8741228
0.036501218,0.073089264,0.8904095
0.04727828,0.04393929,0.9087824
0.040068988,0.03450791,0.92542315
0.048870992,0.0432973,0.90783167
0.032324314,0.03857396,0.92910165
0.05277142,0.02182721,0.9254014
0.05585838,0.023954112,0.92018753
0.067108475,0.049773477,0.883118
0.014175711,0.027297728,0.9585265
0.022877589,0.03519211,0.9419303
0.040558256,0.04887484,0.9105669
0.050001383,0.042685,0.90731364
0.037239477,0.02824742,0.9345131
0.0500984,0.050540656,0.8993609
0.02790522,0.0389322,0.93316257
0.040096417,0.028404864,0.9314987
0.06287633,0.040715113,0.8964085
0.022938158,0.042728752,0.9343331
0.038054142,0.05160907,0.9103368
0.054382488,0.018593278,0.92702425
0.06415104,0.03983229,0.8960167
0.06567113,0.022884509,0.9114443
0.061248884,0.039583888,0.89916724
0.043477625,0.029649163,0.92687315
0.022575488,0.04793253,0.92949206
0.045443885,0.035530258,0.91902584
0.035330042,0.046349846,0.9183202
0.032807708,0.046040922,0.9211514
0.049824383,0.0513558,0.8988198
0.030831471,0.032248054,0.93692046
0.02207023,0.040395644,0.9375341
0.041086387,0.026527366,0.9323862
0.04456879,0.04880604,0.90662515
0.033930328,0.043609973,0.9224596
0.039382238,0.15439679,0.806221
0.018597808,0.033089485,0.9483127
0.044414055,0.038776476,0.9168095
0.044278316,0.03274457,0.92297703
0.042538825,0.033618134,0.92384297
0.041941486,0.044515867,0.9135426
0.040610474,0.043187432,0.91620207
0.060479652,0.044682086,0.8948382
0.04909697,0.03440936,0.91649365
0.055635087,0.0517059,0.89265907
0.0421766,0.03915964,0.91866374
0.053949837,0.0433076,0.90274256
0.02937537,0.04871641,0.9219082
0.056776877,0.04285744,0.90036565
0.050204504,0.03433695,0.9154586
0.022095568,0.035620317,0.9422841
0.054576937,0.044587918,0.9008352
0.050326996,0.032876577,0.9167964
0.0405742,0.029626798,0.92979896
0.030743985,0.027666591,0.9415894
0.042912103,0.031487275,0.9256007
0.073908076,0.09011299,0.8359789
0.02807494,0.05214446,0.9197806
0.047481053,0.064456776,0.8880621
0.047671195,0.034202408,0.9181264
0.048828114,0.039696977,0.9114749
0.044091824,0.0589854,0.8969227
0.049939457,0.040323894,0.90973663
0.024211181,0.029232796,0.9465561
0.02043599,0.032624744,0.94693935
0.045401745,0.040897068,0.91370124
0.031176355,0.049673926,0.91914964
0.043033578,0.047587335,0.90937907
0.025679288,0.032114822,0.9422059
0.03852907,0.026172107,0.9352988
0.02408468,0.022274686,0.9536406
0.060520552,0.080020264,0.8594592
0.03670968,0.0483483,0.9149421
0.06160292,0.03843735,0.8999597
0.055031434,0.04105595,0.9039126
0.019918777,0.037984215,0.9420969
0.03435559,0.041602947,0.92404145
0.046590127,0.03572189,0.9176879
0.028252939,0.04703835,0.9247087
0.019805098,0.025931818,0.9542631
0.024447635,0.018818017,0.9567343
0.025549443,0.03057868,0.9438719
0.044744257,0.036129,0.91912675
0.07153234,0.027605116,0.9008626
0.037092034,0.069500364,0.89340764
0.047163337,0.04093622,0.91190046
0.04081211,0.052711736,0.90647614
0.04014895,0.04248865,0.91736233
0.041140787,0.030692898,0.9281664
0.03529239,0.03745865,0.92724895
0.048551947,0.046012968,0.90543497
0.032657385,0.035972353,0.93137026
0.042281315,0.044832755,0.9128859
0.06338791,0.043438386,0.89317364
0.052795522,0.038400367,0.9088041
0.033713445,0.042534634,0.92375195
0.022354364,0.020593807,0.9570518
0.027450306,0.01429677,0.9582529
0.04023526,0.01678894,0.9429758
0.03166901,0.03374443,0.9345866
0.047558993,0.031992022,0.92044896
0.04521824,0.03314705,0.92163473
0.054546535,0.039829228,0.9056242
0.063611746,0.04963773,0.8867506
0.05057097,0.023679001,0.92575
0.049353894,0.04363981,0.9070064
0.032375418,0.025164802,0.94245976
0.054889675,0.039113127,0.90599716
0.054766152,0.043919977,0.9013139
0.055506617,0.024727313,0.91976607
0.032971866,0.045776904,0.92125124
0.055376127,0.042127937,0.902496
0.052209314,0.039371192,0.9084195
0.029449992,0.04268243,0.92786753
0.052481506,0.05027421,0.8972442
0.03959105,0.033436827,0.9269721
0.030672751,0.035407707,0.9339196
0.032457683,0.038244493,0.92929786
0.05212547,0.045331642,0.9025429
0.041043874,0.019312171,0.93964404
0.058917258,0.03640437,0.90467834
0.03583202,0.04185099,0.9223169
0.043243024,0.01578442,0.9409726
0.04864275,0.03711403,0.91424316
0.041479763,0.0199606,0.9385596
0.024272494,0.014650301,0.96107715
0.029725417,0.04824911,0.9220254
0.045290504,0.016148826,0.9385606
0.04102124,0.046076395,0.9129024
0.04525049,0.024315638,0.9304338
0.031662274,0.035773102,0.9325646
0.0367162,0.039198868,0.924085
0.037201036,0.01916816,0.9436308
0.03188061,0.0124724405,0.955647
0.025774531,0.011754434,0.96247107
0.058184616,0.032543134,0.9092722
0.060145304,0.027970163,0.9118845
0.054553635,0.029922133,0.91552424
0.06822316,0.04010633,0.8916705
0.053360503,0.0388113,0.9078282
0.039201897,0.013801536,0.9469965
0.050024897,0.027039165,0.9229359
0.051961686,0.040388845,0.90764946
0.047903035,0.021360891,0.93073606
0.058000695,0.041776333,0.90022296
0.061472483,0.03695868,0.9015689
0.062148035,0.042257298,0.89559466
0.033516932,0.036382288,0.9301008
0.043386854,0.036180336,0.92043275
0.060618393,0.036338568,0.90304303
0.060104683,0.04187796,0.89801735
0.037219033,0.033330362,0.92945063
0.05000546,0.021995615,0.927999
0.06475642,0.043052908,0.8921906
0.04821158,0.03586281,0.91592556
0.05257479,0.059925143,0.88750005
0.06159672,0.03589398,0.9025093
0.05225501,0.038530428,0.90921456
0.07429076,0.039033957,0.8866753
0.03066086,0.015507848,0.9538313
0.045521464,0.02394132,0.9305372
0.0419176,0.036099963,0.9219824
0.038902305,0.06174219,0.8993555
0.06043215,0.04017794,0.8993898
0.052976925,0.03687566,0.91014737
0.051855646,0.022676187,0.92546815
0.06154506,0.031403456,0.9070515
0.053687613,0.04267828,0.90363413
0.061491206,0.04542942,0.8930794
0.05644492,0.043193378,0.9003616
0.051240698,0.02529178,0.9234675
0.037495602,0.034340765,0.9281636
0.028578712,0.016669814,0.9547515
0.058116637,0.03897958,0.90290374
0.05322431,0.0359431,0.9108325
0.05722182,0.041538585,0.90123963
0.054796904,0.032752696,0.9124504
0.04358772,0.03801788,0.9183944
0.03844156,0.065009266,0.8965493
0.036730897,0.06638129,0.89688784
0.02504694,0.046023406,0.9289296
0.04599459,0.03557659,0.9184288
0.054947272,0.06256817,0.8824845
0.051676363,0.03233824,0.9159854
0.040311135,0.026853003,0.9328359
0.03050773,0.022276383,0.94721586
0.04200796,0.02768434,0.93030775
0.026409278,0.03532995,0.9382607
0.060258806,0.03324559,0.90649563
0.03188357,0.05881492,0.9093016
0.015101715,0.031229742,0.9536686
0.046398293,0.025300328,0.92830133
0.044729643,0.048034787,0.9072355
0.060960192,0.013897452,0.92514235
0.06085556,0.041378483,0.897766
0.060337465,0.051710267,0.8879523
0.026444003,0.024841841,0.94871414
0.017454937,0.03325329,0.9492918
0.03935813,0.06747553,0.89316636
0.048890732,0.02950929,0.92160004
0.048926845,0.026086554,0.92498666
0.07307894,0.027900636,0.89902043
0.03673142,0.037897397,0.92537117
0.06823559,0.054615084,0.87714934
0.08652738,0.045954347,0.8675183
0.0688787,0.041371055,0.88975024
0.04902124,0.050085824,0.900893
0.014071497,0.007117173,0.9788112
0.046239924,0.025912931,0.9278472
0.047785506,0.04171998,0.9104946
0.053780228,0.03303611,0.91318375
0.056850795,0.048627064,0.8945221
0.04293014,0.03559034,0.92147946
0.060894877,0.036361992,0.90274316
0.019865803,0.045119397,0.9350147
0.0572124,0.05219432,0.89059323
0.02098296,0.03664686,0.9423702
0.043217354,0.037255686,0.91952693
0.045102607,0.031119863,0.9237776
0.048638247,0.028232248,0.9231295
0.07609297,0.03676024,0.8871469
0.04108228,0.041974455,0.9169433
0.043009162,0.04099957,0.9159913
0.058954604,0.036677312,0.90436804
0.018672355,0.041224647,0.94010293
0.04721622,0.042531516,0.91025233
0.051296152,0.03856941,0.91013443
0.045190006,0.042701557,0.9121084
0.029714584,0.038641747,0.93164366
0.0494797,0.06139834,0.8891219
0.032401938,0.02712576,0.94047236
0.041696094,0.03580415,0.9224998
0.058201168,0.026029171,0.9157696
0.046780825,0.022732455,0.9304867
0.030607168,0.024641631,0.94475126
0.04952693,0.025050053,0.925423
0.061949357,0.033029832,0.90502083
0.02668244,0.0318102,0.9415074
0.018454958,0.025697345,0.9558478
0.047910575,0.035638902,0.9164505
0.03297972,0.042845976,0.9241743
0.049199454,0.03775939,0.9130412
0.04140169,0.050627436,0.9079709
0.067317165,0.038998254,0.8936845
0.049580388,0.044573974,0.9058455
0.07773951,0.042514615,0.87974584
0.024354469,0.06620231,0.90944326
0.025861662,0.034462474,0.9396759
0.04647746,0.03894731,0.91457516
0.04601944,0.037743818,0.9162367
0.036692396,0.047902662,0.91540486
0.050154157,0.03708986,0.91275597
0.047872886,0.058483496,0.8936437
0.049255304,0.033985138,0.9167595
0.05409727,0.043341216,0.90256155
0.03287118,0.12637782,0.840751
0.0730464,0.02216938,0.9047842
0.036062073,0.026590504,0.93734753
0.03351494,0.041873258,0.9246118
0.040568016,0.030682215,0.92874986
0.026333481,0.029839741,0.9438268
0.02201887,0.063403375,0.91457766
0.074343026,0.03662321,0.8890338
0.034569334,0.046472717,0.918958
0.057545055,0.075937584,0.86651736
0.03388841,0.04569099,0.92042065
0.06590471,0.04538415,0.8887112
0.046822507,0.07056402,0.88261354
0.060305487,0.04481524,0.8948793
0.035523683,0.032061648,0.9324147
0.031893577,0.028729158,0.93937725
0.029126843,0.023131408,0.94774175
0.059777755,0.04534348,0.8948788
0.030076755,0.050566226,0.91935706
0.040869564,0.020731922,0.93839854
0.045012224,0.053977907,0.90100986
0.069774196,0.055357873,0.8748679
0.042186577,0.029914767,0.9278986
0.06412801,0.048881393,0.8869906
0.02787626,0.017823357,0.9543004
0.05559737,0.056693926,0.8877087
0.04845633,0.040804323,0.91073936
0.026738407,0.0407712,0.9324904
0.04506073,0.021140177,0.933799
0.06457955,0.050000764,0.8854197
0.033766687,0.020006102,0.94622713
0.053913392,0.051848,0.8942386
0.0465717,0.039679583,0.91374874
0.04347158,0.032495182,0.92403316
0.058319237,0.03739721,0.9042835
0.032039043,0.022454398,0.9455066
0.051279467,0.042429224,0.9062913
0.041224673,0.041345622,0.9174297
0.051370494,0.057419967,0.89120954
0.027699804,0.047814257,0.9244859
0.03948942,0.06261284,0.8978978
0.047595818,0.030342508,0.9220616
0.03750286,0.028698336,0.9337988
0.021580124,0.046359267,0.93206054
0.040268596,0.045010693,0.9147207
0.051119436,0.040995467,0.90788513
0.033618364,0.037103277,0.9292784
0.047104243,0.026891658,0.92600405
0.027899062,0.057189286,0.9149116
0.037614428,0.033097506,0.92928815
0.06495289,0.041895803,0.8931513
0.041994173,0.038838264,0.9191676
0.060734842,0.05025271,0.88901246
0.059390347,0.034879707,0.90572995
0.038062617,0.046046987,0.9158904
0.044513244,0.043780357,0.9117064
0.05461034,0.042240836,0.90314883
0.032725636,0.14201494,0.82525945
0.039040275,0.037913106,0.92304665
0.01703059,0.031080278,0.95188904
0.07709254,0.11663731,0.80627006
0.034586508,0.03969237,0.9257211
0.029138383,0.058175396,0.9126862
0.06368382,0.04334386,0.89297235
0.018947903,0.046440765,0.9346114
0.045789804,0.033598825,0.9206114
0.019371934,0.032537073,0.9480909
0.033491287,0.077945665,0.8885631
0.033955924,0.056312844,0.9097312
0.027830793,0.031444162,0.940725
0.05847678,0.03213664,0.90938663
0.04290887,0.04857466,0.9085164
0.039601807,0.028635753,0.93176246
0.046639476,0.028398992,0.9249615
0.061113678,0.045638125,0.89324826
0.052485477,0.038738173,0.90877634
0.049128905,0.04932119,0.90155
0.049487658,0.020389184,0.9301232
0.048109293,0.045906205,0.90598446
0.048127994,0.046420034,0.905452
0.0690716,0.048219748,0.88270867
0.04785937,0.03577507,0.9163655
0.041081946,0.035692614,0.9232254
0.0556918,0.02954882,0.9147594
0.044018995,0.03571736,0.92026377
0.06330327,0.049060497,0.88763624
0.043010607,0.032880902,0.9241085
0.9873903,0.011585483,0.0010242612
0.9895341,0.006576892,0.0038890764
0.9956156,0.0039901547,0.00039430792
0.10879152,0.6699361,0.22127236
0.043023713,0.91988754,0.03708876
0.98544264,0.011767677,0.0027896145
0.15004894,0.02963308,0.820318
0.98995095,0.007998835,0.0020502629
0.99062085,0.008323101,0.001056099
0.9872364,0.007449826,0.005313763
0.9905218,0.005500684,0.003977501
0.010719528,0.9878241,0.0014564084
0.9934117,0.0053157625,0.001272507
0.971555,0.018004408,0.010440523
0.98264426,0.012539944,0.0048157307
0.9720567,0.020135028,0.0078083626
0.9939715,0.005165196,0.00086319086
0.04304937,0.040997844,0.9159528
0.99462503,0.0041449764,0.0012300482
0.98252124,0.01611532,0.0013634849
0.9793626,0.018078338,0.0025590507
0.99439055,0.0044198884,0.0011895968
0.9925243,0.0059480537,0.0015275865
0.9907941,0.006508546,0.0026973146
0.9906653,0.008570935,0.00076369103
0.9941135,0.005553073,0.00033348793
0.9898694,0.009241876,0.0008886499
0.99016094,0.006074608,0.0037644503
0.99343115,0.00622095,0.00034789086
0.98833466,0.00807991,0.0035854382
0.9946514,0.004508245,0.0008404822
0.8922037,0.017361261,0.09043506
0.9869321,0.00908933,0.0039785975
0.65472037,0.23310603,0.11217365
0.94605935,0.04040627,0.013534405
0.99326843,0.005713306,0.0010183549
0.991943,0.0070731523,0.0009837828
0.9887616,0.010399584,0.00083877536
0.98649096,0.0128248,0.0006843517
0.9913463,0.0071662064,0.0014875209
0.85579014,0.0515324,0.09267741
0.8132025,0.050165907,0.13663167
0.99008477,0.0065934174,0.0033218605
0.5513348,0.0085659195,0.44009933
0.25625274,0.07435564,0.6693916
0.99284256,0.0063584894,0.0007989732
0.993852,0.0050548,0.0010931771
0.99205387,0.0072134635,0.00073259656
0.45522168,0.5036385,0.041139796
0.99491274,0.004781549,0.00030567416
0.5273164,0.03765239,0.43503127
0.995453,0.0042968635,0.0002501075
0.9915296,0.0037330198,0.004737449
0.9950989,0.0038278191,0.0010733781
0.98365885,0.015171279,0.0011698834
0.9785669,0.020872507,0.00056059606
0.9519244,0.046250466,0.001825127
0.67534024,0.20149085,0.12316889
0.9935254,0.005659247,0.0008152919
0.9940777,0.0053089466,0.000613356
0.9885306,0.010296113,0.0011733834
0.9905228,0.008289833,0.0011872865
0.9895131,0.007510887,0.0029759768
0.9797339,0.014602992,0.0056630387
0.9842464,0.014066969,0.0016866353
0.9639083,0.020063974,0.01602767
0.3758545,0.35342765,0.27071786
0.10034682,0.8943815,0.0052716495
0.99344033,0.0064059594,0.0001537752
0.5745563,0.24162506,0.18381865
0.98090965,0.012802151,0.006288205
0.9940678,0.0057234904,0.00020868181
0.9845302,0.010937143,0.004532643
0.99171996,0.0075866785,0.00069337507
0.80766577,0.03102741,0.16130684
0.9824943,0.014403026,0.0031027289
0.9930396,0.0047539403,0.0022064736
0.98906994,0.010423165,0.0005069176
0.9359483,0.046077736,0.017973952
0.9891055,0.009270888,0.0016236742
0.9077254,0.05624358,0.036030993
0.99118644,0.008206753,0.0006068129
0.99271,0.005995826,0.0012941583
0.9727712,0.022456817,0.0047720033
0.5796365,0.09827837,0.32208508
0.51760703,0.12192616,0.3604668
0.7933802,0.2009901,0.0056297234
0.91605544,0.022000672,0.061943907
0.99320316,0.0051310495,0.001665808
0.9829579,0.016797503,0.00024456801
0.9887804,0.010803506,0.0004160436
0.987949,0.011751614,0.000299413
0.990974,0.0076853298,0.0013407371
0.99218994,0.007472598,0.00033742446
0.9941151,0.0053822314,0.00050258485
0.9906041,0.008421069,0.00097480963
0.95689744,0.007664105,0.035438463
0.8875759,0.066417776,0.04600625
0.9878,0.008186705,0.0040133283
0.99324304,0.006385951,0.00037098164
0.96766716,0.022165146,0.010167783
0.9854349,0.010273898,0.0042911703
0.982866,0.016073814,0.0010601829
0.95395327,0.026305929,0.019740751
0.9882764,0.010435163,0.0012883784
0.9906096,0.007652553,0.0017377955
0.9800055,0.017984519,0.0020099403
0.99229175,0.0068713515,0.0008368522
0.99524826,0.0045909453,0.00016081888
0.9946241,0.0045970357,0.0007788173
0.99465215,0.0045347414,0.00081303436
0.018933235,0.9710896,0.009977113
0.59320897,0.39550015,0.01129092
0.0133816525,0.9821883,0.0044300724
0.020895658,0.9710797,0.008024586
0.009504278,0.97706634,0.013429385
0.98898065,0.009360686,0.0016587259
0.027430244,0.9114749,0.061094835
0.005785751,0.9902687,0.0039455397
0.010078184,0.9828448,0.0070770523
0.011127663,0.9861507,0.0027216303
0.034752935,0.12899677,0.83625036
0.028447583,0.9292625,0.04228987
0.0114937965,0.9862954,0.0022108343
0.020349868,0.97098285,0.008667313
0.021356825,0.9676281,0.011015044
0.030449335,0.094341725,0.8752089
0.010057551,0.98563355,0.0043088347
0.051712673,0.7709374,0.17734991
0.0118154,0.98654443,0.0016401609
0.019581,0.9781788,0.0022402576
0.009158351,0.9876518,0.0031898653
0.007114144,0.991863,0.0010228899
0.01597346,0.98246944,0.0015570665
0.003432258,0.9915149,0.005052773
0.005851948,0.9889635,0.005184539
0.012306559,0.9747711,0.012922378
0.009172526,0.9862867,0.0045407293
0.012219811,0.9850642,0.002715978
0.016148385,0.98261607,0.0012355393
0.017246462,0.9810493,0.0017042992
0.011188077,0.9837887,0.0050232015
0.013782349,0.9852742,0.0009434123
0.026224004,0.96973866,0.0040373206
0.03578356,0.06360448,0.900612
0.006605998,0.9881066,0.0052873744
0.9739749,0.025379064,0.00064598833
0.03804075,0.8440969,0.11786234
0.006880752,0.99171036,0.0014088736
0.118948735,0.5261093,0.35494196
0.013012788,0.98063284,0.0063543245
0.02361114,0.97498465,0.0014041794
0.02128854,0.9711504,0.007561069
0.017787317,0.97686154,0.0053511616
0.03538147,0.9359658,0.02865279
0.022197146,0.9738076,0.003995305
0.15978564,0.69458574,0.14562863
0.018185396,0.9813214,0.0004932185
0.098788045,0.8987316,0.0024803665
0.019171864,0.9747243,0.0061038057
0.016971823,0.981588,0.0014401649
0.0077907536,0.9899596,0.0022495948
0.97395307,0.017943403,0.008103537
0.02461202,0.96788174,0.007506242
0.03679111,0.9442335,0.018975466
0.0097867055,0.98760486,0.002608458
0.015489524,0.9819869,0.0025236611
0.016822832,0.9504321,0.03274508
0.009711311,0.98383224,0.0064565055
0.008716876,0.98611856,0.0051645786
0.031862367,0.92030656,0.047831077
0.007858106,0.9917155,0.00042634053
0.007609601,0.99083835,0.0015520352
0.008853904,0.98609143,0.0050546653
0.027176917,0.94178605,0.031037014
0.9319784,0.05588772,0.012133874
0.048633464,0.94585115,0.0055154534
0.98697066,0.011028687,0.0020006427
0.021231456,0.97138804,0.007380513
0.7763429,0.06092676,0.16273032
0.008386146,0.98842454,0.0031892448
0.036950868,0.9299912,0.033057917
0.046687786,0.90579647,0.047515724
0.92128587,0.027269008,0.051445164
0.07245686,0.91295147,0.014591692
0.048493207,0.21033655,0.7411703
0.6139627,0.19951926,0.18651804
0.011881968,0.9824614,0.005656665
0.013758829,0.96739835,0.018842854
0.056850795,0.03631344,0.90683573
0.010630495,0.95226544,0.037104066
0.037094545,0.049142282,0.91376317
0.03685686,0.09892346,0.8642196
0.09993468,0.18543065,0.7146347
0.23833573,0.085397184,0.6762671
0.07121765,0.050946686,0.87783563
0.9356638,0.012822703,0.05151341
0.027901836,0.044500005,0.9275982
0.015905092,0.972549,0.011545858
0.14011852,0.1581561,0.7017254
0.033159558,0.024835361,0.9420051
0.124271795,0.013110948,0.8626172
0.16451453,0.019763924,0.8157216
0.020134863,0.027547982,0.9523171
0.04425421,0.059029453,0.8967163
0.1411122,0.08987172,0.7690161
0.079542466,0.009252778,0.9112047
0.08832392,0.05003144,0.8616447
0.089852385,0.060975544,0.8491721
0.034179803,0.04470966,0.92111063
0.050206296,0.04053936,0.9092544
0.05627368,0.039055847,0.9046704
0.09542007,0.052031208,0.8525487
0.039539777,0.0256037,0.93485653
0.0704196,0.07336795,0.85621244
0.061387125,0.5357695,0.4028434
0.74244267,0.098067276,0.1594901
0.1115877,0.25467956,0.6337327
0.04274094,0.13649528,0.82076377
0.05910123,0.050948437,0.88995034
0.072734155,0.030737488,0.8965283
0.053393822,0.003867835,0.9427383
0.1213104,0.026286505,0.8524031
0.101759136,0.056970324,0.8412705
0.016619893,0.036124367,0.94725573
0.047379877,0.18757415,0.76504594
0.05230247,0.09944669,0.84825087
0.081920974,0.033034485,0.88504446
0.04018831,0.05180478,0.9080069
0.045407195,0.037205324,0.91738755
0.07289033,0.041289017,0.8858206
0.059663624,0.039281502,0.9010549
0.058622375,0.020780336,0.9205973
0.027256338,0.033264965,0.9394787
0.05559163,0.030402265,0.9140062
0.06193459,0.04030161,0.8977638
0.033076953,0.028181914,0.93874115
0.06363757,0.03307928,0.9032831
0.07064854,0.019408777,0.9099427
0.06068227,0.030010583,0.9093071
0.053527057,0.040246822,0.9062261
0.0257463,0.039682418,0.93457127
0.05553846,0.06244356,0.8820179
0.06027672,0.058708165,0.8810152
0.050467074,0.022068974,0.92746395
0.06610198,0.024057737,0.9098403
0.08623344,0.06715867,0.8466079
0.036740154,0.028585333,0.93467456
0.050560042,0.03377907,0.91566086
0.039015,0.025837755,0.9351472
0.07699679,0.0743369,0.8486663
0.038233064,0.0924357,0.8693312
0.043991968,0.80718505,0.14882292
0.19254072,0.6027008,0.20475845
0.013646746,0.9813132,0.0050400067
0.029621199,0.028878564,0.94150025
0.09399055,0.027219575,0.87878984
0.027851848,0.014951759,0.9571964
0.042895887,0.02913841,0.92796564
0.027303705,0.07292593,0.8997704
0.036964945,0.019882755,0.9431523
0.05171034,0.028114425,0.9201752
0.074903175,0.038935225,0.8861616
0.06534536,0.02551475,0.9091399
0.044590957,0.058900602,0.89650834
0.042219672,0.020040778,0.93773955
0.07573696,0.06340432,0.86085874
0.07614308,0.09113134,0.8327255
0.02177273,0.028619712,0.94960755
0.047340896,0.031046916,0.92161214
0.11746243,0.02513161,0.85740596
0.13734384,0.11991046,0.7427457
0.33139175,0.090818904,0.57778937
0.035001684,0.05254375,0.91245466
0.060080014,0.043147422,0.89677256
0.017469682,0.025919568,0.9566108
0.034831997,0.049120992,0.91604704
0.055578686,0.045673154,0.89874816
0.043379046,0.042623185,0.9139977
0.03070004,0.043633554,0.9256664
0.055194434,0.03910051,0.905705
0.05906997,0.040086012,0.900844
0.034035448,0.037932225,0.92803234
0.05972936,0.039983086,0.9002876
0.04552757,0.030150715,0.9243217
0.05440278,0.047636665,0.8979606
0.25980052,0.12453198,0.6156675
0.9496141,0.0088660335,0.041519903
0.089481995,0.19298106,0.717537
0.061763756,0.04730969,0.89092654
0.048310723,0.057763927,0.89392537
0.048960213,0.038882304,0.9121575
0.5522876,0.084716715,0.36299574
0.3574233,0.21998718,0.4225895
0.028331187,0.01962444,0.9520444
0.047377694,0.05077923,0.9018431
0.4632435,0.15083441,0.38592213
0.09096831,0.3959209,0.51311076
0.049733974,0.02730525,0.9229608
0.1119863,0.050377693,0.837636
0.032949854,0.14340745,0.8236427
0.050346866,0.031598702,0.91805446
0.0812578,0.04513853,0.87360364
0.06157748,0.35905653,0.579366
0.047352236,0.028110122,0.9245376
0.12453699,0.017732233,0.8577308
0.055810798,0.0732903,0.8708989
0.02186551,0.036510717,0.9416238
0.21732892,0.062205,0.720466
0.063164465,0.047679048,0.88915646
0.055730287,0.035114344,0.9091553
0.039149407,0.037029736,0.9238208
0.04195614,0.08943041,0.8686135
0.21928228,0.010473581,0.7702441
0.07099316,0.048365876,0.880641
0.03238142,0.10091751,0.86670107
0.06897048,0.062006135,0.8690234
0.02211917,0.07338088,0.9044999
0.27786043,0.14317004,0.5789695
0.9894964,0.0011563204,0.009347293
0.9949216,0.0026927274,0.0023856242
0.93279916,0.063106924,0.004093822
0.9877186,0.010207596,0.002073799
0.98841757,0.007831974,0.00375049
0.2381727,0.022088705,0.7397386
0.9861351,0.010933597,0.002931265
0.9734213,0.018074261,0.008504391
0.9791463,0.011522462,0.009331173
0.5726131,0.10727607,0.32011083
0.95535386,0.021712804,0.022933293
0.9974765,0.0011036114,0.0014198356
0.99079645,0.0010876898,0.008115872
0.98686486,0.01089903,0.002236002
0.96514,0.015615276,0.019244669
0.9809616,0.016649187,0.0023891919
0.9835248,0.014389999,0.0020852587
0.99390656,0.004748806,0.0013447047
0.9674538,0.013921811,0.018624395
0.98530996,0.008230115,0.0064598913
0.99113667,0.007656624,0.0012067308
0.99266607,0.0064072204,0.0009266604
0.9895319,0.00847793,0.0019902247
0.99294466,0.0064719133,0.00058346067
0.9922283,0.006711749,0.0010598807
0.99432665,0.004741543,0.0009318435
0.98867536,0.010562432,0.000762157
0.9852152,0.014260715,0.0005240321
0.993764,0.0041413875,0.002094658
0.9890203,0.009489923,0.0014898388
0.99101806,0.0062362147,0.002745768
0.994365,0.0047509964,0.0008840105
0.97381467,0.00034774735,0.02583749
0.9883986,0.010115358,0.0014859971
0.99141955,0.007825135,0.00075536844
0.9863484,0.011438426,0.0022131135
0.3163461,0.042272706,0.6413812
0.70421,0.13164048,0.16414954
0.9727452,0.024881052,0.002373812
0.9951219,0.0041795727,0.0006984767
0.9737491,0.023558201,0.0026926575
0.98744744,0.011860912,0.00069173763
0.98009056,0.016979063,0.002930418
0.9817346,0.011175626,0.0070897983
0.9928837,0.0063463454,0.00076989905
0.9931502,0.00596344,0.0008863862
0.98840094,0.009727866,0.0018711574
0.99024934,0.0076797097,0.002071007
0.99235004,0.0069256523,0.0007242778
0.99231344,0.0062933415,0.0013933064
0.37180623,0.61390346,0.01429034
0.9909898,0.0077004777,0.0013097
0.9814804,0.012282834,0.0062368065
0.98183125,0.013468545,0.0047002826
0.9844811,0.00032009569,0.015198798
0.827976,0.04408514,0.12793887
0.99419606,0.005478123,0.00032578973
0.9935041,0.005092662,0.001403176
0.9930393,0.004924041,0.002036672
0.98751163,0.010386437,0.0021019059
0.9814057,0.0096873585,0.008907
0.99269193,0.00630805,0.0010000297
0.9897489,0.008930243,0.0013208964
0.9838585,0.012979317,0.003162136
0.9984999,0.00014127778,0.0013588578
0.9881301,0.0103929425,0.0014769143
0.8698841,0.01376151,0.116354465
0.10034624,0.8790067,0.020647038
0.9855171,0.013001197,0.001481665
0.0951568,0.051735852,0.85310733
0.08180585,0.10954561,0.8086486
0.9894456,0.008560382,0.0019939418
0.9905425,0.007146424,0.002311059
0.9938823,0.00508466,0.0010330114
0.9888071,0.010159145,0.0010337759
0.98567504,0.012851789,0.0014732449
0.99210113,0.0062797177,0.0016190772
0.1714285,0.8274801,0.0010914702
0.039444022,0.958445,0.0021109714
0.040160656,0.957451,0.0023883965
0.9908841,0.00028823462,0.008827699
0.99398863,0.0046210964,0.0013902175
0.99502534,0.003972242,0.0010023804
0.9803814,0.016174719,0.0034437967
0.9989023,0.00029227455,0.0008054212
0.98452306,0.010405689,0.005071328
0.9840534,0.012496757,0.0034499504
0.990328,0.007415,0.0022570346
0.9959352,0.00021867997,0.0038460307
0.98884356,0.010100165,0.0010562652
0.9892644,0.0050118514,0.0057237144
0.9913824,0.00031242226,0.008305133
0.9929149,0.004580182,0.0025048358
0.9862781,0.013138922,0.0005829491
0.9813774,0.015800647,0.0028218555
0.98136705,0.009907018,0.008725855
0.9932086,0.00594054,0.0008508161
0.9921376,0.0065173716,0.0013449357
0.99297535,0.005745185,0.0012794228
0.9839335,0.01303111,0.0030352944
0.99100727,0.0067297257,0.0022629984
0.9935642,0.0054426575,0.0009931194
0.9864071,0.012637231,0.00095563044
0.99193466,0.0064401245,0.0016251412
0.99422896,0.0045862435,0.0011847664
0.98495495,0.011602141,0.0034430095
0.9878528,0.007858135,0.004289116
0.0081792325,0.9868984,0.004922349
0.01567183,0.981011,0.0033172315
0.0826564,0.87957454,0.03776902
0.007978583,0.9893749,0.002646519
0.01414633,0.9792235,0.0066302516
0.020564025,0.97737586,0.0020601153
0.017839594,0.9740088,0.008151624
0.022044266,0.97183424,0.006121471
0.021399044,0.9723856,0.006215325
0.022883244,0.973971,0.0031456798
0.00065423426,0.99608755,0.003258213
0.006632915,0.99019694,0.0031701005
0.018724946,0.9755307,0.0057443455
0.011317673,0.98455113,0.0041311383
0.01992002,0.972063,0.008017038
0.008961146,0.986408,0.004630857
0.040861003,0.8800691,0.07906991
0.01507311,0.95558757,0.0293393
0.011965148,0.975905,0.012129857
0.012067578,0.98714733,0.00078513514
0.024106767,0.9742923,0.0016009202
0.00082329614,0.991591,0.0075856918
0.0007032538,0.9941307,0.005166023
0.032126956,0.91311646,0.05475663
0.0148966005,0.9781894,0.006914045
0.017251322,0.9803679,0.0023807606
0.011624986,0.9811287,0.0072463686
0.018068584,0.9788342,0.0030972136
0.019958567,0.9748956,0.005145846
0.011775268,0.98223394,0.005990771
0.005717209,0.983327,0.010955826
0.013282141,0.9825303,0.0041875816
0.0008898807,0.99124044,0.007869696
0.013809656,0.9805007,0.005689653
0.008398982,0.9899374,0.0016635766
0.0091532795,0.9871049,0.0037418532
0.0138445785,0.98106223,0.0050931354
0.012361942,0.97343737,0.014200744
0.011673199,0.9775309,0.010795944
0.017370969,0.9775738,0.0050552404
0.015822053,0.96652716,0.017650776
0.027619718,0.2960713,0.676309
0.026888981,0.9694002,0.0037108015
0.015753876,0.9803854,0.0038606534
0.011438915,0.9854277,0.003133339
0.009181983,0.98345447,0.007363535
0.013128126,0.9825848,0.0042871246
0.00058719993,0.9895968,0.009816026
0.016572004,0.9792787,0.004149339
0.04546417,0.939862,0.014673823
0.012042728,0.984153,0.0038042439
0.022445258,0.92232674,0.05522799
0.006903436,0.9901333,0.002963337
0.0020778053,0.99738854,0.00053362455
0.0149939535,0.9807436,0.004262409
0.013672249,0.98122877,0.0050989776
0.01937526,0.97739947,0.0032253074
0.026976991,0.97257316,0.00044988396
0.009030615,0.98824733,0.002722095
0.017342232,0.97977644,0.0028812462
0.015114816,0.97808576,0.0067994883
0.012471695,0.98207986,0.00544848
0.015441702,0.98086905,0.0036892793
0.014353379,0.9714882,0.014158476
0.008641597,0.9891261,0.002232388
0.018958196,0.9790397,0.0020020856
0.01303185,0.97633183,0.010636284
0.01126826,0.98697644,0.0017552564
0.0105514815,0.98765045,0.0017981082
0.008879708,0.9889654,0.0021549189
0.011791444,0.97974867,0.008459946
0.015794756,0.9790974,0.0051078154
0.009646913,0.9849733,0.005379813
0.008589887,0.9880199,0.0033902312
0.07909353,0.8944135,0.026493013
0.008592949,0.9864435,0.004963514
0.020105785,0.9773029,0.0025913513
0.014946833,0.98436767,0.00068555144
0.020163385,0.9753288,0.004507855
0.012383773,0.98376495,0.0038513292
0.017018123,0.9813865,0.0015953472
0.027766597,0.95333517,0.018898228
0.014282081,0.9828446,0.002873383
0.009786878,0.9885872,0.0016259961
0.016341709,0.9818355,0.0018227772
0.0090884855,0.98203355,0.008877952
0.0006807639,0.9948278,0.0044914656
0.007913218,0.99089897,0.0011877373
0.010450258,0.9848852,0.0046645254
0.34551623,0.63024837,0.02423537
0.012044413,0.9852524,0.002703265
0.023919271,0.9742965,0.00178422
0.012229744,0.9829811,0.004789237
0.015594886,0.98097265,0.0034324394
0.0039351247,0.9934588,0.0026060436
0.0011284042,0.998207,0.00066465145
0.011318541,0.98270535,0.005976113
0.004113366,0.99381024,0.0020764254
0.009985759,0.98916686,0.00084735383
0.02339437,0.97456145,0.0020441771
0.008994926,0.98915976,0.0018453632
0.014270048,0.9848977,0.0008322403
0.015377936,0.9835189,0.0011031483
0.01747571,0.97867787,0.003846409
0.015437653,0.97393143,0.010630878
0.005670194,0.9925351,0.0017946908
0.017146418,0.9772652,0.005588414
0.060975783,0.10545964,0.8335646
0.01487054,0.9812578,0.0038716432
0.012823447,0.98446226,0.0027143185
0.014604472,0.98366827,0.0017273047
0.1747507,0.81936234,0.005886934
0.20437971,0.77386737,0.02175286
0.013656091,0.98294467,0.00339927
0.0006025729,0.9900449,0.009352474
0.018764833,0.9072359,0.07399924
0.010558959,0.9864218,0.0030192896
0.0005926654,0.99880767,0.0005996516
0.015078987,0.9795863,0.0053347377
0.26012483,0.5816385,0.1582366
0.017445477,0.98176676,0.0007877489
0.0007527922,0.98611045,0.013136689
0.0018249229,0.9791589,0.019016132
0.015951771,0.9820941,0.0019541604
0.017536921,0.9801895,0.0022735437
0.013125118,0.9842802,0.0025946046
0.0090846075,0.9902801,0.0006353529
0.0124879675,0.97952753,0.007984483
0.017343136,0.9817431,0.0009137826
0.18085329,0.8000103,0.0191364
0.011880081,0.98614997,0.0019699105
0.010784323,0.9870248,0.0021909683
0.032557078,0.96549726,0.0019456808
0.015088906,0.98214704,0.002764042
0.017204173,0.981515,0.001280814
0.011673795,0.97376955,0.014556676
0.012235923,0.9844385,0.0033255722
0.009590744,0.98788285,0.0025264472
0.23436806,0.74427485,0.021357117
0.0054346705,0.9921062,0.0024591854
0.012084831,0.9856666,0.0022486055
0.017279295,0.9743158,0.008404824
0.014301621,0.9627998,0.022898605
0.008849698,0.986586,0.0045643398
0.006935813,0.9908987,0.0021654663
0.02211083,0.97572124,0.0021679932
0.012790997,0.98485214,0.002356872
0.0021136748,0.9911032,0.006783164
0.008469991,0.990538,0.0009920303
0.011926949,0.985218,0.0028551174
0.042670213,0.9482092,0.009120569
0.016176645,0.9804982,0.003325225
0.020909427,0.9547878,0.024302779
0.012398897,0.9849664,0.0026347265
0.017253745,0.97954845,0.0031978616
0.04980665,0.9443826,0.0058107586
0.014263258,0.9805911,0.00514567
0.024283575,0.97284997,0.0028664703
0.012476987,0.98345643,0.0040665385
0.012191831,0.9876194,0.00018877439
0.015640188,0.9761662,0.008193649
0.010004398,0.98522353,0.004772119
0.029976536,0.96874446,0.0012790506
0.012016984,0.9801328,0.007850205
0.009022987,0.9864488,0.0045281905
0.011826094,0.9835878,0.0045861593
0.0012923658,0.9971609,0.0015467596
0.020682454,0.97726166,0.0020558552
0.01683946,0.9806131,0.0025473484
0.008188017,0.98988974,0.0019221664
0.008188017,0.98988974,0.0019221664
0.015732883,0.98291105,0.0013560568
0.014420417,0.9836806,0.0018989503
0.0039209463,0.99181455,0.004264468
0.011443776,0.98488426,0.0036719663
0.016311876,0.9829185,0.0007696515
0.0008664685,0.995799,0.003334513
0.012516077,0.98653746,0.0009464686
0.04958105,0.5608144,0.3896045
0.17462301,0.42094922,0.4044278
0.015497378,0.9681979,0.01630468
0.05314969,0.94026244,0.0065878136
0.012995922,0.9851172,0.0018869243
0.008168747,0.9894909,0.0023403852
0.0192862,0.9748088,0.00590498
0.009497076,0.9878346,0.0026683297
0.013880282,0.9845532,0.0015664761
0.020856256,0.9683025,0.010841237
0.01687279,0.96826607,0.01486113
0.005837125,0.9932248,0.0009381113
0.017487777,0.9803105,0.002201715
0.016905325,0.9796535,0.0034412395
0.016537968,0.9801348,0.0033272402
0.07819693,0.91882676,0.0029762846
0.007587435,0.9879522,0.0044604233
0.046894707,0.94697803,0.0061272657
0.011122318,0.98664004,0.0022376766
0.008396644,0.98869586,0.0029074757
0.10624459,0.018826684,0.8749287
0.06740286,0.003491175,0.9291059
0.01503956,0.0041115866,0.98084885
0.026087936,0.010146584,0.9637655
0.23442914,0.0137961535,0.75177467
0.91145647,0.027030813,0.061512668
0.011710354,0.036889773,0.9513998
0.011676398,0.98546773,0.0028558413
0.036210824,0.025328651,0.9384605
0.030784367,0.82335216,0.14586347
0.39997938,0.013919055,0.5861016
0.13410878,0.029807052,0.83608425
0.024969697,0.011134471,0.9638958
0.051145725,0.03694697,0.9119073
0.06707876,0.018608918,0.9143123
0.031379398,0.015980143,0.9526405
0.022814242,0.0240027,0.953183
0.01078702,0.0067503448,0.98246264
0.028688457,0.009142557,0.962169
0.019768974,0.020237783,0.95999324
0.13370648,0.12126652,0.74502695
0.04520887,0.102178685,0.85261244
0.13316774,0.7153428,0.15148944
0.9878328,0.0076460205,0.0045212777
0.11623494,0.0058181626,0.8779469
0.03164872,0.010345315,0.95800596
0.1095746,0.056294117,0.8341313
0.06426225,0.0880078,0.84773
0.1046577,0.028416902,0.86692536
0.9835488,0.013731369,0.0027197562
0.17043637,0.6787128,0.15085088
0.008893629,0.01021653,0.9808898
0.10214378,0.1519942,0.745862
0.034851108,0.020427974,0.9447209
0.0746634,0.009510944,0.9158256
0.013634353,0.024906572,0.96145904
0.020852992,0.8962681,0.08287888
0.09500824,0.014080402,0.89091134
0.01634858,0.014740893,0.9689106
0.032321054,0.08078042,0.8868986
0.21078987,0.03933642,0.74987364
0.092638135,0.004511945,0.9028499
0.8274983,0.046095334,0.12640625
0.026182704,0.002765032,0.9710523
0.05328684,0.04190709,0.9048061
0.98483527,0.0067271143,0.008437691
0.022381332,0.029650452,0.94796824
0.020849131,0.0073905555,0.9717603
0.01965461,0.010875527,0.9694698
0.070275545,0.063924156,0.8658004
0.009738644,0.018955942,0.9713054
0.048394606,0.012236073,0.93936926
0.13286138,0.24797545,0.61916316
0.71427953,0.0668247,0.21889587
0.033855982,0.02755161,0.9385923
0.034608018,0.052565183,0.9128269
0.101535164,0.16496886,0.733496
0.10562262,0.14088705,0.7534904
0.006381628,0.0068464875,0.9867719
0.059902586,0.013980193,0.92611724
0.0489433,0.026662037,0.92439467
0.0057897307,0.003260456,0.9909499
0.014520914,0.016943542,0.9685356
0.064484216,0.0048930077,0.9306228
0.8486757,0.11502414,0.03630014
0.045075007,0.0079717655,0.94695324
0.06832141,0.004059179,0.9276194
0.054691754,0.06906937,0.8762389
0.010757491,0.022773607,0.96646893
0.93277115,0.028596852,0.038631883
0.09703224,0.03389561,0.8690722
0.0737612,0.027643414,0.8985954
0.41179043,0.10205328,0.48615628
0.0071522053,0.003438375,0.98940945
0.05575155,0.024025323,0.9202232
0.20347606,0.13357323,0.66295075
0.02301358,0.013595208,0.9633911
0.9970783,0.0016495993,0.0012722242
0.9910194,0.0066774366,0.0023031575
0.9920157,0.0067234295,0.00126083
0.989703,0.008731492,0.0015654701
0.79136,0.048687533,0.15995237
0.8572515,0.11332885,0.029419597
0.9878516,0.0105330385,0.0016152938
0.7912188,0.20010029,0.008680885
0.99483806,0.004942605,0.000219294
0.9886891,0.009807022,0.0015039556
0.98843867,0.0069660502,0.004595294
0.98886126,0.010564418,0.0005742917
0.9785281,0.020588268,0.0008836306
0.97038954,0.016389532,0.0132209025
0.75567406,0.1013126,0.14301325
0.9903825,0.007893661,0.0017238767
0.9883585,0.008492722,0.0031488019
0.9906228,0.008688547,0.00068856165
0.99551576,0.0036044428,0.00087986304
0.98491466,0.013980622,0.0011047139
0.91853005,0.059527982,0.021941934
0.98489296,0.0130948685,0.0020120891
0.86265004,0.06981501,0.06753498
0.91873306,0.036246024,0.045020886
0.98899686,0.010452974,0.0005502132
0.7541458,0.045047373,0.20080686
0.9930529,0.0059049083,0.0010422783
0.9894545,0.0082325125,0.002313034
0.99364364,0.0044079507,0.0019483906
0.9661017,0.021240002,0.0126582375
0.008814796,0.9894358,0.00174935
0.045656696,0.9233296,0.031013777
0.019472519,0.97561365,0.004913817
0.01345081,0.9757623,0.01078694
0.0135361785,0.98579836,0.00066542503
0.017352238,0.9708146,0.011833198
0.034389954,0.9533958,0.0122143105
0.021064246,0.9236552,0.055280533
0.018046666,0.97860193,0.003351363
0.016751068,0.98215693,0.0010919807
0.058360003,0.9042531,0.037386823
0.020484012,0.97642934,0.0030865888
0.016535616,0.98191124,0.0015531454
0.47836813,0.060802836,0.46082905
0.009227655,0.9883463,0.0024260576
0.004943993,0.9931758,0.0018801967
0.012862457,0.98360735,0.0035301629
0.011145303,0.98771393,0.0011407902
0.016843796,0.981824,0.001332255
0.19129868,0.7512631,0.05743828
0.020236086,0.9655538,0.0142100835
0.009711774,0.98772985,0.0025583298
0.0063910205,0.986296,0.007313044
0.17718133,0.76935875,0.053459875
0.020758301,0.9732125,0.0060292226
0.5474227,0.25148648,0.2010908
0.055869278,0.035374224,0.90875643
0.041533284,0.08464018,0.87382644
0.06465451,0.036695406,0.89865005
0.078052886,0.049371764,0.87257534
0.024950525,0.01752063,0.95752877
0.12393717,0.36784634,0.5082165
0.016069563,0.98164684,0.0022836043
0.26078218,0.047329906,0.6918879
0.54406,0.12009911,0.3358409
0.01820844,0.81021154,0.17157994
0.9626666,0.012249061,0.0250844
0.99238026,0.0072158366,0.00040392167
0.97107756,0.009464491,0.019457841
0.35309038,0.034688614,0.612221
0.98178744,0.008502425,0.0097100735
0.99346644,0.0050135176,0.0015201033
0.981519,0.0075453934,0.010935683
0.9746498,0.02208655,0.003263693
0.9941508,0.002346819,0.0035024104
0.15167041,0.018336926,0.82999265
0.8700414,0.037763145,0.09219555
0.34953293,0.03821465,0.6122525
0.9920426,0.0044964207,0.0034610187
0.9875711,0.010028237,0.0024005966
0.98888725,0.005556341,0.005556341
0.991695,0.0070713838,0.0012336317
0.9919991,0.0068025687,0.0011983819
0.7444617,0.0069574276,0.24858086
0.85330224,0.12670825,0.01998951
0.9868543,0.009213725,0.0039319354
0.99414426,0.0037064904,0.0021493458
0.34803337,0.23664382,0.41532287
0.9811292,0.0060782684,0.012792518
0.71196324,0.10055042,0.18748638
0.0796509,0.029474124,0.890875
0.99644357,0.0031162002,0.0004402481
0.97452444,0.011682845,0.013792668
0.18355277,0.034170054,0.7822772
0.9841876,0.013713477,0.0020989263
0.9897406,0.0043394836,0.005919798
0.8507364,0.09125707,0.058006525
0.9959636,0.0035849968,0.00045135184
0.61086714,0.07728475,0.3118481
0.9760315,0.014820255,0.009148344
0.3999287,0.047260083,0.55281126
0.99308056,0.005282945,0.00163658
0.6610454,0.18572946,0.15322515
0.06785181,0.03881211,0.89333606
0.9518086,0.016376771,0.031814635
0.08690406,0.01150558,0.9015903
0.99038976,0.0081125405,0.001497741
0.6169287,0.06697333,0.31609797
0.99241275,0.0052077044,0.0023796086
0.1521804,0.05142404,0.79639554
0.33112678,0.6629199,0.005953306
0.9962618,0.0027228151,0.0010154564
0.9806107,0.0032107222,0.016178502
0.7155645,0.0243244,0.2601111
0.16462219,0.030992066,0.8043857
0.61390793,0.0290939,0.35699818
0.07613324,0.050864473,0.87300223
0.9587752,0.015093881,0.026130876
0.98539126,0.008951909,0.0056569367
0.9913305,0.0066795326,0.001989952
0.06671393,0.029259227,0.90402687
0.13985506,0.0537612,0.8063838
0.035946324,0.017777352,0.9462763
0.9941645,0.0056188186,0.00021659242
0.991347,0.00509154,0.0035614166
0.9661007,0.019414913,0.014484408
0.9916358,0.008051668,0.00031250212
0.8795488,0.011751482,0.108699664
0.9892021,0.009947182,0.00085070054
0.9912633,0.008328499,0.000408223
0.99319214,0.006549834,0.00025796398
0.9083374,0.042525016,0.049137566
0.9377565,0.02063697,0.041606482
0.29343385,0.6009124,0.10565382
0.8059442,0.061845027,0.13221076
0.9765137,0.0076251323,0.015861131
0.7997034,0.010906065,0.18939054
0.20925267,0.029433008,0.7613144
0.6107039,0.07439492,0.31490114
0.9933826,0.005357297,0.0012601035
0.0947431,0.035715442,0.86954147
0.123961225,0.041643634,0.8343951
0.98156804,0.001277136,0.017154772
0.988561,0.0064307684,0.0050082877
0.99592674,0.0031946776,0.0008785088
0.99221814,0.005564178,0.0022176038
0.92207503,0.011064868,0.066860154
0.986819,0.008520998,0.0046600113
0.3802939,0.27714425,0.34256184
0.2516629,0.025065199,0.72327185
0.16329928,0.013450316,0.82325035
0.9970848,0.001262332,0.0016528352
0.9068225,0.011504743,0.081672736
0.974898,0.010893783,0.014208171
0.98576176,0.013816128,0.00042212888
0.54148597,0.039881747,0.4186323
0.6208581,0.061263524,0.3178784
0.4121833,0.24793518,0.33988154
0.99516475,0.004371796,0.00046349174
0.9883193,0.010273826,0.0014068009
0.17276548,0.022895465,0.80433905
0.071926236,0.01781665,0.9102571
0.9961647,0.0035095052,0.0003257979
0.5975281,0.24456736,0.15790455
0.9713567,0.01345562,0.015187772
0.9859034,0.0060366862,0.008060033
0.9906341,0.0051478525,0.0042179986
0.98637784,0.012936531,0.00068561104
0.92576057,0.031508096,0.042731315
0.98373735,0.00956917,0.0066934177
0.3678741,0.030470956,0.60165495
0.9922044,0.0026696846,0.00512589
0.98742783,0.0018987526,0.010673453
0.105022244,0.037264433,0.8577132
0.9744537,0.0066953166,0.018850973
0.034414135,0.024474872,0.941111
0.9973901,0.002516125,9.382326e-05
0.9972174,0.002520608,0.00026206265
0.9812914,0.018327465,0.00038111804
0.9184361,0.042413935,0.03914994
0.020249106,0.94379365,0.035957202
0.035403028,0.29773146,0.6668655
0.040383663,0.8255117,0.13410467
0.029995019,0.07787717,0.8921278
0.362476,0.050960157,0.5865638
0.008405421,0.99069643,0.0008981203
0.03359113,0.3967301,0.5696788
0.037182763,0.94963676,0.013180465
0.15305275,0.05047144,0.79647577
0.015890628,0.98215884,0.0019504757
0.015118848,0.98217577,0.002705371
0.93380195,0.045547538,0.020650528
0.26587895,0.7257397,0.0083813565
0.28489605,0.6123237,0.10278024
0.03395535,0.6803484,0.28569627
0.02740297,0.84275544,0.12984163
0.011605859,0.9852705,0.0031236743
0.0124870045,0.9852077,0.0023053566
0.011678127,0.97603536,0.012286472
0.062250674,0.20611514,0.7316342
0.013079471,0.985658,0.0012625748
0.012928176,0.98574084,0.0013310547
0.013880483,0.98360646,0.0025130555
0.07827445,0.053482894,0.8682427
0.04719103,0.048357334,0.9044516
0.026799625,0.9642935,0.0089068925
0.0071346485,0.9860174,0.0068479367
0.009865121,0.9829595,0.0071753105
0.06643719,0.8137296,0.11983321
0.6322946,0.35201088,0.015694503
0.038366638,0.85466015,0.10697327
0.014021148,0.9829584,0.0030204642
0.019804632,0.9740121,0.006183308
0.038224347,0.08497022,0.87680554
0.013119508,0.9848208,0.0020596536
0.08428462,0.746285,0.1694303
0.0136709,0.98305005,0.0032789886
0.01236964,0.9845633,0.0030670427
0.019931264,0.9716622,0.0084065255
0.014624528,0.95751435,0.027861098
0.0068878788,0.99080044,0.002311661
0.030944027,0.9226035,0.04645249
0.023361241,0.9026863,0.07395243
0.021829346,0.9506833,0.027487297
0.026850846,0.94467807,0.028471144
0.045665942,0.4923355,0.46199855
0.043106515,0.5127295,0.44416398
0.012908925,0.9833123,0.003778788
0.046685457,0.748332,0.20498255
0.018645223,0.9525891,0.028765699
0.016400404,0.94853926,0.035060376
0.84717995,0.06365858,0.08916141
0.083497964,0.07114116,0.84536093
0.008153308,0.9895515,0.0022952587
0.0033705845,0.9871022,0.0095271785
0.002615335,0.97771704,0.019667553
0.032671258,0.8571266,0.11020211
0.013120289,0.98487943,0.0020003067
0.011924558,0.98598295,0.0020925128
0.56363714,0.15446647,0.2818964
0.020806758,0.9422458,0.03694745
0.020257352,0.95530766,0.02443503
0.03545446,0.9351527,0.029392775
0.04536676,0.032676447,0.9219568
0.06322289,0.33045655,0.6063205
0.015706182,0.95757675,0.026717115
0.009399839,0.9853888,0.0052114017
0.006638136,0.9909764,0.0023854645
0.101150475,0.027599044,0.8712505
0.039198183,0.035830043,0.92497176
0.053979818,0.033911917,0.9121083
0.3324996,0.020617105,0.64688337
0.08790609,0.021668911,0.89042497
0.03607456,0.018898897,0.9450265
0.019913739,0.023395477,0.9566907
0.067315154,0.10497491,0.82771
0.060942546,0.08535727,0.85370016
0.035407692,0.031584654,0.9330077
0.035856046,0.04839114,0.9157528
0.058908287,0.044466313,0.89662534
0.062781386,0.037782505,0.8994361
0.04535202,0.036583997,0.918064
0.2585601,0.03860078,0.7028391
0.11258455,0.048587803,0.83882767
0.083752766,0.018015781,0.89823145
0.05501833,0.048317004,0.89666474
0.8409599,0.012831804,0.14620829
0.08814205,0.043125138,0.86873287
0.23897035,0.015908713,0.74512094
0.043774575,0.2927865,0.663439
0.053853504,0.035283517,0.910863
0.06769482,0.03536051,0.8969446
0.077585034,0.055069778,0.8673452
0.04117558,0.04069587,0.9181286
0.046176795,0.014487667,0.9393355
0.06494427,0.06526215,0.8697936
0.049855884,0.03301715,0.91712695
0.050447647,0.03770982,0.9118426
0.07412566,0.019747123,0.9061273
0.022792256,0.029581908,0.9476259
0.0851687,0.015136286,0.89969504
0.034453075,0.030703105,0.93484384
0.062463976,0.016042078,0.921494
0.04861853,0.04026683,0.91111463
0.057424013,0.033724885,0.90885115
0.015857263,0.038827755,0.945315
0.03272422,0.049365327,0.9179105
0.39141428,0.033352077,0.57523364
0.19573136,0.051384717,0.7528839
0.038661543,0.052586667,0.9087518
0.47164917,0.050908968,0.47744188
0.047964383,0.08592428,0.8661113
0.14061752,0.058048442,0.801334
0.016410803,0.021382831,0.9622063
0.059344918,0.042661138,0.897994
0.017331133,0.045616884,0.9370521
0.0576736,0.02684692,0.9154795
0.016099157,0.02884033,0.95506054
0.06978157,0.04191335,0.8883051
0.045434617,0.024896115,0.9296693
0.037238587,0.0246132,0.9381482
0.03161534,0.028064396,0.94032025
0.026346931,0.03026596,0.94338715
0.029161839,0.03301244,0.9378257
0.043494247,0.047212556,0.9092933
0.024125582,0.18509522,0.79077923
0.1771773,0.026828254,0.7959945
0.042737417,0.031821843,0.9254408
0.038887445,0.041679416,0.91943324
0.022027824,0.056746587,0.92122555
0.07278111,0.04142895,0.88578993
0.046180103,0.02445432,0.9293656
0.1798117,0.05646986,0.7637185
0.046556856,0.08521406,0.868229
0.033232935,0.05172412,0.915043
0.054492794,0.04430233,0.9012048
0.048512366,0.046790767,0.9046969
0.06769126,0.01861451,0.91369426
0.07560485,0.043799486,0.8805957
0.074422464,0.03819733,0.8873802
0.04590404,0.034785803,0.9193101
0.055049732,0.025600502,0.9193498
0.16267194,0.19355536,0.6437727
0.03105545,0.018744333,0.9502002
0.015817422,0.033847127,0.95033556
0.05739664,0.13621624,0.8063871
0.19142929,0.059359964,0.7492108
0.03390723,0.07087608,0.89521664
0.07467193,0.03323269,0.8920953
0.052681588,0.051915508,0.8954029
0.08665673,0.14755206,0.7657913
0.03938683,0.0058916095,0.9547216
0.088132374,0.058365818,0.85350186
0.043389235,0.04596262,0.9106482
0.09261218,0.11627519,0.79111254
0.08803852,0.045942187,0.86601937
0.054032005,0.016787443,0.92918056
0.14090855,0.033436045,0.82565546
0.48882014,0.0733786,0.43780127
0.074677095,0.027046252,0.8982767
0.052149158,0.093786605,0.8540642
0.027930424,0.029819012,0.94225055
0.038132478,0.06028444,0.90158314
0.071350835,0.04227397,0.8863751
0.029559618,0.049069867,0.92137057
0.0426403,0.041207492,0.91615224
0.035669062,0.05955969,0.9047712
0.0900399,0.041384615,0.86857545
0.03755833,0.06834223,0.8940994
0.040975735,0.061272047,0.89775217
0.05398395,0.049732342,0.89628375
0.042848818,0.04724441,0.9099068
0.018151393,0.011880747,0.96996784
0.045406062,0.051451806,0.9031421
0.072683945,0.02965516,0.8976609
0.023192786,0.020032521,0.95677465
0.026575841,0.019048622,0.95437557
0.27757996,0.06285041,0.6595696
0.49792942,0.041673586,0.46039703
0.08000623,0.10123617,0.81875765
0.036280412,0.02803533,0.9356842
0.004118912,0.0036420336,0.992239
0.024937242,0.009595403,0.96546733
0.0091488,0.005192506,0.9856587
0.02146502,0.022017008,0.95651793
0.027089942,0.020750303,0.9521597
0.02497502,0.0062046438,0.9688204
0.053800307,0.03178238,0.91441727
0.020852085,0.0024928595,0.9766551
0.04869411,0.039665427,0.9116404
0.04268367,0.012967032,0.9443492
0.026803413,0.004992143,0.9682045
0.03309772,0.04123103,0.9256713
0.07668945,0.032695096,0.89061534
0.03172944,0.030070176,0.9382005
0.06028871,0.026544759,0.9131665
0.03356026,0.069063224,0.8973765
0.018876808,0.018584149,0.9625391
0.06331861,0.20599808,0.73068327
0.03317677,0.026168209,0.940655
0.038545348,0.016578149,0.9448765
0.043918826,0.014300188,0.941781
0.049933776,0.02610848,0.92395777
0.016175373,0.010082826,0.97374177
0.07403652,0.04318512,0.8827783
0.038003176,0.026764702,0.93523216
0.05930695,0.08478752,0.85590553
0.05528539,0.04193587,0.9027787
0.055918876,0.035405625,0.90867543
0.03943293,0.031871453,0.92869556
0.058755055,0.040817842,0.90042716
0.13185905,0.06198241,0.8061585
0.10501621,0.045654714,0.8493291
0.05889811,0.031402983,0.90969896
0.047635436,0.027731288,0.9246333
0.01983822,0.20381247,0.7763493
0.13734388,0.11909361,0.74356246
0.097633034,0.12972224,0.77264476
0.041261736,0.035989124,0.9227491
0.073554255,0.018479753,0.907966
0.040999707,0.04746769,0.91153264
0.070762634,0.045866605,0.8833709
0.04453759,0.04414786,0.9113146
0.056072224,0.010241471,0.9336864
0.061365772,0.02445734,0.9141769
0.044947196,0.029048443,0.9260044
0.0463226,0.0350003,0.91867715
0.06349033,0.030462995,0.9060466
0.08849764,0.05320683,0.8582956
0.11891004,0.1977802,0.68330973
0.030916078,0.015728828,0.953355
0.055848446,0.025025802,0.91912574
0.061363187,0.046546087,0.8920908
0.082704715,0.029003747,0.88829154
0.043238997,0.045714106,0.91104686
0.093722805,0.036810063,0.8694672
0.03601741,0.086232685,0.87775
0.04404987,0.05812908,0.89782107
0.057015855,0.021895872,0.9210883
0.059627052,0.08278396,0.857589
0.07829404,0.048995156,0.8727108
0.016786363,0.021786902,0.96142673
0.06442817,0.70848864,0.22708322
0.03780103,0.02005638,0.9421426
0.004811447,0.003783931,0.99140465
0.03500185,0.04088137,0.9241168
0.023315867,0.03711339,0.9395708
0.068656765,0.014518281,0.91682494
0.18334189,0.043250844,0.7734073
0.06396776,0.033807542,0.90222466
0.28201512,0.022202669,0.69578224
0.031062644,0.013864967,0.9550724
0.03850315,0.026827084,0.9346697
0.14088759,0.014827708,0.84428465
0.08730465,0.027498469,0.8851968
0.09866478,0.08922329,0.812112
0.04481575,0.05239492,0.9027894
0.086638264,0.03962717,0.8737346
0.35623002,0.049522743,0.5942472
0.044724986,0.06394058,0.8913345
0.045626972,0.0397189,0.9146541
0.04732285,0.022375572,0.9303016
0.742925,0.034008507,0.22306651
0.054014225,0.01529504,0.93069077
0.04852136,0.053655826,0.8978229
0.08401792,0.023663655,0.8923184
0.05904049,0.025492383,0.9154671
0.10764947,0.03186777,0.86048275
0.036373068,0.05174706,0.91187984
0.028346326,0.04840745,0.92324615
0.04730274,0.048756655,0.90394056
0.07848444,0.04668249,0.87483317
0.09790011,0.06049147,0.8416084
0.035366144,0.03816531,0.9264685
0.048800744,0.026792878,0.9244064
0.3939805,0.025262538,0.58075696
0.035090614,0.016478794,0.9484306
0.036576316,0.029275313,0.9341483
0.04191108,0.017149955,0.94093907
0.475928,0.13411063,0.38996142
0.0524488,0.03852255,0.90902865
0.06660159,0.019363247,0.91403514
0.033609122,0.03464214,0.9317487
0.045441147,0.028380856,0.926178
0.018544545,0.025646174,0.95580935
0.80058265,0.023853049,0.17556438
0.03479939,0.043733552,0.9214671
0.046076976,0.029345566,0.9245775
0.40192762,0.030311424,0.56776094
0.06526776,0.025784854,0.90894735
0.028250227,0.09119284,0.88055694
0.040070932,0.0488091,0.91112
0.04121316,0.037124064,0.9216628
0.028270813,0.050942477,0.9207867
0.0341233,0.028151415,0.93772525
0.055105418,0.035336345,0.90955824
0.046033725,0.054293983,0.89967227
0.04865621,0.19356994,0.7577738
0.03340915,0.0394811,0.9271098
0.07839926,0.050273523,0.8713272
0.054639634,0.020298056,0.92506224
0.022805838,0.019698298,0.95749575
0.8966291,0.06048245,0.042888477
0.052244935,0.052809186,0.8949459
0.045984875,0.011247089,0.9427681
0.08289611,0.022398511,0.89470536
0.061787095,0.5686693,0.3695436
0.41127387,0.026375437,0.56235063
0.06711898,0.057353865,0.8755272
0.03420693,0.01747119,0.9483218
0.027412549,0.04690434,0.9256832
0.0391189,0.061362628,0.8995185
0.054790426,0.057475973,0.88773364
0.075277664,0.008995025,0.9157273
0.040219948,0.029054338,0.93072575
0.029524965,0.021898279,0.9485768
0.06195432,0.031183025,0.90686274
0.043017853,0.06682284,0.89015925
0.055499557,0.007170593,0.9373298
0.43879962,0.07715078,0.48404962
0.0626522,0.04761676,0.889731
0.037637696,0.035219494,0.9271428
0.04883133,0.03517189,0.9159967
0.054441188,0.03370441,0.9118544
0.025684291,0.019886082,0.9544296
0.06330499,0.029757505,0.90693754
0.029393295,0.04633255,0.9242742
0.04795893,0.04800579,0.90403533
0.028303893,0.026125744,0.9455704
0.030601809,0.40128323,0.56811494
0.6285517,0.04179794,0.32965037
0.049901526,0.047245815,0.90285265
0.07625022,0.28469068,0.6390591
0.046529766,0.040544372,0.91292596
0.035308547,0.015945923,0.94874555
0.021456718,0.037218988,0.94132435
0.20311229,0.078306764,0.7185809
0.024465647,0.028325267,0.9472091
0.058022235,0.008285751,0.933692
0.042690042,0.03559927,0.9217106
0.060272057,0.0758199,0.863908
0.022199376,0.01335982,0.9644408
0.06661082,0.029877605,0.9035116
0.039367143,0.11810385,0.842529
0.065994605,0.06044189,0.8735635
0.054815587,0.048327368,0.896857
0.668049,0.0115056485,0.32044536
0.14118923,0.053432617,0.8053782
0.052975036,0.052768506,0.89425653
0.04557295,0.0435285,0.91089857
0.05860268,0.0511641,0.8902332
0.059080932,0.046919785,0.8939994
0.033910427,0.035123795,0.9309658
0.04141912,0.033216257,0.9253646
0.064714655,0.07405095,0.86123437
0.04956706,0.028771384,0.9216616
0.02583475,0.027180552,0.94698465
0.057359625,0.040993072,0.90164727
0.0609975,0.032970015,0.9060324
0.057564553,0.03933236,0.90310305
0.19300745,0.03727033,0.7697222
0.072062254,0.051752657,0.87618506
0.052947838,0.055869482,0.89118266
0.042605616,0.034807667,0.92258674
0.044547684,0.040363558,0.9150888
0.04663677,0.035653044,0.91771007
0.030625628,0.02865795,0.9407165
0.055577476,0.048760407,0.89566207
0.035830766,0.02277542,0.94139385
0.04954356,0.053204417,0.89725196
0.44405687,0.078841306,0.47710186
0.93885726,0.018665833,0.0424769
0.03508828,0.04122315,0.9236886
0.03475277,0.029609729,0.9356374
0.030067036,0.052666333,0.91726667
0.060514327,0.077172585,0.86231315
0.031950537,0.25143316,0.71661633
0.042544667,0.040675774,0.9167795
0.03895421,0.04003406,0.92101175
0.053952124,0.036186386,0.9098615
0.030094951,0.024490926,0.94541407
0.048859913,0.04616937,0.9049707
0.056839466,0.045316376,0.89784425
0.042567823,0.0600889,0.8973433
0.03692133,0.043759618,0.91931903
0.06341274,0.03956659,0.89702064
0.109379865,0.077259555,0.8133606
0.05625003,0.112304375,0.83144563
0.26383704,0.031820074,0.70434284
0.050902456,0.037975546,0.91112196
0.04254365,0.04783311,0.9096233
0.031404413,0.025382446,0.9432131
0.19549964,0.021405429,0.7830949
0.048538484,0.22323741,0.7282241
0.057829164,0.036686726,0.90548414
0.3045767,0.29034543,0.40507782
0.053308714,0.033523027,0.9131682
0.07467835,0.03140538,0.8939162
0.036612015,0.026499724,0.9368883
0.060985684,0.03315734,0.9058569
0.06188823,0.035748273,0.90236354
0.06203971,0.03955054,0.8984097
0.07222459,0.043593053,0.8841824
0.052879676,0.03508813,0.91203225
0.07458325,0.034380924,0.89103585
0.049472626,0.08212607,0.8684013
0.05472258,0.03495405,0.9103234
0.027904293,0.09421481,0.87788093
0.06326958,0.05990243,0.87682796
0.053353094,0.07158441,0.87506247
0.066849716,0.09290232,0.840248
0.04675543,0.005846416,0.9473981
0.03617841,0.031678874,0.93214273
0.037155148,0.040410377,0.92243445
0.04107623,0.045689795,0.91323406
0.0651016,0.042321067,0.89257735
0.08544427,0.2616493,0.6529064
0.7232999,0.035487324,0.24121276
0.03533205,0.0069098957,0.957758
0.06623717,0.056988593,0.87677425
0.04312179,0.050958958,0.9059193
0.06487939,0.028930973,0.9061897
0.050451357,0.03763901,0.9119097
0.043544646,0.036276482,0.92017883
0.33001548,0.07098855,0.59899586
0.06191843,0.034395553,0.903686
0.043593,0.027981322,0.92842567
0.023368128,0.19709724,0.7795347
0.017918237,0.050400387,0.93168145
0.04092094,0.0121316975,0.94694734
0.06884367,0.05136051,0.87979585
0.032936137,0.043209262,0.9238547
0.029681075,0.030593364,0.93972546
0.030269772,0.04085194,0.9288783
0.0413819,0.014929098,0.943689
0.10329868,0.070996076,0.82570523
0.029133791,0.077283815,0.89358234
0.066962145,0.062111568,0.8709262
0.04024098,0.03217704,0.92758197
0.014049619,0.007706079,0.97824425
0.07175685,0.041166265,0.8870769
0.041257914,0.04593672,0.9128053
0.016453443,0.036574926,0.94697165
0.09624101,0.05056709,0.853192
0.04648833,0.03424489,0.91926676
0.028402982,0.018071674,0.95352536
0.046576843,0.03060556,0.92281765
0.058288585,0.0876726,0.8540388
0.025569044,0.036270034,0.9381609
0.08168957,0.04604799,0.8722624
0.104424365,0.04482473,0.8507509
0.06745774,0.028203078,0.9043392
0.042662494,0.038018994,0.91931856
0.8793586,0.030984582,0.08965686
0.038297195,0.023825757,0.937877
0.22089992,0.02447163,0.7546284
0.0636827,0.12108479,0.8152326
0.18637657,0.06378407,0.74983937
0.029026167,0.023736784,0.947237
0.16583364,0.021880472,0.8122859
0.080163874,0.030635482,0.8892007
0.035384458,0.023989126,0.94062644
0.061771974,0.09336679,0.84486127
0.15741056,0.16625868,0.6763307
0.04807746,0.028680341,0.92324215
0.10405667,0.17926784,0.7166755
0.059471026,0.06361645,0.8769125
0.10842011,0.20374577,0.68783414
0.05979583,0.047673393,0.89253074
0.032897864,0.024281066,0.9428211
0.02422321,0.01101464,0.96476215
0.030806974,0.03027018,0.9389228
0.06695345,0.08365104,0.8493955
0.060882345,0.082086325,0.8570314
0.02309066,0.4944691,0.48244023
0.088764496,0.032085642,0.87915
0.043677077,0.046767235,0.9095557
0.07568791,0.045327913,0.87898415
0.035326134,0.04914137,0.9155325
0.031532638,0.12242131,0.8460461
0.96666026,0.0181958,0.015143889
0.053689443,0.037335146,0.90897536
0.036516573,0.13318132,0.8303021
0.038130336,0.022591477,0.9392782
0.05356603,0.04308357,0.90335035
0.034317948,0.038135175,0.9275469
0.15879895,0.31335175,0.52784926
0.21861722,0.44443107,0.33695167
0.054029793,0.047171663,0.89879864
0.07973257,0.060126554,0.86014086
0.036602106,0.022178631,0.9412192
0.10575232,0.041050814,0.8531969
0.034767587,0.026449786,0.9387827
0.06751961,0.054732468,0.87774795
0.2905556,0.026085889,0.6833585
0.050280344,0.032878194,0.91684145
0.039864607,0.045704998,0.91443044
0.12019361,0.020273585,0.85953283
0.037374385,0.024727095,0.9378986
0.102681704,0.020618016,0.87670034
0.018332914,0.013412647,0.96825445
0.043723285,0.064241305,0.89203537
0.022036016,0.020620216,0.95734376
0.1800432,0.04397093,0.77598584
0.09112691,0.042171534,0.8667015
0.042812012,0.045395475,0.9117925
0.5817764,0.027828122,0.39039552
0.04645355,0.049208686,0.90433776
0.05464168,0.041691165,0.9036671
0.14338501,0.028261768,0.8283532
0.10766817,0.043800272,0.8485315
0.26461378,0.021689026,0.7136972
0.06407323,0.07064609,0.8652807
0.113632835,0.34610495,0.5402622
0.058118787,0.023828622,0.91805255
0.0867391,0.06002377,0.85323715
0.03629834,0.045661893,0.9180397
0.89713913,0.0056344443,0.09722647
0.028180663,0.031284675,0.94053465
0.6614452,0.033869106,0.30468568
0.037876893,0.04355348,0.9185697
0.029327702,0.056530625,0.9141417
0.046803083,0.036700305,0.9164967
0.03166496,0.03841969,0.9299153
0.0407385,0.030244732,0.92901665
0.17142186,0.047648642,0.78092957
0.04856564,0.08932589,0.8621085
0.057791643,0.052210398,0.88999796
0.035170935,0.054208472,0.9106205
0.15459225,0.23711029,0.60829747
0.051633265,0.1060481,0.8423186
0.051003993,0.03248349,0.9165125
0.9726178,0.014092126,0.013290142
0.023552183,0.034739953,0.9417078
0.1028238,0.038761627,0.85841453
0.036910895,0.02223507,0.94085395
0.23639691,0.05509006,0.708513
0.2675917,0.06377622,0.66863203
0.05010197,0.11072272,0.83917534
0.024508841,0.03399395,0.94149727
0.04122314,0.018708175,0.9400686
0.02640617,0.019738719,0.9538551
0.042429633,0.013325024,0.9442453
0.44017324,0.045463268,0.51436347
0.5299466,0.030524459,0.43952894
0.023356644,0.041841526,0.9348019
0.0329446,0.008962682,0.95809275
0.05461397,0.03775618,0.90762985
0.04634993,0.06009853,0.8935516
0.034723856,0.037692387,0.9275838
0.05733205,0.048467383,0.89420056
0.038333178,0.021991406,0.9396755
0.043313317,0.02879659,0.92789006
0.0657341,0.028605144,0.9056607
0.06090722,0.032190017,0.9069028
0.036725894,0.026221193,0.93705297
0.02708895,0.028195573,0.9447154
0.103711374,0.028771501,0.8675172
0.04877254,0.050517693,0.90070975
0.022861918,0.10488978,0.8722483
0.042793717,0.043129355,0.9140769
0.039847407,0.054999437,0.9051532
0.18321858,0.030188384,0.7865931
0.08335783,0.018708948,0.89793324
0.09838132,0.14884618,0.75277245
0.045871455,0.04882991,0.90529865
0.09686364,0.041905355,0.861231
0.06034221,0.04423362,0.8954242
0.01738917,0.005922148,0.9766887
0.05718463,0.033322938,0.90949243
0.04733765,0.04628625,0.9063761
0.050946586,0.05040224,0.8986512
0.046253175,0.036446627,0.9173002
0.035372242,0.030731937,0.9338958
0.7434222,0.03347096,0.22310685
0.06161608,0.02047819,0.9179058
0.9821827,0.015968798,0.0018485227
0.06378181,0.024232501,0.91198575
0.036196016,0.03484338,0.9289606
0.031041319,0.06356837,0.9053902
0.053693056,0.055723,0.89058393
0.018163094,0.050247952,0.93158895
0.031449202,0.03225794,0.9362928
0.05402402,0.05165086,0.8943251
0.013469204,0.010387885,0.9761429
0.020911533,0.020467056,0.9586214
0.026817134,0.114123724,0.85905915
0.05865484,0.04726877,0.89407635
0.028434532,0.039093796,0.93247163
0.048074402,0.057145543,0.8947801
0.0530178,0.032567766,0.91441447
0.20703632,0.06688745,0.7260762
0.04500472,0.026899803,0.9280955
0.06297292,0.045357693,0.8916694
0.23611481,0.06621016,0.697675
0.071215205,0.0106474,0.9181374
0.049345847,0.018656552,0.93199754
0.05963085,0.045944348,0.8944248
0.07019229,0.081345014,0.8484627
0.03221333,0.14707388,0.82071286
0.04321321,0.015544165,0.9412426
0.06814411,0.039477322,0.8923785
0.99045676,0.008065691,0.0014775033
0.037495095,0.016047888,0.9464571
0.02395734,0.10215283,0.87388986
0.028978365,0.04905375,0.9219679
0.052994423,0.061115455,0.8858901
0.033763062,0.047427922,0.91880906
0.07097914,0.04984262,0.8791782
0.028416123,0.02411645,0.9474675
0.05493207,0.11708886,0.8279791
0.041622482,0.035706047,0.9226715
0.025568191,0.07312207,0.9013098
0.061516978,0.043282602,0.89520043
0.055734653,0.028802032,0.91546327
0.062906705,0.024347616,0.9127457
0.31756017,0.03402259,0.6484173
0.048341103,0.043972112,0.90768677
0.023646155,0.032733396,0.9436204
0.04277339,0.031910893,0.9253156
0.06963042,0.02650627,0.9038633
0.04100859,0.029278914,0.9297125
0.06560021,0.061806496,0.8725932
0.04200765,0.058951724,0.8990407
0.079068385,0.06587084,0.8550607
0.047285024,0.03935409,0.9133609
0.063820384,0.09468957,0.84149003
0.00923855,0.012776451,0.977985
0.02927185,0.011734858,0.9589933
0.04800911,0.05667914,0.8953117
0.05475118,0.06591366,0.8793351
0.059691582,0.04146846,0.89883995
0.05485016,0.03359478,0.91155505
0.12205121,0.0076852576,0.8702636
0.068119995,0.073153496,0.8587265
0.035267778,0.013373072,0.9513591
0.6717133,0.040222738,0.28806394
0.053720757,0.0133852195,0.9328941
0.039696097,0.029964186,0.9303397
0.06255439,0.048669856,0.88877577
0.057535343,0.036287088,0.90617764
0.03411187,0.026644297,0.9392438
0.24220367,0.046701808,0.7110945
0.042158667,0.040464483,0.9173769
0.1778466,0.16986822,0.65228516
0.08221792,0.042446326,0.87533575
0.054683518,0.028508296,0.9168082
0.1475414,0.03554392,0.81691474
0.056994963,0.0267391,0.91626596
0.038200926,0.012474907,0.94932413
0.010474294,0.030875986,0.95864964
0.06147771,0.04389326,0.894629
0.088439606,0.0356283,0.87593216
0.06781066,0.07023703,0.8619523
0.0153864585,0.009160794,0.9754528
0.048535705,0.02938095,0.9220833
0.019183842,0.015903965,0.9649122
0.013886789,0.017316176,0.968797
0.10757498,0.05081482,0.8416102
0.39809093,0.07867635,0.52323276
0.05730405,0.043679852,0.89901614
0.041059155,0.035326142,0.92361474
0.068921104,0.030286344,0.90079254
0.13334823,0.14832552,0.7183263
0.027801419,0.02231726,0.9498813
0.021315187,0.020458618,0.95822614
0.042536072,0.036383033,0.9210809
0.012870705,0.007685449,0.9794439
0.043784942,0.062048905,0.8941661
0.09639106,0.0360539,0.8675551
0.01699519,0.009617597,0.9733872
0.05204583,0.041494552,0.9064597
0.3116448,0.036607843,0.6517474
0.047726538,0.03666475,0.91560876
0.014785697,0.015255046,0.9699592
0.09431463,0.060953602,0.84473175
0.026885549,0.06699881,0.9061157
0.05025488,0.055032726,0.8947123
0.051625036,0.0065537803,0.94182116
0.042102218,0.036365338,0.9215324
0.10708681,0.060423266,0.8324899
0.04608533,0.025550349,0.9283644
0.049431805,0.09047614,0.860092
0.13322273,0.12625597,0.74052125
0.07043129,0.025960878,0.90360785
0.06117036,0.036419638,0.90241003
0.038171843,0.03791179,0.92391634
0.059342448,0.04270104,0.89795655
0.03230306,0.01625887,0.951438
0.029946627,0.036619782,0.9334336
0.049778238,0.042536028,0.9076858
0.030870605,0.020888098,0.9482414
0.053106334,0.047790527,0.89910316
0.18878101,0.023376247,0.78784275
0.021032155,0.030691385,0.94827646
0.10699844,0.027640961,0.8653607
0.04526882,0.037455942,0.9172752
0.031262677,0.033441838,0.93529546
0.04969125,0.059997648,0.8903112
0.04594306,0.043796387,0.9102606
0.08491644,0.10744934,0.8076342
0.04225027,0.0631779,0.8945718
0.016239256,0.12942676,0.854334
0.027408192,0.029722271,0.9428695
0.050372705,0.052379325,0.89724797
0.036662478,0.020565785,0.9427717
0.033092424,0.0054552043,0.9614524
0.033040844,0.04016745,0.9267917
0.04735116,0.038010586,0.9146383
0.012043518,0.03495132,0.9530052
0.31929797,0.24745828,0.43324378
0.055684593,0.03767808,0.9066374
0.0362364,0.051754404,0.91200924
0.02945484,0.01679926,0.9537459
0.08229891,0.007932772,0.90976834
0.13113374,0.037643895,0.83122236
0.06363894,0.050097335,0.8862638
0.23695575,0.03156359,0.7314806
0.01033175,0.19881506,0.79085314
0.06271568,0.14009523,0.7971891
0.06866133,0.037440043,0.89389867
0.047555696,0.037436407,0.91500795
0.059924632,0.027089396,0.9129859
0.041877735,0.054832626,0.9032897
0.03898582,0.033838402,0.92717576
0.020224812,0.06254063,0.91723454
0.041678797,0.028063918,0.93025726
0.07421176,0.018608563,0.9071797
0.09550363,0.03181835,0.8726779
0.029006612,0.02068964,0.9503037
0.017441189,0.9644229,0.018135967
0.03194587,0.013252155,0.9548019
0.12199447,0.092537,0.7854686
0.051241864,0.015295711,0.9334624
0.018221484,0.014698679,0.9670798
0.077090055,0.039798986,0.88311094
0.09165498,0.01725513,0.8910899
0.01990316,0.0239142,0.9561826
0.05616401,0.04357005,0.90026593
0.038232803,0.03637527,0.92539185
0.02743281,0.033447664,0.93911964
0.029731113,0.023427552,0.94684136
0.068626784,0.12499732,0.8063759
0.057081766,0.017155802,0.9257624
0.01296395,0.011989695,0.9750463
0.027407363,0.021428417,0.9511642
0.08088568,0.040119596,0.8789947
0.032712054,0.015958158,0.9513299
0.057957277,0.023855405,0.9181873
0.019370463,0.037228316,0.94340116
0.02914725,0.019664323,0.95118845
0.054915268,0.037779547,0.9073052
0.023933629,0.02283763,0.9532287
0.018494429,0.0292097,0.9522959
0.045274246,0.015585363,0.9391403
0.061934393,0.027057132,0.9110085
0.04685861,0.013797377,0.9393439
0.044052206,0.015907979,0.9400398
0.06025424,0.058628988,0.8811168
0.059315518,0.035211988,0.9054725
0.01323722,0.03396788,0.95279497
0.08124917,0.032350264,0.8864006
0.02694108,0.01777222,0.95528674
0.040261507,0.053181794,0.9065567
0.03487764,0.046978846,0.9181435
0.05333212,0.05513264,0.8915353
0.13534822,0.09560209,0.7690497
0.053152718,0.8909257,0.055921588
0.051211923,0.029437268,0.9193508
0.04589579,0.06497675,0.88912743
0.040590182,0.032870933,0.9265388
0.036128618,0.19741882,0.7664525
0.042212106,0.08002631,0.8777616
0.07966231,0.05885414,0.8614835
0.10234869,0.40996873,0.48768267
0.049265683,0.044464394,0.9062699
0.043173846,0.037327383,0.91949874
0.26073608,0.017764984,0.72149897
0.016434507,0.023725985,0.9598396
0.028882103,0.02026165,0.95085615
0.03459077,0.036857657,0.92855155
0.039775215,0.022552846,0.937672
0.14649338,0.033234276,0.8202724
0.069784954,0.2600433,0.6701717
0.07790339,0.042645868,0.8794508
0.026122857,0.04306931,0.9308079
0.036310114,0.0818261,0.88186383
0.89671,0.0336009,0.06968917
0.0629986,0.05320579,0.8837956
0.04010249,0.05338721,0.9065103
0.087441556,0.22724956,0.6853089
0.041996688,0.16209404,0.7959093
0.04079142,0.0317064,0.92750216
0.04213305,0.24784538,0.71002156
0.039910506,0.05967919,0.90041035
0.11988804,0.052785993,0.82732606
0.058772516,0.069521986,0.87170553
0.124488555,0.05817592,0.81733555
0.05778933,0.061757196,0.8804534
0.08313154,0.053152144,0.8637163
0.07393196,0.0436751,0.88239294
0.058387835,0.048122417,0.8934897
0.073964275,0.031105082,0.8949306
0.12245535,0.28976628,0.58777845
0.044617955,0.11801275,0.8373694
0.25428244,0.078465916,0.66725165
0.92549753,0.00306599,0.07143643
0.042708788,0.048584815,0.9087063
0.031110035,0.047206074,0.92168385
0.06282762,0.051028635,0.88614374
0.056449,0.036947925,0.9066031
0.045088045,0.029627271,0.9252847
0.012105884,0.022440761,0.9654534
0.00820062,0.0061780745,0.9856214
0.0481964,0.030785449,0.9210181
0.03744824,0.064958006,0.8975937
0.03459492,0.033107553,0.93229765
0.075516656,0.05728198,0.8672014
0.070670575,0.040188316,0.8891411
0.028116366,0.7608586,0.21102504
0.040824722,0.07299147,0.8861839
0.055996828,0.032282125,0.9117211
0.06595978,0.02704342,0.90699685
0.08068198,0.12099976,0.79831827
0.08239831,0.0784716,0.8391301
0.05352029,0.054416224,0.89206356
0.6457898,0.0501273,0.30408287
0.063083164,0.044558264,0.8923585
0.043715302,0.027977742,0.9283069
0.0619477,0.046215802,0.8918364
0.0722336,0.026912764,0.9008537
0.034811504,0.033445217,0.9317432
0.15463294,0.014313046,0.83105403
0.05852313,0.030480228,0.9109966
0.043991048,0.026396833,0.92961216
0.01706214,0.012373695,0.97056425
0.046224967,0.03703415,0.9167409
0.049779147,0.057463553,0.89275736
0.04652138,0.05880854,0.89467007
0.025878914,0.033818454,0.9403027
0.040604603,0.05311376,0.90628165
0.06963399,0.037859343,0.8925067
0.044779338,0.2509816,0.704239
0.35699242,0.0537795,0.58922803
0.05700888,0.07060312,0.87238806
0.059652127,0.032400645,0.9079471
0.06289989,0.042105448,0.8949947
0.08734523,0.045447063,0.86720777
0.03893535,0.04587705,0.91518766
0.044475693,0.050792836,0.9047314
0.04054743,0.05267764,0.9067749
0.025462791,0.02556245,0.9489748
0.063204914,0.027747335,0.9090477
0.067908265,0.037575826,0.894516
0.053806838,0.02539174,0.92080134
0.013244161,0.11110879,0.875647
0.024488391,0.02278115,0.95273036
0.06451774,0.04222921,0.893253
0.15014407,0.054272477,0.79558355
0.03868624,0.012983602,0.94833016
0.04681916,0.08346418,0.8697167
0.021014694,0.012808447,0.9661769
0.027090134,0.12272081,0.85018903
0.0506953,0.023993582,0.92531115
0.05230143,0.038564656,0.909134
0.036490843,0.096516855,0.8669923
0.088244915,0.055492558,0.85626256
0.035219546,0.042152278,0.92262816
0.04874941,0.07010362,0.88114697
0.078101285,0.047929212,0.87396955
0.056883037,0.02327646,0.9198405
0.05555578,0.028347421,0.91609675
0.11977766,0.048394546,0.83182776
0.06403934,0.038879775,0.8970809
0.12917307,0.023976425,0.8468505
0.84204304,0.07289746,0.08505947
0.049241852,0.028863108,0.9218951
0.04082511,0.04708128,0.91209364
0.04048883,0.029854592,0.92965657
0.052708838,0.056658886,0.8906323
0.057540808,0.048501555,0.8939576
0.056171853,0.046070535,0.89775765
0.04575246,0.038867544,0.91538
0.069628336,0.03181597,0.8985557
0.05387824,0.03127382,0.91484797
0.04619857,0.03399822,0.9198032
0.047262583,0.07220773,0.88052964
0.019454943,0.013397316,0.9671477
0.054122794,0.045531474,0.9003458
0.04190556,0.062114112,0.89598036
0.021285303,0.038505085,0.94020957
0.078296006,0.038683705,0.8830203
0.022452813,0.015341422,0.96220577
0.020551408,0.009326786,0.97012186
0.05105042,0.8706495,0.078300044
0.06403734,0.14082982,0.7951329
0.017386008,0.048998937,0.9336151
0.032146532,0.0762171,0.89163643
0.056618024,0.02872065,0.91466135
0.023231464,0.03601675,0.94075185
0.08871264,0.018814374,0.8924729
0.014622979,0.9082325,0.07714449
0.05396247,0.027968034,0.91806954
0.097186856,0.027668314,0.87514484
0.04652384,0.054818474,0.89865774
0.070920385,0.046329398,0.8827503
0.040354405,0.057187382,0.9024582
0.028545177,0.0037516323,0.9677032
0.061775453,0.025106216,0.9131183
0.05146442,0.029152224,0.91938335
0.049259197,0.024007015,0.9267338
0.11218258,0.025031319,0.8627861
0.027996818,0.025666248,0.9463369
0.060046658,0.020630335,0.91932297
0.05421304,0.05183158,0.89395535
0.045540996,0.028056992,0.926402
0.05737876,0.043311756,0.8993095
0.072146855,0.12699318,0.80086
0.020508524,0.049389947,0.9301015
0.23441282,0.30573195,0.45985526
0.042300843,0.011712156,0.94598705
0.42608398,0.07039338,0.50352263
0.039051123,0.034936897,0.92601204
0.016709682,0.053886864,0.9294035
0.10472428,0.071555376,0.82372034
0.038003083,0.043063134,0.91893387
0.042150617,0.05044768,0.9074017
0.27248564,0.04290349,0.68461084
0.040915474,0.03509954,0.92398506
0.0653856,0.04945214,0.88516223
0.019937161,0.027842667,0.95222014
0.026833061,0.0732253,0.89994174
0.043367315,0.023949705,0.93268305
0.05017325,0.020530822,0.92929596
0.05243008,0.034418076,0.9131519
0.0516382,0.021358488,0.9270032
0.0436434,0.05192915,0.90442747
0.05489546,0.006132093,0.9389725
0.0145171685,0.030345147,0.9551376
0.04406535,0.21966839,0.7362662
0.14978826,0.08112096,0.7690907
0.10210313,0.010243742,0.8876531
0.45515808,0.031749092,0.5130929
0.046608526,0.0478071,0.90558434
0.030374177,0.03754375,0.9320822
0.0463554,0.032519687,0.9211249
0.0056831823,0.025395745,0.9689211
0.018844163,0.017462075,0.96369374
0.03272454,0.03307797,0.93419755
0.039360754,0.04399594,0.9166433
0.28950545,0.010389352,0.70010525
0.05253291,0.027147463,0.9203197
0.05969374,0.050169084,0.89013714
0.047872916,0.18513569,0.7669915
0.061581064,0.023718443,0.91470045
0.036799356,0.03882993,0.9243707
0.023128208,0.9738792,0.0029925655
0.05710952,0.056499325,0.8863911
0.037990626,0.046958003,0.91505134
0.06215927,0.03593991,0.9019009
0.020205667,0.11810666,0.86168766
0.021407962,0.030190064,0.948402
0.05555179,0.015807426,0.9286408
0.045836672,0.063575804,0.89058757
0.035766643,0.034564804,0.9296686
0.055698782,0.042290717,0.90201056
0.057839185,0.04268961,0.8994712
0.21608883,0.04409446,0.7398167
0.054094914,0.10916808,0.836737
0.07786852,0.041355662,0.88077575
0.06551277,0.030111324,0.90437585
0.031478185,0.027698135,0.9408237
0.06016412,0.02409579,0.91574
0.057360176,0.045375634,0.8972642
0.04611069,0.055349186,0.89854014
0.033884242,0.03495984,0.93115586
0.03889825,0.049460955,0.9116408
0.052858368,0.050487086,0.8966546
0.04823848,0.028137254,0.9236243
0.021854527,0.03699472,0.9411508
0.027750498,0.030567382,0.94168216
0.06639367,0.044400826,0.88920546
0.23763347,0.03946125,0.7229053
0.037157286,0.051992394,0.9108504
0.038755197,0.030508554,0.9307362
0.031442117,0.02144166,0.9471162
0.026942473,0.040762655,0.9322949
0.04003484,0.035330623,0.9246345
0.07568208,0.055641215,0.8686767
0.07411612,0.014103929,0.91177994
0.03918571,0.03251783,0.9282965
0.040678684,0.018898876,0.94042236
0.054147348,0.029124849,0.9167277
0.03538898,0.03209641,0.93251467
0.7748609,0.020821463,0.20431763
0.05653541,0.017565237,0.92589945
0.05690893,0.03355319,0.9095379
0.03249652,0.035274636,0.9322288
0.3312006,0.033900417,0.63489896
0.049065102,0.0465902,0.9043447
0.6997869,0.046116523,0.25409657
0.04614171,0.034289606,0.91956866
0.058452748,0.06307917,0.8784681
0.014533205,0.01705754,0.96840924
0.03788267,0.029850826,0.93226653
0.1008775,0.0752592,0.82386327
0.035682242,0.58331096,0.38100675
0.032613654,0.0142757045,0.95311064
0.0538229,0.0064754835,0.93970156
0.030219559,0.022304274,0.94747615
0.0354629,0.037346717,0.9271904
0.042615928,0.023696184,0.9336878
0.054514524,0.04304039,0.902445
0.06457639,0.050047178,0.88537645
0.065992,0.052767772,0.88124025
0.02723145,0.037807122,0.9349615
0.05659569,0.031778328,0.911626
0.023480512,0.036760096,0.9397594
0.011853051,0.020440275,0.9677067
0.031972352,0.040024064,0.9280036
0.017247846,0.017777981,0.96497416
0.1072146,0.05481336,0.83797204
0.111797854,0.04706163,0.84114057
0.030481568,0.04141996,0.9280985
0.032538433,0.02579034,0.94167125
0.07579844,0.10330111,0.8209005
0.03597118,0.0354135,0.9286154
0.035668634,0.023529526,0.94080186
0.08167074,0.035126146,0.8832031
0.030353967,0.03818411,0.931462
0.033443533,0.046613477,0.9199429
0.42981607,0.027110733,0.54307324
0.07934172,0.030203078,0.8904552
0.03455421,0.07166636,0.89377946
0.06454968,0.045239307,0.89021105
0.07650987,0.07606289,0.8474272
0.9720629,0.008017037,0.019920018
0.046151627,0.03766786,0.91618055
0.02653716,0.021406664,0.95205617
0.039928395,0.03428624,0.92578536
0.034416087,0.046221543,0.91936237
0.038855653,0.13965157,0.8214928
0.04021148,0.00812173,0.95166683
0.052059487,0.020647256,0.92729324
0.065150246,0.05459478,0.88025504
0.048980422,0.09836512,0.85265434
0.9126824,0.013777387,0.07354028
0.036328014,0.02401135,0.93966067
0.04658405,0.036743212,0.91667265
0.02031031,0.27241322,0.70727646
0.023556964,0.034544002,0.941899
0.09170067,0.049662422,0.8586369
0.08409847,0.10384775,0.81205374
0.076740995,0.065768376,0.85749066
0.043029062,0.046798922,0.9101719
0.034607183,0.014370176,0.9510226
0.0415077,0.031148607,0.92734367
0.02879403,0.2735906,0.69761544
0.039893303,0.028790247,0.9313165
0.032789625,0.043865487,0.9233449
0.05141644,0.27324483,0.67533875
0.055659898,0.028317463,0.9160227
0.11815265,0.034016997,0.84783036
0.024579372,0.00693293,0.9684876
0.053251162,0.045193672,0.9015551
0.12445833,0.05560688,0.81993484
0.29473633,0.08910292,0.61616075
0.036994323,0.04635598,0.9166497
0.063748956,0.033593338,0.9026577
0.036458377,0.04055328,0.9229883
0.04464764,0.027399374,0.927953
0.052250512,0.070448205,0.8773012
0.1631416,0.038148772,0.7987097
0.06197779,0.03611604,0.9019062
0.044011027,0.042159986,0.91382897
0.06971452,0.020012591,0.9102729
0.026351804,0.035599016,0.9380492
0.07224608,0.045034185,0.8827198
0.0911113,0.022219028,0.8866697
0.016374959,0.006494453,0.97713065
0.07583036,0.040947385,0.88322234
0.05688793,0.04010391,0.90300816
0.22891645,0.023969095,0.7471145
0.009917494,0.4281343,0.5619481
0.0140959965,0.01964695,0.96625704
0.06579683,0.05556905,0.8786341
0.03861233,0.062612824,0.89877486
0.046773802,0.041764304,0.91146195
0.032122638,0.052651867,0.91522545
0.05098707,0.018376347,0.93063664
0.016314786,0.021487305,0.9621979
0.059804272,0.0334817,0.906714
0.034225635,0.052392114,0.9133823
0.036974426,0.075055994,0.8879696
0.04651545,0.039055347,0.91442925
0.108314194,0.07635754,0.8153283
0.055617407,0.05374854,0.89063406
0.29860112,0.15858586,0.542813
0.04528892,0.030733928,0.9239772
0.05659209,0.0309494,0.91245854
0.03376232,0.0510309,0.9152068
0.007978183,0.014222648,0.97779924
0.045563314,0.02938917,0.92504746
0.07745531,0.022595879,0.8999488
0.014012096,0.019837562,0.96615034
0.044441655,0.04531819,0.9102402
0.064636946,0.046556246,0.8888069
0.031785592,0.035667766,0.9325467
0.06206577,0.03474781,0.90318644
0.009076169,0.01309019,0.9778336
0.1521063,0.043878116,0.80401564
0.06501779,0.03304608,0.90193605
0.022304362,0.057571314,0.92012435
0.038722336,0.048426606,0.91285115
0.18822731,0.031211145,0.7805615
0.045630194,0.03427571,0.9200941
0.031404004,0.029072337,0.93952364
0.056481495,0.03904725,0.9044712
0.028900245,0.0812112,0.8898885
0.06345995,0.05104132,0.88549876
0.0381986,0.113373704,0.84842765
0.046831395,0.072110124,0.8810586
0.08442022,0.08190282,0.83367693
0.039753903,0.06599268,0.89425343
0.0333022,0.023408154,0.94328964
0.021324692,0.044968374,0.93370694
0.083973154,0.049510106,0.8665168
0.14410178,0.029882642,0.8260156
0.054778527,0.036633186,0.90858823
0.03904423,0.13587908,0.82507676
0.05090191,0.021828594,0.92726946
0.060906224,0.060965735,0.87812805
0.045635086,0.038654424,0.9157105
0.04685621,0.03201563,0.92112815
0.04637379,0.04907624,0.90454996
0.05099042,0.05134018,0.8976694
0.042799216,0.040324107,0.9168766
0.11592643,0.03290677,0.8511668
0.028587384,0.07335776,0.89805484
0.052423537,0.09111205,0.8564644
0.80303234,0.096272156,0.10069548
0.11179581,0.05626939,0.83193487
0.046343222,0.026457196,0.92719954
0.018101726,0.015528655,0.96636957
0.06461128,0.09708778,0.838301
0.059778314,0.012408446,0.92781323
0.06570739,0.05941968,0.8748729
0.04517063,0.041329645,0.9134998
0.052182566,0.048687022,0.8991304
0.033269033,0.054265294,0.9124657
0.04866311,0.037603937,0.913733
0.1009442,0.026179025,0.8728768
0.0317655,0.036277335,0.9319572
0.05037177,0.057638835,0.89198947
0.53573626,0.1545816,0.3096821
0.051062856,0.031366877,0.91757023
0.027730154,0.027595082,0.9446748
0.03986275,0.031349804,0.9287874
0.03837675,0.026375929,0.9352474
0.050747015,0.051495846,0.8977572
0.018426808,0.007408839,0.9741643
0.03584812,0.018615928,0.94553596
0.03595978,0.011846702,0.95219356
0.07303989,0.049663164,0.8772969
0.054880895,0.03127019,0.91384894
0.15764283,0.24297272,0.5993844
0.047006976,0.044115864,0.90887725
0.057369705,0.017634,0.9249964
0.05838313,0.02924243,0.91237444
0.025469739,0.01691687,0.9576134
0.06609586,0.0365016,0.8974026
0.1091191,0.008369288,0.8825117
0.041115038,0.043895137,0.91498977
0.08144718,0.029992016,0.8885608
0.05486886,0.054388728,0.8907424
0.07761718,0.037132185,0.8852507
0.03611384,0.0442476,0.91963863
0.030580234,0.029179862,0.9402399
0.036936242,0.01787865,0.94518507
0.037849296,0.029795416,0.9323552
0.028523847,0.012957543,0.9585186
0.051798947,0.29808235,0.6501187
0.03801853,0.049828216,0.91215324
0.075933,0.058447722,0.86561924
0.026849426,0.13829714,0.8348534
0.023539672,0.07307597,0.9033843
0.06295876,0.0412088,0.8958324
0.47172228,0.05759081,0.47068694
0.039463878,0.022906952,0.93762916
0.018760491,0.02742996,0.95380956
0.043083325,0.019419175,0.93749756
0.030160543,0.055095803,0.91474366
0.033310566,0.012040748,0.95464873
0.049279973,0.060852636,0.88986737
0.09547822,0.11228132,0.79224044
0.02779368,0.010456977,0.9617494
0.04273058,0.058691658,0.89857775
0.991385,0.008010422,0.00060456817
0.32814562,0.08128404,0.59057033
0.057032183,0.041199263,0.9017685
0.06712138,0.03743171,0.89544684
0.038849346,0.03088279,0.9302678
0.04198173,0.04002014,0.9179982
0.04850495,0.02548554,0.9260096
0.052051403,0.0597939,0.8881546
0.0375535,0.034663543,0.92778295
0.07537893,0.09783379,0.82678723
0.37328443,0.080531575,0.546184
0.039818343,0.033334516,0.92684716
0.034184862,0.03097406,0.9348411
0.06011186,0.059994575,0.8798936
0.023912296,0.038473852,0.93761384
0.06745656,0.05860728,0.8739361
0.054829698,0.027705051,0.91746527
0.08402883,0.030049313,0.88592184
0.04499373,0.031657044,0.9233492
0.08069713,0.016726136,0.90257674
0.057349503,0.053403437,0.88924706
0.062627,0.036637183,0.90073586
0.045019176,0.019305862,0.935675
0.05291249,0.05039093,0.89669657
0.024264976,0.013077197,0.9626578
0.032349885,0.010169406,0.9574808
0.016686806,0.04607375,0.93723935
0.06824617,0.050174363,0.8815794
0.08752393,0.037533447,0.87494266
0.040641993,0.022532487,0.9368256
0.052312236,0.041911095,0.9057767
0.06533621,0.037118547,0.8975453
0.046002053,0.030021936,0.923976
0.13409622,0.07670476,0.78919905
0.034901846,0.040015165,0.925083
0.03488173,0.05933582,0.90578246
0.08760534,0.023281211,0.8891134
0.025345419,0.015178843,0.95947576
0.02863126,0.02323163,0.9481371
0.030983882,0.021005731,0.94801044
0.03158669,0.04079646,0.92761683
0.09699796,0.045196425,0.85780555
0.028439336,0.042567603,0.9289931
0.056392215,0.02813512,0.9154727
0.03393043,0.038186282,0.9278833
0.03979646,0.035673317,0.92453027
0.0457474,0.030893842,0.92335874
0.051565345,0.009996397,0.9384382
0.05282607,0.04492055,0.9022534
0.2941128,0.03380583,0.67208135
0.038019106,0.121653244,0.8403277
0.10093755,0.035990395,0.86307204
0.031758975,0.031914428,0.93632656
0.098373555,0.027397498,0.87422895
0.034600515,0.026555054,0.93884444
0.038110055,0.081709765,0.8801802
0.042916168,0.04929982,0.9077839
0.06295623,0.041247405,0.89579636
0.073510475,0.04051713,0.8859724
0.10196806,0.10397919,0.7940527
0.04275918,0.043901615,0.91333926
0.058899026,0.055061005,0.88604
0.027659522,0.013362216,0.9589783
0.06868383,0.05869105,0.8726251
0.17289792,0.5312645,0.2958376
0.03997587,0.0607776,0.8992466
0.06461237,0.017819975,0.9175677
0.03576009,0.011769418,0.9524704
0.041118123,0.013853785,0.94502807
0.014860563,0.014069698,0.9710698
0.051231984,0.042431347,0.90633667
0.09035279,0.026917707,0.8827295
0.0913014,0.033099484,0.8755991
0.042808402,0.051687237,0.9055044
0.038587753,0.017341983,0.9440703
0.014991061,0.026233163,0.95877576
0.070441306,0.04416722,0.8853914
0.03861681,0.015678972,0.94570416
0.049173925,0.020259924,0.93056625
0.79604226,0.01260564,0.1913521
0.022203973,0.013155418,0.96464056
0.0295057,0.100599356,0.8698949
0.04638221,0.028352877,0.9252649
0.03292528,0.03990987,0.9271649
0.03945846,0.03124471,0.9292968
0.050670356,0.038812384,0.9105172
0.038545195,0.03846999,0.9229848
0.047088917,0.053935017,0.89897615
0.050488476,0.07360391,0.87590766
0.201719,0.0440314,0.75424963
0.043684017,0.02776725,0.92854875
0.05744093,0.025414692,0.9171444
0.03249574,0.022465223,0.94503903
0.045108818,0.04797121,0.90691996
0.3169702,0.03755292,0.6454769
0.39429882,0.049328197,0.556373
0.032635067,0.06085136,0.90651363
0.062342584,0.026891883,0.91076547
0.31709647,0.008283351,0.6746202
0.052471183,0.05046105,0.8970678
0.31481996,0.046113353,0.63906664
0.07189946,0.045746736,0.8823538
0.07385095,0.053714857,0.87243414
0.093670286,0.100690015,0.8056396
0.08027884,0.07168094,0.84804016
0.03226305,0.046713814,0.92102313
0.045888104,0.036017984,0.91809386
0.01766883,0.02608735,0.9562439
0.74151224,0.063725844,0.19476187
0.21747313,0.0319479,0.7505789
0.38620025,0.116696745,0.49710304
0.02837371,0.1671515,0.80447483
0.04146142,0.037640613,0.92089796
0.04347159,0.024337772,0.9321906
0.1539592,0.03183339,0.8142073
0.19855274,0.042543508,0.75890374
0.04588132,0.01163465,0.942484
0.1130184,0.050249655,0.8367319
0.8017042,0.033660654,0.16463517
0.017809471,0.06873897,0.9134515
0.049908426,0.04711412,0.9029775
0.0856785,0.07151719,0.84280425
0.041090496,0.01819822,0.9407113
0.041367203,0.016199632,0.9424332
0.066832416,0.036336154,0.89683145
0.06433175,0.032729346,0.90293884
0.096630685,0.04546715,0.85790217
0.05208934,0.04775321,0.90015745
0.061846014,0.0390439,0.8991101
0.062016927,0.051665496,0.8863176
0.1418747,0.00958424,0.848541
0.076844156,0.026375713,0.89678013
0.037037198,0.011484799,0.95147794
0.030162828,0.026906088,0.94293106
0.033639655,0.039213687,0.9271467
0.016324293,0.043219306,0.94045645
0.06434474,0.07262789,0.86302745
0.02263061,0.012268056,0.96510136
0.044749495,0.04138652,0.913864
0.067935795,0.053636774,0.87842745
0.050784167,0.034869347,0.9143465
0.054984137,0.028553268,0.91646266
0.023870276,0.03466328,0.94146645
0.046246413,0.038377084,0.9153765
0.06381863,0.030770395,0.90541095
0.10390144,0.026567088,0.86953145
0.056558527,0.039062344,0.9043792
0.06456547,0.022999061,0.9124355
0.036941383,0.017741986,0.9453166
0.011130113,0.003464825,0.985405
0.0197554,0.0067543364,0.9734903
0.13227515,0.060206175,0.8075187
0.16101506,0.074006595,0.76497835
0.052514583,0.02838488,0.9191006
0.32382655,0.0024134037,0.67376006
0.044425603,0.044774037,0.91080034
0.008468469,0.044675965,0.94685555
0.055590622,0.022351237,0.9220581
0.034544878,0.05429367,0.9111615
0.051017206,0.055216648,0.8937662
0.9582243,0.031997822,0.0097778635
0.047421854,0.031191261,0.92138696
0.040674817,0.037179794,0.92214537
0.045033637,0.027181232,0.9277852
0.033136405,0.031929273,0.9349344
0.062153157,0.042178314,0.8956685
0.027594794,0.04781942,0.9245858
0.029295728,0.036816914,0.9338873
0.030886192,0.0752589,0.893855
0.03539974,0.082306854,0.88229346
0.030906172,0.05790973,0.911184
0.16722405,0.027165607,0.80561036
0.036324464,0.022269847,0.9414058
0.045517154,0.01765155,0.93683136
0.28506878,0.07744033,0.63749087
0.019674575,0.02023973,0.96008563
0.052929074,0.01071127,0.93635964
0.041892864,0.03125398,0.9268532
0.04716521,0.021093588,0.9317411
0.21455215,0.028684182,0.7567636
0.04675517,0.009545384,0.94369936
0.031522073,0.04004268,0.9284352
0.06225813,0.058772378,0.8789695
0.9912617,0.007123732,0.0016145508
0.333881,0.026540719,0.6395783
0.03980711,0.015332028,0.9448609
0.036195718,0.052818976,0.91098535
0.06840474,0.033175424,0.89841986
0.051895235,0.030034656,0.91807014
0.32235608,0.015404215,0.6622396
0.03985173,0.03523778,0.9249105
0.024895119,0.015026101,0.96007884
0.031681597,0.109933615,0.8583848
0.25347105,0.16901308,0.5775159
0.0602364,0.025605524,0.914158
0.020571416,0.21741603,0.7620126
0.023120437,0.055139016,0.9217406
0.03990118,0.04214405,0.91795474
0.28463152,0.059851665,0.6555168
0.024295952,0.017448526,0.9582555
0.078660905,0.022869285,0.89846987
0.055709705,0.028342804,0.9159475
0.03625462,0.03237173,0.9313736
0.032674618,0.01708432,0.95024115
0.02188515,0.14963089,0.8284839
0.0658212,0.013037129,0.9211417
0.042736284,0.024589363,0.9326744
0.09431062,0.022183042,0.8835063
0.029849926,0.10078397,0.86936617
0.06559352,0.023594556,0.91081184
0.062743254,0.042745415,0.8945113
0.041470807,0.048153978,0.91037524
0.9483169,0.0103008635,0.04138228
0.03077741,0.021995623,0.947227
0.05205185,0.0431525,0.9047956
0.03030965,0.027705261,0.9419851
0.021288056,0.042961083,0.9357509
0.08426399,0.037685182,0.87805086
0.06234404,0.018829077,0.9188269
0.021051949,0.9436237,0.0353243
0.047377095,0.016696015,0.9359268
0.065269046,0.038108293,0.89662266
0.016035782,0.010103769,0.9738603
0.04020542,0.031220414,0.92857414
0.06908244,0.012004728,0.9189128
0.080169156,0.038353052,0.8814778
0.020044457,0.03006092,0.94989467
0.018793905,0.029422944,0.95178324
0.051471494,0.10226337,0.8462652
0.37076232,0.036327068,0.5929106
0.045053747,0.036664225,0.918282
0.10375564,0.09318778,0.8030566
0.03697978,0.01579645,0.9472238
0.9953667,0.0032053776,0.0014279447
0.06124866,0.05697864,0.88177264
0.088499136,0.018999612,0.8925013
0.055091485,0.021260414,0.9236481
0.038048293,0.03289591,0.92905575
0.06211573,0.05835233,0.8795319
0.04520233,0.007947578,0.9468501
0.53256726,0.14926697,0.31816575
0.24343863,0.092398874,0.6641625
0.04946877,0.06247335,0.8880579
0.047747187,0.022731068,0.9295217
0.20805812,0.05880022,0.7331417
0.05720682,0.032058794,0.9107343
0.034236968,0.023994803,0.94176817
0.025863148,0.037155945,0.9369809
0.03222287,0.2390285,0.7287486
0.074031435,0.04883631,0.8771322
0.90206176,0.023493733,0.07444452
0.101909086,0.051043328,0.8470476
0.027201643,0.03977188,0.9330265
0.04738473,0.047107898,0.9055073
0.08011489,0.13641317,0.78347194
0.06850762,0.025549479,0.90594286
0.02416904,0.03368672,0.9421442
0.07099303,0.03406283,0.8949442
0.044022966,0.03832259,0.9176544
0.030911768,0.082321234,0.88676697
0.016180573,0.024865938,0.9589535
0.020179115,0.018864186,0.9609567
0.07472398,0.053664222,0.8716118
0.06624424,0.035216425,0.89853925
0.03246849,0.010286742,0.9572447
0.060177453,0.018497031,0.9213255
0.04941921,0.03970945,0.9108714
0.05267733,0.025373783,0.92194897
0.8510522,0.010152931,0.13879485
0.027766224,0.040085223,0.9321486
0.04320988,0.02567612,0.931114
0.06641832,0.04317704,0.89040464
0.068200536,0.033433612,0.89836586
0.047326393,0.03851368,0.91415995
0.08798437,0.015560525,0.8964551
0.0097585,0.03298036,0.9572612
0.042268977,0.028020058,0.9297109
0.064179644,0.015453846,0.9203665
0.037327357,0.34493616,0.61773646
0.034376197,0.03922053,0.92640334
0.036976635,0.028741242,0.9342821
0.015801847,0.07915872,0.90503937
0.022774084,0.010736725,0.9664892
0.056314055,0.055009544,0.88867646
0.10846022,0.038017392,0.8535224
0.03843632,0.05013041,0.91143334
0.04157601,0.039478865,0.91894513
0.053160895,0.026368,0.9204711
0.023865554,0.055760678,0.9203738
0.06441165,0.13346112,0.80212724
0.05395633,0.031657398,0.9143863
0.043631136,0.045104146,0.9112648
0.016868794,0.053087946,0.9300433
0.037133135,0.044572942,0.91829395
0.043934256,0.03847012,0.9175956
0.11312237,0.010040182,0.8768375
0.021856068,0.017425176,0.96071875
0.06373279,0.024982506,0.9112848
0.040686153,0.018718652,0.9405951
0.06950807,0.050408196,0.88008374
0.04276354,0.042018406,0.9152181
0.05351131,0.037871163,0.90861756
0.02098605,0.028184714,0.9508292
0.06027578,0.05397812,0.88574606
0.049457043,0.084954865,0.86558807
0.049592964,0.01648229,0.93392473
0.05900102,0.031488586,0.9095104
0.053030383,0.047397062,0.8995725
0.07704827,0.014965691,0.90798604
0.11177562,0.101475134,0.7867492
0.0581415,0.037685897,0.9041726
0.03502156,0.02852799,0.9364505
0.017257594,0.0029755821,0.97976685
0.058861237,0.012265905,0.9288728
0.07441055,0.027454428,0.898135
0.06648456,0.021531746,0.9119837
0.05288646,0.03585473,0.9112589
0.04880144,0.20768075,0.7435178
0.045383498,0.020536007,0.9340805
0.11636706,0.056326415,0.82730657
0.40195903,0.09276242,0.5052786
0.043587737,0.044274148,0.91213816
0.017272625,0.023887172,0.9588402
0.07237786,0.072590224,0.8550319
0.0467597,0.027704205,0.92553616
0.05205768,0.076861165,0.8710811
0.035523742,0.030237066,0.93423927
0.022337899,0.044380855,0.93328124
0.036123276,0.029511765,0.934365
0.026078643,0.012378977,0.96154237
0.043492865,0.039215866,0.91729134
0.042272184,0.035182036,0.92254585
0.041043315,0.011955956,0.9470007
0.055505507,0.04429609,0.90019834
0.36976,0.07773331,0.5525067
0.020009236,0.035461925,0.9445288
0.024749646,0.029133745,0.9461166
0.026361434,0.022329004,0.95130956
0.059508715,0.022258507,0.91823274
0.050633468,0.033271156,0.91609544
0.05156338,0.043335997,0.9051006
0.037210286,0.11174221,0.8510475
0.052706663,0.040018875,0.9072745
0.052703813,0.03740911,0.90988714
0.027933579,0.012061104,0.9600053
0.045766827,0.015018783,0.93921447
0.10041224,0.017637482,0.88195026
0.02484168,0.01900961,0.9561487
0.08471524,0.042390008,0.87289476
0.026513271,0.020427931,0.9530588
0.031005079,0.032303214,0.9366917
0.42228845,0.03685414,0.54085743
0.053881567,0.061956767,0.8841617
0.051038094,0.037194688,0.91176724
0.05130716,0.05509832,0.89359456
0.05909674,0.029027345,0.9118759
0.047619633,0.026246745,0.92613363
0.050257623,0.02341766,0.92632467
0.05286244,0.041613944,0.90552366
0.5039241,0.039427046,0.45664892
0.032431904,0.41548046,0.55208766
0.04242184,0.035375614,0.9222025
0.05224657,0.0632063,0.8845471
0.04603989,0.03642055,0.91753954
0.056204624,0.03935227,0.904443
0.022625327,0.011555886,0.96581876
0.030587528,0.9150969,0.054315586
0.055476546,0.04479485,0.8997286
0.08176653,0.046001438,0.872232
0.22239219,0.04573663,0.7318712
0.15241933,0.037571467,0.81000924
0.033696488,0.033044733,0.93325883
0.05184111,0.03015019,0.91800874
0.052837055,0.019705242,0.9274577
0.030179914,0.05448889,0.9153311
0.13545248,0.16402636,0.7005212
0.26844564,0.015782602,0.71577173
0.039643727,0.018454058,0.9419023
0.042083886,0.060755186,0.89716095
0.0809867,0.01980792,0.8992054
0.117025435,0.0411802,0.8417944
0.07252043,0.026574764,0.9009048
0.04902682,0.04468304,0.90629023
0.021495335,0.02809001,0.95041466
0.071827725,0.06332587,0.8648463
0.031715307,0.016663898,0.9516207
0.09164309,0.030338963,0.878018
0.09166123,0.013263211,0.89507556
0.036806393,0.04763101,0.9155626
0.023272462,0.075713634,0.9010139
0.27361,0.1090473,0.6173427
0.026344834,0.97040886,0.0032463204
0.057293206,0.03681109,0.9058957
0.06787477,0.03411291,0.89801234
0.055472255,0.029808369,0.9147194
0.05909482,0.03083815,0.91006696
0.12904759,0.25814998,0.61280245
0.04421693,0.042150907,0.91363215
0.041709658,0.026434712,0.93185574
0.07456823,0.038048547,0.8873833
0.04070032,0.042862352,0.9164374
0.07380662,0.036217213,0.88997614
0.035349827,0.05029132,0.91435885
0.049016044,0.045777295,0.9052067
0.07003833,0.03577208,0.8941895
0.16921328,0.0757508,0.75503594
0.05136621,0.030108297,0.91852546
0.039427686,0.02563104,0.93494135
0.042847358,0.032948595,0.9242041
0.030303456,0.011202585,0.958494
0.112441674,0.09321742,0.7943409
0.0632351,0.059986833,0.8767781
0.04948533,0.03127102,0.9192437
0.057755776,0.08436306,0.8578811
0.039724328,0.041916296,0.9183593
0.034261763,0.035177164,0.93056107
0.034534886,0.03841374,0.92705137
0.10532228,0.13669705,0.75798064
0.032064263,0.028131299,0.93980443
0.022904744,0.043211628,0.93388367
0.063928165,0.056581933,0.8794899
0.058815025,0.059858024,0.8813269
0.061850846,0.05765133,0.8804979
0.01863323,0.09316029,0.88820654
0.03928458,0.0400203,0.9206951
0.046470605,0.023781266,0.9297481
0.05205875,0.033252522,0.91468865
0.059265543,0.04918086,0.8915536
0.043507088,0.04604248,0.9104504
0.021003284,0.03294614,0.9460505
0.06929679,0.032925848,0.8977773
0.053670667,0.026960965,0.91936845
0.05167995,0.034058437,0.9142616
0.029013216,0.038851388,0.9321354
0.02431637,0.03333405,0.9423496
0.035622988,0.060774527,0.9036025
0.057349227,0.02068954,0.92196125
0.029767301,0.013870144,0.95636255
0.04852898,0.041145813,0.91032517
0.05678411,0.047121674,0.89609426
0.055694662,0.012366627,0.93193877
0.039369166,0.046027217,0.9146036
0.0496631,0.046517678,0.9038192
0.040691458,0.05108839,0.90822023
0.06212401,0.019605543,0.91827047
0.027434617,0.10692817,0.8656372
0.07618746,0.039026916,0.8847856
0.048194185,0.04244823,0.90935755
0.05184271,0.02201599,0.92614126
0.053935315,0.029352773,0.9167119
0.07764827,0.045780998,0.87657076
0.16222085,0.033037722,0.8047415
0.0602671,0.030452535,0.90928036
0.020568244,0.02263396,0.9567978
0.016170964,0.01981308,0.964016
0.05711653,0.03536071,0.9075227
0.028036205,0.042625047,0.9293387
0.034396615,0.031379703,0.9342238
0.020063622,0.03376471,0.9461716
0.05024546,0.037121113,0.9126334
0.045890957,0.03864406,0.915465
0.028652629,0.047194086,0.9241533
0.058361605,0.03315616,0.90848225
0.047080588,0.024664782,0.9282546
0.06130662,0.031619642,0.90707374
0.0263706,0.047657814,0.92597157
0.03595588,0.054665774,0.90937835
0.08246684,0.13987045,0.77766263
0.06733559,0.03611261,0.89655185
0.1413593,0.041990265,0.81665045
0.08079058,0.03522592,0.88398355
0.031201309,0.01599844,0.9528003
0.04980217,0.23005813,0.72013974
0.04322328,0.029910669,0.926866
0.08357425,0.05276112,0.86366475
0.05727692,0.03796881,0.90475434
0.06664199,0.044306513,0.8890515
0.04170426,0.026560666,0.93173516
0.027798155,0.08258572,0.8896161
0.06211906,0.04923629,0.88864464
0.43137452,0.16614735,0.40247813
0.07213394,0.048665483,0.8792005
0.13551664,0.08005607,0.7844273
0.9772684,0.01540005,0.007331522
0.060750436,0.02803172,0.91121787
0.06499365,0.03516431,0.899842
0.39094436,0.17079094,0.43826464
0.045274142,0.056841977,0.8978839
0.8142364,0.03239907,0.15336445
0.039705303,0.09249807,0.8677966
0.88627493,0.024415795,0.089309275
0.055364918,0.04320254,0.9014326
0.03868315,0.041339166,0.9199776
0.050158054,0.020827472,0.9290145
0.051704034,0.038952097,0.90934384
0.8222755,0.014618536,0.16310592
0.06843212,0.06510736,0.8664605
0.056114014,0.03913566,0.90475035
0.03395399,0.051020782,0.9150253
0.1800327,0.015280627,0.80468667
0.10397135,0.016085276,0.8799433
0.05714944,0.023203483,0.919647
0.012247456,0.10533795,0.8824146
0.038570933,0.03602235,0.9254067
0.0865926,0.06658764,0.8468197
0.047604144,0.016564397,0.9358315
0.12693796,0.05616359,0.81689847
0.05245748,0.8064718,0.14107065
0.06357902,0.0291086,0.90731233
0.07434047,0.043574665,0.8820849
0.12024702,0.023608776,0.8561442
0.042308312,0.04064779,0.9170439
0.06846754,0.029649513,0.90188295
0.06027959,0.020429142,0.91929126
0.05845838,0.03686924,0.9046724
0.048266664,0.023045795,0.9286876
0.059544228,0.05687302,0.88358283
0.08509523,0.044493068,0.87041163
0.053909395,0.048418548,0.89767206
0.07973191,0.031529877,0.8887382
0.06746295,0.041279573,0.89125746
0.76300645,0.086986914,0.15000664
0.018953938,0.029557802,0.95148826
0.026900986,0.03676929,0.9363297
0.041582633,0.01569078,0.9427267
0.059512414,0.06723912,0.87324846
0.024250934,0.017399194,0.9583499
0.06441462,0.035887167,0.8996982
0.064342365,0.046570905,0.8890867
0.06788211,0.060789734,0.8713281
0.02735736,0.052424613,0.920218
0.04864223,0.1058302,0.8455276
0.15102588,0.07881162,0.7701625
0.03892366,0.042582616,0.91849375
0.030290872,0.03836611,0.93134296
0.032507766,0.02210352,0.94538873
0.024811303,0.9700183,0.0051703476
0.009939225,0.037657056,0.9524037
0.052312125,0.052465606,0.8952222
0.05715398,0.047059514,0.8957865
0.0632835,0.043706965,0.8930096
0.04514949,0.04444951,0.91040105
0.045851864,0.05100181,0.9031463
0.07294769,0.073663555,0.8533888
0.07672026,0.07019651,0.85308325
0.18148749,0.08602213,0.7324904
0.05992938,0.027012289,0.9130583
0.96528625,0.018710135,0.016003627
0.9874628,0.00972813,0.0028090156
0.9857157,0.013574753,0.0007096665
0.09157806,0.90303916,0.0053827926
0.9875924,0.002725609,0.0096820155
0.9968162,0.0026768602,0.00050691195
0.98635036,0.0128355,0.0008141605
0.99361527,0.0011909932,0.005193687
0.9905075,0.0058211554,0.003671356
0.9856032,0.012577704,0.001819082
0.97327846,0.023987796,0.002733739
0.007155405,0.99178725,0.0010573425
0.8357641,0.035314158,0.12892176
0.9851959,0.014386324,0.0004177866
0.98261136,0.0150371855,0.0023515096
0.98278284,0.015157769,0.0020594099
0.9919348,0.0069634356,0.0011017756
0.9906542,0.008671869,0.00067394733
0.98561674,0.010821652,0.0035616385
0.9912936,0.008418705,0.00028779107
0.98840964,0.00896181,0.0026284906
0.98161924,0.015928498,0.0024522748
0.014655228,0.9822788,0.0030659086
0.052492816,0.6716575,0.27584964
0.013757552,0.9835015,0.002740956
0.013162779,0.98614097,0.0006962406
0.021620324,0.97099495,0.0073847347
0.013869584,0.9837944,0.002336019
0.01617913,0.982566,0.0012549323
0.004236697,0.9950256,0.000737667
0.0062230197,0.99182266,0.0019543392
0.0074790707,0.98628414,0.0062368046
0.011467318,0.98306274,0.0054699345
0.015788717,0.98255366,0.0016576308
0.008663891,0.9897428,0.0015932956
0.013501496,0.9842333,0.0022651574
0.25466987,0.6512756,0.09405449
0.029867494,0.9549075,0.0152250575
0.013655775,0.9819625,0.00438173
0.009341126,0.9869141,0.0037447852
0.00803567,0.98196375,0.010000552
0.014740127,0.983157,0.00210288
0.93652403,0.054672174,0.008803796
0.8146135,0.07731248,0.108074024
0.0050671543,0.994337,0.0005958028
0.00658155,0.98830277,0.005115715
0.048938803,0.935662,0.015399279
0.028314486,0.9711974,0.00048813008
0.018962497,0.952848,0.028189445
0.023763923,0.97556067,0.00067544857
0.011683369,0.9860561,0.002260505
0.53813344,0.18104598,0.28082058
0.018599978,0.9804427,0.000957302
0.013336063,0.9855563,0.0011075947
0.69739854,0.29834065,0.0042607985
0.038943786,0.9527808,0.0082754325
0.0061348863,0.9922043,0.0016608855
0.067295976,0.9088024,0.023901569
0.008686321,0.990369,0.0009445936
0.021126086,0.97700614,0.0018677365
0.006716859,0.98911256,0.0041705924
0.018958896,0.97525895,0.005782137
0.011635195,0.9858337,0.0025310747
0.022172699,0.97368544,0.004141787
0.022908192,0.9740811,0.0030107757
0.028349228,0.9480103,0.023640448
0.005354388,0.9764965,0.018149076
0.028615667,0.04299918,0.9283851
0.014854126,0.9811322,0.004013581
0.05932986,0.021614127,0.91905606
0.05276399,0.033637237,0.9135988
0.95389336,0.009906282,0.036200304
0.040208623,0.0347637,0.92502767
0.0555799,0.046529535,0.89789057
0.02282583,0.012265607,0.96490866
0.052653734,0.026709685,0.92063653
0.023402426,0.048159547,0.92843807
0.85017115,0.010838807,0.13899007
0.029644262,0.06686965,0.9034862
0.021266699,0.7116886,0.26704466
0.10943881,0.030598514,0.85996264
0.0500267,0.0679789,0.88199437
0.09262353,0.025149357,0.8822271
0.039351627,0.21377416,0.74687415
0.062196773,0.018457288,0.919346
0.7048015,0.04974526,0.24545328
0.09265849,0.7911217,0.11621978
0.1818499,0.19586007,0.6222901
0.041333135,0.1280632,0.83060366
0.037793998,0.035747714,0.92645836
0.0557595,0.14031634,0.8039241
0.7671546,0.029420804,0.20342466
0.0201285,0.0138071105,0.96606445
0.03493791,0.076236926,0.88882524
0.046661753,0.040500864,0.9128373
0.053320225,0.033760265,0.9129196
0.047624506,0.026147094,0.9262284
0.045882065,0.07389439,0.8802236
0.047780264,0.03019355,0.92202616
0.023865066,0.06739034,0.90874463
0.075269334,0.035106193,0.8896245
0.16034317,0.06776109,0.77189577
0.048835717,0.03149993,0.9196643
0.046063438,0.041291002,0.91264564
0.045056228,0.040191412,0.9147523
0.023130117,0.37843996,0.5984299
0.04102113,0.026253473,0.9327253
0.04471917,0.23846686,0.716814
0.028860139,0.021934206,0.9492056
0.08210596,0.06149452,0.8563996
0.03664637,0.20429726,0.7590564
0.029379092,0.03316108,0.9374598
0.08202318,0.043860994,0.8741158
0.07708987,0.1718685,0.75104165
0.07300323,0.39697096,0.5300258
0.027733825,0.023768377,0.9484978
0.030910967,0.025154991,0.9439341
0.03428755,0.015155689,0.95055676
0.033056125,0.023280613,0.9436633
0.065700896,0.043129798,0.8911693
0.047933724,0.015260809,0.93680537
0.031264443,0.01680015,0.9519354
0.053265948,0.117370576,0.8293635
0.4876093,0.16493146,0.34745923
0.051886473,0.021190446,0.92692316
0.016666688,0.026894657,0.95643866
0.06320885,0.028574053,0.9082171
0.07362619,0.03553383,0.89084
0.062132347,0.05206583,0.88580185
0.06888427,0.041293662,0.88982207
0.092049025,0.023456177,0.8844948
0.06973339,0.03342579,0.8968409
0.055516277,0.026352394,0.91813123
0.0828787,0.26351663,0.6536047
0.04482044,0.0353867,0.9197929
0.03290575,0.0368527,0.9302416
0.032139886,0.04134911,0.926511
0.03173782,0.031644978,0.93661726
0.018590158,0.055445794,0.9259641
0.08092,0.013126241,0.9059538
0.04329015,0.030221395,0.9264886
0.018027842,0.027036581,0.9549356
0.022566501,0.045585584,0.93184793
0.063180074,0.0299025,0.90691745
0.06035986,0.027179766,0.9124604
0.069396935,0.0454672,0.8851359
0.75806975,0.0419914,0.1999389
0.063582756,0.86002076,0.07639644
0.078109674,0.020961434,0.900929
0.016879138,0.050687928,0.9324329
0.074063584,0.18029103,0.74564534
0.06596726,0.060831267,0.87320155
0.019852279,0.057556774,0.9225909
0.027596954,0.030427951,0.9419751
0.036117125,0.23436607,0.72951674
0.038082026,0.13567336,0.82624465
0.026062997,0.017652335,0.95628464
0.047221974,0.037064955,0.91571313
0.0595837,0.05061744,0.8897988
0.040745303,0.14802477,0.8112299
0.04757999,0.027057359,0.9253626
0.077248596,0.08328129,0.8394701
0.0915439,0.90314317,0.0053129056
0.9904337,0.009077148,0.00048912445
0.9852195,0.0141359875,0.0006445733
0.9942925,0.0054148263,0.00029263535
0.99351645,0.005698015,0.00078558427
0.17639945,0.2199619,0.60363865
0.9831101,0.006283874,0.010606047
0.48718926,0.05491526,0.4578955
0.93180335,0.033365816,0.034830753
0.888106,0.046610486,0.065283515
0.9903212,0.0063299667,0.0033487135
0.99375147,0.00593219,0.0003162421
0.08661059,0.043763712,0.8696256
0.98681253,0.0038745946,0.009312839
0.9769643,0.010396626,0.012639083
0.95701915,0.0325243,0.010456479
0.9944247,0.002440978,0.0031342779
0.10153279,0.18403177,0.71443546
0.44066697,0.03739163,0.52194136
0.98817843,0.011381579,0.00044002064
0.9634527,0.01651249,0.020034915
0.99283314,0.0060791173,0.001087799
0.99346876,0.0046096677,0.0019215954
0.085520156,0.046952795,0.867527
0.9930073,0.005397275,0.0015954316
0.9941375,0.0056296503,0.00023281772
0.97970015,0.019842625,0.00045718128
0.993558,0.0061673,0.00027470238
0.98522305,0.013621073,0.0011558328
0.9302725,0.060377367,0.0093500335
0.9957801,0.003983027,0.0002368748
0.7525398,0.2184409,0.029019289
0.9879106,0.010189661,0.001899681
0.9922266,0.00579719,0.001976251
0.05269886,0.036610536,0.9106906
0.994649,0.004517047,0.0008339395
0.22393996,0.09726056,0.67879945
0.062781855,0.11786607,0.81935203
0.9779358,0.013520324,0.008543832
0.98706657,0.010774253,0.0021591994
0.9940959,0.0051056584,0.00079842086
0.968919,0.026849402,0.00423163
0.9956131,0.0041653328,0.00022161858
0.9552431,0.024361903,0.020394929
0.052071005,0.041030966,0.9068981
0.97534174,0.021255506,0.003402753
0.9060938,0.0612703,0.03263588
0.98944104,0.0099495845,0.000609304
0.9882488,0.010233043,0.0015180385
0.9518937,0.04069518,0.0074111423
0.97511727,0.014980907,0.009901774
0.984289,0.013010383,0.002700622
0.9884459,0.010498286,0.0010558404
0.059154958,0.06560658,0.8752384
0.99148655,0.006538586,0.001974777
0.25372824,0.031364843,0.71490693
0.9833792,0.015602639,0.00101811
0.085126184,0.0738146,0.84105915
0.13485837,0.6414912,0.22365047
0.77334154,0.110894814,0.11576367
0.99541724,0.0035760389,0.0010066999
0.98133105,0.011073278,0.007595695
0.99025047,0.0044144,0.0053351936
0.9920541,0.0070052,0.0009406729
0.61105925,0.0444057,0.34453508
0.9888875,0.008622656,0.002489808
0.98771125,0.00536849,0.0069202567
0.9958508,0.0035359163,0.0006132512
0.7663565,0.03318982,0.20045364
0.93169737,0.020443646,0.047858946
0.9878747,0.011636534,0.0004888145
0.9715172,0.00648875,0.021994073
0.9972658,0.0025906072,0.00014360543
0.090701975,0.020557055,0.88874096
0.99285334,0.006358559,0.0007881327
0.9869746,0.012243508,0.0007819373
0.9882252,0.010373661,0.001401183
0.8747314,0.08264398,0.042624645
0.9862462,0.010577719,0.003176007
0.98815733,0.011204884,0.0006377167
0.97760355,0.013410551,0.00898585
0.98445755,0.0125263315,0.0030162213
0.10246516,0.041278556,0.85625625
0.116842195,0.17833714,0.7048207
0.053773735,0.11120192,0.83502436
0.021089226,0.9517787,0.027132042
0.46942636,0.48503754,0.04553602
0.022346925,0.970851,0.0068021277
0.07520609,0.90995604,0.01483791
0.014367931,0.972473,0.013159026
0.13043782,0.45239195,0.41717017
0.32451516,0.49749142,0.17799337
0.74759096,0.21851955,0.033889525
0.041544773,0.15910195,0.79935324
0.10032438,0.6573591,0.2423165
0.42750022,0.1240457,0.44845414
0.014068588,0.6552448,0.3306866
0.032344323,0.96200204,0.0056536305
0.60944766,0.07693124,0.31362107
0.06338692,0.7087934,0.22781967
0.051817574,0.06531192,0.88287055
0.34084168,0.21287708,0.44628122
0.0712486,0.922163,0.0065884343
0.029160175,0.970379,0.0004608618
0.06701498,0.9278275,0.005157557
0.79094416,0.10534453,0.1037113
0.09488599,0.5915547,0.31355932
0.030376848,0.9096817,0.05994145
0.06705713,0.122377135,0.8105658
0.15180191,0.33075738,0.5174406
0.18663622,0.30801177,0.50535196
0.09808824,0.6773855,0.22452623
0.37603348,0.042220697,0.58174586
0.08640317,0.051543333,0.8620535
0.10607365,0.4082133,0.48571303
0.02546479,0.12712957,0.8474056
0.05926133,0.024535498,0.9162032
0.16011608,0.04558375,0.79430026
0.11477302,0.23642068,0.6488063
0.7882234,0.12908296,0.082693644
0.053054363,0.030111609,0.91683406
0.084998526,0.063227266,0.8517742
0.5603623,0.08858646,0.35105124
0.021472681,0.07081996,0.9077074
0.09731232,0.058335263,0.8443525
0.031178325,0.03148429,0.93733746
0.050148696,0.046063993,0.9037874
0.049560625,0.0973197,0.8531197
0.88390756,0.023337819,0.09275466
0.52087903,0.2520652,0.22705576
0.0185813,0.22047594,0.7609427
0.12421526,0.37907675,0.49670804
0.22660282,0.079234965,0.69416225
0.24420232,0.039972138,0.71582556
0.07040906,0.06679229,0.86279863
0.37646765,0.033646703,0.5898857
0.185172,0.057363614,0.7574644
0.0876501,0.036573697,0.8757762
0.27904323,0.091124445,0.6298323
0.09497283,0.024823578,0.8802036
0.060594812,0.45445636,0.48494878
0.30465963,0.072504476,0.6228359
0.12325391,0.15219826,0.7245478
0.19420004,0.049631756,0.7561681
0.253757,0.060154963,0.6860881
0.052570343,0.027353154,0.9200765
0.11006658,0.06585225,0.8240811
0.076086745,0.024188515,0.8997247
0.12606063,0.01938401,0.85455537
0.025801225,0.020094013,0.9541047
0.06191422,0.044988815,0.893097
0.04741964,0.041970465,0.91060996
0.041882794,0.018731141,0.9393861
0.10931105,0.024993394,0.86569566
0.025948899,0.012609487,0.96144164
0.023794897,0.02664902,0.94955605
0.06357906,0.0475256,0.8888953
0.99559,0.0039435662,0.0004664147
0.09606972,0.13337961,0.7705507
0.98721284,0.007930109,0.004857056
0.13350323,0.05346817,0.81302863
0.053589754,0.04530372,0.90110654
0.057325836,0.021088997,0.92158514
0.03463806,0.040973343,0.92438865
0.079121694,0.12041076,0.80046755
0.517838,0.22228478,0.25987723
0.043449722,0.01752102,0.93902934
0.18297888,0.042124126,0.7748969
0.071170956,0.029009517,0.89981955
0.27986258,0.021441514,0.6986959
0.020137044,0.024648339,0.9552146
0.0286078,0.9519973,0.019394848
0.08035891,0.19638121,0.72325987
0.081331946,0.0672293,0.85143876
0.0699461,0.042259064,0.8877948
0.047434438,0.030033614,0.92253184
0.084868625,0.021228876,0.8939025
0.05824048,0.041339036,0.9004205
0.023836602,0.12723388,0.8489295
0.023920825,0.036297236,0.9397819
0.05871492,0.03530077,0.9059843
0.037498612,0.10903693,0.8534644
0.15282762,0.046021804,0.80115056
0.46974224,0.06976983,0.46048796
0.0956423,0.03932826,0.8650295
0.43302867,0.042562757,0.52440864
0.07224391,0.04936238,0.8783937
0.035875406,0.031629033,0.9324956
0.01950402,0.051688224,0.92880774
0.015650056,0.9748762,0.009473718
0.022959838,0.044559814,0.93248034
0.03650243,0.011920244,0.9515773
0.037618924,0.043809514,0.9185715
0.036720052,0.030028628,0.9332513
0.046110697,0.042979896,0.91090935
0.02822188,0.028947622,0.9428305
0.07045081,0.02745455,0.90209466
0.05856691,0.38209078,0.5593423
0.07190036,0.022602368,0.9054974
0.029027237,0.64977944,0.3211933
0.11230841,0.12431408,0.7633775
0.06908675,0.030597243,0.900316
0.063856475,0.11848685,0.81765676
0.02376321,0.02794527,0.94829154
0.03727083,0.02925421,0.9334749
0.03342433,0.05253252,0.9140431
0.028059341,0.023490295,0.9484503
0.012722578,0.015316416,0.971961
0.028177325,0.073587745,0.89823496
0.060483135,0.040685844,0.898831
0.051143955,0.016266968,0.93258905
0.34058627,0.08876051,0.5706532
0.059146363,0.24587415,0.6949795
0.01725991,0.013311402,0.9694286
0.045810703,0.03315772,0.92103153
0.04817611,0.032092206,0.9197317
0.044245377,0.04064151,0.91511315
0.023061262,0.08191911,0.8950196
0.03200509,0.03994784,0.92804706
0.04094745,0.023445351,0.9356072
0.073666446,0.2953672,0.63096637
0.056314055,0.055009544,0.88867646
0.016675953,0.011283514,0.9720405
0.03817516,0.5176196,0.4442052
0.053205743,0.024646504,0.9221477
0.4025655,0.07149205,0.52594244
0.8700249,0.013146282,0.11682877
0.19588532,0.42910817,0.37500653
0.068960145,0.041541494,0.88949835
0.07849878,0.038783893,0.8827173
0.30825886,0.03275306,0.6589881
0.062158845,0.038145654,0.8996955
0.058588095,0.024044508,0.91736746
0.047167953,0.077918835,0.8749133
0.05304648,0.034720853,0.9122327
0.03316933,0.01715768,0.949673
0.037391808,0.017835971,0.94477224
0.01729182,0.018103981,0.9646042
0.045083996,0.02699987,0.92791617
0.03378741,0.025855156,0.94035745
0.043167364,0.025726113,0.93110657
0.03138728,0.021300009,0.9473128
0.024772754,0.020799724,0.9544275
0.043291427,0.030192787,0.9265159
0.030301124,0.023369206,0.9463297
0.03285505,0.029221889,0.93792313
0.044933863,0.040121425,0.91494465
0.023994485,0.048850346,0.9271551
0.018498426,0.028069336,0.95343226
0.066501595,0.092508815,0.8409897
0.03538676,0.03215714,0.9324561
0.027928112,0.020653317,0.9514186
0.06294801,0.0727363,0.86431575
0.02802952,0.16552746,0.806443
0.059168044,0.024282519,0.91654944
0.035916034,0.035986252,0.92809767
0.063083515,0.12994559,0.8069709
0.054378655,0.04013548,0.9054859
0.051355943,0.02940496,0.91923904
0.11858534,0.3115168,0.56989783
0.086923,0.07333961,0.8397373
0.041612357,0.025067225,0.93332046
0.055079978,0.047250632,0.89766943
0.117012545,0.12701592,0.75597155
0.05651719,0.035784457,0.9076983
0.06715083,0.075943395,0.8569059
0.09643538,0.021080857,0.8824837
0.03161992,0.06306822,0.9053119
0.04863877,0.032718364,0.91864294
0.042635493,0.026889868,0.9304747
0.11211634,0.09487355,0.79301006
0.038243964,0.07068572,0.8910703
0.021881044,0.056755107,0.9213639
0.086270876,0.026106378,0.8876227
0.02712266,0.030674033,0.94220334
0.03448277,0.15022579,0.81529146
0.044724014,0.04193235,0.9133436
0.072469674,0.05153947,0.8759909
0.024359599,0.019554382,0.95608604
0.028307192,0.039763905,0.93192893
0.016757203,0.015958635,0.9672841
0.018849839,0.071138546,0.9100117
0.059296254,0.031094726,0.909609
0.07249329,0.04435756,0.88314915
0.024886495,0.029323457,0.94579005
0.021114595,0.035222434,0.943663
0.04762048,0.021696048,0.93068343
0.042059533,0.02284505,0.93509537
0.042018082,0.23874708,0.7192349
0.12514874,0.07299861,0.80185264
0.043440115,0.036795214,0.9197646
0.1927403,0.05420586,0.7530538
0.042711023,0.039617136,0.91767186
0.07756332,0.060820732,0.8616159
0.045553222,0.016873043,0.93757373
0.05095046,0.030812616,0.91823685
0.08486911,0.026445726,0.8886852
0.039516274,0.010542592,0.9499411
0.045808155,0.01870806,0.93548375
0.0254621,0.017211702,0.9573262
0.08121111,0.03582667,0.8829623
0.094129436,0.013666988,0.8922035
0.06677803,0.01765989,0.9155621
0.12584874,0.007809145,0.8663421
0.044151768,0.031004036,0.9248441
0.04016546,0.041198347,0.91863626
0.032533947,0.045036778,0.9224293
0.02915929,0.036752965,0.93408775
0.124469124,0.59033984,0.28519103
0.043246295,0.044662677,0.912091
0.032545414,0.052774854,0.9146797
0.048861492,0.033680506,0.91745794
0.048012283,0.031796224,0.9201916
0.018411098,0.080522746,0.9010662
0.028349498,0.030089602,0.9415609
0.017331934,0.02802283,0.9546452
0.04256777,0.029342212,0.92809
0.015827416,0.026713822,0.95745873
0.06520914,0.04161168,0.8931791
0.04302506,0.06187177,0.89510316
0.032855023,0.02371085,0.94343406
0.029024106,0.03940098,0.93157494
0.029379383,0.083042756,0.8875779
0.059596494,0.05431624,0.8860873
0.036593303,0.03519144,0.92821527
0.032719936,0.02035599,0.94692403
0.07006393,0.0074753817,0.92246073
0.046211995,0.038199015,0.915589
0.06001746,0.09223347,0.8477491
0.03395706,0.020040454,0.9460025
0.06101907,0.05879619,0.88018465
0.07418909,0.20245615,0.72335476
0.031766027,0.012294827,0.9559392
0.06542712,0.011764852,0.922808
0.32578343,0.024546891,0.6496697
0.059962284,0.03800285,0.9020349
0.026078582,0.02172573,0.9521957
0.037728243,0.022861004,0.93941075
0.05039392,0.022581616,0.9270244
0.06692892,0.044540755,0.88853025
0.045248527,0.04945372,0.9052977
0.037726488,0.061535876,0.9007377
0.05325782,0.07452109,0.8722212
0.037971538,0.048329774,0.91369873
0.022386625,0.024779735,0.9528336
0.027043702,0.009336931,0.96361935
0.09780511,0.033017553,0.86917734
0.062142,0.069054134,0.86880386
0.05495787,0.029017381,0.9160248
0.051009864,0.026985517,0.9220047
0.035613384,0.027789958,0.93659675
0.0683714,0.71027553,0.22135313
0.06864961,0.011032997,0.92031735
0.096123815,0.0620622,0.841814
0.28048062,0.039144754,0.6803746
0.07663935,0.07449934,0.8488612
0.049433365,0.03139109,0.9191756
0.07454959,0.036120307,0.8893301
0.038985852,0.034742527,0.9262717
0.07935195,0.22495158,0.6956965
0.06518624,0.03582391,0.8989899
0.043834027,0.05573703,0.900429
0.052436788,0.017190795,0.9303724
0.050046086,0.03291732,0.9170366
0.051707864,0.10104153,0.84725064
0.04996658,0.037132014,0.9129014
0.048292346,0.041387387,0.9103203
0.0571026,0.04177716,0.9011203
0.016422853,0.030952781,0.9526243
0.03205324,0.8951471,0.072799616
0.07858278,0.028211748,0.89320546
0.05644794,0.096868835,0.8466832
0.03160024,0.035842746,0.93255705
0.098139726,0.040711455,0.8611488
0.052776556,0.044053424,0.90317005
0.036308054,0.04630285,0.91738915
0.047135245,0.06087852,0.89198625
0.03499953,0.026393244,0.9386073
0.054221712,0.038486514,0.9072918
0.048687596,0.060474455,0.8908379
0.060659267,0.23230375,0.70703703
0.048528727,0.02952052,0.92195076
0.0348806,0.033348374,0.93177104
0.016499886,0.013232163,0.97026795
0.04019326,0.04232835,0.9174783
0.050945807,0.042483762,0.90657043
0.03993685,0.020417677,0.93964547
0.04963359,0.03911032,0.9112561
0.055156358,0.027304376,0.91753936
0.099896215,0.017098576,0.88300514
0.118396,0.51316,0.36844406
0.061271563,0.029513484,0.9092149
0.04173976,0.029367587,0.9288926
0.03008981,0.0088339355,0.96107626
0.016277866,0.01994406,0.963778
0.030533178,0.03524658,0.9342203
0.036812525,0.010063984,0.95312345
0.031909637,0.024561724,0.9435287
0.017655335,0.011783981,0.9705606
0.043947943,0.17933506,0.77671707
0.03796268,0.044080503,0.9179568
0.024061115,0.012942025,0.9629969
0.02131869,0.030537613,0.94814366
0.03461475,0.12058162,0.8448036
0.015571693,0.026670037,0.95775825
0.030490337,0.028364664,0.941145
0.08142501,0.050410036,0.8681649
0.038951635,0.028331134,0.93271714
0.7727215,0.018998355,0.20828007
0.045877222,0.029047647,0.9250751
0.016275322,0.020097338,0.96362734
0.041442767,0.01163253,0.9469247
0.02650508,0.0151316635,0.95836335
0.11477346,0.025484681,0.85974187
0.057244886,0.0407118,0.90204334
0.030788986,0.07642705,0.8927839
0.02766127,0.07316298,0.8991758
0.009806349,0.16416976,0.8260239
0.033010665,0.051831733,0.91515756
0.10858004,0.024346067,0.8670739
0.09940713,0.08436573,0.8162271
0.020431174,0.023562111,0.9560067
0.11072463,0.03311595,0.8561593
0.03219893,0.033221036,0.93458
0.03564203,0.032484148,0.93187386
0.08920379,0.059480596,0.8513156
0.72258466,0.07439562,0.20301975
0.03276921,0.030844009,0.9363867
0.046202645,0.10013053,0.8536668
0.071997374,0.019510748,0.9084918
0.09746341,0.052526243,0.8500103
0.054721735,0.09137357,0.85390466
0.09689901,0.049928073,0.85317296
0.07197559,0.04946805,0.87855643
0.027184762,0.021047823,0.9517673
0.06835585,0.034742698,0.8969014
0.011019323,0.033188034,0.95579267
0.07190353,0.02255926,0.90553725
0.0676059,0.023409652,0.9089845
0.22739503,0.6858731,0.08673187
0.32671264,0.61516684,0.058120504
0.25729898,0.7163906,0.026310427
0.9847912,0.014707067,0.00050177594
0.9690017,0.02435343,0.006644866
0.9885594,0.008636647,0.0028039087
0.17594476,0.049265347,0.7747899
0.775068,0.026605675,0.1983263
0.6486453,0.04622536,0.30512932
0.40272245,0.06016703,0.5371105
0.93598956,0.04933991,0.014670558
0.9877077,0.011342877,0.00094944384
0.99168867,0.0031378875,0.005173502
0.969935,0.007276507,0.022788418
0.6058315,0.2481476,0.14602098
0.9890781,0.010392759,0.0005291783
0.78660697,0.13918376,0.07420926
0.065463595,0.2926721,0.6418643
0.98090816,0.0025731209,0.016518723
0.9874293,0.008779757,0.0037909057
0.99416524,0.0049104057,0.0009244416
0.66913635,0.124080345,0.20678332
0.7402767,0.14061648,0.1191068
0.9835871,0.013880209,0.0025327157
0.98126584,0.01764211,0.0010920559
0.8661856,0.011561642,0.12225284
0.8377888,0.029686077,0.13252509
0.99693763,0.0024376058,0.0006248074
0.5186815,0.42874417,0.05257431
0.49584696,0.36866215,0.13549085
0.9865355,0.012638876,0.000825523
0.46281877,0.23454514,0.30263603
0.98849225,0.008452498,0.0030553187
0.9920465,0.0053815315,0.0025720205
0.9931251,0.005472222,0.0014026407
0.9700071,0.009801906,0.020190923
0.8826531,0.04473493,0.07261195
0.9952809,0.0044585424,0.00026053403
0.9685135,0.021210013,0.010276543
0.99489367,0.0045624976,0.00054384937
0.98453355,0.014603051,0.00086338504
0.31854784,0.19095808,0.49049413
0.5659228,0.12714061,0.30693662
0.5563092,0.17428291,0.26940793
0.9963415,0.003455709,0.000202724
0.98787457,0.011038787,0.0010866023
0.9459836,0.016024202,0.03799222
0.55957323,0.25013447,0.19029227
0.89923394,0.010592402,0.090173766
0.9507253,0.03301208,0.016262565
0.98222464,0.010290554,0.007484745
0.9951728,0.0045371153,0.00029004808
0.9809822,0.018411368,0.00060645933
0.2480362,0.12905703,0.62290674
0.5277669,0.38181046,0.09042263
0.96117204,0.028519137,0.010308792
0.99665904,0.003086584,0.0002543539
0.9946884,0.005194221,0.000117361975
0.9780619,0.008495012,0.013443068
0.823287,0.015309012,0.16140395
0.2982927,0.46155384,0.24015352
0.98944235,0.004083307,0.0064743264
0.9911446,0.006460181,0.0023952075
0.7577016,0.21562432,0.026674122
0.9925867,0.0067536286,0.00065961963
0.3481904,0.057707448,0.59410214
0.9960961,0.0036135947,0.00029031717
0.32894135,0.061595365,0.60946333
0.99010897,0.009380521,0.0005104322
0.87168014,0.048770316,0.07954951
0.9792712,0.010071001,0.010657893
0.98858833,0.009854021,0.0015576106
0.31232086,0.6553975,0.032281674
0.69341236,0.033780925,0.27280673
0.06076051,0.04287579,0.8963638
0.9926723,0.0025287988,0.0047988165
0.98426247,0.0103826355,0.0053549716
0.9805815,0.005472137,0.013946326
0.9924908,0.0064816023,0.0010275434
0.9004129,0.028957862,0.07062918
0.9909435,0.008615305,0.00044125188
0.9830168,0.0063263774,0.010656948
0.98101634,0.0112330755,0.007750589
0.17695357,0.04533462,0.77771187
0.4269236,0.034036387,0.53904
0.95207345,0.023869636,0.024056844
0.9837953,0.014535212,0.001669479
0.99612635,0.0028642647,0.0010093867
0.99391276,0.005444567,0.000642685
0.7220233,0.033278413,0.24469833
0.98882747,0.008792188,0.0023802917
0.4767789,0.45074442,0.0724766
0.9892679,0.009290537,0.0014415445
0.9764421,0.01057534,0.012982508
0.14104201,0.04850539,0.81045264
0.8615267,0.057255544,0.08121774
0.9492988,0.009073273,0.041627895
0.9735377,0.017047688,0.009414628
0.986214,0.011226618,0.0025593974
0.9864001,0.009137817,0.004462123
0.71337765,0.15843941,0.12818292
0.9692407,0.012674587,0.018084725
0.041628093,0.86456156,0.09381036
0.99147475,0.008011147,0.00051414
0.9899828,0.00736911,0.002648145
0.9935842,0.006107527,0.00030826172
0.99409133,0.005371601,0.0005370799
0.8906731,0.007425114,0.10190171
0.752032,0.13051617,0.11745184
0.6878628,0.17802158,0.13411555
0.99335724,0.0051923385,0.0014503335
0.9533239,0.01493496,0.031741057
0.07661438,0.5081998,0.41518584
0.21877861,0.04001802,0.7412034
0.9927592,0.0059961234,0.0012446414
0.9477168,0.030838465,0.021444784
0.5570461,0.04948896,0.39346486
0.34696975,0.05863933,0.5943909
0.47578257,0.067777514,0.4564399
0.13174771,0.0480901,0.8201622
0.5955858,0.051756617,0.3526576
0.71399,0.097006224,0.18900384
0.99560875,0.0041897926,0.00020139139
0.8073427,0.17068045,0.021976827
0.9159917,0.08050881,0.0034995154
0.98375595,0.010738116,0.0055059595
0.98588425,0.010615222,0.0035005286
0.9445787,0.05109808,0.004323305
0.9083576,0.077836215,0.013806158
0.9794953,0.009462996,0.011041775
0.985924,0.010070344,0.0040057064
0.9822004,0.0116490545,0.006150622
0.988138,0.011193728,0.00066830823
0.97920245,0.015132072,0.0056654974
0.77789634,0.103256345,0.11884732
0.32951593,0.25838757,0.41209647
0.9881016,0.010556302,0.0013420832
0.9793382,0.017436344,0.0032253992
0.98519695,0.012511279,0.0022918629
0.994578,0.0051281266,0.00029386507
0.98135054,0.01815045,0.00049904716
0.99356395,0.0060954853,0.0003405419
0.9946514,0.0039244886,0.0014241344
0.9853667,0.014346724,0.00028662966
0.036662303,0.07768993,0.8856478
0.98576504,0.007872218,0.006362677
0.014517389,0.98451,0.0009726044
0.6659702,0.29798576,0.036044024
0.9857649,0.013080889,0.001154212
0.013260135,0.98282015,0.0039196885
0.011987018,0.97197694,0.016036058
0.011959376,0.9640701,0.0239706
0.034303155,0.960322,0.0053748027
0.022580855,0.88066435,0.09675485
0.124369554,0.7177973,0.1578332
0.0657797,0.8622571,0.07196321
0.015805658,0.9190644,0.06512989
0.018245839,0.82597053,0.15578367
0.035149977,0.9481814,0.016668659
0.02693389,0.91844517,0.0546209
0.010979336,0.9883283,0.00069235463
0.8624651,0.055731017,0.081803985
0.0145166535,0.98446006,0.0010232183
0.56618255,0.2931585,0.14065899
0.0067959586,0.9785332,0.014670805
0.012084778,0.9856623,0.002252992
0.065348424,0.92304915,0.011602466
0.4497586,0.5466339,0.0036075441
0.030014835,0.9586815,0.01130369
0.010622999,0.9846815,0.004695549
0.040108394,0.9035502,0.056341384
0.26233557,0.45150807,0.28615642
0.01981683,0.97651744,0.0036657455
0.018791864,0.97997355,0.0012346256
0.06674314,0.91419053,0.019066289
0.027926743,0.96446824,0.007604981
0.082930624,0.9082858,0.008783608
0.03641111,0.9496604,0.013928492
0.0054525915,0.9934354,0.0011120967
0.018339066,0.9610418,0.020619165
0.031436615,0.89589816,0.07266529
0.009750322,0.9868203,0.0034293772
0.25114578,0.32723612,0.4216181
0.021114346,0.9726564,0.0062292106
0.008848995,0.98843634,0.0027146507
0.26507613,0.668683,0.066240914
0.031577498,0.05456102,0.9138615
0.01007221,0.9870701,0.0028576923
0.036103167,0.9037886,0.0601082
0.6084733,0.07017842,0.32134822
0.01604171,0.97612494,0.00783339
0.017522553,0.9813012,0.0011762329
0.023343608,0.9733969,0.0032594977
0.023899648,0.95373625,0.02236411
0.08166378,0.19666795,0.7216683
0.89321786,0.07877596,0.028006263
0.013123275,0.984142,0.0027347172
0.048269443,0.9364824,0.015248101
0.019549856,0.97662306,0.003827105
0.013534718,0.98376876,0.0026965598
0.02976589,0.92057997,0.04965415
0.018905388,0.9725064,0.008588159
0.01748368,0.9810385,0.0014778152
0.03265123,0.9607541,0.006594745
0.011772711,0.9791478,0.0090794945
0.0951575,0.26713657,0.6377059
0.016295651,0.9526596,0.031044744
0.014549878,0.98478794,0.0006621513
0.013325593,0.98094314,0.0057312655
0.6629003,0.33127874,0.0058209077
0.7951349,0.20016006,0.004705015
0.04047236,0.5563217,0.4032059
0.10017361,0.30303195,0.5967944
0.034213148,0.74420905,0.22157788
0.6756329,0.18016492,0.14420217
0.006446024,0.99284333,0.000710622
0.022702264,0.93745404,0.039843712
0.009367997,0.9639972,0.026634868
0.0093749715,0.98566544,0.0049595986
0.01351824,0.98449194,0.0019897802
0.023057079,0.97658974,0.0003531939
0.03368651,0.0954033,0.8709102
0.024565997,0.96418685,0.011247134
0.008807389,0.990537,0.0006556912
0.019857636,0.9785282,0.0016141734
0.012150166,0.9842442,0.003605639
0.010000839,0.9887277,0.001271464
0.027093196,0.9720048,0.0009020718
0.08214133,0.03991538,0.87794334
0.12152091,0.7405087,0.13797045
0.046977665,0.049136102,0.9038862
0.07450193,0.035433616,0.8900644
0.5098345,0.40370634,0.08645915
0.04385065,0.03401778,0.9221316
0.017960511,0.9806106,0.0014289293
0.047457974,0.41959414,0.5329479
0.009514828,0.98968095,0.00080424466
0.014701043,0.97291946,0.01237952
0.016054377,0.9816775,0.0022681176
0.2413354,0.47761494,0.28104967
0.030899292,0.66942346,0.29967722
0.8308233,0.15542257,0.0137541825
0.028186094,0.89065206,0.0811619
0.016177319,0.97767043,0.006152222
0.77430403,0.13044593,0.095250055
0.40877542,0.10270063,0.48852396
0.025724513,0.70934284,0.26493263
0.01960435,0.9726733,0.007722288
0.022177318,0.9644239,0.013398781
0.07734828,0.5663913,0.35626045
0.017411523,0.93864465,0.043943886
0.027969016,0.6710419,0.30098903
0.025033675,0.9682549,0.0067114546
0.028819023,0.92138624,0.0497948
0.40423492,0.5177823,0.077982806
0.014691759,0.9808883,0.00441989
0.009511406,0.9873947,0.0030939386
0.100462094,0.89366174,0.0058762175
0.011378867,0.98697865,0.0016424858
0.018631065,0.97539073,0.005978152
0.018283155,0.9808328,0.0008839836
0.02556176,0.95499194,0.01944636
0.019290952,0.9177645,0.062944494
0.015915927,0.9827623,0.0013218591
0.02046953,0.9738351,0.005695295
0.0011251199,0.9972474,0.0016274757
0.021812694,0.9758153,0.0023720204
0.019232865,0.90081525,0.0799519
0.016598174,0.97986794,0.0035339554
0.0036739777,0.9931526,0.0031733587
0.40995947,0.57873565,0.011304919
0.03096492,0.95206773,0.016967375
0.024196647,0.95901006,0.016793294
0.004061531,0.95575106,0.040187348
0.015748728,0.9791084,0.0051429095
0.30555233,0.19824505,0.49620262
0.051957417,0.027974235,0.9200683
0.010459727,0.9886699,0.0008704058
0.9684929,0.021585682,0.009921324
0.07354114,0.8173467,0.10911215
0.57224786,0.27766845,0.15008372
0.048553064,0.021799259,0.9296477
0.043328613,0.033876427,0.9227949
0.9710151,0.023722595,0.005262302
0.02869767,0.034785435,0.9365168
0.046331085,0.013951928,0.93971694
0.066782884,0.026486684,0.9067305
0.03941431,0.028695667,0.9318901
0.13400565,0.019879295,0.84611505
0.034731906,0.039279614,0.92598855
0.014661786,0.9817592,0.0035790172
0.05662326,0.058936406,0.88444036
0.026663445,0.026045788,0.9472907
0.07820273,0.3065913,0.615206
0.04890935,0.0081975525,0.94289315
0.038388178,0.008565559,0.9530463
0.050936613,0.031076172,0.9179873
0.052897714,0.03475899,0.9123433
0.11261113,0.029304737,0.8580842
0.08251325,0.19035606,0.7271308
0.7268022,0.08869737,0.18450047
0.11870902,0.01351532,0.8677756
0.042071287,0.023484902,0.9344438
0.039613973,0.077940024,0.88244593
0.05962603,0.80227983,0.13809417
0.051322,0.15366873,0.7950094
0.076906174,0.063757464,0.8593364
0.7897164,0.01863594,0.1916476
0.04934428,0.04736134,0.9032943
0.04953684,0.045413192,0.9050499
0.011751587,0.9831345,0.0051138722
0.018115485,0.9680491,0.013835476
0.053825036,0.5644413,0.38173363
0.6797604,0.056942083,0.26329753
0.025367571,0.3697825,0.60484993
0.05003101,0.048302665,0.90166634
0.049438797,0.053456087,0.8971051
0.88885176,0.022536267,0.08861192
0.32948855,0.023827316,0.64668417
0.026950803,0.017417746,0.9556315
0.052435838,0.032526374,0.9150377
0.02877863,0.053818088,0.9174033
0.86504734,0.026520576,0.108432084
0.047879923,0.026364451,0.9257557
0.034999873,0.02912948,0.93587065
0.081319824,0.038412765,0.88026744
0.26025,0.027638538,0.71211153
0.022502886,0.011260047,0.966237
0.0395253,0.031420134,0.9290546
0.034039922,0.8424162,0.12354389
0.05972197,0.03657868,0.9036994
0.07246126,0.036116976,0.8914218
0.083476424,0.031253844,0.88526976
0.12616412,0.055549312,0.81828654
0.03342563,0.033556454,0.93301797
0.046495225,0.046586122,0.9069186
0.06352196,0.027320456,0.9091576
0.06956103,0.03712441,0.8933146
0.014345749,0.984338,0.0013162434
0.044002045,0.039674968,0.916323
0.7477243,0.009673383,0.24260241
0.5954112,0.01133422,0.39325464
0.126171,0.020819295,0.8530097
0.65568846,0.21090515,0.13340646
0.030967413,0.9451961,0.02383647
0.9112869,0.02260295,0.06611017
0.0283009,0.032669704,0.93902934
0.92251146,0.045705423,0.031783134
0.27354905,0.18745732,0.53899354
0.04426497,0.03753052,0.9182045
0.44620702,0.40056372,0.15322927
0.8150104,0.048588004,0.13640156
0.30314106,0.12356127,0.57329774
0.050270554,0.025877062,0.9238523
0.04207132,0.028943421,0.9289853
0.116938494,0.045171946,0.8378896
0.11295066,0.08677159,0.8002778
0.26725802,0.1519819,0.58076
0.042647816,0.02022425,0.93712795
0.0290423,0.9500801,0.020877568
0.034063857,0.069215246,0.8967209
0.036209352,0.02261502,0.94117576
0.055475183,0.04745044,0.89707446
0.9842017,0.008269168,0.0075291637
0.02938676,0.03382396,0.9367893
0.07149448,0.09639443,0.8321111
0.4282961,0.044955105,0.52674884
0.04826186,0.05653414,0.89520407
0.044237785,0.6574112,0.29835102
0.018621324,0.07357687,0.9078018
0.1709921,0.048703846,0.78030413
0.081776336,0.036465652,0.881758
0.054433577,0.027585596,0.91798085
0.032225456,0.14915459,0.81862
0.045350596,0.09685475,0.85779464
0.041953314,0.03887633,0.9191704
0.9418315,0.013686106,0.044482328
0.0396295,0.03340399,0.92696655
0.02910678,0.06584987,0.90504336
0.031749032,0.03221752,0.9360334
0.046183106,0.022573883,0.931243
0.034114577,0.11229518,0.85359025
0.0929869,0.038031533,0.86898154
0.057255242,0.061007433,0.8817373
0.6948562,0.0523675,0.25277635
0.03627635,0.025399279,0.9383244
0.06077637,0.033827145,0.90539646
0.040053915,0.054533772,0.9054123
0.06986273,0.046857838,0.8832795
0.38987312,0.099397026,0.51072985
0.08872312,0.043621916,0.86765486
0.04106322,0.036132153,0.92280453
0.060882304,0.08875641,0.8503612
0.036779862,0.02662121,0.9365989
0.040733084,0.087504394,0.8717626
0.056627292,0.04274452,0.9006282
0.01904722,0.028509617,0.9524432
0.20328636,0.48885065,0.30786294
0.042475972,0.045793124,0.9117309
0.040168896,0.17784029,0.78199077
0.021809328,0.4922372,0.48595345
0.3331749,0.12813717,0.53868794
0.042376064,0.03100299,0.92662096
0.082462326,0.1091382,0.8083995
0.041213445,0.06547413,0.8933124
0.095603965,0.04476494,0.8596311
0.2144094,0.103782915,0.6818077
0.09230226,0.12192291,0.7857748
0.07955425,0.051263865,0.86918193
0.067920044,0.017979452,0.9141005
0.031917837,0.026152538,0.94192964
0.13582952,0.05376608,0.8104044
0.14029463,0.08443079,0.77527463
0.4601635,0.056056336,0.48378018
0.9567628,0.021808624,0.02142862
0.21939106,0.10202632,0.6785826
0.0313341,0.051159147,0.9175068
0.0707509,0.025079627,0.9041695
0.500558,0.11900912,0.38043278
0.04261214,0.04630023,0.91108763
0.06611949,0.12007821,0.81380236
0.037264194,0.02394238,0.93879336
0.021529851,0.0710085,0.90746164
0.01921462,0.036713053,0.94407225
0.03691443,0.12127439,0.8418111
0.09648115,0.16932972,0.73418915
0.054674033,0.27149072,0.6738352
0.07509976,0.3286165,0.59628373
0.061783463,0.2694255,0.66879106
0.1909448,0.21658023,0.592475
0.24139461,0.38763565,0.37096974
0.10088003,0.01737692,0.8817431
0.08525885,0.15835394,0.7563872
0.045151185,0.60878,0.34606883
0.054586064,0.26348525,0.6819287
0.60238045,0.21710508,0.1805145
0.75363666,0.1065627,0.13980071
0.11542194,0.051068343,0.8335097
0.05104009,0.06650385,0.88245606
0.06347109,0.04957636,0.8869525
0.049031034,0.032123953,0.91884506
0.060481932,0.037627507,0.9018905
0.06824578,0.04196297,0.8897912
0.04572984,0.046905816,0.90736425
0.039444383,0.029774182,0.9307814
0.67606205,0.19022708,0.13371082
0.27170113,0.09849977,0.6297991
0.015184958,0.01363832,0.97117674
0.0917168,0.059914846,0.8483684
0.03833804,0.016344696,0.9453173
0.011313833,0.018781306,0.96990484
0.024451984,0.028867804,0.9466802
0.05179169,0.042644303,0.9055639
0.051262986,0.24254037,0.70619667
0.06179219,0.059832584,0.87837523
0.070617735,0.5200179,0.4093643
0.192495,0.05403124,0.75347376
0.93576926,0.02118478,0.043045916
0.2949887,0.18067549,0.5243358
0.9848787,0.01404854,0.0010727794
0.91275555,0.014767733,0.07247669
0.8092428,0.010806859,0.17995034
0.9931091,0.0056238268,0.0012671598
0.9925408,0.00496017,0.0024990062
0.9893127,0.008056374,0.002630892
0.92204434,0.008230471,0.069725215
0.991702,0.007556964,0.0007409693
0.3633739,0.45355296,0.1830731
0.9922001,0.0074945986,0.00030543667
0.8793449,0.047337472,0.073317714
0.9854451,0.010075286,0.004479622
0.9797523,0.011373034,0.0088746445
0.9882359,0.005899265,0.0058647995
0.9894922,0.009274512,0.0012332981
0.9878742,0.010825274,0.0013004922
0.9206219,0.004140235,0.07523788
0.9799666,0.010398068,0.009635443
0.9939161,0.0052667763,0.00081720704
0.98923653,0.0072919955,0.00347151
0.98995996,0.007004079,0.0030360431
0.9928402,0.005655344,0.0015043821
0.98361385,0.0069388207,0.009447267
0.98845404,0.008144266,0.003401672
0.9903004,0.0054994547,0.004200139
0.991638,0.0071963705,0.0011656332
0.98087627,0.016437728,0.0026860072
0.9861,0.008498176,0.0054017697
0.9965444,0.0010707467,0.002384853
0.9929542,0.006272854,0.00077296724
0.51256174,0.17957501,0.3078632
0.9951408,0.0041714967,0.0006876608
0.98946196,0.008444281,0.002093753
0.9391192,0.009829342,0.051051404
0.99457693,0.005229264,0.00019385375
0.19820194,0.015978115,0.78582
0.98590577,0.011636046,0.0024581775
0.99646336,0.0026863858,0.0008502763
0.98599434,0.004951573,0.00905413
0.98474556,0.013641088,0.0016133628
0.9934818,0.0027850412,0.0037330717
0.9913003,0.0064360057,0.0022636675
0.023923062,0.07397662,0.90210027
0.98990977,0.009242252,0.00084799016
0.9080198,0.041424137,0.050556045
0.98811287,0.010311884,0.0015752134
0.53706294,0.19262102,0.27031603
0.9944938,0.0039934507,0.0015127854
0.39849225,0.42877412,0.1727336
0.9900664,0.008109892,0.001823754
0.98436177,0.008466643,0.007171526
0.9896494,0.008090658,0.0022598978
0.9865676,0.011363026,0.0020693606
0.980589,0.017288946,0.0021221107
0.9907811,0.006102203,0.0031167006
0.98614085,0.01161611,0.0022431063
0.97695404,0.0069120605,0.016133923
0.9907706,0.005937544,0.0032918567
0.9930528,0.005667614,0.0012795225
0.4706875,0.46656874,0.06274367
0.9885025,0.010895814,0.00060163415
0.44748262,0.03494701,0.5175703
0.884885,0.055366423,0.059748568
0.9386121,0.015156443,0.04623144
0.97700536,0.011452442,0.011542266
0.9931978,0.005181375,0.0016208668
0.98795855,0.008464451,0.0035770806
0.955345,0.011352696,0.033302326
0.9894447,0.006986774,0.0035684947
0.98893285,0.008741753,0.0023254002
0.9951826,0.004131131,0.0006863479
0.99172133,0.0069755483,0.0013030096
0.9961068,0.0027223916,0.0011708861
0.98363817,0.013652387,0.0027093992
0.9832565,0.015923932,0.0008195715
0.99279284,0.006210884,0.0009962321
0.9814295,0.015166489,0.0034039882
0.9840591,0.00754279,0.008398172
0.97237724,0.011199584,0.016423104
0.9923368,0.005912186,0.0017510557
0.9852491,0.010923773,0.0038271225
0.99391264,0.0027591719,0.0033281965
0.98657715,0.0101958,0.0032271044
0.9754951,0.0033082578,0.021196658
0.9899303,0.00688183,0.0031878708
0.9836997,0.014169422,0.0021309226
0.3951062,0.2353534,0.3695404
0.9439853,0.00818304,0.047831703
0.9123859,0.019556144,0.06805798
0.9898756,0.006643727,0.0034805443
0.9919681,0.0072978633,0.0007339653
0.99337786,0.0057251067,0.00089704024
0.9894337,0.0076136696,0.0029525808
0.98782617,0.00897403,0.003199789
0.9924851,0.0068592806,0.0006556989
0.9961671,0.003164395,0.00066849554
0.9913066,0.005746743,0.0029466369
0.98431814,0.0074278046,0.00825401
0.9815673,0.007335065,0.0110976
0.9850221,0.009378007,0.005599864
0.9870472,0.006861787,0.0060910913
0.99883,0.0003260322,0.0008440131
0.9879419,0.009516677,0.0025414464
0.9870948,0.007715286,0.005189925
0.9981269,0.0006790311,0.0011940667
0.5982813,0.049749505,0.35196912
0.9859914,0.011345305,0.0026633511
0.9908354,0.0058917226,0.0032728394
0.9945833,0.0041125473,0.00130422
0.98941386,0.0054945312,0.005091546
0.9897418,0.005464242,0.0047940044
0.980571,0.012022356,0.0074067577
0.98571,0.013842412,0.0004475785
0.9851918,0.0058581647,0.0089500975
0.9897885,0.009133458,0.0010781274
0.9905324,0.0039775437,0.0054900097
0.9961034,0.003620686,0.0002759446
0.9873191,0.0097172195,0.0029635848
0.91449493,0.030477991,0.05502706
0.99240136,0.005586987,0.002011651
0.4576803,0.4623975,0.07992221
0.9690776,0.011504646,0.019417766
0.99346185,0.0053997454,0.0011384996
0.9821331,0.011716708,0.0061502005
0.99558806,0.0031998348,0.0012121506
0.9805971,0.0133339055,0.006069042
0.97653675,0.018363768,0.0050994344
0.98955244,0.0067725508,0.0036749872
0.99059594,0.009069773,0.00033426075
0.9885704,0.010458674,0.0009709101
0.9943025,0.004176131,0.0015213826
0.98574257,0.011521058,0.0027364912
0.9822534,0.0035703434,0.01417625
0.9852894,0.013164262,0.0015463606
0.64896286,0.20355815,0.14747904
0.9105475,0.078520715,0.010931875
0.9870862,0.01196124,0.0009525602
0.99542975,0.0037258086,0.000844432
0.978238,0.017969621,0.003792474
0.98363715,0.015683124,0.0006797116
0.9814842,0.015710045,0.0028056747
0.97326726,0.018213136,0.008519669
0.9929749,0.0063842265,0.0006408257
0.9946925,0.0034499895,0.0018574982
0.3215478,0.6348077,0.043644443
0.23083496,0.14816754,0.6209974
0.98149604,0.008881761,0.009622249
0.009736187,0.9834668,0.0067969533
0.0117037585,0.975316,0.012980206
0.010981836,0.9866245,0.002393616
0.01694502,0.98099536,0.0020596832
0.008129188,0.98951894,0.0023519075
0.2519869,0.412223,0.33579016
0.015928542,0.9825812,0.0014902919
0.41926667,0.27874687,0.3019865
0.013204137,0.980583,0.0062128757
0.014823557,0.97149366,0.0136827985
0.011628846,0.987222,0.001149165
0.014939883,0.9829495,0.002110665
0.034531876,0.86466473,0.10080338
0.0184864,0.9744557,0.00705788
0.010005063,0.9881799,0.0018149541
0.01648069,0.98248005,0.001039269
0.015378885,0.9807022,0.003918888
0.018010926,0.97761816,0.004370874
0.013299963,0.98481005,0.0018900237
0.014366308,0.982865,0.0027687652
0.013542731,0.9824306,0.0040267487
0.020034129,0.9785865,0.0013794103
0.006529547,0.9901158,0.0033545645
0.015122482,0.9795378,0.005339686
0.010775663,0.98719573,0.0020286455
0.019875731,0.9784638,0.0016604315
0.015270549,0.98335004,0.0013793734
0.018212093,0.97511417,0.0066737346
0.017217388,0.9813101,0.0014724615
0.012704819,0.9858891,0.0014060854
0.016750814,0.93260163,0.05064762
0.053317916,0.3038417,0.6428404
0.015139609,0.98160535,0.0032550413
0.017610328,0.97567934,0.006710287
0.02074497,0.9579766,0.021278441
0.016535778,0.9800049,0.0034593241
0.010912224,0.98420745,0.0048802486
0.01894846,0.9794931,0.0015584251
0.007858692,0.9898543,0.0022870097
0.017326327,0.97983414,0.0028395152
0.014054718,0.98531187,0.0006334012
0.008905995,0.9860982,0.004995811
0.011119479,0.9873519,0.0015285559
0.020812267,0.9700421,0.009145638
0.015685359,0.97994196,0.004372714
0.005798995,0.9915667,0.0026343123
0.013319249,0.9814342,0.0052465447
0.01508291,0.97221595,0.012701084
0.009315132,0.9889852,0.0016997284
0.018634446,0.97938603,0.0019794605
0.015508594,0.98319584,0.0012955981
0.025009952,0.97207224,0.002917819
0.03626816,0.9538167,0.009915164
0.020228852,0.9633252,0.01644594
0.02466655,0.97192264,0.0034107508
0.0042860457,0.98907554,0.0066383574
0.022139128,0.97696996,0.0008908813
0.021386,0.9765496,0.002064413
0.0070929765,0.9860188,0.006888189
0.005419256,0.99316424,0.0014164613
0.011426005,0.9757023,0.012871718
0.009719018,0.98750186,0.0027791122
0.013843807,0.977183,0.008973218
0.08943998,0.86679983,0.043760173
0.019353602,0.97917134,0.0014750026
0.016684225,0.9820664,0.0012494042
0.010188047,0.98775417,0.0020577346
0.020770429,0.95494646,0.024283092
0.34999126,0.22763248,0.42237622
0.008448328,0.9899361,0.001615544
0.011985583,0.9852389,0.0027754528
0.021387419,0.97566104,0.0029515605
0.016885413,0.9794557,0.0036588658
0.0096325865,0.9883245,0.0020429003
0.018506933,0.97840023,0.003092819
0.011523597,0.98595977,0.0025166092
0.017666169,0.96737003,0.014963827
0.01225041,0.9865671,0.0011825449
0.012681326,0.9859899,0.0013287932
0.009225304,0.99002624,0.0007484368
0.018691348,0.9785467,0.0027619896
0.013445848,0.98401296,0.0025412464
0.0051560155,0.99414486,0.0006991551
0.011918969,0.98648363,0.0015973812
0.014605766,0.98375547,0.0016387217
0.01059378,0.9887088,0.00069737213
0.0046940288,0.9911146,0.0041912957
0.0088944025,0.9906019,0.00050375174
0.0058048493,0.9935375,0.00065767736
0.6117661,0.0711637,0.31707025
0.017555105,0.97929126,0.00315361
0.026004024,0.97009295,0.0039030833
0.011926481,0.98517925,0.0028943063
0.012910035,0.9786068,0.008483161
0.016418826,0.9807057,0.002875542
0.0067026676,0.992823,0.00047429212
0.05335906,0.94304514,0.0035958423
0.022376116,0.973069,0.004554871
0.013676282,0.9853597,0.000963984
0.023663685,0.97524774,0.0010885427
0.018300932,0.9789144,0.002784698
0.053829882,0.0654405,0.8807296
0.004442941,0.9937372,0.0018198215
0.016132167,0.97684765,0.0070201447
0.012599435,0.98537964,0.0020209625
0.017604623,0.98109496,0.0013004269
0.02073135,0.9767065,0.002562099
0.01822147,0.97943467,0.0023439073
0.01766954,0.98183215,0.0004983179
0.010997294,0.98801327,0.0009895017
0.019145977,0.9800851,0.0007689332
0.018666875,0.9668237,0.01450941
0.084019005,0.5351813,0.38079968
0.042128593,0.84534943,0.11252198
0.0032557982,0.99534935,0.0013948422
0.0069568087,0.99099076,0.0020524163
0.0069944784,0.9905358,0.0024697217
0.0037851934,0.9697084,0.026506396
0.019012129,0.97799724,0.0029905813
0.32866558,0.56566924,0.10566515
0.018731553,0.9796944,0.0015740421
0.019081673,0.95416605,0.02675226
0.0059991493,0.9932602,0.0007406855
0.007749354,0.98566103,0.0065896483
0.017084293,0.9727738,0.010141897
0.010341623,0.98709923,0.002559194
0.01715726,0.9788385,0.004004198
0.023400625,0.9383932,0.03820617
0.01730537,0.9815205,0.0011742003
0.010326439,0.98854184,0.0011317555
0.011037737,0.9877806,0.0011816893
0.002952671,0.99333656,0.0037107193
0.019294757,0.9790583,0.001646902
0.010145532,0.9874821,0.002372415
0.016496902,0.9522586,0.031244533
0.012364806,0.98321784,0.0044174264
0.435361,0.5439361,0.020702967
0.0088008465,0.98883504,0.0023640937
0.012348645,0.985776,0.0018753227
0.03498204,0.5210065,0.44401148
0.5334737,0.35277674,0.11374959
0.018907242,0.97736245,0.0037303355
0.019714974,0.97816193,0.002123069
0.009331869,0.98017603,0.010492102
0.00972421,0.98034036,0.009935388
0.020745965,0.9575549,0.021699162
0.015121155,0.98424613,0.00063271617
0.013719537,0.98462254,0.0016578799
0.011731168,0.9862302,0.0020385713
0.018561285,0.977448,0.0039907075
0.03149044,0.8854622,0.08304732
0.022637442,0.97581905,0.0015435091
0.008993945,0.99001837,0.0009876443
0.014059677,0.98469734,0.0012430022
0.019001609,0.97936696,0.0016314114
0.015139224,0.97489333,0.009967404
0.010469189,0.98378295,0.005747857
0.011154706,0.9846933,0.004151959
0.013042988,0.97907686,0.007880131
0.014573747,0.9730093,0.012416989
0.019931534,0.9764316,0.0036368985
0.017159712,0.98089236,0.0019479606
0.016448157,0.97958356,0.0039683026
0.007899427,0.9843539,0.007746638
0.020739786,0.9771039,0.0021562746
0.012750837,0.98560256,0.0016466153
0.013875126,0.9841875,0.0019374017
0.012990105,0.9846763,0.002333551
0.006264009,0.98865336,0.0050826664
0.031193087,0.95627743,0.012529516
0.034747217,0.9567376,0.008515172
0.08501622,0.07131173,0.8436721
0.008918778,0.9894442,0.0016369693
0.010585406,0.965042,0.024372628
0.015228455,0.9787259,0.0060456414
0.019161932,0.9723184,0.008519678
0.015463626,0.9604451,0.024091281
0.011931401,0.9865487,0.001519873
0.010476482,0.9835074,0.006016138
0.015967023,0.983033,0.0010000177
0.02050054,0.97721726,0.0022821974
0.018906325,0.9678173,0.013276305
0.011150905,0.9872458,0.0016033056
0.010132272,0.98522884,0.004638892
0.018520122,0.97909755,0.002382324
0.014121742,0.983266,0.0026122595
0.04487092,0.21323262,0.74189657
0.018162854,0.9715286,0.010308536
0.014545989,0.98164463,0.0038093994
0.062549226,0.43058863,0.50686216
0.07510733,0.9038931,0.020999614
0.0431662,0.023931945,0.93290186
0.020445673,0.9736506,0.0059037264
0.010772752,0.98692906,0.0022981355
0.00524325,0.99141085,0.003345857
0.017658066,0.9783241,0.0040177573
0.013680853,0.9808879,0.005431249
0.007552796,0.991155,0.0012921311
0.016092716,0.98210174,0.0018055527
0.011812262,0.98724616,0.000941615
0.01553875,0.9812672,0.0031941012
0.006882325,0.9909689,0.0021487665
0.011327143,0.98730135,0.0013714572
0.01892984,0.9775753,0.0034948355
0.006371308,0.9919338,0.0016948363
0.019472571,0.9775237,0.0030037644
0.0206094,0.97762114,0.0017694506
0.018873153,0.97941875,0.0017081259
0.009166675,0.9895153,0.001318008
0.02332764,0.9075709,0.0691015
0.03966041,0.95713764,0.003201924
0.021782972,0.9678468,0.010370249
0.76879066,0.056499008,0.17471032
0.96222484,0.014244311,0.023530811
0.02455162,0.9021508,0.0732976
0.98533773,0.01272254,0.001939666
0.025454246,0.11078437,0.8637614
0.04079585,0.044197068,0.9150072
0.07490303,0.02586053,0.89923644
0.029849606,0.013014882,0.95713556
0.049611203,0.03597872,0.9144101
0.6659288,0.016925467,0.31714574
0.06412799,0.029619118,0.9062529
0.050156813,0.047673374,0.9021698
0.05314642,0.06404424,0.88280934
0.06638493,0.044092532,0.88952255
0.055354282,0.04908909,0.8955566
0.028444668,0.048717912,0.9228373
0.039309155,0.02946996,0.9312209
0.074898764,0.06793024,0.857171
0.039595034,0.03605169,0.9243533
0.056411795,0.034924414,0.9086638
0.042677008,0.052391186,0.9049318
0.894726,0.0071661533,0.098107934
0.08406917,0.07346979,0.84246105
0.984429,0.012885778,0.0026852258
0.39269415,0.102090836,0.505215
0.04823631,0.03447294,0.9172908
0.8203128,0.1161606,0.06352656
0.01766936,0.068065114,0.9142655
0.042722225,0.067606464,0.88967127
0.29736784,0.024107395,0.6785248
0.044031993,0.13722683,0.8187412
0.05327968,0.028686147,0.9180342
0.027352892,0.02337333,0.94927377
0.062352985,0.04085217,0.8967948
0.013076227,0.029961027,0.9569628
0.021754675,0.011655815,0.9665895
0.022147695,0.010002265,0.96785
0.06556911,0.033686224,0.9007447
0.090070084,0.054951314,0.8549786
0.050390687,0.052041054,0.8975682
0.29201698,0.014616968,0.693366
0.9853485,0.011812607,0.0028388132
0.034514923,0.017923601,0.94756144
0.040895034,0.02195376,0.9371512
0.031018395,0.2719121,0.69706947
0.06466736,0.030338591,0.9049941
0.052419845,0.0417112,0.90586895
0.035259884,0.017302167,0.94743794
0.060402762,0.058032073,0.88156515
0.018462438,0.050186105,0.9313514
0.027124785,0.012951222,0.95992404
0.035181504,0.026843205,0.93797535
0.044679575,0.040207267,0.91511315
0.07043664,0.05369013,0.87587327
0.06809247,0.071849786,0.8600577
0.055608068,0.042970583,0.9014213
0.056407157,0.0367766,0.90681624
0.07997476,0.08991804,0.8301072
0.046258964,0.5035618,0.45017928
0.048132576,0.04455885,0.90730864
0.07735681,0.3414809,0.5811623
0.017019827,0.9728962,0.010083915
0.014556013,0.004081725,0.9813623
0.17179073,0.06652292,0.7616864
0.04478345,0.05307789,0.9021387
0.045600444,0.05532787,0.89907163
0.05113796,0.07030807,0.87855387
0.013716352,0.031244108,0.95503956
0.037918076,0.03981549,0.9222664
0.01681348,0.024897292,0.9582892
0.98088443,0.0039426503,0.015172876
0.03671366,0.06506681,0.8982195
0.16743283,0.028310664,0.80425644
0.035265807,0.06317583,0.9015584
0.055633474,0.05434473,0.89002186
0.05543557,0.029556839,0.91500765
0.05550359,0.040806055,0.9036904
0.023422081,0.038241208,0.9383368
0.042747516,0.024333026,0.9329195
0.04654133,0.042087667,0.91137105
0.04529926,0.3739532,0.58074754
0.2869253,0.2332686,0.47980607
0.115714885,0.04620835,0.8380768
0.9812253,0.0068146554,0.011960094
0.03161312,0.74054086,0.22784598
0.50948304,0.12800239,0.36251453
0.10945869,0.4056967,0.48484462
0.06438479,0.07331464,0.86230063
0.036479056,0.08014581,0.8833751
0.049100537,0.18639243,0.76450706
0.30597365,0.017675519,0.67635083
0.019761376,0.014975051,0.9652636
0.015299911,0.071719944,0.9129802
0.016173132,0.002584073,0.9812429
0.08572387,0.13819563,0.77608055
0.047051977,0.07719773,0.8757503
0.023794306,0.25946102,0.7167447
0.06371593,0.048948202,0.8873359
0.011854845,0.01079396,0.9773512
0.03739867,0.08866954,0.87393177
0.04754806,0.015895527,0.93655634
0.10225217,0.028118461,0.8696293
0.041637164,0.01624178,0.942121
0.04243057,0.09106203,0.8665074
0.025273494,0.03188635,0.94284016
0.8366862,0.07950432,0.08380944
0.42314172,0.04166719,0.53519106
0.032220054,0.012277219,0.95550275
0.06798364,0.7402311,0.19178529
0.088995904,0.045766447,0.8652378
0.3451548,0.026024334,0.6288209
0.10011964,0.0500492,0.84983116
0.91965264,0.046553288,0.033794064
0.92545366,0.025235035,0.04931139
0.02020202,0.0261689,0.95362914
0.033908598,0.023282269,0.94280916
0.24107453,0.04967572,0.70924973
0.068051435,0.035546783,0.8964018
0.0614961,0.04360727,0.8948966
0.0526479,0.04945812,0.897894
0.058939088,0.029839722,0.91122127
0.045375574,0.03787571,0.9167487
0.045806114,0.032354765,0.9218391
0.08736829,0.3085399,0.60409176
0.052641362,0.18000674,0.76735187
0.028718775,0.040460434,0.93082076
0.051796786,0.019260768,0.9289425
0.38024357,0.43234766,0.18740883
0.47743753,0.2739017,0.24866076
0.07077944,0.43357667,0.49564388
0.06363419,0.56495416,0.37141165
0.032616165,0.114622466,0.8527614
0.043159127,0.1496139,0.80722696
0.07163025,0.028912991,0.89945674
0.07300848,0.034084983,0.89290655
0.046430796,0.32768884,0.62588036
0.055145524,0.057454374,0.8874001
0.04772984,0.047266,0.9050042
0.054350775,0.028169286,0.91747993
0.981671,0.011451083,0.0068779364
0.06326052,0.063881315,0.8728581
0.17474224,0.042117372,0.78314036
0.06249448,0.036918435,0.90058714
0.06124359,0.05187534,0.886881
0.03935889,0.036401022,0.92424005
0.08550155,0.017878396,0.8966201
0.107014515,0.2859665,0.607019
0.03440504,0.02473267,0.9408623
0.03998264,0.041983366,0.91803396
0.063870005,0.026443593,0.9096863
0.0550319,0.036623366,0.90834475
0.0385831,0.035718396,0.9256985
0.04999252,0.07504766,0.8749599
0.032137442,0.012946716,0.95491594
0.48676613,0.088150315,0.42508355
0.02997759,0.02737499,0.9426474
0.07876113,0.054396637,0.86684227
0.030781392,0.026483443,0.94273514
0.026548494,0.05389193,0.9195596
0.047111202,0.05699369,0.8958951
0.055269226,0.033359192,0.9113715
0.056859765,0.05976335,0.8833769
0.066158935,0.046913713,0.88692737
0.019105952,0.02458049,0.9563135
0.018238135,0.10556999,0.87619185
0.0746781,0.03402359,0.8912983
0.03788723,0.028823085,0.93328965
0.037907794,0.010807864,0.95128435
0.03545067,0.022162808,0.94238657
0.037827425,0.065615736,0.89655685
0.050528154,0.024505509,0.9249663
0.03742795,0.021493062,0.941079
0.0390808,0.024194833,0.9367243
0.045389194,0.045611367,0.9089994
0.029224047,0.073111385,0.89766467
0.13499978,0.03478952,0.8302107
0.09292503,0.043744903,0.86333
0.08329268,0.05258336,0.8641239
0.064167775,0.064607926,0.87122434
0.058990225,0.036095235,0.9049145
0.022790294,0.050710823,0.9264989
0.03023677,0.041897684,0.92786556
0.04209825,0.031041304,0.92686045
0.042609308,0.031112809,0.92627794
0.05202091,0.049881667,0.8980974
0.08714563,0.05687312,0.8559813
0.042474654,0.05995739,0.8975679
0.06199206,0.22411576,0.71389216
0.09025885,0.070362344,0.8393789
0.04350412,0.012611063,0.9438848
0.067100085,0.045136936,0.88776296
0.048979506,0.033141192,0.9178794
0.0097704865,0.32957333,0.66065615
0.04925119,0.061835192,0.8889136
0.039578248,0.03736231,0.9230595
0.039254878,0.028081607,0.9326635
0.018886764,0.03577084,0.94534236
0.049881183,0.036103927,0.91401494
0.008574413,0.008070664,0.98335487
0.08223687,0.041797895,0.8759653
0.32655865,0.050632615,0.62280875
0.05648411,0.04164877,0.90186715
0.035872202,0.03535056,0.9287772
0.00795519,0.0036421514,0.98840266
0.036638074,0.03582432,0.92753756
0.11467919,0.037121963,0.8481988
0.023225771,0.05983266,0.9169416
0.043699685,0.028325068,0.9279752
0.040469415,0.06329537,0.89623517
0.010725328,0.018137809,0.9711368
0.9396281,0.0038325528,0.056539375
0.053920988,0.02602361,0.9200554
0.069431975,0.06465455,0.8659135
0.03189333,0.0469057,0.921201
0.035017785,0.052107923,0.9128744
0.03379071,0.050232902,0.9159764
0.013354722,0.033804066,0.95284116
0.019842196,0.05803539,0.92212236
0.05317593,0.041252002,0.90557206
0.9966949,0.0025790303,0.0007260295
0.07151327,0.121173926,0.80731285
0.040566534,0.03704462,0.92238885
0.043627758,0.028113235,0.928259
0.04565197,0.027500682,0.92684734
0.09399246,0.1572541,0.7487535
0.025958972,0.029907787,0.9441333
0.01924802,0.014500817,0.96625113
0.033274483,0.037926506,0.92879903
0.031035654,0.01844197,0.95052236
0.021496365,0.02525481,0.95324886
0.04410951,0.02104033,0.9348502
0.014329177,0.010121294,0.9755495
0.05301549,0.046786007,0.9001985
0.04335402,0.022425974,0.93422
0.06497644,0.071992636,0.8630309
0.3177051,0.04853171,0.6337632
0.026127739,0.007693234,0.96617895
0.030124327,0.01704739,0.9528282
0.03476541,0.036540736,0.9286939
0.027113646,0.01148064,0.9614057
0.054574978,0.025059555,0.9203654
0.042876676,0.041274384,0.9158489
0.06760447,0.026089309,0.9063062
0.024821496,0.020739136,0.9544394
0.11451895,0.074883655,0.8105975
0.058232725,0.29385895,0.64790833
0.041995462,0.04328624,0.9147183
0.05295563,0.034593754,0.9124507
0.05134828,0.039370093,0.9092817
0.057510298,0.05595906,0.88653064
0.04524103,0.025427533,0.9293314
0.05732228,0.028321214,0.91435647
0.009649431,0.013741421,0.9766092
0.039732657,0.026338737,0.93392867
0.041065775,0.017870367,0.9410638
0.04285721,0.10052566,0.8566172
0.06137732,0.030502897,0.90811986
0.011921907,0.005198133,0.98287994
0.030823875,0.024217574,0.94495857
0.037352923,0.038015325,0.9246318
0.006193356,0.0038156162,0.98999107
0.02001113,0.014856494,0.96513236
0.052137144,0.101880394,0.84598255
0.031630367,0.019297527,0.94907206
0.050361164,0.030426502,0.91921234
0.05155572,0.03638041,0.91206384
0.07448732,0.024253443,0.9012592
0.044860087,0.06807028,0.88706964
0.05190031,0.066836834,0.88126284
0.055803653,0.038278416,0.90591794
0.06820904,0.04637845,0.8854125
0.1834796,0.03417312,0.7823473
0.04312355,0.03485437,0.9220221
0.028381217,0.02068319,0.9509356
0.045573566,0.031877678,0.9225488
0.062259123,0.025526153,0.9122147
0.044235755,0.028255586,0.92750865
0.04687888,0.015204488,0.93791664
0.02837591,0.02826528,0.94335884
0.065227896,0.22878209,0.70599
0.039620005,0.014433741,0.9459463
0.054466832,0.03502933,0.91050386
0.028229821,0.03783928,0.9339309
0.05236899,0.055800967,0.8918301
0.039882395,0.11196222,0.8481554
0.016638998,0.013474671,0.96988636
0.08513055,0.030383885,0.8844856
0.08801702,0.035113472,0.8768696
0.031399388,0.066084154,0.90251637
0.048791986,0.042184725,0.9090233
0.0516817,0.03759024,0.9107281
0.020219184,0.04288769,0.93689317
0.06106608,0.04419954,0.8947344
0.035366878,0.01894902,0.945684
0.036487564,0.047868412,0.91564405
0.054113906,0.019829782,0.9260562
0.048926372,0.046640296,0.90443337
0.018747449,0.020630298,0.96062213
0.045983497,0.028607624,0.92540896
0.049794737,0.04840432,0.90180093
0.04659369,0.037439078,0.9159673
0.055082537,0.02591771,0.9189998
0.06120214,0.04817906,0.89061886
0.06005069,0.031275816,0.9086735
0.3274395,0.034587782,0.63797265
0.057091232,0.038441695,0.90446705
0.045754794,0.043277483,0.9109677
0.046905797,0.034586165,0.91850805
0.059308264,0.03973999,0.9009518
0.03392546,0.031963523,0.93411106
0.022662796,0.040598556,0.93673867
0.06872095,0.11308062,0.81819844
0.05257113,0.037169456,0.91025937
0.019381383,0.02649121,0.9541275
0.0548735,0.17644325,0.76868325
0.041707516,0.032832652,0.9254598
0.055739377,0.04203322,0.9022274
0.04450809,0.05977531,0.8957166
0.060894568,0.03548482,0.90362066
0.047160648,0.027535439,0.925304
0.05519445,0.0030210032,0.94178444
0.062943675,0.025556026,0.9115003
0.071213305,0.031942002,0.89684474
0.059729725,0.0461105,0.89415973
0.016007626,0.04267162,0.94132084
0.05173726,0.032093037,0.91616976
0.08074255,0.054155078,0.8651023
0.011779289,0.019939644,0.96828103
0.07210168,0.058905173,0.86899316
0.08404582,0.07578091,0.8401733
0.044292115,0.06954531,0.8861626
0.045301344,0.0536393,0.9010593
0.056468625,0.04279158,0.9007397
0.026552055,0.036541298,0.9369067
0.048817866,0.050515287,0.90066683
0.048642736,0.05479742,0.8965598
0.16001984,0.016547827,0.8234323
0.07431613,0.087139264,0.8385446
0.05163529,0.028627321,0.91973734
0.029593535,0.069346696,0.9010598
0.09928213,0.4624506,0.4382672
0.044953354,0.025290532,0.9297561
0.03856247,0.022581328,0.93885624
0.08231471,0.027518176,0.8901671
0.057986762,0.017057361,0.9249558
0.04961347,0.017898753,0.9324878
0.05191289,0.03239122,0.9156959
0.042236034,0.07304863,0.8847153
0.047716822,0.06762089,0.8846623
0.03372666,0.05203322,0.91424006
0.034192502,0.050632037,0.91517544
0.047449853,0.05021502,0.9023351
0.053524952,0.0304976,0.9159774
0.057941243,0.05626837,0.88579035
0.06643801,0.023550805,0.9100111
0.044581223,0.023401065,0.93201774
0.041035198,0.058152154,0.9008127
0.048570123,0.02869266,0.92273724
0.12275418,0.030141016,0.84710485
0.09995416,0.028525697,0.87152016
0.03478557,0.015802057,0.94941235
0.046446647,0.03779775,0.9157556
0.038388714,0.033352695,0.9282586
0.061901767,0.10540132,0.8326969
0.052081678,0.036394395,0.91152394
0.05641278,0.033130992,0.9104562
0.05378452,0.043598585,0.90261686
0.05194599,0.022782343,0.92527163
0.07331452,0.026526842,0.9001587
0.06493013,0.052633397,0.8824365
0.040890817,0.020222664,0.93888646
0.04155826,0.04792678,0.91051495
0.091152795,0.063634895,0.84521234
0.044966098,0.0349513,0.9200827
0.024552433,0.025806222,0.9496413
0.036736026,0.017677855,0.9455861
0.01576917,0.011480777,0.97275
0.05301848,0.036120173,0.9108613
0.051623665,0.047511525,0.9008648
0.056153994,0.048124958,0.895721
0.037153598,0.026839247,0.9360071
0.044003766,0.042318013,0.91367817
0.035266414,0.018969148,0.9457644
0.08396703,0.052957345,0.8630757
0.040040106,0.021557873,0.93840206
0.050263193,0.1609889,0.7887479
0.048930205,0.0132856425,0.9377842
0.018608335,0.034393497,0.9469981
0.02074981,0.019645523,0.9596047
0.0957572,0.030101927,0.87414086
0.023993008,0.02692343,0.94908357
0.06102949,0.0351148,0.9038556
0.042072374,0.0068882774,0.9510393
0.048850328,0.7684037,0.18274596
0.04648522,0.034309544,0.91920525
0.05171994,0.043087214,0.90519285
0.05188187,0.0400912,0.90802693
0.042023685,0.044429224,0.9135471
0.05616297,0.037412606,0.9064244
0.037750594,0.03956228,0.92268723
0.035240434,0.109292746,0.8554668
0.022654187,0.052775543,0.9245703
0.021227343,0.045690555,0.9330821
0.07150021,0.02451752,0.90398234
0.048088178,0.045440137,0.9064717
0.0061244443,0.0110682985,0.9828073
0.055822667,0.041483883,0.9026935
0.03555906,0.032918885,0.9315221
0.06277044,0.039704975,0.8975246
0.25839636,0.042972025,0.6986316
0.024474764,0.029811917,0.9457133
0.28691122,0.12388194,0.5892069
0.05819432,0.11940699,0.82239866
0.025399975,0.045368873,0.9292311
0.033453293,0.030016636,0.93653
0.045132432,0.037672747,0.9171947
0.017616332,0.040088598,0.94229513
0.066659525,0.026515327,0.90682507
0.031903148,0.03392757,0.93416935
0.9907703,0.0027720204,0.0064577404
0.2877348,0.06305282,0.64921236
0.04207373,0.10913094,0.8487953
0.063299425,0.050417442,0.88628304
0.45960623,0.15137716,0.38901663
0.016674973,0.025476005,0.957849
0.017210236,0.011419793,0.9713699
0.07965806,0.046192683,0.87414926
0.14388207,0.029345823,0.82677215
0.23911968,0.09245932,0.668421
0.030029656,0.025685728,0.9442846
0.053028345,0.022497514,0.9244741
0.043556616,0.01694081,0.9395026
0.02833918,0.125896,0.8457649
0.06735653,0.040181164,0.89246225
0.056394335,0.09772656,0.84587914
0.05091056,0.021662401,0.927427
0.09760306,0.046375357,0.8560215
0.07867501,0.03921411,0.8821109
0.033884086,0.042210627,0.92390525
0.052200124,0.033310283,0.9144896
0.15130778,0.07728046,0.7714118
0.024184883,0.09706454,0.8787506
0.03424276,0.04295004,0.9228073
0.05882879,0.020035043,0.9211362
0.011291728,0.033842813,0.9548655
0.08363133,0.04830766,0.868061
0.20209591,0.055955835,0.74194825
0.026727308,0.010641775,0.962631
0.043688744,0.02766199,0.9286493
0.04765197,0.0155764455,0.93677163
0.05169791,0.032829117,0.915473
0.05011008,0.03793605,0.9119538
0.35789925,0.03677657,0.6053242
0.05439888,0.032673944,0.91292715
0.07037882,0.0363342,0.893287
0.040173262,0.022890035,0.93693674
0.07433928,0.0226722,0.9029885
0.04587423,0.028207147,0.92591864
0.0127377715,0.016039276,0.97122294
0.123663425,0.018780103,0.85755646
0.030961476,0.029085618,0.9399528
0.014748702,0.08692806,0.89832336
0.02223986,0.03853978,0.9392204
0.01813435,0.12917744,0.85268813
0.042495742,0.085843764,0.87166053
0.04098207,0.041627444,0.9173904
0.09895105,0.019107752,0.88194114
0.023238406,0.017168425,0.9595932
0.15857846,0.057433315,0.78398824
0.013173006,0.014271262,0.9725558
0.034158017,0.056042735,0.9097992
0.201264,0.06388959,0.73484635
0.043805193,0.025979077,0.9302157
0.035168555,0.040836096,0.9239953
0.026583357,0.9338981,0.03951853
0.046572845,0.060387567,0.8930395
0.043403894,0.034001634,0.9225945
0.03565125,0.024005342,0.94034344
0.08809284,0.037703708,0.87420344
0.054274913,0.025939863,0.91978526
0.04876822,0.036418855,0.91481286
0.04923005,0.027293824,0.92347604
0.034776475,0.047953423,0.9172701
0.01284093,0.009981013,0.9771781
0.053664077,0.07770045,0.8686355
0.03287092,0.025080245,0.9420488
0.06336195,0.042084686,0.89455336
0.074688055,0.19016467,0.7351473
0.06294182,0.027363311,0.9096949
0.11244162,0.06760251,0.8199559
0.05922997,0.020569522,0.9202005
0.17124446,0.045198362,0.7835572
0.046337638,0.03289041,0.92077196
0.041249964,0.027211364,0.93153876
0.059109494,0.024353433,0.91653705
0.020512696,0.028064925,0.95142233
0.13040164,0.016361574,0.8532368
0.039406117,0.046025448,0.9145684
0.036772978,0.036808904,0.9264181
0.09932933,0.08587846,0.81479216
0.006229802,0.003771193,0.989999
0.036568485,0.037655678,0.9257759
0.04438602,0.038488,0.91712606
0.06517793,0.054192938,0.8806291
0.038839377,0.084915884,0.87624484
0.06422786,0.041306946,0.8944652
0.06482743,0.056709383,0.87846327
0.08174283,0.030814705,0.8874424
0.9931156,0.0062372205,0.00064720615
0.9926537,0.0067277537,0.000618488
0.069570065,0.021155601,0.9092744
0.45335564,0.109163724,0.4374806
0.0138307195,0.9715039,0.014665327
0.041887194,0.034998063,0.9231148
0.062329203,0.034186956,0.9034838
0.033478487,0.029286133,0.93723536
0.0512183,0.024815973,0.9239657
0.054334655,0.025766328,0.9198989
0.02892159,0.022634408,0.948444
0.026037604,0.026969269,0.9469931
0.03356234,0.017634371,0.9488033
0.035557628,0.016439227,0.9480032
0.043317936,0.04575286,0.91092926
0.044124726,0.045927282,0.90994805
0.019275097,0.10399687,0.876728
0.030751834,0.022808231,0.94643986
0.048108175,0.023537818,0.9283539
0.07332421,0.038188983,0.8884868
0.032916375,0.01726122,0.94982237
0.33930242,0.02311097,0.63758665
0.05344507,0.04744228,0.8991127
0.049845777,0.03500245,0.9151518
0.031005453,0.0341194,0.9348752
0.05126789,0.056692988,0.89203906
0.051361788,0.043547638,0.90509063
0.054828722,0.026825968,0.91834533
0.029619873,0.018754138,0.951626
0.054001432,0.048548598,0.89745003
0.035760593,0.034728114,0.9295113
0.07519803,0.02025905,0.9045429
0.107332446,0.15586306,0.7368045
0.04141459,0.026975317,0.9316101
0.031816557,0.013524705,0.9546587
0.06396485,0.031204438,0.90483063
0.031273175,0.050317187,0.9184097
0.12022296,0.023386082,0.85639095
0.022386923,0.019167261,0.9584458
0.07041362,0.04367814,0.8859082
0.05651264,0.02066838,0.92281896
0.029232947,0.013048273,0.9577188
0.06314575,0.033081066,0.9037731
0.03231558,0.04335815,0.92432624
0.086155094,0.0138937915,0.8999511
0.030865895,0.019183796,0.9499503
0.06332753,0.035592973,0.90107954
0.013950525,0.009950536,0.97609895
0.063804306,0.039347097,0.8968486
0.04591985,0.046054583,0.90802556
0.027277736,0.08601385,0.8867084
0.03340836,0.028575683,0.93801606
0.05665401,0.05539569,0.88795036
0.058736328,0.056375954,0.8848877
0.0672717,0.059483133,0.87324506
0.053302024,0.03185919,0.91483873
0.091099046,0.03182301,0.8770779
0.033880357,0.040509902,0.9256097
0.02435256,0.025421767,0.95022565
0.04007124,0.02537153,0.9345573
0.061436474,0.039280884,0.8992827
0.015599174,0.023076609,0.96132416
0.018821292,0.016772732,0.9644059
0.019777529,0.0075434465,0.9726791
0.031850614,0.04277606,0.9253734
0.019472482,0.009667859,0.97085965
0.0636965,0.015701229,0.92060226
0.019246027,0.06691334,0.9138406
0.100454755,0.046036474,0.85350883
0.043234263,0.035080623,0.9216851
0.04515676,0.048730828,0.9061125
0.38868174,0.010197432,0.6011208
0.062112495,0.020683533,0.9172041
0.037867397,0.014642015,0.9474906
0.09301492,0.32751992,0.5794652
0.07409436,0.032023575,0.8938821
0.050841022,0.08292706,0.866232
0.047499176,0.015078222,0.93742263
0.044492487,0.041552633,0.9139549
0.054087862,0.03820451,0.90770763
0.07509942,0.04419181,0.88070875
0.026867028,0.06675679,0.90637624
0.051647272,0.03823136,0.9101214
0.03870312,0.039044783,0.9222521
0.054963097,0.07683214,0.86820483
0.044195876,0.039927647,0.9158765
0.03100476,0.070832126,0.8981631
0.04085863,0.046298895,0.9128425
0.06840686,0.041007474,0.89058566
0.021151824,0.0054163462,0.9734318
0.04114952,0.03229863,0.9265519
0.03449004,0.045071434,0.9204385
0.046750788,0.042235818,0.9110134
0.03722068,0.043218926,0.91956043
0.026819434,0.06929311,0.90388745
0.06865264,0.029671662,0.9016757
0.058964875,0.03119392,0.9098411
0.06960471,0.017107414,0.9132878
0.054533772,0.040053915,0.9054123
0.01412006,0.061394677,0.9244852
0.048152998,0.0677741,0.8840729
0.057663694,0.035909254,0.906427
0.0404321,0.055372167,0.9041957
0.076103084,0.0858999,0.8379971
0.054417755,0.034120336,0.91146195
0.07348228,0.023417644,0.90310013
0.057659924,0.025288343,0.91705173
0.043149404,0.031568777,0.92528176
0.041766077,0.04048107,0.91775286
0.07699719,0.035772074,0.88723063
0.015823614,0.02601241,0.958164
0.1522444,0.064716645,0.783039
0.04380451,0.05196837,0.9042271
0.015143742,0.014422064,0.9704342
0.044064883,0.017459465,0.93847567
0.04172504,0.030616255,0.9276587
0.016043194,0.015338451,0.9686184
0.045979075,0.10240829,0.85161257
0.0530396,0.024094325,0.92286605
0.04374624,0.07543924,0.88081455
0.32366157,0.07592508,0.6004133
0.047890395,0.03156102,0.9205485
0.05753311,0.020255277,0.9222116
0.08078425,0.036164246,0.88305146
0.06748255,0.032252252,0.9002652
0.030406522,0.010652868,0.95894057
0.049619786,0.051747795,0.89863247
0.04907584,0.099523924,0.8514003
0.019677013,0.006900539,0.9734225
0.028963026,0.028625594,0.94241136
0.033308584,0.052248463,0.914443
0.053376917,0.043820985,0.9028021
0.05012679,0.0447145,0.9051587
0.022906486,0.034894127,0.94219947
0.029298509,0.10438066,0.86632085
0.026953217,0.016395917,0.9566509
0.045442406,0.02835394,0.92620367
0.38357866,0.050634965,0.56578636
0.016472232,0.030834345,0.95269346
0.04423486,0.02918041,0.92658466
0.018088715,0.010561363,0.9713499
0.041166645,0.0218848,0.93694854
0.029594269,0.049755048,0.92065066
0.017228058,0.0065903193,0.9761816
0.047876745,0.037213694,0.91490954
0.030808419,0.031141156,0.93805045
0.042437375,0.05286577,0.90469676
0.22096244,0.10664197,0.6723956
0.08730734,0.0343574,0.8783352
0.063263305,0.039204426,0.8975323
0.037027232,0.04371404,0.91925883
0.03653626,0.023937676,0.939526
0.022664435,0.011735212,0.9656004
0.05404945,0.0424239,0.90352666
0.059227005,0.04805726,0.89271575
0.051357705,0.028473428,0.9201689
0.038869675,0.02032348,0.9408068
0.06466574,0.018800437,0.9165337
0.04146902,0.027516622,0.93101436
0.050560426,0.02478599,0.9246536
0.038751833,0.018702598,0.94254565
0.025918592,0.03141682,0.94266456
0.034709193,0.09639833,0.8688925
0.06621068,0.06672997,0.8670593
0.0682045,0.016551804,0.9152436
0.046871856,0.044204373,0.90892375
0.05787103,0.046546113,0.8955828
0.049470328,0.03871611,0.91181356
0.03473336,0.06948146,0.89578515
0.05424796,0.065948755,0.87980324
0.038558047,0.07698195,0.88446003
0.026233347,0.050813608,0.922953
0.02506925,0.039709993,0.9352207
0.07733183,0.022836931,0.8998312
0.044757396,0.043000754,0.9122418
0.0411547,0.032176755,0.9266686
0.06836717,0.04286672,0.8887661
0.024087159,0.025892273,0.9500205
0.029745927,0.02294102,0.9473131
0.05323588,0.02589447,0.92086965
0.061302148,0.036108132,0.9025897
0.054624047,0.043763258,0.90161276
0.055380046,0.027846834,0.916773
0.01797672,0.05548045,0.9265429
0.9865534,0.011485581,0.0019611171
0.04320473,0.04379948,0.91299576
0.93171775,0.024384886,0.04389736
0.86330414,0.04235636,0.09433949
0.9769445,0.019047387,0.004008175
0.8420924,0.008978871,0.14892873
0.97680295,0.014587768,0.008609271
0.9866996,0.0113313,0.0019690846
0.9948784,0.0044393637,0.0006821296
0.9899368,0.008631805,0.0014312937
0.84839594,0.1462104,0.005393756
0.71069044,0.02722212,0.26208746
0.9884803,0.004176075,0.00734357
0.7062214,0.032383643,0.26139492
0.9858225,0.0041082925,0.010069308
0.9890715,0.00997505,0.0009535444
0.99083745,0.0067681135,0.002394465
0.8930743,0.08532992,0.021595864
0.9860853,0.00822052,0.005694188
0.04679394,0.07156158,0.8816444
0.990989,0.008326195,0.0006847919
0.98926383,0.009548042,0.0011880957
0.32467198,0.07677821,0.5985498
0.9836901,0.012977095,0.0033327937
0.49057415,0.041688025,0.46773785
0.84000975,0.15599434,0.003995901
0.983294,0.0051347204,0.011571271
0.98279047,0.016246164,0.0009633501
0.97134733,0.00982504,0.018827617
0.9067297,0.01526954,0.07800082
0.98392016,0.011680854,0.0043990496
0.19989814,0.6564016,0.14370029
0.9764055,0.011785686,0.011808727
0.96245164,0.02447394,0.013074395
0.93031657,0.02828583,0.041397493
0.08451209,0.061529193,0.8539587
0.9966107,0.002275794,0.0011134744
0.973239,0.0057984046,0.020962583
0.988194,0.008516222,0.003289715
0.1572542,0.093626074,0.7491197
0.08980466,0.05146985,0.85872555
0.9905352,0.0058784448,0.0035864098
0.98814476,0.008666812,0.003188342
0.1295827,0.5215981,0.34881917
0.96410155,0.03433742,0.0015611387
0.9822428,0.017267445,0.0004898397
0.98934186,0.006837557,0.0038205688
0.99048924,0.0054152263,0.0040956186
0.99814355,0.0009137515,0.00094275706
0.97840923,0.014329141,0.0072616544
0.9925436,0.006793022,0.0006634671
0.97686005,0.01662822,0.006511704
0.98915344,0.010608899,0.00023760757
0.99146444,0.007423509,0.0011120603
0.9918389,0.006414397,0.0017467621
0.025320599,0.95061255,0.02406689
0.9871882,0.01176552,0.0010462909
0.98207355,0.0153553365,0.0025711511
0.98973876,0.009496816,0.0007644684
0.9823614,0.016350463,0.0012881932
0.99322575,0.005242599,0.0015316547
0.99331725,0.00590648,0.00077627634
0.99089396,0.007851596,0.0012544942
0.99492985,0.0048854724,0.0001846811
0.99007857,0.007738608,0.0021827745
0.9841846,0.014827759,0.0009875941
0.9963995,0.0032783865,0.00032207812
0.9937,0.0060252966,0.00027474167
0.9965334,0.0033239627,0.0001426616
0.99499667,0.004311704,0.0006916018
0.99669254,0.0032222094,8.520074e-05
0.99642545,0.0030918936,0.00048256572
0.99070567,0.008774545,0.00051979703
0.97197187,0.023885515,0.004142581
0.990225,0.008550408,0.0012246068
0.98926127,0.009698377,0.0010403285
0.99551153,0.0041405754,0.00034793917
0.98807997,0.009011468,0.0029085032
0.9865841,0.010917231,0.002498606
0.9703217,0.027959378,0.0017189097
0.99272126,0.00682083,0.00045786056
0.9698566,0.019952593,0.010190789
0.9898086,0.00900962,0.0011818049
0.9938319,0.0030479177,0.0031201972
0.9915759,0.0038142672,0.0046098796
0.9940035,0.0026745251,0.003322006
0.98972255,0.0083481,0.0019293637
0.99266267,0.0023570766,0.004980195
0.989949,0.008548024,0.0015029338
0.957119,0.03149615,0.011384891
0.044113334,0.011780547,0.94410616
0.9934362,0.005052685,0.0015111767
0.11195923,0.20612574,0.68191504
0.99449193,0.0048547927,0.00065318623
0.99156195,0.007366463,0.001071654
0.9945261,0.004623595,0.00085028243
0.91091037,0.03658362,0.052506074
0.9603469,0.012088983,0.027564077
0.8790103,0.041434303,0.07955534
0.9192561,0.02002346,0.06072039
0.06395588,0.021569485,0.91447467
0.9138566,0.07002316,0.016120246
0.99634796,0.0028930162,0.0007591234
0.28452554,0.6615417,0.053932708
0.989613,0.009221454,0.001165527
0.4261806,0.546159,0.027660351
0.99057615,0.0075631416,0.0018606818
0.99147135,0.007599605,0.00092916755
0.27946293,0.050794676,0.66974235
0.98837566,0.01084135,0.0007830473
0.9302708,0.020233724,0.04949551
0.9890055,0.008374702,0.0026198213
0.98850214,0.0105605805,0.00093730487
0.99261695,0.006900507,0.00048260277
0.9941706,0.0030909278,0.0027384106
0.99023867,0.00580822,0.0039531337
0.989258,0.010293633,0.000448313
0.99002236,0.009555363,0.0004223005
0.14258823,0.48972675,0.36768496
0.98597383,0.011191049,0.002835072
0.9895865,0.009873607,0.00053989276
0.96887714,0.02204167,0.009081287
0.9909514,0.007806179,0.001242375
0.19194707,0.09775018,0.7103028
0.5029011,0.44619876,0.050900165
0.9957658,0.0036908463,0.00054326403
0.9922841,0.007187009,0.0005288239
0.9931252,0.005002017,0.0018727713
0.98616195,0.013035139,0.00080295175
0.9805385,0.01900577,0.0004557886
0.020308573,0.79903626,0.18065515
0.01523906,0.9842015,0.0005594363
0.0066346396,0.9923907,0.00097466214
0.5100333,0.25347298,0.23649366
0.0117292255,0.9860669,0.002203856
0.011906139,0.98542166,0.0026722301
0.015744908,0.98270214,0.0015528792
0.015349417,0.9836142,0.0010364123
0.008665978,0.9529858,0.03834827
0.07719277,0.32738274,0.5954245
0.031620134,0.8454989,0.122880936
0.00631001,0.8394629,0.15422712
0.009091197,0.98520863,0.005700248
0.0043872753,0.9947948,0.0008179295
0.01233424,0.9807873,0.0068784594
0.009949355,0.9865238,0.0035268262
0.0052595083,0.988675,0.0060654916
0.035421964,0.04386862,0.9207095
0.011127957,0.9861768,0.0026952524
0.07618237,0.8964676,0.02734999
0.014193951,0.98347986,0.0023261677
0.0067106923,0.9833909,0.009898408
0.020040512,0.17827061,0.8016889
0.013164807,0.85984004,0.12699513
0.015650243,0.8730307,0.11131905
0.13156296,0.5048251,0.3636119
0.013831676,0.9849454,0.0012228449
0.0067841113,0.9912416,0.001974289
0.0722039,0.9254455,0.002350644
0.069476426,0.46446663,0.46605688
0.035510477,0.6524382,0.3120513
0.011059845,0.9878278,0.0011123178
0.679139,0.2239016,0.09695943
0.049362976,0.83797455,0.11266242
0.005276281,0.97645104,0.018272715
0.016479576,0.97572076,0.007799619
0.05865041,0.18242885,0.7589207
0.027740955,0.959925,0.012334041
0.006427976,0.9900635,0.0035085084
0.022325512,0.9765738,0.0011007199
0.013489644,0.98529184,0.0012185059
0.05097391,0.44521186,0.50381416
0.016503876,0.925156,0.058340155
0.010607791,0.98712033,0.0022718017
0.028375851,0.8818852,0.08973901
0.010873042,0.98836505,0.0007619178
0.043892015,0.9541625,0.0019455048
0.8335665,0.15172961,0.014703943
0.037328094,0.73556745,0.2271045
0.014810812,0.9763625,0.008826683
0.079365306,0.20808123,0.7125535
0.028235791,0.8618208,0.10994336
0.0038759827,0.9958806,0.00024346577
0.008182291,0.9911315,0.0006862294
0.013653011,0.98560625,0.0007407423
0.027854806,0.900177,0.0719682
0.14846627,0.09164625,0.7598875
0.0100301765,0.9877622,0.0022076447
0.016763095,0.07246089,0.91077596
0.010780764,0.9876631,0.0015561528
0.013658171,0.98405486,0.0022869715
0.014819132,0.9477797,0.037401102
0.015999747,0.9821661,0.0018341063
0.012384766,0.98576725,0.0018480358
0.0095512,0.98959106,0.0008577098
0.03218457,0.95538294,0.0124325175
0.011930159,0.9874098,0.0006600354
0.0009452073,0.9833003,0.015754491
0.017360333,0.97888523,0.003754435
0.01501507,0.9811662,0.003818714
0.030439503,0.96562195,0.003938576
0.016934419,0.9794247,0.0036409285
0.01941986,0.92344624,0.057133906
0.022769842,0.9748396,0.0023905674
0.012699583,0.97210103,0.015199411
0.04926072,0.50726634,0.44347295
0.05189753,0.19066936,0.7574331
0.066144526,0.58388186,0.34997362
0.006305481,0.99228764,0.001406943
0.012646529,0.9852068,0.0021467288
0.040024973,0.9565487,0.0034263507
0.014845231,0.98246187,0.0026929774
0.0039877812,0.9950235,0.0009887674
0.020260347,0.9761982,0.0035414102
0.011821412,0.98704636,0.0011322526
0.017014025,0.98115015,0.0018357912
0.019904206,0.9731901,0.0069056316
0.0061871936,0.9928768,0.0009359528
0.007911658,0.9801184,0.0119699575
0.0343715,0.75803804,0.20759052
0.016621074,0.9783492,0.005029693
0.013975794,0.96364725,0.022376917
0.02018004,0.97899836,0.0008216195
0.9346832,0.0398425,0.025474261
0.05488461,0.047129035,0.89798635
0.73858345,0.23234886,0.029067673
0.012634072,0.9861605,0.0012053716
0.003258013,0.9844223,0.012319651
0.020831086,0.15596473,0.8232041
0.0056021833,0.9787168,0.015681054
0.039146375,0.95867294,0.002180627
0.02798521,0.9617797,0.010235035
0.009941596,0.9761747,0.013883651
0.05643855,0.55843854,0.38512293
0.02593305,0.7060722,0.2679948
0.012405776,0.9855129,0.0020813276
0.016839707,0.95697635,0.026183931
0.01581185,0.9820732,0.0021149705
0.0074994797,0.9764996,0.016000919
0.010217463,0.9838576,0.0059249755
0.016542327,0.98230976,0.0011479222
0.062801376,0.33916965,0.59802896
0.05886646,0.9285018,0.012631694
0.0054046735,0.98566717,0.008928222
0.21905619,0.6995667,0.081377104
0.022184059,0.9506885,0.027127441
0.0079093445,0.9722066,0.019884089
0.008085222,0.9860912,0.0058235666
0.02012393,0.6122072,0.36766896
0.015247844,0.98284733,0.0019047676
0.009834598,0.98375344,0.0064120055
0.018320393,0.7287745,0.2529052
0.01714833,0.9821583,0.0006934287
0.012505928,0.98573756,0.0017564804
0.0076905186,0.9897082,0.0026012808
0.015246419,0.9798805,0.0048730485
0.008437539,0.98770696,0.0038554496
0.25129294,0.5366835,0.21202359
0.0055834358,0.99370944,0.0007070867
0.0065082,0.9907415,0.0027503683
0.006994472,0.99247146,0.00053411425
0.96889436,0.026329419,0.004776249
0.008777362,0.95305824,0.03816438
0.041773304,0.8758775,0.08234917
0.010716406,0.9846474,0.004636154
0.026728427,0.8637761,0.10949554
0.013302204,0.9574724,0.029225426
0.010279902,0.9889038,0.0008162682
0.019052016,0.980049,0.0008989409
0.03217779,0.66894394,0.29887825
0.03856449,0.19680527,0.76463026
0.011738426,0.98684037,0.0014212541
0.0041258954,0.9939214,0.0019527455
0.0126955565,0.9851703,0.0021341085
0.033580914,0.94102126,0.025397763
0.016098961,0.9805658,0.0033352112
0.008955709,0.9877367,0.0033075158
0.015929854,0.9222245,0.06184556
0.008261672,0.987158,0.004580386
0.096343756,0.5479608,0.35569543
0.014613237,0.98329794,0.0020888532
0.014208439,0.9806456,0.005145956
0.007877517,0.9739847,0.018137781
0.0057369974,0.98000824,0.01425478
0.0143733565,0.9843078,0.0013187763
0.0142763555,0.95688456,0.02883903
0.0017292467,0.99735594,0.00091481546
0.006024989,0.9917105,0.0022646042
0.009264355,0.9673996,0.023336116
0.037516993,0.12470686,0.8377761
0.009974015,0.9880036,0.0020223903
0.015368654,0.98196596,0.0026654606
0.020605411,0.97647786,0.002916766
0.00711043,0.98555344,0.007336139
0.0077883145,0.9809899,0.011221807
0.01972745,0.9768711,0.0034014387
0.008569466,0.987598,0.0038325023
0.010679519,0.98798895,0.0013314873
0.008997127,0.99036866,0.00063416996
0.00873199,0.98975956,0.0015085273
0.020774947,0.9074181,0.07180702
0.014694663,0.95461917,0.030686185
0.0069663115,0.99137586,0.0016578789
0.013185162,0.9810883,0.0057265186
0.013650236,0.9786927,0.0076570883
0.041557062,0.13949168,0.8189512
0.024836684,0.967225,0.007938282
0.073691696,0.5571527,0.36915562
0.050337024,0.90984315,0.039819866
0.017338403,0.89495325,0.08770839
0.018695744,0.9797332,0.0015710331
0.0153178815,0.98351234,0.0011697091
0.028111171,0.9689433,0.0029455856
0.019983472,0.97897595,0.0010406311
0.015941758,0.98339635,0.0006618617
0.009068531,0.98756266,0.003368865
0.012760755,0.98636913,0.00087007805
0.04428711,0.9506063,0.0051066186
0.050748356,0.9404071,0.008844616
0.018310696,0.9803935,0.0012956958
0.013031161,0.98586094,0.001107937
0.017675765,0.98121935,0.0011048765
0.09847337,0.8897656,0.011760968
0.015293301,0.9733417,0.011365016
0.055219974,0.9367153,0.008064701
0.018936273,0.97886306,0.002200612
0.014512842,0.9842016,0.0012855746
0.017397448,0.980978,0.0016245482
0.017825508,0.98087305,0.0013014032
0.008239575,0.9903032,0.0014572146
0.01930186,0.98037565,0.0003225183
0.019685455,0.97956306,0.00075145427
0.149373,0.84460443,0.0060225395
0.04558832,0.9493564,0.005055277
0.021257283,0.9763763,0.002366441
0.055733863,0.93715954,0.0071065547
0.014262656,0.9824667,0.0032706484
0.022444893,0.97510713,0.00244793
0.03136983,0.9654598,0.0031703894
0.014512373,0.9822495,0.003238148
0.016702026,0.9821547,0.0011432664
0.012600361,0.9854521,0.0019474834
0.0190718,0.9791525,0.001775687
0.027241854,0.9706799,0.0020782212
0.028959226,0.9693551,0.001685629
0.017730705,0.98138994,0.0008793184
0.015828077,0.98116285,0.003009064
0.02157881,0.9776857,0.0007355075
0.021762228,0.977368,0.0008697489
0.017284138,0.9822327,0.00048318328
0.01766425,0.9815382,0.0007976276
0.0029841517,0.9961146,0.0009012702
0.013013302,0.9864347,0.00055201276
0.009855765,0.9897294,0.0004148193
0.016347518,0.9821845,0.0014680277
0.025039345,0.9732146,0.001746061
0.014298613,0.98494357,0.0007577987
0.022651033,0.9764049,0.0009440946
0.013920357,0.9854693,0.00061042444
0.016519463,0.9809521,0.0025283988
0.017467562,0.9810916,0.001440843
0.018857338,0.9805111,0.0006315475
0.013390566,0.9838027,0.0028068149
0.017803784,0.98159295,0.0006032916
0.020312922,0.9787314,0.0009556311
0.004813578,0.99378294,0.0014035697
0.022154363,0.9747823,0.0030633798
0.015383959,0.98102576,0.0035903407
0.012677105,0.97703665,0.010286304
0.00884994,0.984688,0.0064621214
0.019630244,0.9768157,0.0035540473
0.019304175,0.9785801,0.002115696
0.07630595,0.24776615,0.6759279
0.017418569,0.97929573,0.0032856618
0.03668411,0.92372835,0.03958759
0.013566479,0.9812742,0.0051593212
0.017164987,0.9519349,0.03090019
0.015575805,0.97881603,0.0056082252
0.006408498,0.992864,0.0007274891
0.8700176,0.08970628,0.040276155
0.019489761,0.97552437,0.00498587
0.021043943,0.9779709,0.0009851999
0.08980367,0.870112,0.04008432
0.017418345,0.97928315,0.003298479
0.007912375,0.9907934,0.001294185
0.014936667,0.9836981,0.0013651182
0.0143723525,0.98040193,0.005225694
0.035797674,0.7627764,0.20142597
0.02767598,0.9414492,0.030874789
0.068755865,0.7752376,0.15600654
0.008022916,0.98906004,0.0029170802
0.011357385,0.98704123,0.0016014088
0.07988904,0.05321757,0.86689335
0.014081085,0.9852341,0.000684816
0.0032338249,0.99444145,0.002324692
0.022069741,0.97771966,0.00021052804
0.018108664,0.98100543,0.00088586775
0.017802363,0.9729258,0.009271893
0.027537743,0.9137076,0.058754634
0.016552592,0.9188696,0.06457781
0.017594326,0.9786081,0.0037976156
0.014539539,0.9575441,0.027916433
0.0069053983,0.9913824,0.0017121881
0.016658658,0.97483295,0.008508411
0.34381995,0.6084525,0.047727548
0.094026625,0.77568495,0.13028833
0.0057684146,0.98153335,0.012698194
0.021766182,0.972784,0.00544987
0.02050062,0.97817594,0.001323422
0.014688445,0.98450524,0.0008063135
0.028170742,0.9709966,0.00083260133
0.008442462,0.9588128,0.032744754
0.010928426,0.98374546,0.005326089
0.025900505,0.9662311,0.007868412
0.016546024,0.9806122,0.0028417702
0.01820373,0.9784812,0.0033151456
0.010925285,0.98731196,0.0017627252
0.053463068,0.94580644,0.00073053536
0.010283795,0.9892783,0.00043793686
0.018228626,0.80558395,0.17618737
0.016668461,0.9716039,0.011727728
0.023729661,0.95671266,0.019557647
0.022563264,0.97452295,0.002913771
0.010681019,0.97280824,0.016510805
0.015940178,0.9813803,0.0026795254
0.008993664,0.98998743,0.0010189635
0.006363228,0.98970884,0.0039279354
0.020414177,0.9459286,0.033657286
0.0047689797,0.92221725,0.07301377
0.011780659,0.9552441,0.032975208
0.013970438,0.98515886,0.00087070937
0.011704286,0.9830099,0.005285849
0.015103186,0.9532959,0.03160095
0.009178868,0.98793286,0.0028882588
0.008322051,0.98759824,0.004079678
0.017843943,0.9685545,0.013601496
0.0075904275,0.9825676,0.009841947
0.020061888,0.94886565,0.031072462
0.010722688,0.97851264,0.010764656
0.013966317,0.97244406,0.013589601
0.016896592,0.98106164,0.0020417976
0.043395616,0.8793188,0.07728554
0.016673291,0.9814229,0.0019038654
0.008973812,0.9897334,0.0012928003
0.013577931,0.9859465,0.0004756292
0.015521781,0.9821118,0.0023664355
0.010624138,0.98864144,0.00073436706
0.0015857918,0.99474865,0.0036655357
0.0135567635,0.9786582,0.0077849943
0.021878919,0.9636034,0.014517682
0.008208509,0.98272324,0.009068262
0.0055826865,0.9935761,0.00084121496
0.021688366,0.97120136,0.00711028
0.022860829,0.97682524,0.00031390623
0.010303908,0.989279,0.0004170672
0.0092940945,0.98964673,0.0010591898
0.013153015,0.9806096,0.0062373616
0.01693117,0.98210984,0.0009589298
0.013522564,0.9838457,0.0026317288
0.032907814,0.9664146,0.0006776649
0.030858856,0.9160297,0.053111453
0.0028736992,0.9955112,0.0016151507
0.028686566,0.9527558,0.01855765
0.77956295,0.21817467,0.00226245
0.027501894,0.97042245,0.002075642
0.014249041,0.9853705,0.00038046646
0.024385534,0.9740767,0.0015377466
0.019692931,0.978023,0.002284079
0.018454093,0.9803822,0.0011637113
0.010709611,0.98883957,0.00045075684
0.009338432,0.9866295,0.0040321294
0.05401822,0.09019885,0.85578287
0.017527908,0.9816011,0.0008709604
0.0363778,0.5706096,0.39301255
0.026548132,0.97028726,0.0031645354
0.024136463,0.08070132,0.8951622
0.033969298,0.015983403,0.9500473
0.6476699,0.32360822,0.028721862
0.04114914,0.042207323,0.9166435
0.0558922,0.0411721,0.90293574
0.6481741,0.090163544,0.26166233
0.05146012,0.06099116,0.8875487
0.33930182,0.5583226,0.10237555
0.049072523,0.045562293,0.9053651
0.013356949,0.9784621,0.008180901
0.042973273,0.035521872,0.92150486
0.08784682,0.46231166,0.4498416
0.09791375,0.031943534,0.87014276
0.0567909,0.02485861,0.9183506
0.02021153,0.04324992,0.9365386
0.013153428,0.01763087,0.96921563
0.04552087,0.029390477,0.9250886
0.037410773,0.040135898,0.92245334
0.31470594,0.13377643,0.5515176
0.049852088,0.049949553,0.90019834
0.066424,0.47920695,0.4543691
0.08947734,0.049899004,0.86062366
0.031624682,0.15475275,0.81362253
0.017090837,0.43582273,0.5470864
0.047704782,0.019964144,0.93233097
0.052695986,0.053840376,0.8934637
0.9792529,0.016394503,0.004352604
0.06388256,0.12051954,0.81559783
0.7098139,0.0079277875,0.2822583
0.07126028,0.20161866,0.72712106
0.037246045,0.168728,0.7940259
0.106998086,0.7788803,0.11412156
0.99076474,0.0054167327,0.003818598
0.06621309,0.31945255,0.61433434
0.037868556,0.061526783,0.9006046
0.9752008,0.00726617,0.017533068
0.059338294,0.029518371,0.91114336
0.06524045,0.54665184,0.3881077
0.056791935,0.0469903,0.89621776
0.050452176,0.9440934,0.0054543666
0.0135319745,0.94866467,0.037803404
0.056078795,0.052016575,0.8919047
0.09854451,0.11221212,0.78924334
0.04577169,0.67343163,0.28079662
0.044984408,0.033658877,0.9213567
0.11715503,0.07002482,0.81282014
0.20252405,0.035021976,0.762454
0.2952125,0.28724965,0.41753784
0.024396181,0.063712925,0.91189086
0.029833538,0.0302147,0.9399518
0.98264587,0.0050567174,0.01229742
0.1195417,0.38569695,0.49476126
0.05630931,0.123472214,0.82021856
0.13018999,0.05577571,0.8140343
0.3679047,0.11313986,0.51895547
0.03542396,0.031139657,0.9334364
0.793117,0.03367619,0.17320682
0.04030716,0.044096164,0.91559666
0.026931284,0.021852259,0.9512165
0.040956724,0.049355015,0.90968823
0.024771085,0.07077329,0.9044556
0.024972817,0.048846677,0.92618054
0.0563811,0.06339097,0.8802279
0.042208336,0.4105592,0.54723245
0.061765898,0.5372359,0.40099818
0.02967885,0.020517824,0.94980335
0.027820894,0.7694004,0.20277874
0.10392785,0.19511315,0.70095897
0.018487528,0.4579464,0.52356607
0.039956454,0.2903086,0.6697349
0.08195336,0.015189487,0.90285724
0.114001006,0.04692319,0.83907574
0.04867721,0.042664837,0.908658
0.2341081,0.5512719,0.21461996
0.036908187,0.028716069,0.93437576
0.023590159,0.060416322,0.9159935
0.24490336,0.034582376,0.7205143
0.011786044,0.97929996,0.008913967
0.03193044,0.02760652,0.94046295
0.03331113,0.012955956,0.95373285
0.03837139,0.044598617,0.9170301
0.04276604,0.15265876,0.80457526
0.036556765,0.0343419,0.92910135
0.047697358,0.03993055,0.91237205
0.079104446,0.04044207,0.8804534
0.020101653,0.018883755,0.96101457
0.051643413,0.03830324,0.9100534
0.014267927,0.97613424,0.009597762
0.023848284,0.011364578,0.96478724
0.036276307,0.050710134,0.9130136
0.04670349,0.18354711,0.76974946
0.067254975,0.031124126,0.9016209
0.056618024,0.051652085,0.89172995
0.055877622,0.06276358,0.8813588
0.060533002,0.03769607,0.90177095
0.034774464,0.04081459,0.92441094
0.04664972,0.035385415,0.9179649
0.044930696,0.052171443,0.90289795
0.040136356,0.13940728,0.8204563
0.050805494,0.059571903,0.8896227
0.16397284,0.2841509,0.55187625
0.7614986,0.071630344,0.16687115
0.058716983,0.45180756,0.48947552
0.07899651,0.7083555,0.21264796
0.03696172,0.022727026,0.94031125
0.34025884,0.058582112,0.60115904
0.013552466,0.037273675,0.94917387
0.052570898,0.13783121,0.8095979
0.025365153,0.31242445,0.6622104
0.03312754,0.27927613,0.6875963
0.034305964,0.042987317,0.9227067
0.09815103,0.23683575,0.66501325
0.055143006,0.03200796,0.91284907
0.022998882,0.24384421,0.73315686
0.06729522,0.19817835,0.73452646
0.600107,0.3250005,0.07489247
0.03274836,0.6055903,0.36166137
0.034051996,0.031095665,0.93485236
0.06313864,0.037591517,0.89926976
0.056403596,0.072000526,0.87159586
0.012781539,0.03616316,0.9510553
0.041981503,0.11191033,0.84610814
0.013345164,0.9747389,0.01191589
0.045733266,0.034792032,0.91947466
0.052619766,0.1057771,0.84160316
0.07287592,0.1470697,0.7800544
0.01273196,0.051852968,0.93541497
0.055410936,0.0494281,0.895161
0.016530862,0.9682996,0.015169571
0.048376564,0.019911952,0.93171155
0.1980586,0.12913115,0.67281026
0.18067968,0.10244672,0.7168736
0.27192095,0.07017689,0.6579022
0.09390242,0.063413575,0.842684
0.06459829,0.109456986,0.82594466
0.08039782,0.07320304,0.84639907
0.06675996,0.035629496,0.8976106
0.017448872,0.057380512,0.9251706
0.016574858,0.030396648,0.95302844
0.041340116,0.02599661,0.9326633
0.7988051,0.02155941,0.17963545
0.06355671,0.053051785,0.8833915
0.07685797,0.02092988,0.90221214
0.8060241,0.042158235,0.15181763
0.10291023,0.02697714,0.87011266
0.03737326,0.22396345,0.7386633
0.19708504,0.35134205,0.4515729
0.04609239,0.04690977,0.90699786
0.07954176,0.04630577,0.8741524
0.028893385,0.038277518,0.93282914
0.12029818,0.15491912,0.7247827
0.040495735,0.042315014,0.91718924
0.028043024,0.13339442,0.83856255
0.0323165,0.056772634,0.91091084
0.40325895,0.030323783,0.5664173
0.052660786,0.049663845,0.8976754
0.057270095,0.2757669,0.66696304
0.06597595,0.1006996,0.83332443
0.03054095,0.040460184,0.92899877
0.97134393,0.020061404,0.008594663
0.5742246,0.3769536,0.048821796
0.029140979,0.048233397,0.9226256
0.07278483,0.023908317,0.90330684
0.0381649,0.10750753,0.85432756
0.05827484,0.031931978,0.9097932
0.04491756,0.029688694,0.9253938
0.015435834,0.97191644,0.01264767
0.020103406,0.021609971,0.9582867
0.051340573,0.045707867,0.9029515
0.047589906,0.06057193,0.8918382
0.0151942,0.02529684,0.95950896
0.046040576,0.06028326,0.8936761
0.050254617,0.04758011,0.9021653
0.051929608,0.06112831,0.8869421
0.05686133,0.05367774,0.8894609
0.051047143,0.031664953,0.9172879
0.15898767,0.035181694,0.8058306
0.06319844,0.02962051,0.9071811
0.02087847,0.06405949,0.91506207
0.21337324,0.09312488,0.69350183
0.06636835,0.57026386,0.3633678
0.059035905,0.051997337,0.8889667
0.065807484,0.03457666,0.8996159
0.10017735,0.79442674,0.10539587
0.023428734,0.059710633,0.9168606
0.05828923,0.0378925,0.9038182
0.028410453,0.020603646,0.95098597
0.018838482,0.021514226,0.9596473
0.046764836,0.084103286,0.8691318
0.046150584,0.05891233,0.8949371
0.03675978,0.013339539,0.9499007
0.017725796,0.009741433,0.9725328
0.047047254,0.025355317,0.92759734
0.023963,0.025359454,0.9506776
0.034826394,0.17446141,0.7907122
0.036770545,0.015830265,0.9473992
0.011049661,0.017332703,0.9716176
0.015454481,0.017139995,0.9674055
0.01978127,0.007355716,0.9728631
0.029583689,0.03010831,0.940308
0.040677242,0.06680397,0.8925189
0.034057286,0.019923724,0.94601905
0.059822883,0.014840284,0.92533684
0.022707218,0.0117573645,0.96553546
0.028435327,0.015087149,0.9564775
0.042686865,0.020242764,0.93707037
0.041389644,0.019342188,0.9392682
0.016797176,0.0040962747,0.97910655
0.01854488,0.0048709046,0.9765842
0.009678445,0.010776019,0.9795456
0.015532015,0.009356463,0.9751115
0.005328657,0.0027322639,0.9919391
0.02414576,0.01605316,0.959801
0.005251409,0.007596116,0.9871525
0.06535542,0.021805977,0.91283864
0.030163374,0.10538339,0.8644532
0.03608906,0.018504633,0.9454063
0.06687431,0.046186972,0.88693875
0.013084553,0.005677276,0.9812382
0.03086626,0.03389996,0.9352337
0.04100145,0.04385945,0.91513914
0.012071261,0.067525625,0.9204032
0.033501517,0.04045002,0.9260486
0.053997423,0.02284163,0.9231609
0.044275656,0.8022399,0.15348442
0.018066537,0.017442422,0.96449095
0.046489548,0.07545999,0.87805045
0.14647016,0.04412889,0.809401
0.025337666,0.01921949,0.9554428
0.013743841,0.020854775,0.96540135
0.027819699,0.024455084,0.94772524
0.014358364,0.027948072,0.95769364
0.067239024,0.023396576,0.90936446
0.06265189,0.031843588,0.90550447
0.057783578,0.042731944,0.89948446
0.04467966,0.009310651,0.94600964
0.061860334,0.018393338,0.91974634
0.06268691,0.028644161,0.90866894
0.054494575,0.45694634,0.48855913
0.032763366,0.053597283,0.91363937
0.030684177,0.027720844,0.941595
0.08993175,0.022396715,0.88767153
0.04659758,0.030173935,0.92322856
0.026334621,0.025177797,0.94848764
0.058143612,0.8927989,0.049057554
0.07249766,0.06391651,0.8635859
0.04845527,0.037260946,0.9142838
0.031046242,0.5653558,0.40359792
0.028660385,0.060378496,0.9109611
0.02944717,0.030920703,0.9396321
0.022169143,0.037932593,0.93989825
0.041876566,0.025275704,0.93284774
0.029186476,0.007117615,0.96369594
0.026346618,0.8875188,0.086134516
0.030603893,0.026589124,0.94280696
0.032146923,0.017308127,0.950545
0.043312363,0.023365268,0.93332237
0.053882416,0.029410021,0.91670763
0.07205294,0.027589636,0.90035737
0.0859053,0.054074075,0.86002064
0.039653175,0.023724282,0.93662256
0.025576815,0.030462332,0.94396085
0.020326877,0.046031542,0.9336415
0.059461955,0.05558725,0.8849507
0.04670567,0.065544724,0.8877496
0.112282954,0.033385824,0.8543312
0.045423858,0.02421885,0.93035734
0.030357229,0.06320814,0.9064347
0.06817575,0.39656147,0.5352628
0.049559902,0.03429563,0.91614455
0.031551838,0.058889054,0.9095591
0.024545886,0.012056535,0.96339756
0.030912321,0.020491743,0.948596
0.018402867,0.028447304,0.95314986
0.044701397,0.028946072,0.9263525
0.033423692,0.029960802,0.93661547
0.9930976,0.005847787,0.0010546118
0.13070771,0.40815032,0.46114194
0.023819568,0.83517087,0.14100958
0.05196393,0.025152666,0.92288345
0.06915462,0.012767358,0.918078
0.039422028,0.033950742,0.9266272
0.048635755,0.010075837,0.9412884
0.0537005,0.029111043,0.9171884
0.040845383,0.46003503,0.49911952
0.059901617,0.036332168,0.9037662
0.02792034,0.041142873,0.93093675
0.0198167,0.052928764,0.9272546
0.07459926,0.03243126,0.8929695
0.039632082,0.033340983,0.927027
0.08026218,0.03809874,0.8816392
0.079083815,0.03724727,0.8836689
0.055030152,0.116726585,0.8282433
0.04825208,0.077031344,0.8747166
0.021864004,0.029192274,0.9489437
0.99173987,0.006907888,0.0013522969
0.054104052,0.05764974,0.88824624
0.10240852,0.07700063,0.82059085
0.031157091,0.06361881,0.90522414
0.015768545,0.029402038,0.9548294
0.021558652,0.026157515,0.9522838
0.018448742,0.013817469,0.9677338
0.06449113,0.040004373,0.8955044
0.040862836,0.031824008,0.9273131
0.042683907,0.03483759,0.9224786
0.03563895,0.038011633,0.9263495
0.028886601,0.027510004,0.9436034
0.04686526,0.03989072,0.91324407
0.04853617,0.07502761,0.87643623
0.01936333,0.026466534,0.95417017
0.033076905,0.020820636,0.94610244
0.038406555,0.031996,0.92959744
0.051402822,0.021302698,0.92729443
0.037841745,0.026340514,0.9358177
0.052015092,0.0349554,0.91302955
0.046841767,0.042153023,0.9110052
0.04513648,0.030392112,0.9244714
0.024446113,0.022608958,0.9529449
0.046323936,0.038554203,0.91512185
0.05884022,0.03589812,0.90526164
0.03569585,0.020943563,0.9433605
0.036133368,0.035607927,0.9282587
0.052495155,0.03500348,0.9125014
0.022353156,0.021580957,0.9560659
0.03575577,0.039385248,0.924859
0.03969235,0.02550248,0.93480515
0.087609164,0.061882004,0.85050887
0.05682095,0.049126443,0.89405257
0.032858606,0.80429626,0.16284513
0.044872854,0.054711573,0.90041566
0.040122647,0.037728567,0.9221488
0.05239559,0.052703496,0.8949009
0.062330708,0.012737668,0.9249317
0.06850764,0.050415803,0.8810765
0.055916857,0.04690314,0.89718
0.06272842,0.043408297,0.8938633
0.03550664,0.03706557,0.9274278
0.039115924,0.039654385,0.9212297
0.040202692,0.03851182,0.92128545
0.026648942,0.028423112,0.94492805
0.060432553,0.038413268,0.90115416
0.07325062,0.04002061,0.8867287
0.014231813,0.019681882,0.9660863
0.057439223,0.037013188,0.9055477
0.053136427,0.038422532,0.908441
0.025706885,0.025531754,0.94876134
0.06944788,0.051659707,0.8788924
0.037126303,0.0357389,0.9271349
0.07958819,0.06767768,0.8527341
0.013087739,0.039340783,0.9475715
0.027281389,0.055056125,0.9176625
0.05102681,0.045384187,0.903589
0.050418213,0.05283783,0.896744
0.055373177,0.049201854,0.89542496
0.032119155,0.032880843,0.93499994
0.048086915,0.02758704,0.924326
0.04657817,0.047543243,0.9058786
0.06699148,0.036672473,0.89633614
0.06300815,0.04569437,0.89129746
0.04571799,0.033317596,0.92096454
0.02138855,0.024570031,0.9540415
0.01671608,0.019315394,0.9639685
0.05396133,0.03156771,0.914471
0.04827707,0.030063864,0.9216592
0.064890176,0.02699747,0.90811235
0.065401465,0.04009641,0.89450216
0.04539909,0.030183302,0.9244176
0.0398149,0.034322593,0.92586243
0.042024586,0.016328994,0.9416464
0.033069752,0.032052305,0.93487793
0.035470624,0.028950278,0.9355791
0.4169694,0.055610072,0.5274205
0.5239535,0.13125286,0.34479362
0.24695043,0.0691135,0.683936
0.043928962,0.2704147,0.68565637
0.0315009,0.016828317,0.9516708
0.035645973,0.027815385,0.9365387
0.03878694,0.051736813,0.90947616
0.069614775,0.013390417,0.9169948
0.0388076,0.04722414,0.91396827
0.039074596,0.03706741,0.92385805
0.038848437,0.04577465,0.9153769
0.039286416,0.051590618,0.909123
0.04125432,0.103409946,0.8553358
0.050685164,0.047382385,0.9019324
0.04654001,0.027763184,0.9256968
0.040533155,0.040533155,0.91893375
0.11144779,0.039332546,0.8492197
0.03555301,0.030350761,0.9340962
0.06332336,0.062524535,0.87415206
0.049248215,0.025128976,0.9256229
0.04813823,0.26757738,0.6842844
0.049706824,0.05534377,0.89494944
0.04786438,0.035674147,0.91646147
0.055337533,0.08912268,0.8555398
0.01639147,0.95219773,0.031410795
0.04025696,0.038114525,0.9216286
0.5974556,0.039638046,0.36290637
0.037871797,0.048155773,0.91397244
0.046980366,0.06309564,0.88992393
0.029826831,0.031349964,0.9388232
0.06878576,0.03306829,0.898146
0.03283897,0.03880729,0.9283537
0.024986481,0.019843295,0.9551703
0.11624453,0.63010186,0.25365356
0.10460818,0.120168336,0.7752235
0.059093088,0.038829956,0.902077
0.05116793,0.027576087,0.921256
0.03669612,0.030660758,0.9326431
0.03864365,0.026020238,0.93533605
0.05492984,0.039294943,0.9057752
0.04667761,0.026700197,0.9266222
0.05933516,0.04457037,0.89609444
0.047188267,0.02696595,0.92584586
0.055815164,0.0318647,0.9123201
0.04750667,0.017665477,0.9348278
0.065161474,0.029142013,0.9056965
0.046585236,0.038507536,0.9149073
0.027720938,0.04255932,0.9297198
0.06223472,0.023232717,0.9145325
0.038774885,0.053362526,0.9078626
0.054440416,0.04522093,0.90033865
0.049380533,0.04046096,0.9101585
0.03860645,0.016865907,0.9445277
0.04593088,0.036016375,0.9180528
0.068409644,0.02251509,0.9090752
0.04039038,0.042122576,0.9174871
0.049922537,0.033516403,0.91656107
0.03393365,0.022560578,0.94350576
0.053008247,0.03985673,0.90713495
0.078030996,0.047932863,0.87403613
0.058106363,0.034730796,0.9071629
0.016200017,0.0152185075,0.96858144
0.028678369,0.020696636,0.950625
0.018466499,0.017586473,0.963947
0.04424552,0.086797886,0.86895657
0.011447384,0.23978756,0.74876505
0.029760817,0.07069869,0.8995405
0.10098729,0.047656458,0.85135627
0.088178486,0.06617175,0.8456498
0.029115824,0.014203784,0.9566804
0.046560217,0.055834223,0.8976056
0.063411556,0.07815004,0.85843843
0.041593276,0.048014026,0.9103927
0.06398785,0.044889368,0.8911228
0.37558284,0.11629335,0.5081238
0.46915728,0.04926806,0.48157462
0.032138385,0.028640354,0.93922126
0.025918964,0.036910295,0.93717074
0.050095353,0.036436427,0.91346824
0.07148618,0.03086616,0.8976477
0.06692351,0.034584098,0.8984924
0.04157037,0.025139943,0.93328977
0.07224974,0.011611589,0.91613865
0.03685895,0.021774318,0.9413667
0.047099277,0.007809826,0.9450909
0.025939645,0.04344073,0.9306196
0.048109893,0.033422526,0.9184676
0.016846744,0.9564417,0.02671152
0.044840828,0.06543444,0.8897247
0.032435164,0.03527687,0.9322879
0.05700931,0.045098078,0.89789265
0.049175024,0.042682298,0.9081426
0.052537754,0.03422037,0.91324186
0.038555548,0.040013198,0.92143124
0.03644532,0.049863517,0.9136912
0.055651158,0.030257009,0.9140918
0.046530057,0.046757806,0.9067122
0.024497218,0.03261239,0.94289047
0.02543273,0.012726089,0.9618412
0.030235367,0.034665022,0.93509954
0.025925664,0.041227296,0.932847
0.13300289,0.10813058,0.75886655
0.056876805,0.06721388,0.8759093
0.037862606,0.02671783,0.93541956
0.029437346,0.022026034,0.9485367
0.05519983,0.022042913,0.92275727
0.039102677,0.0453599,0.9155374
0.07458993,0.1046763,0.82073385
0.70627165,0.17039597,0.123332344
0.003065189,0.9849296,0.012005245
0.05376801,0.06134506,0.884887
0.040402215,0.10749027,0.8521076
0.046000414,0.060230665,0.89376897
0.030534912,0.37463444,0.5948307
0.04673999,0.02721,0.92605007
0.060650963,0.023383029,0.915966
0.039038893,0.018822752,0.9421384
0.050386403,0.029940544,0.919673
0.02348127,0.11831975,0.85819894
0.20313993,0.08096145,0.71589863
0.05357125,0.030553801,0.9158749
0.061188746,0.051425554,0.8873857
0.062356956,0.034639154,0.9030039
0.046889808,0.033120226,0.91999
0.024608595,0.02171701,0.95367444
0.04502795,0.039006516,0.9159655
0.054159198,0.04092145,0.9049194
0.02811865,0.016774025,0.9551073
0.040412363,0.022580903,0.9370067
0.032251433,0.026143527,0.9416051
0.045011297,0.023124622,0.9318641
0.056181815,0.040624626,0.90319353
0.054613926,0.05095551,0.89443064
0.045536786,0.009876914,0.9445863
0.03295313,0.02632389,0.94072306
0.040557735,0.031834133,0.92760813
0.061374642,0.04112459,0.8975008
0.07445871,0.04334664,0.88219464
0.054383196,0.032952882,0.91266394
0.03214728,0.020077998,0.9477747
0.046370585,0.03848013,0.9151493
0.06504873,0.028169017,0.9067822
0.023798924,0.014350447,0.96185064
0.02747485,0.0143515365,0.9581735
0.0349256,0.02844982,0.9366245
0.058574025,0.026068326,0.9153576
0.03641857,0.025251051,0.9383304
0.05263183,0.046674773,0.9006933
0.07495907,0.047693435,0.87734747
0.052039567,0.06476429,0.8831962
0.030535854,0.031505164,0.93795896
0.02590633,0.035548348,0.9385453
0.04468731,0.04893583,0.9063768
0.0390519,0.021252897,0.9396953
0.06358696,0.03955923,0.8968538
0.06650636,0.05744415,0.8760495
0.046006404,0.025407149,0.92858636
0.036588497,0.02529466,0.93811685
0.038511332,0.029355153,0.93213344
0.06138182,0.051036615,0.8875816
0.042267535,0.030772962,0.9269595
0.047813755,0.04026322,0.911923
0.05972871,0.05438361,0.8858877
0.023410585,0.013655272,0.9629342
0.05299565,0.031184973,0.9158194
0.06021062,0.04282099,0.89696836
0.027875893,0.02433754,0.94778657
0.039189644,0.010404523,0.95040584
0.04780108,0.04318468,0.9090142
0.017801922,0.024379913,0.95781815
0.08258341,0.039047755,0.87836885
0.014992099,0.010114486,0.97489333
0.033549394,0.02906295,0.93738765
0.020313114,0.014236341,0.96545047
0.028200118,0.014860417,0.95693946
0.03550913,0.032457978,0.9320329
0.025309771,0.0128138475,0.96187633
0.14667234,0.050294146,0.80303353
0.0423448,0.04696305,0.9106922
0.033817045,0.04949266,0.9166903
0.018613111,0.018288786,0.96309805
0.02976883,0.01661746,0.9536137
0.049629726,0.028444342,0.92192596
0.043336626,0.029180199,0.9274832
0.0722836,0.04626142,0.881455
0.046272222,0.0502771,0.90345067
0.015395361,0.028399482,0.9562051
0.022306893,0.0310306,0.9466625
0.037689295,0.029352453,0.93295825
0.056075945,0.05206475,0.89185935
0.022856478,0.020328972,0.9568145
0.048043013,0.041903865,0.9100531
0.036346715,0.022590239,0.941063
0.07413715,0.033645447,0.89221734
0.028086506,0.027169257,0.9447442
0.05788935,0.04185933,0.9002514
0.021090448,0.009249795,0.96965975
0.060203694,0.035013773,0.90478253
0.12216756,0.022335442,0.85549694
0.014998591,0.030416567,0.95458484
0.033877138,0.030605443,0.93551743
0.036548156,0.034569323,0.92888254
0.052488975,0.042217284,0.9052937
0.06127052,0.047115568,0.89161396
0.041125137,0.029247653,0.9296272
0.022629078,0.0132769905,0.964094
0.050430443,0.05479521,0.8947744
0.059550654,0.045481063,0.8949682
0.068689376,0.06625174,0.86505896
0.036220435,0.053061914,0.9107176
0.04191922,0.0351619,0.92291886
0.0303404,0.019323234,0.9503364
0.045368098,0.03444688,0.920185
0.058271766,0.033758063,0.90797013
0.052164715,0.040191848,0.9076435
0.018226033,0.03130778,0.95046616
0.039780453,0.022424037,0.9377955
0.0512799,0.029047703,0.9196724
0.021922499,0.02752384,0.9505537
0.020658664,0.021148572,0.9581927
0.056779474,0.028634282,0.91458625
0.04086874,0.03529993,0.9238313
0.0079656765,0.017672626,0.97436166
0.038187362,0.042022612,0.91978997
0.034197684,0.0093674045,0.95643485
0.052096933,0.050248127,0.89765495
0.021813512,0.009928607,0.9682578
0.04206467,0.03181415,0.9261211
0.027827287,0.02047852,0.95169413
0.07679252,0.044792682,0.87841487
0.064134136,0.043141797,0.89272404
0.036558922,0.02241359,0.9410274
0.041469518,0.021118596,0.93741184
0.035153452,0.02761922,0.9372274
0.048569553,0.040344294,0.91108614
0.04359452,0.02340293,0.93300265
0.01658427,0.0043687206,0.979047
0.026056414,0.035476048,0.93846756
0.052666146,0.03987113,0.9074627
0.048594695,0.029102355,0.9223029
0.034674816,0.033607986,0.9317171
0.049867447,0.028302837,0.9218297
0.032273203,0.012515547,0.9552113
0.046845008,0.5644536,0.38870135
0.044019327,0.13427141,0.8217093
0.04213159,0.03479214,0.9230763
0.03475704,0.051167313,0.9140757
0.058348034,0.034267556,0.90738446
0.05217216,0.034720227,0.9131076
0.030398978,0.058367122,0.9112339
0.06545395,0.029215697,0.90533036
0.031309087,0.059938706,0.9087522
0.0680601,0.0630068,0.8689331
0.057843216,0.04744134,0.8947155
0.08159982,0.10863133,0.80976886
0.06453115,0.038533308,0.89693546
0.05263126,0.06237922,0.88498956
0.05939023,0.017919462,0.92269033
0.035326798,0.024662077,0.94001114
0.03417028,0.048565757,0.9172639
0.05753927,0.03356236,0.9088984
0.04868535,0.029994177,0.92132044
0.05525454,0.18402573,0.7607197
0.03876152,0.02488011,0.9363584
0.048093382,0.25273067,0.69917595
0.057187118,0.042998813,0.899814
0.039807416,0.030881183,0.9293114
0.06889202,0.054126795,0.87698126
0.10873809,0.23692666,0.65433526
0.053471006,0.43435675,0.5121723
0.078611575,0.598719,0.32266942
0.038094882,0.29817995,0.66372514
0.036910746,0.03501471,0.92807454
0.34090608,0.57538795,0.08370596
0.20468308,0.060919225,0.7343977
0.044373978,0.028846513,0.92677957
0.053186607,0.036626052,0.91018724
0.057942074,0.011020706,0.9310372
0.054428454,0.03125563,0.9143159
0.034897927,0.04372908,0.92137295
0.05156058,0.038957994,0.90948147
0.13511145,0.025017524,0.8398711
0.039040275,0.037913106,0.92304665
0.0177179,0.028984552,0.9532975
0.07680024,0.10314438,0.82005537
0.14201951,0.71870786,0.1392726
0.019901607,0.94128484,0.038813543
0.061304472,0.33646345,0.6022321
0.054662082,0.059683815,0.88565415
0.07303138,0.12905326,0.7979154
0.23550141,0.45128882,0.31320974
0.04842133,0.04813844,0.90344024
0.038822465,0.058393367,0.90278417
0.07217284,0.018454242,0.9093729
0.1856932,0.10195041,0.7123563
0.621545,0.05036361,0.3280914
0.051431604,0.03958832,0.9089801
0.040185504,0.04340848,0.916406
0.042857602,0.02546679,0.93167555
0.040510233,0.022046553,0.93744326
0.0232453,0.0289858,0.9477689
0.048777603,0.03533965,0.91588277
0.059426468,0.034292787,0.90628076
0.05410525,0.029879756,0.916015
0.03716073,0.03936471,0.92347455
0.0582496,0.040308937,0.9014414
0.03594497,0.053175125,0.9108799
0.033747945,0.03702869,0.9292234
0.03446831,0.0164736,0.9490581
0.05935957,0.03714627,0.9034942
0.03518619,0.03219421,0.9326197
0.042854596,0.062536016,0.8946094
0.05743295,0.086978175,0.8555889
0.09735707,0.037024815,0.86561817
0.036665805,0.016786829,0.9465474
0.059281338,0.03488375,0.90583485
0.05307739,0.066120416,0.88080215
0.03092183,0.056541678,0.91253644
0.022446282,0.023113616,0.9544402
0.035812255,0.027863387,0.9363244
0.0418372,0.03434719,0.9238156
0.050902456,0.037975546,0.91112196
0.053423256,0.032339618,0.9142371
0.015557679,0.025675336,0.958767
0.04223804,0.032353416,0.92540854
0.03307533,0.024555506,0.9423691
0.046687737,0.046188895,0.9071234
0.04681801,0.031005315,0.9221766
0.98086506,0.012120282,0.007014681
0.060613614,0.057331804,0.88205457
0.06285669,0.026902642,0.9102406
0.041112103,0.030462544,0.92842543
0.03497439,0.3619587,0.6030669
0.12491319,0.06925361,0.8058332
0.04408374,0.03429894,0.9216173
0.044928577,0.040234406,0.914837
0.0475973,0.9053599,0.047042772
0.037564725,0.029832447,0.9326029
0.042133816,0.018370982,0.9394952
0.7370054,0.12925026,0.13374436
0.038917553,0.022789253,0.9382932
0.031272065,0.07074851,0.8979794
0.07226147,0.1802516,0.74748695
0.035311628,0.03874438,0.9259441
0.03599955,0.040082045,0.92391837
0.03026242,0.08274521,0.8869924
0.0113183055,0.04732721,0.94135445
0.03997817,0.9059091,0.054112647
0.013417907,0.08459699,0.90198505
0.05736418,0.023132,0.91950375
0.89369935,0.008830237,0.09747044
0.082014196,0.8112278,0.10675797
0.02166215,0.048200585,0.9301372
0.053244077,0.047079597,0.8996763
0.03793842,0.03749642,0.9245652
0.041310675,0.05888657,0.89980274
0.07729805,0.068215296,0.85448664
0.058350973,0.036873445,0.9047756
0.025537126,0.1769169,0.797546
0.039401907,0.024441322,0.9361568
0.029384606,0.035722595,0.9348928
0.034791075,0.05647149,0.9087374
0.03475577,0.079324014,0.88592017
0.22979167,0.09194197,0.6782664
0.08006672,0.09170734,0.828226
0.029388374,0.10459862,0.866013
0.053064864,0.05726485,0.8896703
0.6554787,0.073006,0.27151522
0.03650924,0.01729634,0.94619447
0.032051414,0.027603073,0.9403455
0.05031392,0.03223231,0.91745377
0.030619642,0.02608826,0.9432921
0.05918328,0.0373629,0.9034539
0.18061976,0.1723486,0.6470316
0.048355855,0.051625565,0.9000186
0.03148823,0.019079933,0.94943184
0.025699653,0.018366715,0.95593363
0.04108977,0.023711365,0.9351988
0.058655832,0.07264279,0.8687014
0.02917784,0.03431281,0.9365093
0.039058864,0.027481342,0.9334599
0.040875208,0.042337783,0.9167871
0.029445274,0.03190018,0.9386545
0.07477236,0.04277075,0.8824569
0.04887306,0.038813088,0.91231394
0.06064194,0.03596426,0.90339386
0.041418396,0.034136448,0.9244452
0.05383523,0.040046036,0.90611875
0.032741643,0.01785355,0.9494047
0.059852976,0.024683842,0.9154632
0.030032646,0.020966167,0.9490012
0.056269024,0.025787005,0.91794395
0.066034436,0.042635035,0.8913306
0.04737351,0.044677477,0.907949
0.04785752,0.021382315,0.93076015
0.04338988,0.027987266,0.9286229
0.06317268,0.042329375,0.89449793
0.042428803,0.027074944,0.9304963
0.039829038,0.02214656,0.9380244
0.030711902,0.022229232,0.94705886
0.040936504,0.04804693,0.9110166
0.0473403,0.02745203,0.9252077
0.009502263,0.015544664,0.97495306
0.036551025,0.02078551,0.94266343
0.034725875,0.021186082,0.944088
0.056018803,0.04735719,0.896624
0.029690191,0.04396505,0.9263448
0.3061669,0.10970151,0.58413166
0.0758773,0.048942253,0.8751804
0.054252967,0.03526862,0.9104784
0.029077707,0.019219194,0.9517031
0.07557824,0.10710409,0.8173176
0.04002076,0.909091,0.05088828
0.028761888,0.040838983,0.9303991
0.031333722,0.022046028,0.9466203
0.026776427,0.029322121,0.94390154
0.035781384,0.045899365,0.91831917
0.055602297,0.04964726,0.8947504
0.069296315,0.052872535,0.87783116
0.033845145,0.029693734,0.9364611
0.054512534,0.054459322,0.8910281
0.06328777,0.028248815,0.9084635
0.019680394,0.03299066,0.9473289
0.04455561,0.77451533,0.18092912
0.019035365,0.043871265,0.9370934
0.9903785,0.0071034967,0.0025180324
0.9874697,0.01113167,0.0013987451
0.992945,0.0062850593,0.00076994667
0.9852727,0.010966791,0.003760527
0.9676197,0.031073725,0.0013065856
0.99214464,0.007033259,0.0008221486
0.98499715,0.014411542,0.0005913602
0.9921244,0.006230995,0.0016446124
0.98897856,0.009829072,0.0011924017
0.9909059,0.0068751704,0.002219001
0.99704355,0.0017186054,0.0012378651
0.9969977,0.0019741522,0.0010281852
0.9869186,0.011245614,0.0018357962
0.9915494,0.005703418,0.0027472402
0.9843499,0.012068687,0.0035814596
0.987651,0.008859252,0.0034897202
0.9955641,0.0029708745,0.0014649559
0.9871316,0.011973478,0.00089488865
0.9742871,0.014157729,0.011555202
0.9878818,0.011693576,0.0004246924
0.99006796,0.0070460066,0.0028860332
0.23786342,0.050619323,0.7115173
0.07348852,0.91560966,0.01090178
0.9929624,0.0055792383,0.0014582766
0.9880377,0.008768024,0.0031942292
0.9851992,0.011514708,0.0032861573
0.9791235,0.016715648,0.0041608536
0.9837689,0.01520264,0.0010285085
0.99151903,0.007139512,0.0013414745
0.9838786,0.009645607,0.0064757536
0.9886602,0.0076823756,0.003657359
0.99619114,0.0027173094,0.0010914782
0.99262834,0.0065974584,0.00077422435
0.9899582,0.00815666,0.0018851189
0.9899303,0.00858132,0.0014882999
0.9869292,0.008455631,0.0046152403
0.9934895,0.0061069448,0.00040358416
0.9890625,0.008197168,0.0027403499
0.989851,0.00962864,0.000520364
0.9876444,0.008730364,0.003625169
0.9880626,0.009028927,0.0029084522
0.98023695,0.017265873,0.00249712
0.9902468,0.008668302,0.0010849652
0.99387944,0.0054337615,0.0006867892
0.98818576,0.011238081,0.00057614554
0.9910046,0.007945036,0.0010503357
0.9926906,0.006198127,0.001111263
0.99127406,0.007250151,0.0014758372
0.99097484,0.008277432,0.0007476922
0.9925586,0.007008762,0.00043257693
0.9990521,0.00035398328,0.0005939694
0.9850203,0.010090632,0.0048890505
0.98306054,0.014609709,0.0023297218
0.9836105,0.011861066,0.004528409
0.9893728,0.0074223303,0.003204799
0.9914621,0.0073657213,0.001172275
0.99365246,0.0058282437,0.0005193106
0.9927729,0.0070239804,0.00020318493
0.9776595,0.020610208,0.001730218
0.98251843,0.012223989,0.0052574724
0.99452233,0.004751748,0.00072586327
0.9926409,0.006357198,0.0010019332
0.9896208,0.009275718,0.0011035075
0.15898277,0.8379054,0.0031118025
0.9931063,0.0055474467,0.0013462489
0.9929582,0.006079883,0.0009619771
0.9904507,0.0086531695,0.00089614553
0.8634302,0.12115199,0.015417796
0.99430037,0.0046861786,0.0010134572
0.99195963,0.00642772,0.001612535
0.99191624,0.005909681,0.00217405
0.98931855,0.008151389,0.002530119
0.9983518,0.0008289095,0.00081925245
0.98885006,0.009943642,0.0012063007
0.9940912,0.0051557375,0.0007529791
0.99355775,0.0058619343,0.00058041007
0.991657,0.007873003,0.00047004843
0.99242365,0.0065447665,0.0010314954
0.9896181,0.009626375,0.00075547
0.9918439,0.0069764103,0.0011796181
0.99148303,0.0076593,0.0008576729
0.96337414,0.027543165,0.009082771
0.9902816,0.00890891,0.0008094618
0.99743515,0.0007979796,0.0017669407
0.9917979,0.007072118,0.0011299525
0.9838838,0.015189576,0.00092657004
0.9871737,0.0104031805,0.002423179
0.98807865,0.009306594,0.0026148115
0.9900907,0.00858271,0.0013265242
0.9902637,0.005934506,0.0038017873
0.99303114,0.005547027,0.0014218146
0.9927133,0.006007568,0.0012790851
0.9897406,0.008512907,0.0017464745
0.9939948,0.0044267667,0.0015784123
0.99120706,0.0068907053,0.0019023007
0.9920744,0.0072701904,0.0006554275
0.99812645,0.00088562316,0.000987984
0.93803406,0.017315444,0.044650454
0.98832136,0.0105999755,0.0010786339
0.9873921,0.011251009,0.0013569283
0.98497933,0.012471924,0.0025487153
0.99049383,0.008602991,0.00090321345
0.9953311,0.0041886247,0.00048015648
0.9877065,0.010614091,0.0016793931
0.99710566,0.002828149,6.625238e-05
0.9887136,0.00984565,0.0014407368
0.98504376,0.013752241,0.0012040066
0.98792285,0.011456684,0.00062036805
0.99044424,0.007636346,0.0019194904
0.9920373,0.0071293055,0.0008333759
0.98865706,0.008981578,0.0023613612
0.677578,0.018575529,0.30384654
0.99050295,0.00861989,0.00087714405
0.9935551,0.005896367,0.0005484476
0.9924265,0.0054152305,0.002158241
0.9914904,0.0077496436,0.00075986166
0.9925966,0.006623068,0.00078027166
0.9920236,0.0070875566,0.0008888461
0.98978275,0.0076760915,0.0025412138
0.991585,0.006412755,0.0020021598
0.98907566,0.007837188,0.0030871232
0.9881159,0.009801337,0.0020827532
0.9883596,0.008451364,0.0031890352
0.9958127,0.0036838183,0.0005034431
0.9881776,0.011128779,0.0006936025
0.9931292,0.0067441356,0.00012669964
0.9908023,0.0037595388,0.005438139
0.98174906,0.007711063,0.010539774
0.9944729,0.0053214408,0.00020553023
0.9840419,0.01328959,0.0026684885
0.9727041,0.013847806,0.013447994
0.9872067,0.011927705,0.0008657292
0.992315,0.0050667366,0.00261834
0.99853885,0.0012765789,0.0001846284
0.99609524,0.0029320968,0.0009725851
0.98753625,0.011340909,0.0011229019
0.988003,0.009296799,0.0027002436
0.993867,0.00525624,0.0008766919
0.98978794,0.009205088,0.0010068893
0.99371934,0.0030238563,0.0032568213
0.9951374,0.0018046754,0.003057888
0.9915019,0.0070976783,0.0014003481
0.9880229,0.010432486,0.0015446054
0.98937035,0.009005631,0.001624109
0.99116606,0.0068904203,0.0019435324
0.9921302,0.007649345,0.00022041239
0.99323165,0.005515733,0.0012525516
0.99906904,0.0003652261,0.0005656733
0.99085486,0.008656701,0.0004883777
0.9896611,0.00945905,0.00087982864
0.9893646,0.0079785,0.0026568496
0.9907204,0.008689403,0.0005901675
0.99281424,0.0063583083,0.000827538
0.9950159,0.0041466053,0.00083751226
0.99214303,0.005934167,0.0019227827
0.9904947,0.007817836,0.0016874266
0.996384,0.0017074348,0.0019085051
0.99323446,0.005975606,0.0007899766
0.99148434,0.007308565,0.0012071542
0.99326503,0.0047643147,0.0019706062
0.9937323,0.0047202343,0.0015474743
0.9726696,0.025025321,0.0023050967
0.98681474,0.010358855,0.0028264276
0.9921225,0.0069920123,0.000885469
0.98182493,0.011781865,0.0063931895
0.99767226,0.0021235326,0.00020418766
0.99216217,0.00675074,0.0010870638
0.9880503,0.009206892,0.0027428975
0.988427,0.010115649,0.0014572974
0.9905081,0.008619934,0.0008720241
0.99152935,0.005233645,0.0032369748
0.9925081,0.006913239,0.00057866564
0.9861437,0.009762688,0.0040936098
0.9892035,0.008150442,0.0026460604
0.99091923,0.007024572,0.0020562804
0.98799115,0.007859236,0.0041496227
0.99001944,0.00615735,0.0038231856
0.9982278,0.0016227245,0.00014947007
0.9951989,0.00427067,0.00053037726
0.9802449,0.017744642,0.0020104314
0.9949765,0.0042117382,0.0008117125
0.99413574,0.0029092329,0.0029550465
0.99281704,0.005600254,0.0015827125
0.9960031,0.0035020893,0.0004947654
0.99379325,0.005795014,0.00041167
0.9963527,0.0030676085,0.0005797737
0.9784857,0.02022865,0.0012856195
0.99031854,0.009058383,0.0006230883
0.9863247,0.0069511523,0.006724142
0.99142414,0.0075107096,0.0010652451
0.98932344,0.0074655754,0.0032109043
0.994414,0.004807236,0.0007786527
0.022532055,0.97603035,0.0014376156
0.014027772,0.9776773,0.008294962
0.016460288,0.98222244,0.0013172681
0.021691572,0.9751466,0.0031618034
0.008730549,0.9876654,0.0036040666
0.008641767,0.9910794,0.0002788764
0.0042945244,0.99491113,0.0007944072
0.013896616,0.9809106,0.005192786
0.016259685,0.9816892,0.0020511001
0.0135756675,0.9838585,0.002565782
0.016493011,0.98225486,0.0012520871
0.024071684,0.973825,0.0021033604
0.0019081021,0.9942299,0.0038620078
0.01416955,0.98466957,0.0011608378
0.007090882,0.9924891,0.00042005818
0.013506465,0.9817152,0.0047784005
0.039537616,0.95697373,0.0034886615
0.018043788,0.9813167,0.0006395169
0.011861392,0.98748744,0.0006511241
0.005013223,0.9866403,0.008346519
0.017592961,0.97376573,0.008641372
0.015087751,0.9820718,0.0028404468
0.014007854,0.9839463,0.0020458025
0.020389657,0.97003525,0.009575123
0.024005128,0.9739817,0.002013253
0.012059238,0.98166007,0.006280736
0.0019306695,0.9962126,0.0018567069
0.046603087,0.937878,0.01551888
0.014092201,0.984088,0.0018198362
0.017271852,0.9796194,0.0031087927
0.017857496,0.9797586,0.0023839327
0.01841291,0.9781943,0.0033927672
0.013539542,0.98124045,0.0052199583
0.014966019,0.98274785,0.0022861655
0.00847136,0.99069804,0.00083062693
0.024702158,0.96010906,0.015188863
0.019998666,0.9739966,0.006004689
0.017764706,0.9784824,0.00375289
0.021698304,0.9688038,0.0094978195
0.018239204,0.9765658,0.00519509
0.017563853,0.9797792,0.0026569292
0.012583946,0.98609227,0.00132375
0.012983233,0.98511684,0.0018998666
0.010772214,0.9868798,0.0023479266
0.013845181,0.983023,0.0031318036
0.018782286,0.9794741,0.0017436161
0.014976869,0.9815414,0.0034817066
0.011811488,0.9842935,0.003895015
0.015686851,0.98099273,0.0033204108
0.012790443,0.9857717,0.0014378536
0.012721232,0.9842749,0.0030039048
0.017163087,0.97535354,0.007483367
0.01343435,0.9812531,0.005312595
0.019845195,0.97791517,0.0022396538
0.01414137,0.9846326,0.0012260432
0.027072638,0.97031915,0.0026082506
0.020571016,0.9748479,0.004581058
0.016702354,0.9812152,0.0020823944
0.022299256,0.97637844,0.0013222806
0.01820956,0.9787946,0.0029959437
0.008197898,0.99108446,0.0007177248
0.009142649,0.98981744,0.0010398974
0.017830022,0.98016363,0.0020063422
0.017162284,0.9810394,0.0017983235
0.015953407,0.9812361,0.0028104493
0.022854969,0.9746694,0.0024756733
0.016680073,0.981822,0.0014978916
0.012011801,0.98258466,0.005403579
0.012071558,0.986509,0.0014193901
0.009249367,0.9897048,0.0010458895
0.013286982,0.98481005,0.0019029882
0.03630402,0.9505732,0.013122789
0.010023449,0.9890295,0.000947008
0.014305367,0.984447,0.00124755
0.006336133,0.9903184,0.0033454355
0.0054486403,0.99271554,0.0018357908
0.007245586,0.9648706,0.027883878
0.006484782,0.9929777,0.0005375271
0.0121393055,0.98624957,0.0016111003
0.01263128,0.98114014,0.006228559
0.04785203,0.9397863,0.012361637
0.017163755,0.9811235,0.001712771
0.016912967,0.9791398,0.0039471844
0.012063027,0.9858118,0.0021250963
0.019519622,0.9751126,0.0053677266
0.0060218447,0.99313074,0.00084743265
0.0160566,0.9808549,0.0030884903
0.015856475,0.98292327,0.0012203342
0.008476446,0.988393,0.0031305153
0.13431169,0.14075746,0.7249308
0.023882668,0.9699598,0.006157583
0.02188997,0.97545445,0.0026555543
0.020470025,0.97671604,0.002813943
0.014021605,0.9791581,0.006820251
0.018170746,0.9776625,0.0041668345
0.0013110454,0.9978375,0.00085144886
0.018172396,0.97870654,0.0031210983
0.017758735,0.9800657,0.0021755209
0.018772252,0.97990716,0.0013205957
0.05658829,0.90176755,0.04164417
0.008598447,0.9679828,0.023418695
0.017980013,0.97784823,0.0041716984
0.012918392,0.98595726,0.0011243956
0.01593908,0.98131263,0.0027482419
0.010155647,0.98750186,0.0023425336
0.008723323,0.9907102,0.0005664453
0.0088752555,0.9904019,0.0007228559
0.011011969,0.9845126,0.0044753836
0.01799871,0.9807788,0.0012224377
0.013963233,0.9836896,0.0023472032
0.015160185,0.98102164,0.0038181513
0.014431899,0.9844639,0.0011042082
0.0067521827,0.9923741,0.00087366696
0.010345116,0.9883974,0.0012574586
0.015987232,0.98139787,0.0026149463
0.013465558,0.9844935,0.002040952
0.019218916,0.9780713,0.002709897
0.0035697105,0.9936557,0.0027746689
0.012940416,0.98378766,0.0032718496
0.014585904,0.98337746,0.0020366486
0.0164934,0.97273207,0.010774465
0.021530315,0.9773957,0.0010740269
0.012705671,0.9859552,0.0013391678
0.022695582,0.9754632,0.0018412626
0.017488182,0.98129106,0.0012206897
0.05315422,0.9321142,0.0147315925
0.024978714,0.9727561,0.0022651327
0.006153663,0.9932991,0.0005472364
0.0189819,0.9802639,0.00075419823
0.012186039,0.9871502,0.0006637396
0.04566317,0.5821349,0.37220195
0.0155320885,0.98372424,0.0007436726
0.013937811,0.9790263,0.0070358017
0.018549645,0.97970116,0.0017491371
0.00056335254,0.9988644,0.000572224
0.015530653,0.98363334,0.00083605637
0.0191986,0.977992,0.0028093762
0.015568944,0.9822143,0.0022167885
0.018123088,0.9798711,0.0020057436
0.015525066,0.9823198,0.0021551203
0.017096387,0.9801398,0.002763786
0.010089072,0.94252485,0.047386054
0.018054157,0.97233856,0.009607236
0.004192269,0.99425334,0.0015543456
0.014642193,0.98428464,0.0010731798
0.018567309,0.97681093,0.004621769
0.016824251,0.98068476,0.0024909526
0.015727734,0.9835495,0.0007227786
0.0090317605,0.99030495,0.0006632649
0.013967533,0.9839925,0.0020399133
0.012418293,0.9865072,0.0010745532
0.016033689,0.9832888,0.00067748316
0.05120327,0.55210215,0.39669463
0.009167296,0.9895823,0.0012503891
0.011906861,0.98740816,0.00068498804
0.020813407,0.96442765,0.014758916
0.012369791,0.98169506,0.0059350906
0.013312563,0.98381966,0.0028678195
0.015425436,0.98271054,0.001864022
0.011684419,0.9794265,0.008889037
0.017035333,0.9804621,0.0025025764
0.0172778,0.97900015,0.0037220186
0.009404562,0.9897426,0.00085282937
0.018598257,0.979395,0.0020067275
0.014010773,0.98415136,0.0018378135
0.2325404,0.7643344,0.0031251854
0.014575095,0.98456985,0.0008550262
0.015926806,0.97864383,0.0054294174
0.015106687,0.9804278,0.004465528
0.011036787,0.9876956,0.0012676584
0.016209887,0.98251307,0.0012771179
0.049997192,0.9364935,0.013509229
0.004920209,0.9942062,0.000873572
0.013534409,0.9847075,0.0017580753
0.11528066,0.8614355,0.023283858
0.016392525,0.98104906,0.0025584553
0.0140687525,0.9843711,0.0015600803
0.013203245,0.9843544,0.0024423546
0.013354793,0.98309267,0.0035525176
0.00644683,0.9929675,0.0005857578
0.018305184,0.9800985,0.0015963683
0.016614452,0.98274636,0.0006391989
0.01780729,0.97987056,0.0023221618
0.014631084,0.9844988,0.00087012595
0.022838855,0.97588634,0.0012747132
0.0018231665,0.9975101,0.000666787
0.02050611,0.97462326,0.0048706285
0.0105922995,0.98471653,0.0046911333
0.023221912,0.96078676,0.015991373
0.017332349,0.9763534,0.00631425
0.031173162,0.9650451,0.0037817343
0.013862965,0.9852474,0.0008896983
0.012435173,0.9849583,0.0026065537
0.0104170125,0.9865574,0.0030256081
0.012858516,0.9842667,0.0028747318
0.016523939,0.9802602,0.0032158494
0.013990342,0.98367625,0.0023334585
0.0091731725,0.98828447,0.0025423274
0.014168771,0.9826943,0.003136877
0.00202848,0.9968021,0.0011694169
0.003277132,0.99601823,0.000704589
0.010555098,0.9870244,0.0024204478
0.01830467,0.97911435,0.002580987
0.015184566,0.9835593,0.0012562008
0.0027606229,0.9944353,0.0028040963
0.014891385,0.9835933,0.0015153199
0.01837997,0.9812238,0.00039627275
0.012320782,0.9854746,0.0022046843
0.0077951024,0.9914799,0.0007250574
0.010506512,0.98632646,0.003166974
0.01033372,0.9882732,0.0013930645
0.0153384805,0.98003805,0.004623472
0.023064587,0.9759542,0.0009812498
0.019775987,0.97831875,0.0019052718
0.017640442,0.9802153,0.0021442124
0.018735321,0.9798915,0.0013731802
0.008474712,0.99012274,0.0014025032
0.0039277277,0.9954723,0.0005999882
0.018110495,0.98110455,0.00078491465
0.024010874,0.9751667,0.00082240975
0.011904127,0.9871815,0.00091436895
0.017527714,0.98063207,0.001840205
0.029689798,0.9679481,0.0023621058
0.019119365,0.9787228,0.0021577391
0.008427648,0.9875129,0.0040594563
0.017196445,0.98107404,0.0017294919
0.0132916095,0.9841914,0.0025170066
0.014165736,0.98344374,0.0023905637
0.0102053415,0.9855736,0.004221113
0.010261347,0.9871187,0.0026199357
0.0029452534,0.99666387,0.00039088711
0.021826517,0.9773877,0.0007857685
0.012469476,0.9857481,0.0017824186
0.01981046,0.97906756,0.0011220039
0.01050159,0.9868276,0.002670821
0.035164434,0.8848136,0.08002194
0.03310275,0.9399323,0.026964962
0.00981968,0.98996514,0.0002152567
0.015910937,0.9824541,0.0016349563
0.0159882,0.98145735,0.0025545259
0.012275565,0.98570085,0.0020235963
0.02252085,0.95387757,0.023601647
0.015133094,0.9840618,0.00080516364
0.0013665431,0.9982804,0.00035301968
0.011661681,0.98518735,0.0031509832
0.019112298,0.9783611,0.0025266504
0.014776206,0.98172104,0.0035028085
0.014425277,0.9840121,0.0015625604
0.010747711,0.98848873,0.0007635029
0.010953637,0.98794264,0.0011037899
0.026785618,0.960032,0.013182376
0.013642075,0.98289514,0.0034627563
0.022077553,0.97520465,0.0027178333
0.016926475,0.9808791,0.0021944034
0.02367802,0.97488606,0.0014359301
0.021592144,0.97542804,0.0029798136
0.010359922,0.9888459,0.00079420424
0.021532753,0.9765523,0.0019148771
0.008916284,0.9862737,0.0048099738
0.0045888457,0.99285203,0.0025590707
0.012353187,0.98517597,0.0024707927
0.06353274,0.18967372,0.74679357
0.0056940406,0.9937936,0.0005123318
0.007825695,0.99149054,0.0006838016
0.010522545,0.98302,0.0064574773
0.018955352,0.9788929,0.0021518008
0.012805148,0.9859417,0.00125311
0.015638966,0.98278517,0.001575927
0.012610078,0.98524934,0.0021405416
0.015208661,0.98319775,0.001593616
0.01677774,0.98180133,0.0014209179
0.020733075,0.97869736,0.00056950015
0.015267936,0.97362703,0.011105001
0.018149076,0.9764965,0.005354388
0.017503724,0.9792899,0.0032063976
0.014541449,0.9842174,0.0012411838
0.0102402195,0.9889419,0.0008178956
0.028446501,0.9700252,0.0015283626
0.02514329,0.970597,0.0042597074
0.013059104,0.98316264,0.0037782127
0.017982101,0.97891736,0.0031005032
0.28431994,0.20259988,0.51308024
0.027711561,0.9711591,0.0011293637
0.0148738185,0.9814741,0.003652112
0.011234743,0.98789215,0.0008731251
0.0012963836,0.998309,0.00039460318
0.014907796,0.9665754,0.018516852
0.019357203,0.9783976,0.0022451396
0.00631817,0.99234444,0.0013373571
0.018301878,0.98087895,0.00081918814
0.011366972,0.98787445,0.0007585706
0.019268632,0.97677827,0.003953076
0.00813089,0.99069315,0.0011759504
0.01341104,0.985307,0.0012820008
0.0196166,0.97900075,0.0013826921
0.011875191,0.98478186,0.0033430154
0.02325945,0.97368366,0.0030569406
0.0136648435,0.98453563,0.0017994528
0.010888761,0.98305076,0.0060605076
0.021842739,0.9771593,0.0009979331
0.017893821,0.9769695,0.0051366882
0.0028393685,0.9952129,0.00194766
0.011533304,0.9858271,0.0026396054
0.011966531,0.9865589,0.001474566
0.017150886,0.9803879,0.0024611868
0.011924849,0.9869703,0.0011048594
0.011918442,0.98644,0.0016415894
0.0118768625,0.9858828,0.0022403307
0.023921108,0.9743713,0.0017076408
0.01719749,0.97826344,0.0045391154
0.009782119,0.9881065,0.0021114035
0.016031152,0.9821737,0.0017951358
0.015779631,0.98294765,0.0012727014
0.014973694,0.9832518,0.0017744357
0.021743271,0.97651666,0.0017400497
0.04084114,0.95437545,0.0047834343
0.008940477,0.98991615,0.0011433337
0.021648493,0.97606534,0.002286195
0.009862273,0.9884505,0.0016872361
0.016384462,0.9815244,0.0020912034
0.015572277,0.98242456,0.0020031303
0.025303517,0.9720243,0.002672185
0.014511946,0.9841409,0.0013471874
0.014927044,0.98210484,0.002968154
0.012961955,0.9854252,0.0016129005
0.013072881,0.9851614,0.0017657698
0.015548728,0.9828567,0.0015946196
0.01999532,0.97955644,0.00044827283
0.019970065,0.97927505,0.0007549104
0.014846137,0.9834817,0.0016722097
0.017773643,0.9799311,0.0022952498
0.002870422,0.9963199,0.00080963963
0.017593391,0.9795121,0.0028945678
0.012644656,0.9869867,0.00036864486
0.029546626,0.9698879,0.0005654773
0.008667271,0.98916256,0.0021701327
0.029653825,0.96961176,0.000734437
0.011566731,0.9877194,0.0007138923
0.020339955,0.971458,0.00820205
0.021761373,0.9763757,0.0018628894
0.007249832,0.9912305,0.0015196473
0.018216457,0.98012197,0.001661622
0.0560556,0.94256955,0.0013748386
0.011918021,0.987369,0.0007129424
0.022866623,0.9751663,0.0019670862
0.0060307723,0.99266243,0.0013067957
0.04116865,0.020005303,0.93882596
0.030582575,0.060702037,0.90871537
0.05279428,0.039310083,0.9078956
0.04068757,0.016845552,0.94246686
0.03001975,0.031521935,0.93845826
0.028153531,0.014620129,0.95722634
0.2880667,0.074271195,0.6376622
0.048753683,0.028632835,0.92261356
0.051463954,0.03809566,0.91044044
0.06003004,0.028943708,0.9110262
0.026330302,0.04549468,0.9281751
0.035104156,0.042592525,0.9223033
0.02249124,0.04331069,0.934198
0.016134117,0.97505957,0.008806299
0.03734472,0.030065991,0.9325893
0.11348879,0.43589753,0.45061362
0.0583594,0.020687116,0.9209535
0.25256974,0.022636827,0.7247934
0.49674952,0.011328528,0.49192205
0.9558618,0.006638505,0.03749967
0.24731748,0.03599668,0.71668583
0.05570304,0.047925323,0.89637154
0.020199463,0.025360556,0.95443994
0.010865391,0.008193621,0.980941
0.050736293,0.026814593,0.92244905
0.06931294,0.051358316,0.87932885
0.047770645,0.029488178,0.92274123
0.035398364,0.021765748,0.94283587
0.05222623,0.03817223,0.9096016
0.034537386,0.12869844,0.8367642
0.034809314,0.011411831,0.95377886
0.049790524,0.013479689,0.93672985
0.037220668,0.040521193,0.92225814
0.02226811,0.006518472,0.9712134
0.018944709,0.012219684,0.9688356
0.029364081,0.008620873,0.962015
0.029468661,0.022838429,0.94769293
0.9211005,0.026398921,0.05250052
0.13624175,0.041714016,0.82204425
0.03961953,0.03183519,0.9285453
0.0144355325,0.9837505,0.0018138904
0.117143385,0.008142838,0.8747137
0.050432302,0.05213492,0.89743274
0.0683016,0.050264176,0.88143426
0.014011745,0.0084736915,0.9775145
0.04315766,0.023213703,0.93362856
0.070318,0.05784201,0.87184
0.029629778,0.42201036,0.5483598
0.014519124,0.081935756,0.90354514
0.06277401,0.054859504,0.8823665
0.047988698,0.030473696,0.92153764
0.06239483,0.033170022,0.90443516
0.019980123,0.018263312,0.9617565
0.04070314,0.031086512,0.9282103
0.049444016,0.032079715,0.9184762
0.049194027,0.025298199,0.9255078
0.052117087,0.033063,0.91481996
0.054137953,0.03464822,0.91121393
0.058050666,0.036540657,0.9054087
0.022703586,0.025953645,0.9513428
0.039205406,0.044643,0.9161516
0.06367904,0.029354373,0.90696657
0.045061894,0.04274715,0.91219103
0.04892501,0.031526726,0.9195482
0.023037849,0.015376517,0.9615857
0.040674377,0.0097748935,0.9495508
0.055992827,0.035905402,0.90810174
0.079797186,0.25076288,0.6694399
