p0,p1,p2
0.9849974,0.009000917,0.0060017616
0.9865218,0.009843029,0.0036352207
0.98608124,0.011181342,0.0027374313
0.9874121,0.010590223,0.001997632
0.984026,0.012767792,0.003206211
0.5106292,0.05822163,0.4311492
0.98758984,0.008876021,0.0035340867
0.98695344,0.010380566,0.0026659498
0.98466367,0.0124436,0.0028927918
0.9872586,0.009208504,0.0035329014
0.9862114,0.01058768,0.003200804
0.9868029,0.009496426,0.00370074
0.98501855,0.011591566,0.003389849
0.9874933,0.009282932,0.0032237985
0.98288894,0.009635905,0.007475192
0.9865823,0.01014619,0.003271545
0.98757625,0.009522449,0.0029013485
0.98459756,0.012237901,0.0031645114
0.98688346,0.010089993,0.003026608
0.12810059,0.072492264,0.7994072
0.98623705,0.0107967835,0.0029661243
0.98472863,0.012203724,0.003067558
0.9856619,0.010885744,0.0034522167
0.98430115,0.012258134,0.003440724
0.016672473,0.9708891,0.012438424
0.9863616,0.010183624,0.0034546673
0.9365921,0.014516061,0.048891872
0.9849814,0.012147398,0.002871206
0.98756546,0.010235959,0.0021986002
0.98530364,0.011939639,0.0027567258
0.9864753,0.010487594,0.0030371975
0.9831488,0.013552632,0.0032985893
0.9842553,0.012317561,0.0034271502
0.9874242,0.007885468,0.004690271
0.9888737,0.00782794,0.0032984135
0.98370934,0.013079132,0.0032114454
0.9870897,0.010638584,0.002271731
0.9857777,0.011543993,0.0026784216
0.98506296,0.012327668,0.0026093777
0.9857416,0.012068059,0.002190258
0.9836855,0.012876046,0.003438572
0.9871141,0.009508703,0.0033772145
0.97802025,0.012677481,0.009302257
0.9878079,0.008765985,0.003426111
0.98563427,0.011724079,0.0026416674
0.98687893,0.010636313,0.002484751
0.9863564,0.011556411,0.0020871817
0.98727,0.010353518,0.0023765424
0.9859373,0.011389083,0.0026736285
0.9874462,0.009549131,0.0030047672
0.987496,0.009112304,0.0033917443
0.98562247,0.011587351,0.0027901235
0.9864124,0.010620909,0.0029666517
0.98682076,0.008218622,0.0049605654
0.98504305,0.011671366,0.0032856362
0.9863868,0.011562412,0.0020508766
0.98511004,0.0114464,0.0034435517
0.9856536,0.007474289,0.0068722027
0.9853898,0.011698302,0.0029119372
0.985508,0.008677517,0.0058144415
0.9854784,0.01028439,0.004237225
0.23558229,0.045386273,0.7190314
0.9838478,0.006450305,0.009701986
0.9878457,0.0098178135,0.002336494
0.98678243,0.009932546,0.0032850157
0.9882245,0.007838096,0.003937395
0.98706067,0.009287931,0.0036514415
0.9872799,0.010703164,0.0020169655
0.9864719,0.010345148,0.0031829444
0.9831986,0.013566562,0.0032349525
0.98703337,0.010442412,0.0025242746
0.98734355,0.0095016295,0.0031547975
0.98580694,0.011612178,0.0025809256
0.9847265,0.012665075,0.0026084865
0.98570204,0.01100376,0.003294262
0.987616,0.009024846,0.0033591911
0.9860427,0.011083066,0.0028742994
0.98518836,0.01197327,0.0028383518
0.98776025,0.009132561,0.0031071976
0.9867012,0.010058617,0.003240142
0.9870548,0.009906222,0.003038982
0.98638517,0.011539833,0.0020750482
0.9854096,0.011360778,0.003229587
0.98362964,0.013336015,0.0030343567
0.9857108,0.01089692,0.0033922314
0.98646784,0.011033839,0.0024983115
0.987143,0.010535767,0.0023211916
0.97875446,0.006911287,0.014334196
0.9875144,0.010265459,0.0022200614
0.9874149,0.010507839,0.0020772144
0.9848859,0.01191129,0.003202751
0.9747069,0.009180646,0.016112538
0.9856123,0.01218489,0.0022028398
0.9864879,0.010335219,0.0031767855
0.17857486,0.11678392,0.70464116
0.9887828,0.008154934,0.003062192
0.9847734,0.01207388,0.003152737
0.98679173,0.009864972,0.0033433023
0.98523444,0.012186168,0.0025794266
0.98644596,0.010244343,0.0033096517
0.98414063,0.012595888,0.0032634484
0.9856176,0.011263741,0.0031186775
0.984516,0.012082517,0.0034013805
0.9878181,0.008299554,0.0038823325
0.98397315,0.0130443685,0.0029825256
0.9851834,0.0119615225,0.002855017
0.9859725,0.01081499,0.0032125532
0.98672056,0.010039188,0.0032402058
0.9870467,0.006644177,0.0063090366
0.9866866,0.009970451,0.003342946
0.98740387,0.00950221,0.0030939672
0.98431844,0.012922134,0.0027593535
0.986813,0.009971729,0.0032152915
0.98843807,0.008669385,0.0028925592
0.9889903,0.005950072,0.005059633
0.9855349,0.011196996,0.003268072
0.98307693,0.013446183,0.0034769522
0.98704857,0.010422198,0.0025292488
0.990006,0.0057785707,0.0042153248
0.98476833,0.011254035,0.003977636
0.9849496,0.011982064,0.0030682462
0.98197824,0.008290872,0.009730948
0.9877024,0.008911777,0.0033858337
0.9853672,0.010486048,0.0041466933
0.9846602,0.012407154,0.002932603
0.98689866,0.010963455,0.0021378524
0.020584911,0.9750302,0.004384921
0.017825436,0.97752225,0.0046523144
0.018739121,0.9781778,0.0030830698
0.0159086,0.9756176,0.008473783
0.015520665,0.97773516,0.0067441557
0.018133,0.977539,0.0043280465
0.019036213,0.9754185,0.0055452674
0.020617926,0.97468853,0.004693509
0.019015906,0.9767596,0.004224417
0.036574543,0.67874867,0.2846768
0.020617926,0.97516453,0.004217518
0.020171212,0.97427917,0.005549618
0.014746462,0.98213977,0.0031137487
0.02041386,0.97641706,0.0031690157
0.015068019,0.9812664,0.00366563
0.019479718,0.97645104,0.0040692384
0.022912694,0.9718969,0.0051904884
0.02062397,0.9749742,0.0044018305
0.017190145,0.97832334,0.0044865073
0.022715198,0.9725001,0.00478467
0.018927773,0.9765146,0.0045576273
0.019935068,0.97327244,0.0067925085
0.044816017,0.32308242,0.63210154
0.018571913,0.9765762,0.0048518754
0.018728988,0.9766947,0.004576309
0.016409056,0.975348,0.008242938
0.018300751,0.97699463,0.0047046137
0.014521167,0.9761489,0.009329903
0.018088007,0.9770198,0.0048921504
0.020103237,0.976702,0.0031948027
0.018824603,0.97356594,0.0076095425
0.0167067,0.9785993,0.004693969
0.019362433,0.97579896,0.004838554
0.021014482,0.97422034,0.004765131
0.022315146,0.9732649,0.004419935
0.022318203,0.972923,0.0047587855
0.02037212,0.9748966,0.0047313306
0.026026523,0.96809196,0.005881498
0.015004866,0.98097825,0.004016872
0.015638277,0.98082435,0.003537405
0.015209588,0.9803814,0.004408987
0.050636567,0.8741979,0.075165585
0.022772606,0.9725805,0.0046469118
0.017281137,0.9787113,0.004007589
0.018138727,0.97737044,0.0044909003
0.016555564,0.97974133,0.0037030752
0.015164581,0.980827,0.0040084156
0.018324157,0.9772893,0.004386505
0.017423576,0.97671163,0.005864734
0.01778265,0.9761286,0.0060887686
0.019496411,0.9597902,0.020713327
0.017394505,0.9788984,0.0037071225
0.018159222,0.977997,0.0038437333
0.015769305,0.9799091,0.004321626
0.016360056,0.9791058,0.0045341593
0.019593665,0.97594815,0.004458166
0.017742334,0.9782049,0.004052731
0.049909953,0.3910417,0.55904835
0.017320212,0.9794884,0.0031914262
0.022237796,0.97273695,0.005025318
0.01761556,0.9783548,0.0040296717
0.016021825,0.97873074,0.005247443
0.016032431,0.97890055,0.0050670467
0.05771488,0.048246138,0.89403903
0.016858418,0.97502905,0.00811249
0.016719649,0.98031473,0.0029656386
0.014532817,0.97693205,0.008535063
0.017133242,0.9784234,0.0044433614
0.0196077,0.9761704,0.0042218682
0.01356571,0.98169786,0.0047365036
0.013836167,0.974738,0.011425865
0.020239025,0.9756471,0.0041138157
0.018967386,0.976649,0.004383631
0.016401526,0.97967225,0.0039262576
0.014711177,0.98074704,0.0045417603
0.017593736,0.9785752,0.003831012
0.016229246,0.9798514,0.0039193137
0.015093753,0.97576934,0.009136961
0.011479303,0.97929686,0.009223879
0.018188253,0.97860444,0.0032072838
0.017953431,0.977834,0.004212576
0.018496536,0.9778506,0.00365287
0.020427408,0.9746826,0.004889989
0.01919671,0.97694117,0.003862147
0.015559257,0.97396415,0.0104766395
0.012939997,0.98231584,0.004744116
0.015548332,0.98091394,0.003537728
0.01842539,0.9764705,0.0051040705
0.015837137,0.98028743,0.003875376
0.014402806,0.98199975,0.003597417
0.9828964,0.01116702,0.0059365532
0.067258015,0.6538972,0.27884477
0.017341759,0.97783786,0.004820337
0.013933694,0.98112947,0.004936775
0.015995506,0.9804684,0.0035361212
0.020824095,0.97486806,0.0043077995
0.020676827,0.9750895,0.0042336993
0.016071301,0.97983736,0.004091333
0.0173326,0.97827643,0.004390936
0.017151594,0.9789932,0.003855171
0.014257671,0.98068583,0.0050564976
0.018404596,0.9777526,0.0038427727
0.016738921,0.9795298,0.003731313
0.019855022,0.97601354,0.004131468
0.02017754,0.97553694,0.0042855702
0.019929014,0.9763081,0.0037628794
0.012791701,0.9825048,0.004703507
0.018650515,0.977363,0.0039864657
0.021047724,0.9743333,0.0046190587
0.018672079,0.9770608,0.004267188
0.01832163,0.97810924,0.003569195
0.016423129,0.9785705,0.005006326
0.0174476,0.97805834,0.004494061
0.015555842,0.97756153,0.006882669
0.019642347,0.977418,0.0029396007
0.016146615,0.98011255,0.003740832
0.016838348,0.97911304,0.004048579
0.030354893,0.8614877,0.108157404
0.01478037,0.9781693,0.0070502674
0.018456621,0.97764814,0.0038952553
0.0123470295,0.9798886,0.0077643925
0.017809602,0.9747481,0.007442293
0.01951905,0.97651345,0.0039674724
0.013705363,0.981686,0.004608689
0.016629275,0.97978836,0.0035823125
0.02520254,0.9686183,0.0061791646
0.019069565,0.9771275,0.0038029952
0.020758055,0.973201,0.0060409387
0.019363688,0.97633886,0.004297479
0.017470531,0.9788657,0.003663811
0.018621704,0.94953114,0.03184718
0.01692278,0.98018634,0.0028909084
0.01581372,0.9802729,0.003913349
0.015404731,0.97661126,0.007984067
0.024261005,0.9714713,0.00426771
0.015457557,0.9780482,0.006494207
0.015608454,0.9779984,0.0063931975
0.014429828,0.9776168,0.007953359
0.020369966,0.9752696,0.0043603736
0.016327871,0.98004663,0.0036254944
0.017065486,0.9783683,0.004566279
0.021220071,0.97276527,0.006014693
0.016516324,0.97933,0.0041536107
0.016631547,0.97896576,0.0044026203
0.014886475,0.9808714,0.0042422
0.014918956,0.9777459,0.0073351045
0.019298967,0.97688407,0.0038169287
0.021898156,0.972015,0.00608684
0.014966151,0.9817972,0.0032366572
0.014984048,0.9810533,0.0039626304
0.11305,0.23160985,0.65534014
0.015254975,0.9799518,0.004793165
0.015669242,0.97750205,0.0068286927
0.015280123,0.97345304,0.011266855
0.015863849,0.9790683,0.0050679147
0.018206595,0.9762489,0.0055445703
0.01813161,0.9779414,0.0039269836
0.025453912,0.9697188,0.004827225
0.019238086,0.9610484,0.019713547
0.015058934,0.9806748,0.004266274
0.033965863,0.06751621,0.8985179
0.015810996,0.9805828,0.0036062854
0.07776761,0.07464246,0.84758997
0.016354827,0.97974914,0.0038960094
0.019240992,0.97585356,0.0049054353
0.017378433,0.9784716,0.0041499697
0.018226635,0.9778007,0.003972702
0.015047752,0.98090416,0.004048071
0.016366897,0.9799936,0.0036394878
0.041984513,0.7663183,0.1916971
0.019903501,0.97553456,0.0045619546
0.020490147,0.972439,0.0070708394
0.016001599,0.97749513,0.006503224
0.017046673,0.9777671,0.005186264
0.016212523,0.97597826,0.0078092995
0.016263096,0.97902256,0.004714379
0.014951774,0.9760765,0.008971813
0.016975623,0.9784576,0.004566696
0.016109502,0.9802501,0.0036404405
0.021563638,0.9736647,0.004771724
0.015822418,0.9788984,0.0052791843
0.018310726,0.97752714,0.004162191
0.01682944,0.9781174,0.005053114
0.014270219,0.9810697,0.0046600867
0.016655762,0.9794342,0.003910001
0.017389672,0.97958255,0.00302778
0.020160133,0.97517145,0.0046684
0.017739715,0.9732965,0.008963751
0.051243667,0.49023888,0.45851743
0.017166905,0.9784329,0.0044002235
0.01689917,0.97929686,0.0038040015
0.019243259,0.9745398,0.0062169405
0.019300178,0.97646844,0.004231414
0.017391121,0.97014356,0.012465338
0.016110463,0.97983,0.004059464
0.023239598,0.9714286,0.005331804
0.0147601515,0.978741,0.0064988066
0.017770398,0.9778406,0.0043889796
0.016964441,0.97924656,0.0037889767
0.015670216,0.980431,0.003898721
0.01647257,0.9796014,0.003925974
0.014508429,0.9791099,0.0063817394
0.016774984,0.97924644,0.003978576
0.01740769,0.9796403,0.0029520444
0.018535992,0.97706985,0.004394094
0.01622341,0.97997737,0.0037992173
0.014632604,0.9788488,0.006518592
0.016812015,0.9794931,0.0036949134
0.016512044,0.97955453,0.003933461
0.01952158,0.97664,0.0038384
0.019711416,0.97655404,0.003734537
0.016744612,0.9803413,0.0029140427
0.01716851,0.9794804,0.0033510975
0.017819917,0.9772195,0.0049605086
0.016607722,0.9794744,0.003917806
0.01488837,0.98051745,0.0045942203
0.02542702,0.9338613,0.040711693
0.04151364,0.81371325,0.1447731
0.017624732,0.97934234,0.0030329553
0.019119635,0.9763501,0.0045302375
0.014707657,0.98099124,0.0043011224
0.016642636,0.97961843,0.003738946
0.015249893,0.98010373,0.004646415
0.015354917,0.9772633,0.007381773
0.014510329,0.98163164,0.0038580182
0.015069957,0.978044,0.006886066
0.019211592,0.9762674,0.0045210156
0.017931504,0.97807133,0.003997154
0.017912257,0.97749877,0.0045890315
0.016156713,0.9797682,0.0040750955
0.01681079,0.97942173,0.0037675144
0.018605415,0.9769058,0.0044887657
0.0958881,0.06926824,0.83484364
0.023201862,0.9726968,0.0041013756
0.06686072,0.035928037,0.8972113
0.9862375,0.008515976,0.0052465415
0.23940507,0.08228797,0.67830694
0.072809115,0.03519959,0.89199126
0.06650242,0.032776732,0.9007209
0.09323151,0.04649222,0.86027634
0.03968992,0.11004316,0.85026693
0.09515769,0.07026774,0.8345746
0.060013525,0.03982177,0.9001647
0.054483462,0.02848734,0.9170293
0.10253089,0.2901997,0.6072694
0.017885989,0.9595261,0.02258794
0.049602926,0.023101319,0.9272957
0.03859163,0.0692351,0.89217323
0.08163564,0.054727346,0.8636371
0.08770121,0.05547474,0.85682404
0.078906335,0.0479761,0.8731175
0.070136115,0.06914998,0.8607139
0.040845655,0.6669861,0.29216823
0.039374605,0.032850556,0.92777485
0.071763866,0.0453937,0.8828424
0.022452446,0.91902524,0.05852227
0.048524998,0.12187275,0.8296022
0.069968194,0.104676306,0.8253555
0.07826786,0.081505,0.84022707
0.044965107,0.027756361,0.9272786
0.035244476,0.035141367,0.9296142
0.034956947,0.22705923,0.7379838
0.06331432,0.18101642,0.75566924
0.15488523,0.07253124,0.7725835
0.06610352,0.031996805,0.90189964
0.08975043,0.80345994,0.10678965
0.059041623,0.035255365,0.90570295
0.07989308,0.049776584,0.8703303
0.82723033,0.017730916,0.15503877
0.25452867,0.17704011,0.5684312
0.98834795,0.008987543,0.0026645074
0.97664386,0.008189658,0.015166408
0.31254223,0.018659964,0.6687978
0.9872112,0.010671112,0.002117747
0.0878935,0.033254895,0.87885165
0.9890337,0.007595741,0.00337059
0.13127916,0.04566891,0.8230519
0.20694186,0.021731779,0.77132636
0.98890346,0.008179858,0.0029166183
0.9838383,0.0052748276,0.010886847
0.98861337,0.006343783,0.0050429087
0.5155049,0.033984635,0.45051044
0.9887472,0.0067538354,0.0044990242
0.97097415,0.0066324333,0.022393452
0.026989488,0.051770195,0.9212403
0.3760511,0.02184609,0.60210276
0.09601084,0.03286603,0.8711232
0.907091,0.017074507,0.075834505
0.51208574,0.020286923,0.4676274
0.12327002,0.030725563,0.8460045
0.1259134,0.06654638,0.8075402
0.07023757,0.044341564,0.88542086
0.21493316,0.030283717,0.75478315
0.5086882,0.027693307,0.46361846
0.9886819,0.008396525,0.0029216656
0.092887685,0.02689362,0.8802187
0.10126307,0.03351553,0.86522144
0.039271567,0.041236714,0.91949177
0.05163178,0.3150499,0.63331836
0.015571746,0.9766516,0.0077766227
0.018652584,0.9779489,0.0033985474
0.0988396,0.08082825,0.8203321
0.019035239,0.89504856,0.08591618
0.028340597,0.8885649,0.083094515
0.018058483,0.97067386,0.011267651
0.01620018,0.9638732,0.01992656
0.024858844,0.96667093,0.008470194
0.9873344,0.009510824,0.0031547681
0.36202237,0.03847492,0.5995027
0.069381684,0.036992557,0.89362574
0.13816638,0.02838029,0.83345336
0.05758151,0.041252237,0.90116626
0.03304549,0.08678739,0.88016707
0.048599392,0.056514088,0.8948865
0.06310183,0.3323294,0.6045688
0.08943782,0.05283514,0.857727
0.0604111,0.035670266,0.9039186
0.07143071,0.03729374,0.8912756
0.05618844,0.06787555,0.87593603
0.04802385,0.1723557,0.7796204
0.14075571,0.031862512,0.82738173
0.054402027,0.62259823,0.32299972
0.03965488,0.03504661,0.9252985
0.0669804,0.061856065,0.87116355
0.05101514,0.07936178,0.8696231
0.02528349,0.8973873,0.07732919
0.10132546,0.05606663,0.84260786
0.088562265,0.052934613,0.8585031
0.091640994,0.061105706,0.8472534
0.08024876,0.071200676,0.84855056
0.30196542,0.09940759,0.598627
0.06059059,0.034574088,0.90483534
0.044853743,0.03646584,0.9186804
0.18692568,0.022428887,0.7906455
0.054697104,0.05561274,0.88969016
0.15644005,0.059305508,0.78425443
0.095035225,0.027188191,0.87777656
0.042860366,0.035359416,0.9217803
0.016817821,0.9755349,0.0076473034
0.076894194,0.052926026,0.8701798
0.058138512,0.050882928,0.8909786
0.07009918,0.044929158,0.88497174
0.054211497,0.038667608,0.90712094
0.07171248,0.046938427,0.88134915
0.06401594,0.04272718,0.8932569
0.1237988,0.04381435,0.83238685
0.043985836,0.0621209,0.89389324
0.07095209,0.07765973,0.8513882
0.047837622,0.034422517,0.9177399
0.09499953,0.05309511,0.85190535
0.05399117,0.048729345,0.89727944
0.06598624,0.049833357,0.8841804
0.06362713,0.049407892,0.886965
0.08526732,0.044899825,0.8698329
0.05785121,0.0424905,0.89965826
0.056519486,0.051562194,0.89191836
0.06700836,0.046009183,0.8869825
0.07888401,0.046965998,0.87415
0.04753208,0.043257326,0.9092106
0.056145124,0.06602604,0.8778288
0.050209828,0.03109997,0.9186902
0.08667433,0.03280163,0.88052404
0.052593216,0.03942898,0.9079778
0.05317305,0.04395305,0.90287393
0.07385911,0.054887433,0.8712534
0.06088089,0.04404399,0.8950751
0.057096057,0.042326722,0.9005772
0.08898601,0.03823505,0.8727789
0.060256787,0.0381336,0.90160966
0.040899426,0.034575567,0.92452496
0.05194748,0.037544474,0.91050804
0.05864818,0.038163096,0.9031887
0.061591525,0.03905449,0.899354
0.063860394,0.047225855,0.8889137
0.069260664,0.049065232,0.8816741
0.071710356,0.04178745,0.88650215
0.305491,0.024316585,0.6701924
0.07175059,0.043412812,0.8848367
0.055658806,0.03900819,0.905333
0.109712526,0.041021604,0.84926593
0.069057405,0.06082403,0.8701186
0.022079976,0.9306488,0.04727122
0.06527535,0.044124395,0.8906002
0.06164063,0.04092141,0.89743793
0.058570188,0.036795743,0.9046341
0.058527604,0.029515874,0.9119565
0.058101714,0.05884404,0.8830542
0.055199813,0.043858964,0.90094125
0.045163956,0.02754085,0.9272952
0.040770415,0.05632841,0.9029011
0.032766838,0.040918607,0.92631453
0.06600623,0.026358224,0.9076355
0.09135113,0.034495667,0.87415314
0.9052197,0.02099965,0.07378072
0.017623087,0.97590953,0.006467362
0.06191959,0.048388135,0.8896923
0.07252841,0.0451881,0.8822835
0.06121359,0.036179416,0.90260696
0.0916206,0.0320756,0.8763038
0.9554146,0.008042996,0.036542412
0.06358215,0.036122035,0.9002958
0.06862134,0.038436737,0.8929419
0.051722866,0.087854765,0.8604224
0.06924193,0.03500454,0.8957535
0.061082155,0.028966095,0.9099518
0.14628357,0.08612173,0.7675947
0.04356251,0.032278206,0.9241592
0.06148994,0.046756245,0.89175373
0.07532977,0.04727848,0.8773918
0.084206946,0.052361928,0.8634311
0.075573474,0.020899076,0.90352744
0.0516076,0.043841597,0.9045508
0.075790554,0.033005524,0.891204
0.032546908,0.11567087,0.85178214
0.08524236,0.07460427,0.8401534
0.17608231,0.03539754,0.78852016
0.04570834,0.3083441,0.6459475
0.05613204,0.04630843,0.8975596
0.8021941,0.018001871,0.17980398
0.1148686,0.037603218,0.84752816
0.058307808,0.03670252,0.90498966
0.06501339,0.041003432,0.8939832
0.1589982,0.027408035,0.8135938
0.08108245,0.05017345,0.868744
0.08876384,0.05997271,0.85126346
0.06840598,0.23733644,0.69425756
0.063889496,0.062287718,0.8738228
0.034228053,0.0514326,0.9143394
0.055248167,0.040817086,0.9039347
0.08770086,0.04049695,0.8718022
0.0654642,0.041794844,0.8927409
0.066695645,0.17150249,0.76180196
0.08527361,0.04334136,0.871385
0.048209548,0.70705175,0.24473862
0.06999286,0.05496486,0.8750422
0.07428496,0.025366912,0.9003482
0.08460319,0.043656446,0.87174034
0.05719813,0.030871147,0.9119308
0.08943336,0.042348593,0.8682181
0.018765984,0.9729066,0.008327355
0.18603486,0.029676717,0.78428847
0.035181668,0.71567094,0.24914739
0.019893598,0.969826,0.010280427
0.056564696,0.06378399,0.87965137
0.29383332,0.024982333,0.68118435
0.034949392,0.034173146,0.9308775
0.06831407,0.054385,0.877301
0.06579287,0.039171793,0.89503527
0.044757303,0.074516475,0.8807262
0.056729913,0.051956713,0.89131343
0.06113855,0.03824085,0.9006206
0.06761791,0.04559645,0.8867856
0.082513794,0.069348,0.8481383
0.32023612,0.023643816,0.65612006
0.05323626,0.6128371,0.33392665
0.16051607,0.029226799,0.8102571
0.052096136,0.032111175,0.9157927
0.06076839,0.038363587,0.900868
0.058243085,0.0284548,0.9133021
0.063735895,0.049516525,0.88674754
0.031657837,0.051260438,0.9170817
0.053298645,0.03859632,0.9081051
0.06113361,0.036558054,0.90230834
0.105034426,0.034425918,0.8605396
0.07329334,0.09077075,0.83593583
0.039687853,0.045480132,0.914832
0.05596474,0.03150086,0.9125345
0.07632428,0.053596053,0.8700797
0.06111352,0.040829826,0.8980566
0.06870963,0.039379634,0.8919107
0.104010835,0.039037187,0.8569519
0.050028317,0.042169232,0.9078024
0.03716893,0.12263332,0.84019774
0.05454861,0.04771774,0.89773375
0.04642491,0.06467529,0.8888998
0.056524847,0.0396345,0.9038406
0.07475134,0.052465893,0.8727828
0.15673506,0.053974774,0.7892902
0.047372155,0.030407073,0.9222207
0.061025765,0.037817825,0.9011565
0.04567164,0.051651776,0.9026766
0.14208347,0.029172644,0.8287438
0.45763797,0.028328031,0.514034
0.062328357,0.043853477,0.8938182
0.07119665,0.035227694,0.8935756
0.05962664,0.03237099,0.9080024
0.039875004,0.16155708,0.79856783
0.0978491,0.04773444,0.8544165
0.13708104,0.08478372,0.7781353
0.06701494,0.062648065,0.87033695
0.045845933,0.046704527,0.90744954
0.10635011,0.04064283,0.8530071
0.024658449,0.091550164,0.88379145
0.9822934,0.0074052913,0.010301328
0.056096073,0.04032565,0.9035782
0.050863255,0.02843435,0.9207024
0.05017427,0.027292598,0.92253315
0.04291008,0.04052738,0.9165625
0.08761505,0.04271059,0.8696743
0.037652023,0.06689295,0.895455
0.048885077,0.036346048,0.9147689
0.07960131,0.027030138,0.8933686
0.055633385,0.08425286,0.8601138
0.07683378,0.03413643,0.88902974
0.13119638,0.07720173,0.79160196
0.07562514,0.03793398,0.8864409
0.7596408,0.022984013,0.21737522
0.09238655,0.055341896,0.85227156
0.06368107,0.04730065,0.8890183
0.09417979,0.050893087,0.8549271
0.04632559,0.037625674,0.9160487
0.03621517,0.064686745,0.8990981
0.067245655,0.036525145,0.89622927
0.07144855,0.039227117,0.88932437
0.053074528,0.047482867,0.89944255
0.091547325,0.06701016,0.8414425
0.06790956,0.04884183,0.88324857
0.04753259,0.069498025,0.8829694
0.0562138,0.037869375,0.90591675
0.061782293,0.039156333,0.8990613
0.059421223,0.0506028,0.88997597
0.056487363,0.03629334,0.90721923
0.9603678,0.009001529,0.030630734
0.06593158,0.04672966,0.88733876
0.07446993,0.029963952,0.89556605
0.053391404,0.03336258,0.913246
0.04982466,0.032279357,0.91789603
0.027883051,0.95267045,0.019446507
0.05473792,0.03956123,0.90570086
0.93631727,0.027377672,0.036304962
0.065224946,0.03919561,0.89557946
0.07137194,0.032852437,0.8957756
0.087608404,0.07630156,0.8360901
0.0723621,0.0322047,0.8954332
0.059454,0.12300854,0.8175375
0.08393235,0.04104541,0.87502223
0.059282474,0.067012034,0.8737055
0.07239721,0.05462161,0.8729812
0.06896878,0.047913443,0.8831178
0.049412668,0.03850142,0.9120859
0.06917745,0.038956907,0.89186573
0.8835025,0.01394968,0.10254786
0.05680805,0.03703797,0.906154
0.073965594,0.027584992,0.89844936
0.04803296,0.036310334,0.9156566
0.07191173,0.040397957,0.88769037
0.08132006,0.04653884,0.8721412
0.06441189,0.10718706,0.8284011
0.07227512,0.040761016,0.88696384
0.075374916,0.04627869,0.8783463
0.04482872,0.053001992,0.9021693
0.0538803,0.03835639,0.9077633
0.0666927,0.12082387,0.81248343
0.06259689,0.0514908,0.8859123
0.06722236,0.04729683,0.8854808
0.05839558,0.038786042,0.9028183
0.24637607,0.02344854,0.73017544
0.060981818,0.03366092,0.9053573
0.07403526,0.03235941,0.8936053
0.042954594,0.046672326,0.9103731
0.04793494,0.07457006,0.877495
0.08023719,0.06842973,0.8513331
0.058247,0.050853573,0.8908995
0.060408022,0.044066165,0.89552575
0.05357753,0.10093035,0.8454922
0.048506428,0.048672505,0.90282106
0.073273376,0.035380825,0.8913458
0.06123051,0.035472125,0.9032974
0.084634356,0.03625002,0.8791157
0.05865752,0.04853391,0.8928085
0.0402653,0.057508655,0.90222603
0.07892922,0.044709772,0.876361
0.04780278,0.040038344,0.9121589
0.08274135,0.056756284,0.86050236
0.091278285,0.03824603,0.8704757
0.09632752,0.046162065,0.85751045
0.15510182,0.041126747,0.80377144
0.12583826,0.037102487,0.83705926
0.14463617,0.027561788,0.827802
0.05536098,0.046346262,0.89829284
0.084252104,0.027905758,0.8878422
0.045348637,0.049563132,0.9050882
0.5289973,0.03564888,0.43535385
0.07114128,0.050250042,0.87860864
0.94210154,0.011721143,0.046177287
0.060829706,0.04702851,0.8921418
0.9786589,0.008778592,0.012562478
0.062696666,0.04432854,0.8929748
0.03230288,0.038304463,0.92939264
0.11821224,0.03704307,0.8447446
0.043633427,0.05126234,0.9051042
0.09226138,0.039623044,0.8681156
0.07156385,0.040716164,0.88772005
0.050940637,0.10247671,0.84658265
0.054970548,0.06518359,0.87984586
0.074810214,0.109434426,0.8157554
0.054031197,0.058051992,0.8879168
0.059263118,0.04310452,0.89763236
0.062215727,0.036825616,0.90095866
0.16609634,0.030005671,0.8038979
0.058549833,0.03845421,0.902996
0.05319698,0.04440436,0.9023986
0.07897033,0.039274912,0.8817548
0.06539365,0.050631087,0.88397527
0.10191208,0.054111887,0.8439761
0.08522943,0.047867768,0.86690277
0.10520703,0.08880976,0.8059832
0.08791586,0.039849922,0.8722342
0.021199876,0.96852344,0.010276649
0.0669615,0.040160634,0.8928779
0.0513436,0.060085405,0.888571
0.032101907,0.031573363,0.9363247
0.106322624,0.03817986,0.8554975
0.05431747,0.032339554,0.913343
0.036737077,0.036844864,0.92641807
0.89269274,0.010880976,0.09642626
0.04542324,0.031021364,0.92355543
0.05385672,0.031660732,0.9144826
0.066318035,0.05497958,0.8787024
0.28666112,0.028355591,0.6849833
0.066544645,0.045268852,0.8881865
0.06798778,0.04298417,0.889028
0.06482121,0.04253155,0.89264727
0.07896009,0.03982984,0.8812101
0.08500715,0.03329741,0.8816955
0.12111858,0.024755867,0.85412556
0.1490077,0.022173714,0.82881856
0.94201237,0.008692595,0.049295023
0.9865883,0.0062938016,0.0071178963
0.98857343,0.0082493145,0.0031772899
0.06021771,0.31229943,0.6274829
0.98830694,0.007854074,0.0038390004
0.98475605,0.0070425076,0.008201426
0.9862309,0.005870073,0.007899047
0.98617065,0.010659864,0.003169567
0.9897026,0.0072740884,0.0030234205
0.98682064,0.009627325,0.0035520864
0.58657837,0.034142952,0.3792787
0.9889692,0.0058462694,0.005184569
0.16946569,0.025309028,0.8052253
0.9281453,0.008631808,0.063222796
0.98588437,0.011092114,0.0030235439
0.7467809,0.011484141,0.241735
0.98803794,0.008949696,0.003012446
0.9870396,0.006138817,0.006821646
0.9880057,0.008252632,0.0037416122
0.98921925,0.0074356874,0.0033449873
0.98361915,0.0128124645,0.0035683315
0.6075684,0.02374275,0.36868885
0.16165027,0.020223029,0.8181268
0.98368984,0.007832665,0.008477406
0.22643816,0.05121445,0.7223473
0.9861367,0.011291706,0.0025717232
0.9880475,0.008188756,0.003763759
0.98927116,0.006646157,0.0040826006
0.98499197,0.012508676,0.0024994507
0.9853585,0.011505328,0.00313618
0.98699886,0.0099444315,0.003056667
0.98816293,0.007822314,0.004014803
0.98690957,0.010269196,0.0028211838
0.98681855,0.008638293,0.0045431782
0.98926663,0.008295506,0.0024378207
0.9881194,0.0071778423,0.004702749
0.04900396,0.046012487,0.9049835
0.3080339,0.021126376,0.67083967
0.9885838,0.007871633,0.0035445602
0.98991007,0.007368569,0.0027213546
0.98811215,0.009144742,0.0027430693
0.9897138,0.006840127,0.0034461566
0.98626155,0.007574451,0.006164002
0.98102355,0.010338369,0.008638031
0.07114584,0.052331734,0.8765224
0.9898531,0.005660397,0.004486497
0.98079485,0.014820042,0.0043850765
0.9902886,0.005196558,0.0045148474
0.9879134,0.007310744,0.004775811
0.9073319,0.010338749,0.08232938
0.9878897,0.009115936,0.0029943972
0.98769057,0.0050926143,0.0072168903
0.98638433,0.0071233776,0.006492246
0.9892532,0.007523595,0.0032232425
0.98560345,0.0071525774,0.007243961
0.9885379,0.0075845234,0.0038775806
0.098471455,0.014816237,0.8867123
0.98798954,0.0065666265,0.0054439246
0.9020344,0.0128668295,0.08509879
0.9081591,0.012409357,0.079431586
0.14909837,0.03417441,0.8167272
0.9907391,0.006338825,0.0029220323
0.792856,0.017879404,0.18926468
0.98688704,0.0066236686,0.006489215
0.98973936,0.0055178516,0.00474277
0.9872732,0.009937486,0.0027893432
0.9855649,0.011977846,0.0024573274
0.506327,0.037805557,0.4558675
0.0658068,0.036341965,0.8978512
0.9876863,0.0055010305,0.0068127955
0.9884809,0.0062141772,0.0053048963
0.9887925,0.0075569,0.0036507112
0.9856398,0.011553655,0.0028065694
0.9905158,0.006906103,0.0025781032
0.25866455,0.021362469,0.71997297
0.85400575,0.009561556,0.1364327
0.9877573,0.009231167,0.0030115903
0.98871106,0.008355873,0.002933187
0.3485053,0.048448857,0.6030458
0.9832025,0.013606419,0.0031910383
0.98804575,0.009397612,0.0025566497
0.98856795,0.00761444,0.0038175802
0.9906935,0.006066016,0.003240569
0.98121095,0.0060079545,0.012781096
0.98572254,0.010791151,0.0034863092
0.51131874,0.01671146,0.4719698
0.98897225,0.005573122,0.005454664
0.98594517,0.010772528,0.0032822285
0.97000265,0.0065870876,0.023410339
0.9890054,0.007448613,0.0035460717
0.7713774,0.016293332,0.21232936
0.10944693,0.18690418,0.7036489
0.12796326,0.033987693,0.83804905
0.07833275,0.026508614,0.89515865
0.9898516,0.0073897513,0.0027586531
0.98836577,0.008239531,0.0033947316
0.8205649,0.019392295,0.16004275
0.01841046,0.97758657,0.0040029837
0.9871678,0.010515473,0.00231672
0.9869882,0.007148651,0.005863118
0.98905575,0.006548085,0.004396176
0.055266242,0.03252109,0.9122127
0.9874161,0.009890512,0.0026933735
0.039411575,0.8736609,0.08692756
0.98579943,0.006681298,0.007519325
0.9597306,0.012152222,0.028117135
0.98630434,0.010173093,0.0035225998
0.9859021,0.009875347,0.0042225197
0.17801799,0.034369525,0.7876125
0.18643235,0.021729141,0.7918385
0.19557123,0.0666434,0.7377854
0.97731835,0.0087409215,0.013940698
0.98533094,0.011129276,0.003539804
0.07446016,0.03987512,0.8856647
0.98693967,0.007706544,0.005353829
0.08708055,0.07412114,0.8387983
0.98782176,0.008226959,0.003951194
0.09332663,0.044256918,0.8624164
0.9882421,0.008094949,0.0036629592
0.6375453,0.030081622,0.33237308
0.050448053,0.039481293,0.91007066
0.9695616,0.007880127,0.022558272
0.6105365,0.05824911,0.3312144
0.98727083,0.005899261,0.0068299104
0.98839325,0.008151721,0.0034550284
0.9857509,0.01138693,0.0028622465
0.96311885,0.0072962777,0.029584978
0.98362803,0.006461472,0.009910468
0.98628104,0.010723707,0.0029953658
0.98777384,0.01016837,0.0020577756
0.9857407,0.008420743,0.0058385767
0.15535621,0.03511933,0.8095244
0.98738295,0.00911126,0.00350585
0.9875823,0.008436475,0.0039812187
0.98790735,0.008480559,0.0036119972
0.985151,0.01193779,0.0029112315
0.98679465,0.006431828,0.006773491
0.97338426,0.0095707225,0.017045
0.9890042,0.0074704587,0.0035253505
0.98884624,0.0072748954,0.00387879
0.98785585,0.00739649,0.004747633
0.98671526,0.0065645645,0.006720239
0.985502,0.0062501426,0.008247813
0.98740095,0.008874323,0.003724744
0.3749784,0.019632008,0.60538965
0.9864026,0.008856697,0.0047406484
0.9840289,0.005920222,0.010050987
0.16946964,0.0145004215,0.81602997
0.98672557,0.011047504,0.0022269702
0.24700554,0.02131083,0.7316836
0.065947615,0.025449911,0.9086024
0.964108,0.009018953,0.026873084
0.98756814,0.00922039,0.0032114733
0.90548825,0.019014334,0.075497486
0.9863036,0.0063475305,0.0073488965
0.9900321,0.006291148,0.0036767684
0.98720425,0.008769187,0.004026606
0.98757523,0.008535859,0.003888966
0.09098283,0.050000746,0.8590164
0.015864057,0.98099536,0.0031406416
0.014659464,0.98016685,0.0051736697
0.017187554,0.968197,0.014615407
0.016739022,0.96812373,0.015137223
0.0697454,0.04370954,0.88654506
0.10190241,0.10513715,0.79296046
0.024684902,0.9353842,0.03993083
0.052898917,0.19367345,0.7534276
0.016434161,0.96829236,0.015273512
0.06872515,0.049986646,0.88128823
0.02043739,0.97325605,0.0063065244
0.013991804,0.968527,0.017481234
0.017946312,0.97221035,0.0098433755
0.020594757,0.97502035,0.0043848767
0.015261419,0.9694174,0.015321151
0.017626777,0.9775449,0.0048283143
0.017491342,0.97764194,0.004866666
0.020477792,0.9591242,0.020397956
0.05359799,0.17928107,0.7671209
0.02295749,0.9479932,0.029049339
0.049019273,0.21140195,0.7395787
0.061084967,0.068045445,0.87086964
0.04549801,0.5735518,0.38095018
0.017772257,0.9774654,0.0047623636
0.041042596,0.7289197,0.23003772
0.019201789,0.9573634,0.023434803
0.014612315,0.97368073,0.011706978
0.014357764,0.9784508,0.0071913907
0.016872827,0.97872555,0.00440154
0.015739165,0.97947,0.004790808
0.014761441,0.97310793,0.012130579
0.017620878,0.97435886,0.008020293
0.01669165,0.97819525,0.0051130857
0.014840934,0.98073983,0.004419221
0.033814594,0.049561616,0.9166238
0.015100144,0.9809607,0.0039391075
0.0606991,0.36983532,0.56946564
0.022707388,0.97121674,0.0060759047
0.02145433,0.97252077,0.006024937
0.015611339,0.9800915,0.0042971773
0.034746263,0.07784445,0.88740927
0.018928548,0.9770315,0.0040399716
0.037676618,0.20998941,0.7523339
0.01722656,0.9751441,0.007629325
0.01539654,0.97991234,0.004691096
0.029044885,0.6432277,0.32772744
0.029383887,0.18106696,0.7895491
0.044532206,0.4458237,0.5096441
0.03956041,0.26331124,0.69712836
0.018261159,0.9758335,0.005905417
0.022786347,0.9717429,0.0054706847
0.027195955,0.91211265,0.060691435
0.05771763,0.088310204,0.8539722
0.029029075,0.68970686,0.2812641
0.019705515,0.9541123,0.02618216
0.045444675,0.2196816,0.73487383
0.018677365,0.9768603,0.004462333
0.022696797,0.938144,0.03915914
0.017981859,0.96939105,0.012627131
0.016995078,0.97814524,0.004859671
0.019373076,0.9739546,0.0066723106
0.020634256,0.9385494,0.040816303
0.017922077,0.96522516,0.016852682
0.018644264,0.90714663,0.07420906
0.016960774,0.9685743,0.01446488
0.014933991,0.9792092,0.005856808
0.046897944,0.0682028,0.88489926
0.018688986,0.9779455,0.0033655078
0.01727115,0.9781457,0.004583108
0.04633155,0.09720187,0.8564666
0.023390563,0.97107804,0.005531384
0.016540587,0.97885495,0.0046043824
0.014706533,0.9770921,0.00820142
0.016743058,0.9721471,0.011109799
0.071825124,0.06504721,0.86312765
0.013466008,0.98212576,0.0044082133
0.015243451,0.97921145,0.0055451263
0.045763437,0.53667873,0.4175578
0.03972552,0.061408035,0.8988664
0.014526691,0.9774744,0.007998932
0.019831976,0.970606,0.009562063
0.03523773,0.77505785,0.1897044
0.020431885,0.9720443,0.007523814
0.01825217,0.96587455,0.015873253
0.025737055,0.92245007,0.05181288
0.051229417,0.11222364,0.836547
0.019498426,0.9754817,0.0050198506
0.052495647,0.115842804,0.8316615
0.04684337,0.068423465,0.88473314
0.030075176,0.60762596,0.36229894
0.017070586,0.9796169,0.0033125174
0.042771954,0.55359286,0.4036352
0.05670913,0.29238516,0.6509058
0.055793047,0.08624534,0.8579616
0.016417498,0.97489715,0.008685273
0.051648915,0.06792437,0.8804267
0.025693554,0.9335678,0.040738665
0.038947932,0.87185585,0.08919624
0.021243965,0.97386056,0.004895417
0.019982073,0.9727135,0.007304481
0.018140368,0.9731727,0.00868686
0.04839459,0.050865896,0.90073955
0.020135846,0.9654737,0.0143904425
0.020493338,0.97449195,0.0050147576
0.027368195,0.95445395,0.018177815
0.06828911,0.09611517,0.8355957
0.048597395,0.0317467,0.919656
0.045238838,0.81769323,0.13706793
0.024208724,0.9623039,0.013487349
0.051429998,0.044487227,0.90408266
0.01782831,0.96487504,0.017296676
0.038573317,0.2662526,0.6951741
0.03250085,0.6604919,0.30700728
0.016299916,0.97884643,0.0048536654
0.016345259,0.9668236,0.016831208
0.016367188,0.97905445,0.004578415
0.016666377,0.97338164,0.009951949
0.042850167,0.039629925,0.91752
0.16606276,0.03225961,0.80167764
0.017993951,0.96909606,0.012910027
0.03171697,0.044990946,0.9232921
0.02941525,0.64889,0.32169473
0.020363862,0.96691763,0.012718513
0.020826474,0.9565886,0.022584857
0.016128339,0.97375906,0.010112588
0.03188952,0.9201919,0.047918618
0.050614458,0.13886671,0.8105189
0.04912024,0.083597146,0.8672826
0.0351917,0.6159187,0.3488896
0.016752811,0.97461516,0.008632033
0.04104607,0.049948093,0.90900576
0.017280674,0.97582203,0.006897312
0.051017836,0.56756485,0.38141733
0.07112002,0.043644954,0.8852351
0.015119921,0.95388633,0.030993786
0.037207156,0.034545675,0.9282471
0.018906131,0.97730505,0.003788857
0.05851039,0.04787152,0.89361817
0.020369451,0.9738174,0.0058131935
0.015736198,0.9802421,0.0040217047
0.024964128,0.9599239,0.015111964
0.022908585,0.97124815,0.0058433292
0.019046769,0.97548294,0.0054703304
0.58302885,0.041640636,0.3753305
0.038106374,0.04852508,0.91336846
0.046373755,0.75651765,0.19710866
0.017170062,0.9795689,0.0032610018
0.01531857,0.9778104,0.0068709883
0.01912553,0.9582288,0.022645688
0.015609017,0.97946733,0.004923601
0.015667984,0.96462226,0.019709714
0.05864891,0.49467117,0.44667998
0.029720472,0.91024256,0.060037006
0.034941398,0.061264202,0.90379447
0.08090303,0.062792346,0.85630465
0.018598914,0.9770413,0.0043597706
0.068193905,0.31563348,0.61617255
0.038572993,0.10551996,0.855907
0.041712344,0.038128167,0.9201596
0.037260797,0.09627037,0.86646885
0.07692461,0.052126095,0.87094927
0.04819571,0.048172176,0.90363204
0.057841778,0.050082337,0.8920759
0.07777613,0.09053079,0.8316931
0.053736165,0.034273736,0.91199017
0.028624453,0.40590405,0.5654714
0.051977813,0.041420095,0.9066021
0.05296457,0.048579294,0.8984561
0.06389859,0.05529963,0.88080174
0.055080783,0.07824737,0.8666718
0.09934547,0.052646175,0.84800833
0.060301483,0.04444182,0.89525676
0.071906395,0.047806524,0.880287
0.06164821,0.048223123,0.8901287
0.05544828,0.10141393,0.8431378
0.06254458,0.052283473,0.88517195
0.987845,0.006444965,0.0057099224
0.058174,0.6278773,0.3139487
0.055582356,0.044292487,0.9001251
0.06841365,0.052148115,0.8794383
0.06658371,0.053345002,0.8800713
0.06899049,0.06765609,0.86335343
0.057351116,0.09077834,0.8518705
0.05568145,0.6896944,0.25462416
0.02028651,0.9745993,0.0051142275
0.13702773,0.0775063,0.78546596
0.06452281,0.05600367,0.87947357
0.9713028,0.007048797,0.021648308
0.037037633,0.121634595,0.84132785
0.08860103,0.049579486,0.8618195
0.065555364,0.04958053,0.8848641
0.05264383,0.080547094,0.86680895
0.04961289,0.047922388,0.9024647
0.07569667,0.07848182,0.84582156
0.1066142,0.06780121,0.8255846
0.05899294,0.16240822,0.7785988
0.06284432,0.04860978,0.888546
0.3737293,0.03196199,0.59430873
0.049166866,0.040621683,0.91021144
0.03891442,0.080571756,0.8805138
0.07512329,0.057122894,0.8677538
0.10025234,0.06748723,0.8322605
0.06038122,0.048850473,0.89076835
0.044218548,0.056280904,0.89950055
0.07386612,0.05564828,0.87048554
0.016030706,0.97260183,0.011367474
0.9893457,0.0060636825,0.004590537
0.072432816,0.08268049,0.8448867
0.06443184,0.045245003,0.8903231
0.045007877,0.045228172,0.9097639
0.046648435,0.02595109,0.92740047
0.066134706,0.051581264,0.882284
0.018890452,0.97601783,0.0050917496
0.06754994,0.059438214,0.8730118
0.058354102,0.0425471,0.8990988
0.074632384,0.059910264,0.86545736
0.07344604,0.05678242,0.8697716
0.014753469,0.9782979,0.0069486583
0.057216123,0.049083132,0.89370066
0.061972156,0.056233756,0.8817941
0.061915625,0.04234667,0.89573765
0.029968465,0.058446653,0.91158485
0.06037381,0.046790145,0.89283603
0.044756334,0.065024756,0.89021885
0.047677044,0.03989406,0.9124289
0.07278519,0.05553451,0.87168026
0.07284252,0.06200203,0.86515546
0.06622847,0.05023657,0.8835349
0.060901593,0.050686806,0.8884116
0.054834314,0.41075134,0.5344144
0.058363974,0.054162666,0.8874734
0.080648884,0.070308864,0.8490422
0.07689642,0.06009204,0.8630116
0.06825679,0.059447486,0.87229574
0.057640575,0.0494714,0.892888
0.034419943,0.8412806,0.124299474
0.15848991,0.042432368,0.79907775
0.06516484,0.10448966,0.8303455
0.026798246,0.8517736,0.12142814
0.0633055,0.045552734,0.8911418
0.05616723,0.048775114,0.89505774
0.05961744,0.046158854,0.8942237
0.0694758,0.0521367,0.8783875
0.07663823,0.04026737,0.8830944
0.019082204,0.9692189,0.011698941
0.057302482,0.044583656,0.89811397
0.050627004,0.09725313,0.85212
0.020425718,0.9660737,0.013500576
0.053368345,0.047932602,0.89869905
0.049202334,0.047018018,0.9037796
0.061701205,0.055200685,0.8830981
0.019560521,0.9638872,0.016552234
0.028430225,0.9107329,0.06083681
0.0658968,0.047232494,0.88687074
0.060842223,0.04552424,0.8936335
0.053565934,0.04440772,0.90202636
0.032972787,0.8790886,0.08793867
0.04521239,0.062495943,0.89229167
0.05912981,0.047004487,0.8938657
0.032777086,0.5415401,0.4256828
0.109400764,0.10556991,0.7850293
0.049069438,0.043409478,0.9075211
0.06906366,0.058185834,0.87275046
0.06482792,0.061407823,0.8737643
0.06452507,0.06196232,0.8735126
0.058173727,0.043315563,0.8985107
0.08848014,0.061318338,0.85020155
0.07354563,0.07733905,0.8491154
0.06160043,0.048091732,0.89030784
0.05302963,0.07891029,0.8680601
0.02560795,0.9160319,0.058360144
0.044262882,0.043385573,0.91235155
0.16143833,0.046210535,0.7923511
0.031765647,0.047130324,0.92110395
0.23393273,0.036297627,0.7297696
0.028177114,0.9528964,0.018926458
0.048453216,0.03908563,0.9124612
0.05670597,0.030337702,0.91295636
0.58250505,0.018706316,0.39878866
0.03718504,0.040088993,0.922726
0.05562922,0.041725434,0.90264535
0.26682237,0.034642432,0.69853514
0.032384276,0.035881143,0.9317345
0.07166422,0.051441677,0.87689406
0.06208436,0.046726637,0.89118904
0.051389847,0.033244647,0.9153655
0.063012645,0.054719612,0.8822678
0.06520433,0.05165648,0.8831393
0.050654147,0.0364492,0.91289663
0.056546528,0.055021282,0.8884322
0.067593195,0.0626663,0.8697405
0.056451224,0.034693785,0.908855
0.053121775,0.04222847,0.90464973
0.98075736,0.010488079,0.0087545635
0.069682285,0.058307074,0.87201065
0.03908809,0.09695675,0.86395514
0.025316596,0.042149622,0.9325338
0.06958054,0.05070775,0.8797118
0.061609287,0.051426243,0.88696444
0.013509224,0.9809574,0.0055333567
0.052389614,0.044030398,0.90358
0.04339006,0.067039974,0.88957006
0.07287341,0.043239363,0.8838872
0.041920554,0.03603206,0.9220474
0.04439408,0.07689358,0.87871236
0.06502684,0.037305325,0.8976678
0.08651661,0.044589333,0.86889404
0.079384,0.043498844,0.87711716
0.21682625,0.039381087,0.74379265
0.05352246,0.056118455,0.8903591
0.0928079,0.029873949,0.87731814
0.048773345,0.04210688,0.9091198
0.03706701,0.19027483,0.7726581
0.056588914,0.04207385,0.90133727
0.059758242,0.045218155,0.89502364
0.054516386,0.046087075,0.8993965
0.047756936,0.051135745,0.9011073
0.028867839,0.07220261,0.8989296
0.047642954,0.036564812,0.9157922
0.1304442,0.06225254,0.80730325
0.05624229,0.054912623,0.8888451
0.05056218,0.08500713,0.86443067
0.03561666,0.1725302,0.79185313
0.030972756,0.15606382,0.8129634
0.021908192,0.898501,0.07959089
0.06614353,0.049297914,0.8845586
0.056343205,0.05060446,0.8930524
0.065722264,0.07487417,0.85940355
0.0365695,0.0713553,0.89207524
0.016184777,0.97716653,0.0066487086
0.05738422,0.044975463,0.8976403
0.034866583,0.035554267,0.9295792
0.053854465,0.04543867,0.9007068
0.07715791,0.044546682,0.87829536
0.04684012,0.047950905,0.905209
0.056435302,0.04992572,0.89363897
0.07440508,0.05388059,0.8717143
0.15956345,0.018148966,0.8222875
0.042228952,0.0627771,0.8949939
0.040531583,0.08007708,0.8793913
0.039010476,0.036844313,0.9241453
0.9006168,0.016081816,0.08330134
0.19764593,0.033050116,0.76930386
0.67138183,0.017005838,0.31161234
0.77028584,0.012126516,0.2175876
0.063483045,0.047662828,0.888854
0.05495936,0.039663136,0.90537745
0.054220434,0.13488665,0.81089294
0.051597394,0.03738261,0.91102004
0.030644672,0.8825456,0.08680973
0.06853267,0.05092916,0.88053817
0.06963776,0.046912655,0.8834497
0.051002946,0.051983498,0.8970135
0.05613005,0.04062685,0.90324306
0.98576504,0.005838721,0.008396316
0.06419216,0.040092044,0.89571583
0.03857979,0.041208588,0.92021155
0.08365502,0.07310785,0.8432372
0.056000695,0.03798459,0.9060147
0.07704869,0.04675522,0.87619615
0.08539329,0.03687094,0.8777358
0.72545034,0.021503977,0.25304568
0.03471718,0.039687,0.9255959
0.08794193,0.051622722,0.86043537
0.048909813,0.070920534,0.8801697
0.05852551,0.05284758,0.88862693
0.07504499,0.04703079,0.8779243
0.05821184,0.28270704,0.6590811
0.040445715,0.043497983,0.91605633
0.05258996,0.038157582,0.90925246
0.055884454,0.04657935,0.89753616
0.6195794,0.02722242,0.35319814
0.9871585,0.009849382,0.0029921806
0.4487483,0.01964935,0.5316023
0.04046173,0.03908304,0.9204552
0.059471384,0.040181447,0.9003471
0.09229801,0.055831425,0.8518706
0.06438595,0.039822288,0.89579177
0.056871336,0.060865253,0.8822634
0.06665617,0.048434466,0.8849093
0.051507723,0.04789341,0.9005988
0.055774227,0.041875076,0.9023507
0.022084512,0.96132636,0.016589064
0.14724647,0.04421141,0.8085422
0.08712004,0.070828095,0.84205186
0.0615971,0.049446348,0.88895655
0.059570406,0.040782485,0.8996472
0.08388814,0.056789283,0.85932267
0.04555895,0.047815356,0.90662575
0.015372713,0.9736302,0.010997117
0.056722693,0.030051736,0.9132256
0.06309935,0.040819652,0.896081
0.039570976,0.039339796,0.9210892
0.055383075,0.04024308,0.9043738
0.05909147,0.041494925,0.8994135
0.051906448,0.047146115,0.90094745
0.05909042,0.047203094,0.8937065
0.051944178,0.03938221,0.90867364
0.047914024,0.040033665,0.9120523
0.04460743,0.040417694,0.9149748
0.07962829,0.0491055,0.87126625
0.0749332,0.036599856,0.88846695
0.3713671,0.022598298,0.6060346
0.06355951,0.045646276,0.8907942
0.017250193,0.9679372,0.014812622
0.9114681,0.00773322,0.0807987
0.117762186,0.0589981,0.8232397
0.06376099,0.04610507,0.89013404
0.14421175,0.05886735,0.7969209
0.9231563,0.0074591325,0.06938452
0.13516656,0.047482684,0.81735075
0.06207287,0.13452452,0.80340254
0.044815235,0.043991372,0.91119343
0.06048741,0.0317969,0.90771574
0.05546229,0.034437317,0.91010034
0.10892039,0.07875947,0.8123202
0.06977398,0.04677546,0.88345057
0.0532699,0.045297965,0.9014321
0.07268342,0.0405533,0.88676333
0.071625695,0.088402756,0.8399715
0.024448516,0.9521084,0.023443125
0.033079993,0.1384076,0.8285124
0.04275104,0.03781988,0.91942906
0.057094697,0.046736058,0.8961692
0.046608113,0.27713075,0.6762611
0.021479499,0.968919,0.009601537
0.058396693,0.04052929,0.901074
0.0496244,0.11431471,0.8360608
0.035238113,0.09588071,0.86888117
0.046184655,0.021175873,0.9326395
0.052983858,0.020607425,0.92640865
0.031937078,0.7354529,0.23261005
0.9869696,0.0065024453,0.006527895
0.056398757,0.21221106,0.7313902
0.066453,0.055632114,0.8779149
0.070972346,0.0421731,0.8868545
0.03768278,0.34215298,0.62016433
0.06811629,0.04853811,0.88334554
0.06185352,0.06104342,0.87710303
0.0811309,0.045990597,0.87287843
0.039843407,0.08976659,0.87039
0.04897446,0.049672876,0.90135264
0.04807658,0.07526667,0.87665683
0.053595208,0.035028663,0.9113762
0.059787583,0.034636207,0.9055762
0.034206614,0.067071475,0.898722
0.06485211,0.050754093,0.8843938
0.075999856,0.052952923,0.8710473
0.07455972,0.028794497,0.8966458
0.33126858,0.016008891,0.6527225
0.05246558,0.04749137,0.900043
0.058432896,0.038171828,0.9033953
0.048683904,0.04075645,0.91055965
0.91956204,0.01074756,0.06969047
0.05381592,0.05050603,0.89567804
0.061683185,0.04724798,0.8910688
0.055976287,0.04105323,0.90297055
0.1066816,0.08398103,0.8093374
0.054337185,0.039540987,0.9061218
0.06708065,0.050167542,0.88275176
0.06429096,0.04689867,0.88881034
0.08328921,0.047969297,0.8687415
0.053713705,0.045297783,0.90098846
0.05990972,0.052818533,0.8872717
0.030777635,0.84002274,0.12919961
0.022969564,0.92020804,0.056822468
0.049893837,0.043859497,0.90624666
0.19249152,0.02202291,0.78548557
0.06697736,0.052060246,0.8809624
0.04494252,0.16385946,0.7911981
0.07974731,0.04811009,0.87214255
0.07133622,0.058336753,0.87032706
0.05444916,0.042425755,0.9031251
0.047748104,0.054823723,0.8974282
0.046990454,0.0698214,0.8831881
0.05847612,0.043180797,0.89834315
0.05993426,0.06874853,0.8713172
0.05015149,0.06002348,0.889825
0.032784693,0.060981292,0.906234
0.111053236,0.06816781,0.8207789
0.052392792,0.54169685,0.40591034
0.051814724,0.04310299,0.90508235
0.08381572,0.05002422,0.8661601
0.055490445,0.042796027,0.9017135
0.042599935,0.057184696,0.9002153
0.066123895,0.047418416,0.8864576
0.05092439,0.19118632,0.7578893
0.06267497,0.045966066,0.891359
0.066653766,0.052778993,0.8805673
0.058881998,0.05143308,0.8896849
0.05193587,0.05536649,0.8926977
0.07036866,0.040389594,0.8892417
0.058548044,0.03936492,0.902087
0.050601996,0.11090333,0.83849466
0.043395903,0.038672574,0.9179315
0.053696193,0.034992002,0.9113118
0.04372731,0.09075807,0.8655147
0.05905234,0.04169077,0.8992569
0.053914987,0.04524606,0.900839
0.020928891,0.9417795,0.03729157
0.96796364,0.006702886,0.025333513
0.047786936,0.061479602,0.8907335
0.06891148,0.05128573,0.87980276
0.048481636,0.03181056,0.9197079
0.042382345,0.04611805,0.9114997
0.07059718,0.049817055,0.8795858
0.045182124,0.046867415,0.90795046
0.06260711,0.04176646,0.8956264
0.06780611,0.050290905,0.88190293
0.05334612,0.028820261,0.91783357
0.031616773,0.05961845,0.9087647
0.08187366,0.06955317,0.84857315
0.037698273,0.05162816,0.9106736
0.051168043,0.050670788,0.8981612
0.9886789,0.0063318238,0.004989357
0.06304749,0.045969144,0.8909834
0.016146064,0.9796006,0.004253286
0.9681966,0.0104758,0.021327674
0.053759884,0.04315512,0.90308493
0.039171282,0.07103401,0.8897947
0.030439818,0.06331824,0.9062419
0.055056963,0.15153542,0.7934076
0.06898747,0.042898085,0.88811445
0.082401484,0.042874753,0.8747238
0.048269443,0.04050825,0.91122234
0.055714328,0.028262233,0.9160235
0.07723911,0.0503833,0.8723776
0.07383828,0.057702202,0.8684595
0.98758906,0.005052464,0.007358474
0.05317968,0.05042332,0.89639705
0.039487157,0.061789244,0.89872354
0.98394126,0.0068002325,0.0092585785
0.97108805,0.0074579194,0.021454128
0.9621897,0.00710649,0.03070383
0.08786396,0.049941305,0.8621947
0.085018046,0.058005586,0.85697645
0.06423462,0.045128543,0.8906369
0.019441793,0.975026,0.00553222
0.05322933,0.06774973,0.879021
0.06069202,0.056543566,0.8827644
0.056428485,0.06131239,0.88225913
0.06086047,0.04130108,0.8978385
0.72614205,0.016519519,0.25733846
0.09337244,0.04945673,0.8571708
0.04558763,0.03562524,0.9187871
0.05374971,0.12092001,0.82533026
0.06418365,0.049355693,0.88646066
0.061702065,0.04084236,0.8974555
0.14848238,0.02728269,0.8242349
0.106144354,0.024010036,0.86984557
0.092344224,0.067957506,0.8396983
0.08372273,0.04938657,0.86689067
0.06459512,0.04326136,0.89214355
0.07194537,0.07021016,0.85784435
0.09359199,0.45464242,0.45176563
0.048084453,0.0361722,0.9157434
0.06005823,0.048731726,0.89121014
0.05914491,0.772264,0.16859104
0.05645457,0.39091682,0.55262864
0.07020565,0.060196854,0.86959743
0.04972811,0.07053998,0.8797319
0.06595913,0.07741586,0.85662496
0.065420605,0.04330377,0.89127564
0.03159115,0.03793911,0.93046975
0.057645503,0.34401637,0.5983381
0.04426748,0.05259461,0.9031379
0.045697197,0.05244328,0.9018596
0.08221259,0.052283026,0.8655043
0.051927596,0.044113435,0.903959
0.05529641,0.03953786,0.90516585
0.219989,0.026473546,0.7535375
0.050398875,0.040417615,0.9091835
0.06518946,0.03401859,0.90079194
0.049537126,0.051134564,0.8993283
0.017562354,0.97778404,0.0046535605
0.06022102,0.04527999,0.8944989
0.84122413,0.009272431,0.1495034
0.9764897,0.0064775296,0.017032718
0.05637949,0.034145832,0.9094747
0.040459394,0.084283456,0.8752571
0.2005816,0.018973947,0.7804445
0.041679587,0.27438524,0.6839351
0.09160157,0.063574605,0.84482384
0.055585396,0.050809167,0.8936054
0.030259555,0.19842818,0.77131224
0.032598924,0.16829152,0.7991096
0.045544513,0.0450139,0.90944153
0.08467821,0.074182935,0.84113884
0.05901169,0.038833316,0.902155
0.04565299,0.034242634,0.9201044
0.051786352,0.054165732,0.894048
0.043846168,0.071169354,0.8849845
0.030010756,0.91465604,0.055333156
0.054854285,0.14064072,0.804505
0.05790649,0.042015083,0.90007836
0.08516905,0.045788486,0.86904246
0.041559163,0.31024796,0.6481929
0.057175707,0.044506747,0.8983176
0.04631981,0.70364416,0.25003597
0.06326437,0.053534705,0.88320094
0.060585447,0.044760242,0.8946544
0.060240585,0.043220505,0.8965388
0.07262967,0.05244106,0.87492925
0.044314608,0.039587814,0.91609764
0.16062401,0.052175634,0.7872004
0.06759316,0.055845484,0.87656134
0.069875665,0.025730938,0.9043933
0.066658385,0.03928223,0.8940594
0.07247695,0.046726137,0.88079697
0.03823474,0.11004325,0.85172194
0.07068721,0.6785672,0.25074562
0.053207695,0.04553318,0.9012591
0.05432437,0.08588257,0.85979307
0.015074173,0.9754557,0.009470097
0.03294944,0.037391342,0.92965925
0.051927254,0.038363613,0.9097092
0.04266417,0.040670697,0.91666514
0.053744264,0.03901415,0.9072416
0.051338233,0.040001784,0.90866
0.06849591,0.048856296,0.8826478
0.063421376,0.0481543,0.8884243
0.056963913,0.044104364,0.89893174
0.9876847,0.008654322,0.0036608935
0.10916044,0.03567794,0.85516155
0.1179542,0.053832244,0.8282135
0.050518062,0.035474543,0.9140075
0.08094151,0.05055307,0.8685053
0.04021013,0.057038605,0.9027513
0.13717978,0.02565329,0.8371669
0.070797324,0.04539878,0.8838039
0.02901002,0.048915885,0.92207414
0.037710167,0.034268502,0.9280214
0.05435651,0.031644005,0.9139995
0.05421361,0.04128384,0.9045025
0.049809903,0.044583958,0.90560615
0.06945414,0.030729933,0.899816
0.08319735,0.053246196,0.86355644
0.057865694,0.026739772,0.91539454
0.038557786,0.10084491,0.8605973
0.1397542,0.047230806,0.813015
0.06335373,0.041772153,0.8948741
0.043119833,0.047012277,0.9098679
0.06881742,0.053438272,0.8777444
0.06338458,0.041305598,0.8953098
0.06404631,0.039650925,0.89630276
0.06645048,0.04878266,0.8847668
0.81390697,0.0114857135,0.1746073
0.05685726,0.038415235,0.9047275
0.035776865,0.03338029,0.9308429
0.044121742,0.2677172,0.6881611
0.06416183,0.046644766,0.8891933
0.112904705,0.052428707,0.8346666
0.046916913,0.041061766,0.91202134
0.07431557,0.072275735,0.8534087
0.9807835,0.006712536,0.01250398
0.09092908,0.07981479,0.8292562
0.056549974,0.31618142,0.62726855
0.049217306,0.12561944,0.82516325
0.09151207,0.039397307,0.8690906
0.030241704,0.039927043,0.9298312
0.0639035,0.052642643,0.88345385
0.053768575,0.056569528,0.8896619
0.111586,0.02110634,0.8673076
0.03964707,0.07457855,0.88577443
0.06768579,0.056691837,0.8756224
0.07226754,0.055463586,0.87226886
0.056899004,0.047820278,0.89528066
0.04809928,0.038554616,0.9133461
0.04756196,0.043987617,0.90845037
0.04616709,0.036449913,0.917383
0.069453,0.032062948,0.898484
0.11564135,0.029565318,0.85479337
0.067447595,0.03888349,0.8936689
0.03930889,0.0563624,0.9043287
0.03288644,0.07825743,0.8888561
0.04861997,0.040683057,0.9106969
0.061558466,0.049608737,0.88883287
0.053127572,0.06566788,0.88120455
0.084671184,0.07302678,0.842302
0.036766402,0.0504504,0.91278327
0.07404188,0.055103905,0.87085426
0.047848575,0.04312218,0.90902925
0.0577529,0.061058823,0.8811882
0.049135152,0.037234325,0.9136306
0.07092173,0.05061128,0.878467
0.09968964,0.03067202,0.8696383
0.048262358,0.39262047,0.55911714
0.72250205,0.016908854,0.26058912
0.048016608,0.03215822,0.9198252
0.0521332,0.037221547,0.9106453
0.058389746,0.08190166,0.85970855
0.074074104,0.03316036,0.89276546
0.05944921,0.040978685,0.89957213
0.041884437,0.7504376,0.20767796
0.07021582,0.049378887,0.88040525
0.065527394,0.04782396,0.8866486
0.051214255,0.04099137,0.90779436
0.05620147,0.026508834,0.91728973
0.056070864,0.03899117,0.9049379
0.14742593,0.0373195,0.8152545
0.059262555,0.044864975,0.8958724
0.07275308,0.052968025,0.8742789
0.044896144,0.033757262,0.92134655
0.067346856,0.04423189,0.8884213
0.14088117,0.034731545,0.82438725
0.05451542,0.06436044,0.8811241
0.13704227,0.030157521,0.8328002
0.19647123,0.03814352,0.76538527
0.06727954,0.051233582,0.88148683
0.04434491,0.050053466,0.9056016
0.055313002,0.040133335,0.90455365
0.042770132,0.66969115,0.28753874
0.04191024,0.06288401,0.8952058
0.9374396,0.0141234975,0.04843689
0.04761004,0.041243315,0.91114664
0.035863403,0.044610932,0.9195256
0.07560219,0.045122094,0.87927574
0.031359058,0.054875854,0.9137651
0.06978944,0.04440421,0.8858063
0.076352105,0.041269396,0.8823786
0.06839714,0.04418208,0.88742083
0.04521202,0.03597583,0.91881204
0.9898419,0.0076168105,0.0025413653
0.03385163,0.77272004,0.19342834
0.0644623,0.039559238,0.89597845
0.060143434,0.05562359,0.884233
0.053446777,0.043451928,0.9031014
0.0219521,0.04188212,0.93616575
0.05625772,0.044612303,0.89913005
0.058522575,0.04242065,0.8990568
0.06609466,0.04219735,0.89170796
0.023275374,0.88369733,0.09302738
0.048236243,0.039833345,0.9119305
0.41037282,0.024038667,0.56558853
0.76094437,0.033335757,0.20571995
0.05518599,0.039247543,0.90556645
0.041312657,0.03525042,0.9234369
0.040870905,0.039749067,0.9193801
0.032164074,0.23935075,0.72848517
0.055637103,0.7839601,0.1604028
0.4298412,0.023862362,0.54629654
0.09503438,0.02783949,0.87712616
0.061320167,0.05371995,0.8849599
0.06159901,0.04200688,0.89639413
0.059856616,0.05581975,0.8843236
0.11542149,0.030680874,0.8538976
0.040840544,0.038216565,0.92094284
0.07724403,0.04989685,0.8728592
0.049134813,0.04920684,0.9016584
0.07729274,0.06283855,0.8598687
0.0448973,0.060770962,0.8943318
0.030365843,0.7342615,0.23537265
0.045674298,0.037828367,0.9164974
0.98524123,0.011128264,0.003630502
0.061617926,0.036883682,0.90149844
0.047530632,0.049039416,0.9034299
0.018313846,0.9541132,0.027573
0.04984568,0.04831209,0.9018423
0.053926393,0.033977754,0.9120958
0.06821031,0.068980664,0.862809
0.0602486,0.048766978,0.89098436
0.123826236,0.047050804,0.829123
0.06946646,0.047534205,0.88299936
0.044968065,0.034010038,0.92102194
0.062015183,0.04386812,0.8941167
0.058278915,0.03673811,0.9049829
0.07485071,0.45941257,0.46573675
0.055148296,0.0465076,0.8983441
0.05495686,0.035275515,0.9097675
0.0355613,0.0685462,0.8958925
0.049184605,0.039830904,0.9109845
0.22534195,0.056421675,0.7182364
0.2518791,0.023365574,0.7247553
0.06559555,0.050293855,0.88411057
0.12038191,0.028612414,0.8510057
0.04099834,0.046163242,0.9128384
0.05321054,0.048118692,0.89867073
0.059832394,0.050138507,0.89002913
0.05035902,0.0322612,0.9173797
0.037260093,0.04040597,0.92233384
0.05654421,0.03753804,0.9059178
0.044610128,0.07326292,0.8821269
0.054400183,0.04328698,0.9023128
0.08990814,0.035771716,0.87432015
0.06045807,0.047639817,0.89190215
0.05984806,0.04640534,0.8937467
0.0213401,0.90298426,0.075675696
0.072301134,0.038681116,0.88901776
0.054695383,0.059110943,0.88619375
0.9804699,0.0063532684,0.013176851
0.05573872,0.041603927,0.9026574
0.050521348,0.04163897,0.90783966
0.03980766,0.0594673,0.900725
0.1153801,0.07130958,0.8133103
0.05048501,0.044098362,0.9054166
0.062412925,0.045174386,0.8924127
0.14739911,0.05020515,0.80239576
0.05553002,0.05088262,0.8935873
0.10045678,0.07389157,0.8256517
0.05440834,0.052785892,0.89280576
0.040592734,0.03642264,0.92298454
0.074905306,0.047519807,0.87757486
0.074354075,0.025998976,0.899647
0.05149434,0.040636044,0.9078696
0.057949346,0.051365342,0.89068526
0.98655814,0.00638648,0.0070553953
0.08646674,0.03426,0.87927324
0.030722199,0.060860183,0.9084176
0.028699953,0.8747059,0.09659419
0.04645881,0.057453074,0.8960881
0.3015088,0.024318106,0.674173
0.07009765,0.037137803,0.8927645
0.13691622,0.042998537,0.82008517
0.05146038,0.0622856,0.886254
0.060678862,0.040658373,0.89866275
0.9851784,0.011503225,0.0033183359
0.06366921,0.03259854,0.90373224
0.05210208,0.036462024,0.9114359
0.061448917,0.043467555,0.8950836
0.08065565,0.05263762,0.8667067
0.0715186,0.055076722,0.8734047
0.0591802,0.040495563,0.9003242
0.039932944,0.08345121,0.87661576
0.05839955,0.048367668,0.89323276
0.0447532,0.0865594,0.86868733
0.050074715,0.03772463,0.9122006
0.051153522,0.056621786,0.8922248
0.0748152,0.050375916,0.8748089
0.93796706,0.00809917,0.053933818
0.073133424,0.05400426,0.8728623
0.10996937,0.06788261,0.8221481
0.06271956,0.052660663,0.8846197
0.021568745,0.93339026,0.04504101
0.039154742,0.046770655,0.9140746
0.8732821,0.015746744,0.11097115
0.051907446,0.040504593,0.9075879
0.07961915,0.04878918,0.8715917
0.06730774,0.042181853,0.8905104
0.055654794,0.049187183,0.895158
0.04599539,0.036904234,0.91710037
0.060907193,0.032633126,0.9064597
0.043039814,0.038075346,0.9188848
0.04192709,0.032272436,0.9258005
0.060658056,0.04142584,0.89791614
0.075406596,0.082013115,0.84258026
0.064178765,0.0450893,0.8907319
0.06719076,0.042108543,0.89070064
0.07463242,0.04542184,0.87994576
0.055183448,0.03308051,0.9117361
0.018293666,0.97518677,0.006519622
0.059634294,0.03490347,0.90546227
0.060304143,0.046146568,0.8935493
0.05161678,0.041902717,0.90648043
0.07352297,0.04767907,0.87879795
0.06318005,0.16411683,0.7727031
0.046665788,0.048406422,0.9049278
0.05648357,0.07323808,0.87027836
0.055933923,0.045296665,0.8987694
0.04647075,0.040870365,0.9126589
0.0647581,0.0447691,0.89047277
0.8874909,0.013384032,0.099125005
0.064428635,0.04355204,0.89201933
0.03665337,0.09926998,0.86407673
0.36094022,0.019054554,0.62000525
0.15420891,0.04508463,0.8007065
0.16101725,0.031880822,0.8071019
0.16551808,0.02581739,0.80866456
0.06499317,0.041737966,0.89326894
0.07980805,0.04525176,0.8749403
0.065225646,0.051346406,0.883428
0.072998255,0.05106063,0.87594116
0.07514767,0.05639304,0.8684593
0.05611187,0.05276372,0.89112437
0.0653125,0.06592125,0.8687662
0.06877871,0.08922383,0.8419975
0.9909791,0.0058296164,0.0031912483
0.045022648,0.29530984,0.65966755
0.06407092,0.041468415,0.89446074
0.07249015,0.044398975,0.8831108
0.071467705,0.051905323,0.87662697
0.051484138,0.066171534,0.8823443
0.027384952,0.82651675,0.14609829
0.053659283,0.03876273,0.907578
0.07951406,0.047064535,0.8734215
0.0677819,0.050199363,0.8820187
0.06562946,0.04893866,0.8854319
0.05275658,0.07432608,0.8729173
0.05311713,0.033435185,0.9134476
0.10033824,0.037935626,0.86172616
0.0397748,0.14557013,0.8146551
0.048110507,0.09577266,0.8561169
0.069635354,0.030840207,0.8995244
0.20293693,0.034824528,0.7622385
0.01685873,0.9774305,0.0057107424
0.06763114,0.043241598,0.88912725
0.0630187,0.035906974,0.9010744
0.033563595,0.065458134,0.9009782
0.08000523,0.032120496,0.8878743
0.07146033,0.044696897,0.88384277
0.017461386,0.97216266,0.0103758825
0.04000449,0.78797036,0.17202511
0.064848,0.045182865,0.88996905
0.047938384,0.061554104,0.89050746
0.035416193,0.033173107,0.9314108
0.014716371,0.9739338,0.011349741
0.06533226,0.04936357,0.8853042
0.054436605,0.044408172,0.9011551
0.046106957,0.03770497,0.91618806
0.051591862,0.040593904,0.9078142
0.12111501,0.025982779,0.85290223
0.054686747,0.052310016,0.8930032
0.19886637,0.02395502,0.7771785
0.99012685,0.005818918,0.004054333
0.052735884,0.037267745,0.9099964
0.05112965,0.05006732,0.89880294
0.143989,0.1085295,0.74748147
0.05451887,0.038546573,0.90693456
0.068597674,0.04311639,0.888286
0.06042813,0.034515075,0.90505683
0.05706731,0.032643232,0.9102894
0.057063647,0.04594157,0.89699477
0.099278815,0.055554572,0.84516656
0.065922864,0.025815763,0.9082613
0.1604499,0.094369695,0.74518037
0.045488816,0.036819983,0.91769123
0.16032362,0.059301022,0.78037536
0.07708901,0.047539566,0.8753714
0.04455997,0.039651815,0.9157882
0.034774955,0.55199885,0.4132262
0.06120025,0.04253732,0.89626247
0.061227944,0.0477776,0.89099437
0.063441895,0.048713896,0.8878442
0.06878411,0.04787857,0.88333726
0.04898796,0.0449978,0.9060142
0.06252472,0.027610036,0.9098652
0.050229263,0.10764135,0.84212947
0.04492684,0.03937769,0.9156954
0.2583078,0.026737997,0.71495414
0.07873546,0.057239607,0.8640248
0.046225533,0.045044612,0.90872985
0.13268925,0.09209085,0.7752199
0.03937945,0.06784254,0.892778
0.039643146,0.042530887,0.91782606
0.07132896,0.101924874,0.82674617
0.03558188,0.048539773,0.9158783
0.048489545,0.043699834,0.90781057
0.063890345,0.052837797,0.8832719
0.052084036,0.038573503,0.90934247
0.05855021,0.038888752,0.902561
0.08625724,0.047241997,0.8665007
0.07112768,0.04483777,0.8840345
0.04345578,0.04405398,0.9124903
0.05628965,0.03479778,0.9089126
0.0347636,0.1021759,0.8630606
0.054149672,0.035773277,0.91007704
0.034191392,0.05689749,0.9089111
0.048099387,0.04831123,0.9035893
0.05788326,0.048528865,0.8935879
0.12939014,0.035895266,0.8347146
0.07270965,0.033904057,0.8933863
0.050836794,0.041878503,0.9072847
0.04479704,0.035890132,0.91931283
0.057860468,0.03837437,0.90376514
0.06412056,0.08338433,0.8524951
0.051392745,0.045620464,0.90298676
0.058004428,0.04039488,0.90160066
0.029596167,0.04337872,0.92702514
0.05614551,0.045202386,0.8986521
0.015382541,0.9780658,0.0065516536
0.021543575,0.938696,0.039760366
0.0693557,0.04776062,0.8828838
0.0635315,0.03908333,0.8973851
0.039081417,0.032829605,0.92808896
0.07583643,0.062594935,0.86156857
0.04447843,0.036037326,0.9194843
0.058367718,0.036596995,0.90503526
0.047097098,0.04450363,0.9083993
0.058799043,0.04185795,0.8993431
0.04967051,0.040619146,0.9097103
0.06510241,0.033989757,0.9009079
0.08805548,0.054594856,0.8573497
0.09421996,0.07091289,0.8348671
0.056365293,0.057617497,0.8860172
0.069089286,0.04452036,0.8863904
0.051430266,0.040943768,0.907626
0.9891494,0.007544877,0.0033057835
0.057218045,0.06804772,0.8747343
0.035535984,0.035362888,0.92910117
0.05906846,0.11590482,0.82502675
0.9797117,0.007785768,0.01250252
0.03920741,0.2528093,0.7079833
0.063475706,0.038612917,0.8979113
0.075032935,0.04889644,0.8760707
0.058172803,0.041574225,0.90025294
0.04463403,0.2157629,0.7396031
0.06627175,0.048320014,0.8854083
0.059971567,0.049669646,0.8903588
0.05307102,0.032936458,0.9139925
0.44910136,0.027381985,0.5235167
0.05421667,0.03458021,0.91120315
0.061118025,0.048183378,0.8906987
0.044822965,0.032633446,0.92254364
0.046275537,0.049767762,0.9039567
0.077413924,0.05121747,0.8713686
0.07326211,0.06421313,0.86252475
0.060682002,0.22976752,0.70955044
0.06892126,0.048138294,0.88294035
0.04414978,0.04449605,0.9113542
0.044785127,0.05568159,0.89953333
0.055030186,0.0406362,0.90433353
0.042667046,0.36022457,0.5971084
0.035798103,0.21726494,0.746937
0.98326725,0.013855386,0.0028774273
0.04097268,0.030582411,0.92844486
0.057202134,0.044942338,0.8978556
0.04737241,0.053522937,0.8991046
0.056274284,0.040810876,0.9029148
0.07472457,0.06633173,0.85894376
0.75596,0.014496204,0.2295438
0.03327783,0.054015245,0.9127069
0.06298495,0.04561068,0.8914044
0.05406933,0.04647432,0.8994564
0.07356379,0.03330383,0.89313245
0.0356227,0.0393538,0.9250235
0.116430834,0.02393757,0.85963154
0.047538873,0.041342843,0.9111183
0.063073635,0.033744406,0.9031819
0.05131461,0.039556164,0.9091292
0.0336209,0.04065368,0.9257254
0.06855396,0.050204154,0.8812419
0.9857985,0.007526664,0.0066747707
0.0288653,0.8635724,0.10756228
0.025333436,0.920483,0.05418364
0.04614521,0.4843788,0.46947604
0.056914408,0.044935156,0.8981505
0.06756054,0.037274055,0.8951654
0.06500481,0.049816586,0.88517857
0.02681915,0.91542614,0.057754777
0.029445227,0.8414032,0.12915154
0.02190001,0.9654747,0.012625339
0.9693839,0.009959589,0.020656455
0.021709573,0.965528,0.012762399
0.037774157,0.05593572,0.9062902
0.06581515,0.02917679,0.905008
0.13671584,0.044798825,0.81848526
0.057191823,0.04555279,0.8972554
0.05477509,0.052088417,0.8931365
0.054916926,0.03996286,0.9051202
0.16367202,0.030263348,0.8060646
0.04560167,0.04069783,0.9137005
0.02042106,0.9720038,0.0075751077
0.060963057,0.037926827,0.9011101
0.9851718,0.0067425696,0.008085576
0.061413866,0.046630044,0.8919561
0.042455662,0.05024532,0.907299
0.06422026,0.05097634,0.8848034
0.053609822,0.04977503,0.8966152
0.050884336,0.21512203,0.73399365
0.038845647,0.07616758,0.88498676
0.038436558,0.058981963,0.9025815
0.05885464,0.03786975,0.90327555
0.05507775,0.03892271,0.90599954
0.06292595,0.058168583,0.8789055
0.98718923,0.0060741464,0.006736612
0.076418556,0.03589544,0.887686
0.071045764,0.045937832,0.8830164
0.039735053,0.03851253,0.92175245
0.10521372,0.03927712,0.85550916
0.26371256,0.04098833,0.6952991
0.037372362,0.048292637,0.9143351
0.19164398,0.052935366,0.7554207
0.029486764,0.77169544,0.1988178
0.05821984,0.6996319,0.24214816
0.10698644,0.019525347,0.87348825
0.04230979,0.04285035,0.9148398
0.09870403,0.04298396,0.85831195
0.07323405,0.075448155,0.85131776
0.030585337,0.062390402,0.9070243
0.048810653,0.04536344,0.90582585
0.05401552,0.042583995,0.9034004
0.01359671,0.98202133,0.004381993
0.03670441,0.85770833,0.10558724
0.075798124,0.040492646,0.8837093
0.041138016,0.062819935,0.896042
0.025188195,0.21385357,0.7609583
0.092635125,0.04145934,0.86590546
0.05079633,0.06493778,0.88426584
0.016685044,0.9773308,0.0059841964
0.05964292,0.03873466,0.90162235
0.06555324,0.041364107,0.8930826
0.04439265,0.078637704,0.8769696
0.9791445,0.0063323006,0.014523118
0.9829198,0.0060537853,0.0110264085
0.453919,0.027689235,0.5183917
0.08939719,0.033577,0.8770259
0.069965765,0.04803979,0.8819945
0.9884347,0.007986584,0.0035788044
0.0730419,0.044912007,0.88204604
0.06502322,0.04216705,0.89280975
0.044916734,0.26538393,0.6896993
0.053879417,0.043675512,0.9024451
0.04777497,0.039260257,0.9129647
0.048330467,0.04904364,0.9026259
0.10758584,0.033594035,0.85882014
0.073764235,0.03437901,0.8918568
0.054470446,0.08636615,0.85916334
0.04637757,0.05822734,0.89539516
0.028474102,0.049536306,0.9219896
0.041676667,0.049661722,0.90866154
0.042188536,0.0723633,0.8854481
0.23350133,0.022255782,0.7442429
0.062944986,0.052285243,0.88476974
0.1211934,0.09429338,0.7845132
0.080984905,0.34913003,0.569885
0.036261335,0.7038549,0.25988373
0.01940213,0.9730368,0.0075609745
0.040635895,0.1518911,0.807473
0.040526103,0.07762181,0.88185203
0.049792666,0.042258494,0.9079489
0.051101957,0.035989847,0.91290814
0.056534845,0.047375225,0.89609
0.044461004,0.4261819,0.5293571
0.028880365,0.048673492,0.92244625
0.04903438,0.037872333,0.91309327
0.030866768,0.056440994,0.9126923
0.062346283,0.030385157,0.9072686
0.07744249,0.037788555,0.88476896
0.09722698,0.05689228,0.84588075
0.059961375,0.049831234,0.8902074
0.049410008,0.042552512,0.90803754
0.057808865,0.036140554,0.9060506
0.06453493,0.041101094,0.89436394
0.054430146,0.05632271,0.8892471
0.036610667,0.17832212,0.7850672
0.05579717,0.047192868,0.8970099
0.07524639,0.04361311,0.8811406
0.0755708,0.05448479,0.86994445
0.97902876,0.00810609,0.012865249
0.04798345,0.36172193,0.59029466
0.06851748,0.038585246,0.89289737
0.06981931,0.040526874,0.8896538
0.03405302,0.100479126,0.8654679
0.04809139,0.036927,0.9149816
0.062144976,0.05489633,0.88295877
0.040637992,0.04432804,0.915034
0.06278742,0.03944515,0.8977674
0.03644523,0.056090306,0.9074645
0.03864868,0.034984432,0.9263669
0.07331872,0.05416752,0.8725138
0.07933838,0.032632027,0.8880297
0.04360261,0.036342505,0.9200549
0.0679275,0.052464683,0.87960786
0.05973619,0.058580793,0.881683
0.13973689,0.07130095,0.7889621
0.05529838,0.05310209,0.89159954
0.04959241,0.065763466,0.88464415
0.06824618,0.05403992,0.87771386
0.055770405,0.03397544,0.9102541
0.087590665,0.05121607,0.86119324
0.50638723,0.04322263,0.45039013
0.041656926,0.7588555,0.19948755
0.06389691,0.08699621,0.8491068
0.5621937,0.019407034,0.41839933
0.88865244,0.014675665,0.096671864
0.055600885,0.036911797,0.90748733
0.7345327,0.01725769,0.24820963
0.9894224,0.0071592866,0.0034183313
0.86062735,0.013910745,0.12546194
0.050216883,0.32777515,0.6220079
0.09599408,0.04065637,0.86334956
0.30788782,0.030210886,0.66190124
0.049383625,0.15360501,0.7970113
0.08139139,0.047405683,0.8712029
0.9845843,0.010447065,0.004968694
0.04642069,0.045014445,0.9085649
0.87271315,0.016981997,0.11030482
0.63888264,0.0156236105,0.34549376
0.9867077,0.009330056,0.0039621852
0.9905386,0.0054526427,0.004008765
0.075485244,0.03755081,0.88696396
0.047690947,0.09867112,0.85363793
0.9747584,0.0082058385,0.01703576
0.9852701,0.011325938,0.0034039856
0.9858131,0.011222054,0.0029648491
0.048703413,0.813364,0.13793254
0.8858473,0.020853486,0.093299255
0.018524038,0.9769165,0.004559503
0.044201523,0.8809023,0.07489619
0.058684688,0.20153107,0.73978424
0.8326376,0.034099612,0.1332628
0.08583668,0.08126853,0.8328948
0.056705218,0.043626256,0.8996685
0.065882996,0.038730614,0.89538634
0.06907246,0.038238674,0.8926889
0.06617581,0.037964478,0.8958597
0.06617581,0.037964478,0.8958597
0.096520126,0.053642906,0.84983695
0.1200795,0.06591069,0.8140098
0.08499022,0.0437599,0.87124985
0.08966453,0.052531194,0.8578043
0.05864818,0.038163096,0.9031887
0.061855223,0.065716065,0.8724287
0.9838283,0.008696631,0.0074750325
0.06500627,0.04849764,0.8864961
0.07338401,0.06770362,0.85891247
0.06492592,0.044470627,0.8906034
0.07335601,0.048985086,0.87765896
0.053542677,0.04702109,0.89943624
0.043728836,0.06933468,0.8869365
0.036877837,0.049358733,0.91376346
0.07558409,0.048350107,0.87606573
0.05310962,0.046413593,0.9004768
0.044009063,0.297171,0.6588199
0.07142482,0.044740174,0.8838349
0.063322924,0.0487652,0.8879118
0.13774873,0.045496847,0.81675434
0.0986525,0.05533904,0.8460085
0.063650236,0.03904182,0.89730793
0.06711452,0.062955976,0.86992943
0.6488592,0.016973631,0.33416724
0.07961318,0.063628316,0.8567586
0.062740795,0.04583496,0.89142424
0.13676363,0.054003827,0.8092325
0.041598108,0.043893475,0.91450846
0.08493012,0.073896736,0.8411732
0.089115776,0.04299899,0.86788523
0.04774003,0.07662434,0.87563556
0.07408078,0.04863083,0.8772884
0.056327533,0.039903216,0.90376925
0.9261106,0.012146114,0.061743326
0.119111985,0.06292104,0.817967
0.018356089,0.97279775,0.008846138
0.8945526,0.009841007,0.0956064
0.109802045,0.04241522,0.8477828
0.062373444,0.037905373,0.8997212
0.07612023,0.05485412,0.86902565
0.06100754,0.041179106,0.8978134
0.020845836,0.97540945,0.0037447594
0.062432524,0.048788972,0.8887785
0.11493043,0.04388974,0.84117985
0.08004768,0.04473854,0.87521374
0.022065585,0.953959,0.023975369
0.059795767,0.0567796,0.88342464
0.028878797,0.09866649,0.87245476
0.060954064,0.041143015,0.89790297
0.074393846,0.045899905,0.87970626
0.076638974,0.06071529,0.86264575
0.98651254,0.009085466,0.0044020335
0.038891546,0.8020284,0.15908001
0.20227224,0.034080684,0.7636471
0.12888514,0.062874965,0.80824
0.21402085,0.04727022,0.7387089
0.056949235,0.03862797,0.90442276
0.042848356,0.043693464,0.91345817
0.055663478,0.046850465,0.8974861
0.27427799,0.050513852,0.67520815
0.20799974,0.032746036,0.7592542
0.06902315,0.045867216,0.88510966
0.051267948,0.03598355,0.9127484
0.07144547,0.04919971,0.87935483
0.06604751,0.041574363,0.89237815
0.06758041,0.05044268,0.88197684
0.14632107,0.16862023,0.6850587
0.07987758,0.048685342,0.871437
0.21432999,0.0971323,0.6885377
0.045947313,0.08878224,0.8652705
0.070400044,0.04989674,0.8797031
0.06509962,0.044961274,0.8899391
0.046310782,0.0325519,0.92113733
0.056239642,0.066169485,0.87759084
0.10122398,0.05082411,0.84795195
0.043296304,0.13255051,0.8241531
0.08534164,0.08373186,0.83092654
0.088497065,0.052164637,0.85933834
0.07426718,0.03977177,0.88596106
0.05728336,0.04840258,0.8943141
0.05113062,0.043884072,0.90498525
0.062297072,0.28918618,0.6485167
0.07093607,0.03745376,0.89161015
0.05276867,0.04595828,0.9012731
0.055251557,0.044722233,0.9000262
0.14587548,0.04633524,0.80778927
0.0899107,0.03808918,0.8720002
0.62518704,0.016498761,0.35831422
0.09554948,0.041946795,0.86250377
0.071436144,0.042427976,0.886136
0.06357237,0.04152924,0.8948985
0.07589709,0.048266686,0.87583625
0.064603575,0.047915623,0.8874808
0.04846869,0.042337116,0.9091942
0.06769803,0.051804606,0.88049734
0.018975452,0.96756893,0.01345561
0.058633868,0.025967853,0.91539836
0.10131054,0.045441814,0.85324764
0.062493004,0.042202376,0.89530456
0.93046486,0.022227034,0.04730805
0.0901572,0.07018022,0.8396626
0.08573773,0.056338105,0.8579241
0.08573773,0.056338105,0.8579241
0.06220561,0.03961759,0.89817685
0.04904792,0.042055458,0.9088966
0.0638264,0.05550751,0.880666
0.9863492,0.010798011,0.0028528182
0.06302752,0.043657895,0.8933146
0.98280483,0.007607103,0.0095881475
0.06873654,0.040309597,0.8909539
0.041589834,0.060453787,0.8979563
0.0756924,0.7925936,0.131714
0.1814987,0.024989616,0.7935116
0.98840976,0.0061173956,0.005472898
0.9878664,0.009080183,0.0030533846
0.9873683,0.008336381,0.0042953934
0.9713656,0.0065578055,0.02207671
0.9876386,0.008764482,0.0035969361
0.98770267,0.008445746,0.0038516694
0.6131184,0.14267229,0.24420935
0.98826104,0.007320462,0.0044184574
0.42206085,0.023962671,0.5539764
0.98757565,0.00944834,0.0029759568
0.9902693,0.005853955,0.003876793
0.017771458,0.97646743,0.0057611023
0.021471001,0.97090316,0.0076258746
0.022142882,0.34943062,0.62842655
0.018126814,0.9564347,0.02543839
0.018183824,0.976934,0.004882176
0.052457616,0.58844644,0.3590959
0.016950553,0.9779674,0.00508203
0.01971337,0.97236824,0.007918389
0.016444633,0.9798519,0.003703493
0.0152400425,0.98042756,0.004332366
0.032847513,0.82995224,0.13720024
0.021292027,0.97225857,0.0064494624
0.08340107,0.053038836,0.8635601
0.06503358,0.046364073,0.8886024
0.055864893,0.043401532,0.90073365
0.06531452,0.050053928,0.88463163
0.055188064,0.03566691,0.909145
0.06463965,0.04390856,0.89145184
0.051566456,0.038848456,0.9095851
0.04999915,0.031136263,0.9188646
0.05069813,0.039618928,0.90968287
0.053837337,0.040008515,0.90615416
0.06924371,0.049728468,0.8810279
0.06669287,0.048342958,0.88496417
0.05903643,0.039751474,0.90121216
0.07226504,0.042193007,0.885542
0.06356035,0.039523374,0.89691633
0.07541153,0.051375996,0.87321246
0.06844198,0.05046595,0.8810921
0.070592195,0.04428345,0.8851244
0.07687092,0.05193733,0.8711917
0.06250842,0.04196617,0.89552546
0.05666418,0.037709635,0.9056262
0.0626751,0.038972907,0.898352
0.06581793,0.03880589,0.89537615
0.05908246,0.04208025,0.89883727
0.06617767,0.044040807,0.8897816
0.066711694,0.038950607,0.89433765
0.06742403,0.03703563,0.89554036
0.060055714,0.0338531,0.90609115
0.057377208,0.039377015,0.90324587
0.06645534,0.040901985,0.8926427
0.057961985,0.0380124,0.9040256
0.058595173,0.04167211,0.89973265
0.055431552,0.034083754,0.91048473
0.06499376,0.03998288,0.89502335
0.08593732,0.048454255,0.86560845
0.077554315,0.03985337,0.88259226
0.045351703,0.203153,0.75149524
0.06149044,0.038876332,0.8996333
0.06975229,0.049655367,0.88059235
0.060361408,0.039105687,0.9005329
0.062354118,0.040396687,0.8972492
0.096988425,0.053418446,0.8495932
0.07357872,0.051668078,0.8747531
0.060902294,0.04327062,0.89582705
0.05260841,0.03559663,0.9117949
0.040645514,0.03922224,0.9201322
0.066764764,0.043849584,0.8893855
0.061482962,0.039871212,0.8986458
0.050294016,0.046833422,0.90287256
0.09428882,0.025852757,0.87985843
0.06743798,0.047704082,0.88485795
0.07366575,0.04840563,0.8779286
0.07177616,0.03873924,0.8894846
0.08874364,0.051624883,0.8596315
0.08445219,0.052978013,0.8625698
0.06464135,0.046491265,0.88886744
0.05725987,0.03825521,0.904485
0.060940944,0.04615814,0.8929009
0.06146826,0.0343797,0.904152
0.060410604,0.049257565,0.89033186
0.06470746,0.0446468,0.8906457
0.045230914,0.03422554,0.92054355
0.055017047,0.04086524,0.90411764
0.08387491,0.06736248,0.84876263
0.066223845,0.046845227,0.88693094
0.06728596,0.040751263,0.8919627
0.059296295,0.038172573,0.90253115
0.05728345,0.03476114,0.90795547
0.061396126,0.037275016,0.90132886
0.06444865,0.048034687,0.8875167
0.087820396,0.056701105,0.85547847
0.051266193,0.03690763,0.91182625
0.10179604,0.0578602,0.8403438
0.21777955,0.17582585,0.60639465
0.058156617,0.03433908,0.90750426
0.061826378,0.044163752,0.8940098
0.06211851,0.041400056,0.89648145
0.048637576,0.03944565,0.91191673
0.05317759,0.03856511,0.9082573
0.051050726,0.03829128,0.910658
0.0556442,0.042789064,0.90156674
0.053081773,0.038968418,0.9079498
0.054446496,0.03716556,0.908388
0.05827948,0.039376147,0.90234435
0.070228785,0.037517417,0.8922537
0.06239275,0.038046923,0.89956033
0.06490172,0.043086343,0.89201194
0.05541515,0.04012899,0.90445584
0.06635915,0.04011152,0.89352936
0.06484148,0.03610734,0.8990512
0.051643133,0.03206595,0.9162909
0.06329373,0.044424113,0.8922822
0.063083135,0.043250643,0.8936662
0.047431726,0.02963857,0.9229297
0.036701143,0.029160859,0.934138
0.07242653,0.049535517,0.878038
0.049489792,0.045436565,0.9050737
0.07849894,0.03835084,0.88315016
0.064194664,0.040054478,0.8957508
0.064615935,0.037708547,0.8976755
0.06267772,0.04068572,0.89663655
0.04807756,0.032277744,0.9196447
0.05607586,0.03713634,0.9067878
0.05839799,0.040947918,0.90065414
0.058469217,0.041098077,0.90043265
0.051179077,0.04076369,0.9080572
0.05773727,0.0346791,0.9075836
0.051070992,0.0370193,0.9119097
0.060454685,0.042452186,0.8970932
0.058708835,0.035400674,0.90589046
0.096398845,0.05917251,0.8444286
0.08439154,0.05701859,0.8585898
0.08282381,0.04481119,0.87236494
0.07265843,0.035238404,0.8921032
0.04141632,0.08081253,0.87777114
0.061249465,0.034290798,0.90445983
0.060253695,0.037742637,0.90200365
0.04067156,0.03770699,0.9216215
0.06027486,0.03652287,0.90320224
0.06327127,0.035129894,0.9015988
0.057412326,0.04231253,0.9002751
0.0644371,0.03555081,0.90001214
0.04464945,0.03592943,0.91942114
0.05943345,0.039034545,0.901532
0.0598167,0.039459277,0.90072393
0.051861633,0.038691133,0.90944725
0.059075758,0.036024224,0.9049
0.06064784,0.03983213,0.8995201
0.06406457,0.057147387,0.8787881
0.06899657,0.04060062,0.89040285
0.057567723,0.035744615,0.9066877
0.037552275,0.03424186,0.9282058
0.05186037,0.031134017,0.91700554
0.06007465,0.041918393,0.898007
0.0515645,0.038884938,0.9095506
0.060197655,0.039517157,0.9002852
0.054114863,0.038167633,0.9077174
0.05720015,0.04058079,0.90221906
0.050160304,0.03205554,0.9177841
0.04771317,0.030655887,0.921631
0.0634475,0.036846317,0.8997061
0.048613373,0.036802962,0.9145837
0.06622289,0.043387644,0.8903895
0.054626267,0.038868446,0.9065053
0.05530605,0.036270596,0.9084233
0.05851847,0.036763247,0.90471834
0.063443094,0.03779123,0.8987656
0.087874256,0.043703165,0.8684225
0.04800128,0.03470934,0.9172893
0.056902688,0.034546945,0.90855044
0.054660857,0.03515411,0.910185
0.05368282,0.03166655,0.9146507
0.05086951,0.036372554,0.91275793
0.06804256,0.040908765,0.8910486
0.044772428,0.03011755,0.9251101
0.052077822,0.036910675,0.9110116
0.051854,0.03616459,0.91198134
0.068937846,0.040113036,0.8909491
0.06802728,0.04286239,0.88911027
0.08367648,0.06000564,0.8563179
0.06495219,0.045388233,0.8896596
0.053686667,0.037828658,0.9084846
0.05087632,0.04024648,0.90887725
0.051959068,0.038218793,0.9098222
0.049389824,0.032692533,0.91791767
0.05324897,0.036830492,0.9099206
0.05763491,0.03992254,0.9024426
0.058610886,0.039215222,0.9021738
0.058572948,0.03763333,0.9037937
0.045127224,0.029236082,0.92563665
0.61844313,0.028144768,0.35341215
0.05693621,0.037522446,0.9055414
0.058561087,0.041790463,0.8996484
0.055168908,0.04351453,0.90131664
0.051560994,0.027330406,0.9211086
0.05626954,0.03647254,0.907258
0.05713738,0.046023406,0.8968392
0.0738792,0.044788122,0.88133264
0.055825938,0.039220955,0.90495306
0.0597774,0.04228516,0.89793736
0.058192436,0.03904948,0.902758
0.04060765,0.04280654,0.9165858
0.074070215,0.048766553,0.8771633
0.05790149,0.040778592,0.9013199
0.043456793,0.032373283,0.92417
0.05954745,0.04159112,0.8988614
0.056354802,0.03811295,0.90553224
0.057898767,0.039061658,0.9030396
0.059651125,0.040361974,0.8999869
0.04677605,0.037256718,0.9159673
0.052823912,0.030751796,0.9164244
0.06141773,0.039134912,0.8994474
0.05210377,0.03598564,0.9119106
0.0443154,0.03283607,0.9228485
0.05992668,0.039014082,0.9010593
0.035314668,0.027745886,0.93693954
0.07495945,0.0390788,0.88596183
0.054287262,0.030646313,0.9150664
0.051630296,0.038991626,0.9093782
0.06975558,0.041836403,0.88840795
0.057903033,0.036341105,0.9057559
0.05666573,0.03856727,0.90476704
0.06335594,0.048269313,0.88837475
0.046384506,0.031462044,0.92215335
0.05560659,0.034594417,0.9097989
0.050154597,0.03440346,0.915442
0.07065246,0.04778251,0.881565
0.0554763,0.037299626,0.9072241
0.98835236,0.007800926,0.0038466826
0.6289168,0.049550056,0.3215331
0.9547689,0.007535856,0.03769531
0.9882466,0.0071857804,0.00456756
0.98599166,0.0077368277,0.006271595
0.92613477,0.009204492,0.06466076
0.98448515,0.0058539626,0.009660983
0.9296713,0.010108196,0.060220603
0.98886067,0.0071762153,0.0039630826
0.98655415,0.008248559,0.0051972233
0.9745018,0.011267985,0.014230164
0.9849539,0.00803656,0.007009612
0.020448826,0.97427636,0.005274822
0.01989896,0.97531193,0.004789141
0.014311063,0.9790854,0.006603471
0.019668179,0.9744119,0.005919894
0.018758498,0.96967345,0.011568066
0.0143546695,0.9820687,0.0035766507
0.015221869,0.97448856,0.010289578
0.019989032,0.9749545,0.005056487
0.015356908,0.97882277,0.0058202925
0.01715679,0.9683534,0.014489854
0.017771427,0.97741973,0.0048088743
0.017182102,0.9678898,0.014928069
0.0157647,0.97771156,0.006523748
0.018097354,0.9699176,0.011985008
0.094699815,0.2703516,0.6349486
0.014502656,0.9777649,0.0077324477
0.018971436,0.97447544,0.006553152
0.015114806,0.98047584,0.004409411
0.016538665,0.97349846,0.009962869
0.014484472,0.980361,0.00515452
0.050381728,0.027782705,0.9218355
0.07093916,0.02579932,0.90326154
0.0661465,0.030926641,0.9029268
0.051265083,0.027080834,0.9216541
0.06972958,0.03915297,0.89111745
0.048201993,0.032919094,0.9188789
0.04870325,0.030537302,0.9207595
0.061705112,0.03552088,0.90277404
0.05638079,0.03279042,0.9108288
0.061549004,0.036200467,0.9022506
0.068267584,0.03686358,0.89486885
0.06005801,0.031157685,0.9087843
0.0674504,0.03490748,0.8976421
0.060189955,0.036116987,0.9036931
0.055204112,0.023317894,0.9214779
0.06597692,0.04216334,0.89185977
0.06238237,0.032921392,0.90469617
0.05034468,0.032536726,0.91711855
0.06318082,0.03386783,0.90295136
0.07878362,0.054972976,0.8662434
0.057834715,0.033049908,0.9091153
0.05192619,0.023154892,0.92491883
0.062099,0.042575903,0.8953251
0.06270537,0.031901907,0.90539277
0.07907654,0.048908312,0.8720152
0.06339024,0.046016376,0.8905934
0.075754054,0.036293987,0.887952
0.054913275,0.030252041,0.91483474
0.05063358,0.0323738,0.9169926
0.060285587,0.03635144,0.9033629
0.061985157,0.04214655,0.8958683
0.06147986,0.034638964,0.90388125
0.057719037,0.03409736,0.9081835
0.053250615,0.025624886,0.9211245
0.062263653,0.029011898,0.9087244
0.058898553,0.036268633,0.9048328
0.058160517,0.03427438,0.9075651
0.053830408,0.03391727,0.9122523
0.06307069,0.039065987,0.8978633
0.06377705,0.03448924,0.90173376
0.07688881,0.045311086,0.8778001
0.050242674,0.08151209,0.8682452
0.053425528,0.020617502,0.92595696
0.04859798,0.019530177,0.9318718
0.074356884,0.033181462,0.8924617
0.065613054,0.038741805,0.8956451
0.051404007,0.0325311,0.9160649
0.057469632,0.03959481,0.90293556
0.06479702,0.040707644,0.89449525
0.05726547,0.023467302,0.9192672
0.07042378,0.037898142,0.8916781
0.06963836,0.034305573,0.8960562
0.059892975,0.044378474,0.8957285
0.051497765,0.028523209,0.91997904
0.058950648,0.030094346,0.9109551
0.062783614,0.041255,0.8959613
0.06459136,0.027496995,0.90791166
0.07149291,0.037326213,0.891181
0.06561308,0.041361455,0.8930254
0.06790276,0.04027036,0.89182687
0.06377565,0.03407004,0.9021543
0.07565827,0.03967491,0.8846668
0.055945188,0.03361913,0.9104357
0.061060455,0.036389723,0.90254974
0.06336072,0.033765838,0.90287346
0.057983406,0.0376569,0.9043597
0.05680967,0.038778678,0.9044117
0.050220568,0.03626094,0.9135185
0.066116974,0.03619375,0.8976892
0.0677603,0.038364355,0.89387536
0.055825394,0.0374611,0.9067134
0.053429008,0.022811836,0.92375916
0.062231332,0.036583915,0.9011847
0.060956977,0.021148616,0.91789436
0.050685756,0.034062054,0.91525215
0.057149053,0.029475326,0.9133756
0.062710315,0.044992443,0.89229727
0.070994444,0.041008256,0.8879973
0.066380285,0.029269688,0.90435004
0.063837044,0.043660805,0.8925021
0.06344908,0.03857788,0.897973
0.06077818,0.043035097,0.8961867
0.049459353,0.03312447,0.9174162
0.0739288,0.0437159,0.8823553
0.05119198,0.02531713,0.9234909
0.06347651,0.036845177,0.89967823
0.069543034,0.046484258,0.88397276
0.060065866,0.037222974,0.9027112
0.059861418,0.03078394,0.9093547
0.058702547,0.0324028,0.90889466
0.06581346,0.03140849,0.902778
0.05209336,0.028129717,0.919777
0.07103537,0.03523381,0.89373076
0.05396736,0.036802545,0.9092301
0.06736824,0.035207104,0.8974246
0.0687407,0.04545702,0.88580227
0.06792023,0.03521935,0.8968605
0.054332998,0.032954633,0.9127124
0.05645994,0.03498837,0.90855163
0.068847455,0.027580205,0.9035723
0.056838762,0.03474484,0.90841645
0.05966518,0.0361711,0.90416366
0.07278649,0.04005936,0.8871541
0.06286607,0.04262047,0.8945135
0.056603927,0.02940878,0.9139873
0.05133748,0.033783212,0.9148793
0.047561597,0.031039722,0.9213987
0.05812873,0.03657194,0.90529925
0.054965425,0.03156399,0.9134706
0.046501264,0.03037738,0.9231214
0.0695366,0.046140775,0.8843227
0.077954926,0.042012483,0.8800326
0.06363359,0.040606283,0.8957602
0.07465364,0.031943936,0.8934024
0.058494672,0.027834047,0.9136713
0.061423626,0.021524904,0.91705155
0.08152092,0.048017368,0.8704617
0.04934029,0.03411033,0.9165494
0.059893545,0.030263778,0.9098427
0.0527606,0.020671442,0.926568
0.0644518,0.03092431,0.90462387
0.052704778,0.039166864,0.9081284
0.063280135,0.023251062,0.91346884
0.05051898,0.035010565,0.9144705
0.042785034,0.031195391,0.9260196
0.050864622,0.026608175,0.9225272
0.017002754,0.97810924,0.0048880493
0.057564277,0.04109918,0.9013366
0.040962357,0.025372088,0.9336656
0.04684691,0.028151698,0.9250014
0.06694511,0.036026116,0.8970288
0.0678448,0.038038902,0.8941164
0.056812204,0.03563907,0.9075487
0.064320184,0.039491303,0.89618856
0.053015333,0.028585665,0.91839904
0.0573137,0.036023956,0.90666234
0.07076834,0.0379907,0.891241
0.056171343,0.02613486,0.9176938
0.05500036,0.03406723,0.9109324
0.04297826,0.061144106,0.8958776
0.058489855,0.03147597,0.91003424
0.06362831,0.039372906,0.89699876
0.05474314,0.028344952,0.9169119
0.046760213,0.029048257,0.9241916
0.067299835,0.031358518,0.9013416
0.060250726,0.03911029,0.90063894
0.056885034,0.03617599,0.90693897
0.06001659,0.024703028,0.9152804
0.053112525,0.027702812,0.9191847
0.05038789,0.033944655,0.9156674
0.042278234,0.026444126,0.93127763
0.05688797,0.034353,0.908759
0.054181345,0.027619129,0.9181996
0.065589525,0.042141505,0.8922689
0.063425764,0.03761524,0.898959
0.060255803,0.042978857,0.8967653
0.06402326,0.028549211,0.9074275
0.032467835,0.028821142,0.93871105
0.059656456,0.028331479,0.912012
0.05551534,0.029948283,0.9145364
0.07349283,0.037280742,0.8892264
0.060982995,0.04375316,0.89526385
0.06036966,0.03500759,0.90462273
0.056340665,0.03392297,0.90973634
0.05595399,0.0330224,0.9110236
0.063165225,0.03586765,0.90096706
0.07768253,0.04063709,0.8816804
0.054819446,0.03369093,0.91148955
0.06941085,0.039203037,0.8913861
0.066056095,0.041885424,0.89205843
0.054166403,0.028335392,0.9174982
0.062142108,0.037525825,0.90033203
0.05815295,0.03705462,0.90479237
0.05087241,0.026008474,0.9231191
0.05321213,0.0245294,0.92225844
0.06073265,0.03363816,0.9056291
0.0751597,0.048574165,0.8762661
0.056626312,0.038352713,0.905021
0.053523198,0.043407947,0.90306884
0.054632433,0.029863104,0.9155046
0.06640021,0.034263443,0.8993364
0.05969367,0.03261375,0.90769255
0.06455352,0.034688246,0.9007582
0.04497575,0.19580145,0.7592228
0.049274474,0.027318453,0.92340714
0.06340194,0.03137091,0.90522707
0.088239,0.055137735,0.8566233
0.059547387,0.031440616,0.9090121
0.05427181,0.038484477,0.9072437
0.06151322,0.034997873,0.9034889
0.04882679,0.027176205,0.92399704
0.053232517,0.029097881,0.91766953
0.065178946,0.032854144,0.9019669
0.053597037,0.034995668,0.9114073
0.062597886,0.041032657,0.89636946
0.060362194,0.036450986,0.90318686
0.05009745,0.030579133,0.9193235
0.062158,0.037279703,0.9005623
0.055233166,0.031317618,0.9134491
0.06179559,0.038071156,0.9001333
0.05872803,0.03641169,0.9048602
0.059650145,0.040817138,0.89953274
0.061385803,0.03699678,0.9016174
0.06504675,0.036133323,0.8988199
0.05675823,0.03033602,0.91290575
0.06276756,0.037115984,0.9001165
0.056555822,0.031570412,0.9118738
0.06453124,0.040719215,0.8947495
0.061768122,0.036739636,0.90149224
0.05740889,0.037963495,0.9046277
0.06027008,0.03527559,0.90445435
0.05405803,0.030279417,0.9156625
0.057502687,0.03594914,0.9065482
0.059261855,0.036084816,0.9046534
0.05868003,0.034546778,0.9067732
0.0641821,0.0411166,0.89470136
0.053444974,0.031052643,0.91550237
0.05165335,0.03500164,0.913345
0.059898224,0.041227754,0.89887404
0.061538145,0.035929948,0.9025319
0.053999815,0.035778943,0.9102212
0.054298267,0.03624116,0.9094606
0.06576118,0.0422518,0.891987
0.056723863,0.035810247,0.9074659
0.0577741,0.036277894,0.90594804
0.058075294,0.036574014,0.9053507
0.059664506,0.03706463,0.9032709
0.051342614,0.029656844,0.9190005
0.0597896,0.036370628,0.9038397
0.06200224,0.037496246,0.9005015
0.056643087,0.035411738,0.90794516
0.056878995,0.036278274,0.9068427
0.06088765,0.03515314,0.9039592
0.057549566,0.036048785,0.9064017
0.052105065,0.034624822,0.9132701
0.056829926,0.03533823,0.9078318
0.059196204,0.037152726,0.9036511
0.05778431,0.036107566,0.90610814
0.05558087,0.035484947,0.9089342
0.06094621,0.03554961,0.9035042
0.059872,0.036367435,0.9037605
0.05422826,0.030359944,0.91541183
0.07479262,0.0416487,0.88355863
0.05750275,0.031065883,0.91143143
0.056439336,0.036227085,0.90733355
0.061972894,0.03531109,0.90271604
0.061457597,0.038950544,0.89959186
0.05846646,0.03540979,0.9061237
0.055285845,0.031286318,0.9134278
0.07132149,0.044828415,0.8838501
0.05883937,0.04032137,0.90083927
0.0587809,0.031555463,0.90966356
0.06066314,0.035627212,0.90370965
0.055518813,0.030780401,0.9137008
0.059603594,0.03540028,0.9049961
0.05466648,0.035054877,0.9102786
0.058200248,0.038038414,0.9037613
0.06195535,0.03690502,0.90113956
0.053486273,0.031198269,0.91531545
0.061343297,0.037663557,0.9009931
0.062107865,0.037176955,0.9007152
0.07257809,0.042375788,0.88504606
0.06003202,0.038646195,0.9013219
0.056734152,0.0378485,0.9054173
0.06529563,0.037716478,0.89698786
0.05457778,0.03172631,0.913696
0.054217763,0.035005618,0.9107766
0.06702785,0.04095331,0.8920188
0.06561372,0.041788157,0.89259803
0.058174096,0.036262494,0.9055634
0.06408719,0.035967216,0.8999456
0.056423925,0.034273006,0.90930307
0.0728203,0.042641953,0.8845377
0.06436227,0.0406126,0.89502513
0.06651196,0.03658819,0.89689994
0.061645374,0.037335075,0.90101963
0.05583679,0.037707344,0.9064559
0.06118771,0.033939883,0.9048724
0.06947687,0.042201623,0.88832146
0.06572745,0.043613225,0.89065933
0.078021646,0.042481817,0.8794965
0.062287822,0.03790883,0.8998033
0.060808484,0.040804956,0.89838654
0.06264443,0.036808785,0.9005468
0.052864667,0.030003946,0.9171315
0.05797161,0.037411015,0.90461737
0.046903126,0.04045277,0.91264415
0.06711566,0.040568806,0.8923155
0.06204083,0.037776943,0.9001823
0.06190681,0.03721981,0.9008733
0.048401654,0.033855863,0.9177425
0.04977789,0.029148823,0.9210733
0.068431415,0.040663227,0.8909054
0.05661774,0.032291334,0.9110909
0.057482272,0.03584875,0.90666896
0.056362364,0.030434925,0.9132027
0.06309226,0.038737383,0.8981704
0.044395722,0.035137057,0.9204672
0.05712639,0.040056292,0.90281725
0.064124815,0.030993596,0.9048816
0.058280606,0.0327244,0.90899503
0.054368556,0.032767538,0.91286385
0.05556096,0.034498587,0.90994054
0.067026414,0.033099573,0.899874
0.05485611,0.035712983,0.9094309
0.06319501,0.038050003,0.898755
0.055997647,0.027357783,0.9166446
0.02220728,0.028893128,0.9488997
0.19130547,0.0221182,0.7865764
0.060830634,0.023624698,0.91554475
0.06122322,0.042615663,0.89616114
0.05766595,0.03409928,0.9082348
0.05739192,0.035151564,0.9074565
0.060567733,0.033612408,0.9058199
0.06536114,0.032356113,0.9022827
0.056168728,0.035098042,0.9087332
0.0502045,0.03656934,0.9132262
0.06271449,0.042310607,0.8949748
0.066709206,0.0372382,0.8960526
0.056619864,0.040227987,0.9031521
0.061690193,0.030006737,0.90830314
0.068587884,0.047579084,0.88383305
0.049920347,0.03221526,0.91786444
0.04878465,0.03296103,0.91825426
0.04469178,0.034116123,0.92119205
0.046158925,0.029426482,0.9244145
0.05023798,0.031902034,0.9178599
0.067035176,0.04258935,0.8903755
0.078867935,0.034480095,0.88665193
0.06839246,0.043813862,0.8877936
0.059144717,0.03622512,0.90463024
0.049205396,0.02642793,0.92436665
0.058806986,0.036000688,0.9051923
0.052653898,0.036543593,0.91080254
0.056445207,0.028563168,0.91499156
0.08730426,0.04525969,0.86743605
0.054332986,0.039172817,0.90649426
0.08996655,0.0457601,0.86427337
0.07247424,0.030485902,0.89703983
0.059233457,0.038751524,0.9020149
0.06080892,0.028431071,0.91076005
0.039629813,0.030222468,0.9301477
0.051008668,0.033289358,0.9157019
0.060113356,0.023130544,0.9167561
0.04839761,0.03169347,0.91990894
0.07012694,0.037171464,0.8927016
0.0546952,0.022911953,0.9223929
0.054297153,0.037592176,0.9081107
0.05135335,0.038386833,0.91025984
0.16117294,0.020023502,0.81880355
0.054986563,0.04007219,0.9049413
0.062368575,0.034900293,0.9027312
0.059731394,0.034217212,0.9060514
0.05773017,0.034354635,0.9079152
0.05874836,0.036961775,0.9042899
0.06059095,0.0319136,0.9074954
0.06212078,0.030797096,0.9070821
0.06719409,0.040755276,0.89205056
0.060969308,0.03430103,0.9047297
0.043585073,0.34466943,0.6117455
0.043138634,0.03226205,0.92459923
0.054893505,0.038603555,0.90650296
0.061490566,0.031375654,0.9071339
0.055070356,0.03150095,0.91342866
0.055788357,0.02831361,0.9158981
0.051676735,0.031883784,0.9164394
0.055703733,0.036017753,0.9082785
0.05930615,0.038893923,0.9017999
0.063136004,0.1855274,0.7513366
0.056491595,0.027317554,0.91619086
0.06452507,0.03774757,0.8977273
0.05972416,0.030788431,0.9094874
0.053640835,0.032423798,0.91393536
0.06942623,0.035063453,0.89551026
0.06090525,0.032663964,0.9064308
0.04669053,0.035886377,0.917423
0.054277737,0.034383304,0.9113389
0.054493774,0.031879198,0.913627
0.046835862,0.031536367,0.92162776
0.060651563,0.03227478,0.9070736
0.06548082,0.03849419,0.89602494
0.08152355,0.047136165,0.87134033
0.05903358,0.03139846,0.90956795
0.056176513,0.031852502,0.911971
0.057874363,0.032831226,0.9092945
0.04574078,0.03328541,0.92097384
0.06843305,0.037589878,0.893977
0.064732224,0.02292934,0.91233844
0.060778245,0.029809576,0.9094122
0.05968746,0.025596157,0.9147164
0.05292447,0.03337904,0.9136966
0.061321598,0.03932247,0.899356
0.0619981,0.027835786,0.91016614
0.059920296,0.031606626,0.9084731
0.058707003,0.030996896,0.9102961
0.061853845,0.03275423,0.905392
0.055618774,0.028588185,0.915793
0.05904395,0.03388954,0.90706646
0.06270128,0.03944877,0.8978499
0.058195174,0.04076588,0.901039
0.05077867,0.020576632,0.9286448
0.0545643,0.02883773,0.9165979
0.051993247,0.033129703,0.914877
0.071439706,0.031934217,0.8966261
0.045228142,0.028875373,0.9258966
0.060876016,0.037541267,0.90158266
0.078604214,0.040938936,0.88045686
0.06000237,0.035153214,0.9048444
0.0541832,0.026239695,0.9195771
0.060463067,0.03748742,0.90204954
0.064271435,0.038906533,0.89682204
0.06341395,0.035157576,0.9014285
0.049077444,0.036134467,0.9147881
0.0535363,0.033863988,0.9125998
0.07337002,0.04880343,0.8778266
0.0560849,0.032986715,0.91092837
0.027143287,0.05805458,0.9148022
0.051704742,0.02777031,0.9205249
0.060046133,0.037539236,0.9024146
0.07417983,0.12714277,0.79867744
0.20986934,0.1934351,0.5966955
0.04994655,0.037517995,0.9125354
0.07172923,0.04369759,0.8845732
0.054792788,0.035050195,0.910157
0.075101934,0.040712766,0.8841853
0.049756415,0.04029397,0.9099497
0.058234815,0.030374533,0.91139066
0.053397216,0.031024892,0.9155779
0.05526448,0.03255183,0.9121837
0.060142912,0.035546605,0.9043105
0.05296824,0.03347196,0.91355973
0.066741385,0.04201113,0.89124745
0.050304703,0.038213782,0.91148144
0.093392275,0.083105385,0.8235024
0.049351852,0.032540042,0.9181081
0.06125405,0.029346995,0.909399
0.038933173,0.02879175,0.93227506
0.058407012,0.035948396,0.9056446
0.055667993,0.035749428,0.9085826
0.05123194,0.031748563,0.9170195
0.06445273,0.03663451,0.8989127
0.05935545,0.041174587,0.89947
0.07518331,0.040105417,0.8847113
0.06785708,0.027323188,0.9048197
0.062385127,0.031109901,0.9065049
0.059725508,0.03519664,0.9050778
0.98572874,0.011386675,0.0028846306
0.9880845,0.008309902,0.0036055956
0.9664345,0.008135766,0.02542971
0.9863029,0.008409106,0.005288041
0.9856463,0.009130834,0.0052229543
0.9845653,0.012059546,0.00337508
0.5455553,0.0243475,0.4300972
0.98304707,0.0075571407,0.009395834
0.9844871,0.011033212,0.00447964
0.98354244,0.006213397,0.010244159
0.98479766,0.012348443,0.0028538993
0.5414764,0.1647383,0.29378533
0.9856464,0.011253076,0.0031005482
0.98576933,0.00843745,0.0057933093
0.9866089,0.008919315,0.004471793
0.98875076,0.00921342,0.0020358134
0.9878961,0.0087240655,0.0033798902
0.8913475,0.017773263,0.09087922
0.98590463,0.010050497,0.0040449365
0.6181163,0.0906715,0.2912122
0.46821034,0.32774246,0.20404717
0.981672,0.014617595,0.0037103724
0.98650384,0.005964163,0.007532049
0.986698,0.009673247,0.0036287752
0.9869816,0.0086228615,0.0043955334
0.98694915,0.008913681,0.0041371584
0.9851038,0.009489338,0.005406862
0.9880876,0.009877927,0.002034448
0.98684245,0.0104710255,0.0026865567
0.9850944,0.010784275,0.004121326
0.98941886,0.0068047815,0.0037763517
0.6271276,0.14199595,0.2308764
0.9826431,0.013532439,0.0038244622
0.9869546,0.010140113,0.0029051907
0.98474216,0.011979541,0.0032782236
0.98500085,0.011467507,0.0035317135
0.93495107,0.026496632,0.038552374
0.9850461,0.007998163,0.006955714
0.9851319,0.009886923,0.004981177
0.98795044,0.007851241,0.0041983644
0.98671675,0.010257168,0.0030260968
0.985173,0.0062115532,0.0086154705
0.9828399,0.007956904,0.009203169
0.17359874,0.038938373,0.7874629
0.9703771,0.013105045,0.016517866
0.9872421,0.010152976,0.0026049549
0.9855964,0.01154187,0.0028617978
0.9876345,0.0089198705,0.0034456397
0.98803604,0.008750901,0.0032129951
0.8110105,0.06458663,0.12440284
0.98722094,0.009995353,0.0027837532
0.9734644,0.0077588186,0.018776745
0.98590267,0.010677802,0.0034195029
0.98336464,0.0129474895,0.003687846
0.9842479,0.012820655,0.002931375
0.9847734,0.01207388,0.003152737
0.98669356,0.010327282,0.0029791114
0.27988425,0.029084805,0.691031
0.9860358,0.008456231,0.005507951
0.9860358,0.008456231,0.005507951
0.9877131,0.008130217,0.0041565658
0.98761904,0.009439533,0.0029414152
0.9863215,0.009679004,0.003999502
0.9850642,0.008382157,0.0065535805
0.9814435,0.010302473,0.008254051
0.9867339,0.006325542,0.0069404677
0.97060084,0.008817544,0.020581646
0.9873489,0.009623078,0.0030280354
0.98792404,0.0094794035,0.0025965914
0.98450595,0.008609638,0.0068843407
0.98562676,0.008910435,0.00546282
0.9870749,0.008819565,0.004105486
0.9863942,0.010925794,0.0026800968
0.98703545,0.0091080535,0.0038565926
0.9885932,0.007964498,0.0034422548
0.98661554,0.009901813,0.003482659
0.98940825,0.006159561,0.004432235
0.98571706,0.011364321,0.002918599
0.98608714,0.010250622,0.003662118
0.9854468,0.010324311,0.004228821
0.8882858,0.015494196,0.09622
0.9859934,0.0111041805,0.0029023613
0.98710036,0.008301626,0.004598045
0.9869489,0.006102392,0.0069487626
0.79760987,0.035980847,0.1664093
0.9897517,0.00674092,0.0035074034
0.97106534,0.0146015575,0.014333127
0.98810345,0.00758119,0.0043154154
0.892501,0.01960272,0.0878962
0.98770636,0.009294007,0.0029996948
0.9833362,0.01394459,0.0027191683
0.9873383,0.009336019,0.003325611
0.9870701,0.009800528,0.0031293796
0.9844505,0.011494726,0.0040547787
0.98426175,0.009297843,0.0064404276
0.9867626,0.008782401,0.004455053
0.63450134,0.016118824,0.34937984
0.12709744,0.058961682,0.8139409
0.98274523,0.008256931,0.008997893
0.10938931,0.038766626,0.851844
0.987017,0.0073112464,0.0056718057
0.98606354,0.008690891,0.0052456157
0.98656183,0.00569694,0.007741302
0.95595264,0.011527549,0.032519795
0.98780525,0.008372711,0.0038220924
0.9881396,0.0087091895,0.0031511807
0.9885146,0.007201781,0.0042836145
0.9856596,0.011209354,0.003131017
0.9862453,0.010765288,0.0029894128
0.9824786,0.014269795,0.0032515803
0.9872744,0.009308105,0.0034175788
0.014286289,0.97834533,0.007368328
0.016117865,0.97407746,0.009804662
0.016678503,0.97694767,0.006373868
0.021153154,0.9649742,0.013872575
0.015457334,0.9804248,0.004117844
0.11058357,0.08536896,0.80404747
0.052089486,0.8431483,0.104762256
0.018180424,0.97579795,0.006021672
0.015630322,0.97459805,0.009771657
0.018915625,0.97636443,0.0047199805
0.03562971,0.04815617,0.9162141
0.04588705,0.1255129,0.8286001
0.018003512,0.977693,0.0043034395
0.02083756,0.9735951,0.005567427
0.017164158,0.9758907,0.006945112
0.057996485,0.047104787,0.8948987
0.017030286,0.97825897,0.004710702
0.023238603,0.96429837,0.012463046
0.016976824,0.97852695,0.0044962144
0.01618738,0.9787562,0.0050564143
0.016594877,0.9791949,0.0042102076
0.019109763,0.9777539,0.0031363838
0.017074184,0.97934514,0.0035806918
0.017537458,0.97878474,0.0036778464
0.02031983,0.9757236,0.003956528
0.10707186,0.06844226,0.8244859
0.01735711,0.9748879,0.0077550025
0.017461793,0.97551394,0.0070242654
0.019904178,0.9760441,0.0040516844
0.01373016,0.98154336,0.0047265175
0.019789841,0.9713855,0.008824672
0.016323233,0.9792899,0.004386908
0.021444501,0.96592426,0.012631218
0.09104462,0.05895529,0.85
0.036163382,0.80400825,0.15982835
0.7333743,0.09799935,0.16862638
0.06343944,0.17939788,0.75716263
0.06587021,0.7060998,0.22802997
0.064104,0.140324,0.79557204
0.0485608,0.149122,0.8023172
0.016971424,0.97821575,0.0048127905
0.9700705,0.016051563,0.0138779115
0.0153594045,0.9789819,0.005658692
0.10557956,0.105476506,0.788944
0.019281223,0.97646254,0.004256254
0.08558884,0.6043448,0.3100664
0.018417045,0.97459954,0.006983499
0.012871378,0.97949517,0.00763349
0.016552448,0.97764564,0.00580195
0.017563395,0.9783196,0.0041170353
0.023275979,0.9634942,0.013229915
0.2307796,0.11459337,0.6546271
0.017120145,0.9795868,0.0032930637
0.01482249,0.9819151,0.0032624344
0.014722618,0.98198915,0.0032882695
0.023329495,0.9273542,0.049316246
0.01982057,0.97574824,0.0044312123
0.048706107,0.7701202,0.18117374
0.016283572,0.97548044,0.0082360115
0.021447668,0.97174394,0.0068083843
0.020690702,0.97622037,0.003088943
0.014095129,0.981413,0.0044918945
0.083150275,0.20829472,0.708555
0.013970725,0.98277676,0.0032525668
0.97947615,0.010211774,0.010311987
0.017670956,0.97617424,0.0061548157
0.10072492,0.04992336,0.84935176
0.01875718,0.97721,0.0040328256
0.97379565,0.012475661,0.013728621
0.05366697,0.60348403,0.34284896
0.12628914,0.34408662,0.5296243
0.10200396,0.67628413,0.22171193
0.027449748,0.9415366,0.031013643
0.0598536,0.64790076,0.29224572
0.06401062,0.06562465,0.87036467
0.05862854,0.40955427,0.5318172
0.059442114,0.10298295,0.83757496
0.046345152,0.09442318,0.85923165
0.07239754,0.049058434,0.87854403
0.07599695,0.05976731,0.8642357
0.06067518,0.041155234,0.89816964
0.049142733,0.033957172,0.9169001
0.030767875,0.80916464,0.16006745
0.09554313,0.030351598,0.8741053
0.19027345,0.025289666,0.7844369
0.9705659,0.0074830838,0.021951092
0.05752525,0.04482259,0.8976521
0.024568072,0.93734294,0.038088948
0.048865065,0.06962102,0.8815139
0.08895897,0.039804347,0.8712366
0.9028146,0.0137621695,0.08342312
0.15518397,0.017392041,0.82742405
0.051443867,0.04378794,0.90476817
0.10624037,0.030535134,0.8632245
0.22780673,0.072722584,0.69947064
0.09690661,0.03916337,0.86393005
0.09514384,0.052697584,0.85215867
0.08540777,0.05452758,0.86006457
0.051271696,0.038139112,0.9105893
0.055411406,0.04283953,0.9017491
0.98696506,0.0086480165,0.004386883
0.040513955,0.034687277,0.9247987
0.046351463,0.0294484,0.9242002
0.11791092,0.021278126,0.86081094
0.64286727,0.01403732,0.34309542
0.051137783,0.040651325,0.908211
0.12552577,0.030733265,0.843741
0.037160248,0.5072526,0.4555872
0.05624122,0.027611276,0.9161475
0.059369445,0.062218636,0.8784119
0.067930415,0.033759616,0.89830995
0.085514136,0.03936208,0.87512386
0.061822586,0.060656443,0.877521
0.053553008,0.03489869,0.9115483
0.15399952,0.040085007,0.8059155
0.03725181,0.05225207,0.9104962
0.052549794,0.026385019,0.92106515
0.0523768,0.04117129,0.90645194
0.059331056,0.028746713,0.91192216
0.06620849,0.03398151,0.8998101
0.086445846,0.061539203,0.85201496
0.07094249,0.048615374,0.88044214
0.06130363,0.043983202,0.8947131
0.07239754,0.049058434,0.87854403
0.086445846,0.061539203,0.85201496
0.07850703,0.05364181,0.8678512
0.084016874,0.06536854,0.8506146
0.07094249,0.048615374,0.88044214
0.084016874,0.06536854,0.8506146
0.061492532,0.03576335,0.9027441
0.0443321,0.029763164,0.9259048
0.046882957,0.09067867,0.8624383
0.04769309,0.043129217,0.9091776
0.05153815,0.045128312,0.90333354
0.049820706,0.046144165,0.90403515
0.04769309,0.043129217,0.9091776
0.06794573,0.09944143,0.8326129
0.059731685,0.039945614,0.9003227
0.04750278,0.037614506,0.9148828
0.066243485,0.04656262,0.887194
0.20747322,0.08157812,0.71094865
0.44583076,0.019275332,0.5348939
0.08619872,0.38162875,0.53217256
0.025546765,0.95396584,0.020487348
0.06555844,0.048671342,0.8857702
0.059055272,0.055153184,0.88579154
0.05513447,0.049373977,0.8954915
0.053641632,0.07808624,0.8682721
0.97204655,0.009075473,0.018878004
0.045782946,0.035988126,0.91822904
0.079930596,0.036265817,0.8838036
0.09019032,0.08568284,0.82412684
0.05858725,0.041362416,0.90005034
0.063972466,0.056787264,0.8792403
0.12003982,0.053606544,0.8263536
0.05584949,0.052851424,0.89129907
0.058665037,0.054495245,0.8868397
0.050728902,0.048761692,0.9005094
0.096953034,0.02594844,0.8770985
0.21997893,0.027621115,0.7524
0.1456137,0.0305983,0.8237879
0.2826101,0.0339596,0.6834304
0.051271696,0.038139112,0.9105893
0.05165308,0.036788836,0.9115581
0.0557477,0.04056741,0.9036848
0.051271696,0.038139112,0.9105893
0.055411406,0.04283953,0.9017491
0.055411406,0.04283953,0.9017491
0.051271696,0.038139112,0.9105893
0.044519145,0.03470542,0.9207755
0.05165308,0.036788836,0.9115581
0.04523276,0.03777494,0.9169922
0.05165308,0.036788836,0.9115581
0.06758157,0.049564596,0.88285375
0.05196305,0.041692365,0.9063446
0.051213957,0.11249146,0.83629453
0.98832417,0.008668385,0.003007439
0.067588486,0.057193797,0.8752178
0.055333767,0.0441806,0.90048563
0.069977246,0.04313279,0.88689
0.08589311,0.03317138,0.8809355
0.10443084,0.033053726,0.86251545
0.058905527,0.0396827,0.90141183
0.054486882,0.0373387,0.9081745
0.051693495,0.03692564,0.9113808
0.08116809,0.09545278,0.82337916
0.04433144,0.7997284,0.15594013
0.09546733,0.040453028,0.86407965
0.07040262,0.04339498,0.88620234
0.09320094,0.094161525,0.81263745
0.055959046,0.039142087,0.9048989
0.101264045,0.055610172,0.84312576
0.018645039,0.9497931,0.031561796
0.057967067,0.26621097,0.67582196
0.07493129,0.040304147,0.8847645
0.07230298,0.041257393,0.8864396
0.055149265,0.036344808,0.90850586
0.06147516,0.03647622,0.9020486
0.08185447,0.05092396,0.86722153
0.05512763,0.03672292,0.9081494
0.0710191,0.14428796,0.784693
0.071205325,0.06598291,0.86281174
0.88975334,0.01264217,0.09760438
0.06666386,0.07429631,0.85903984
0.055239458,0.27834603,0.66641456
0.058979288,0.044628724,0.8963919
0.058445804,0.045428824,0.8961254
0.13354003,0.49980873,0.3666512
0.9881809,0.008425117,0.0033940964
0.98776186,0.008356007,0.0038821113
0.9828551,0.013788848,0.003356082
0.98794717,0.0066567357,0.005396056
0.9889409,0.008084866,0.002974256
0.13915974,0.05601325,0.804827
0.9884694,0.006686322,0.0048442786
0.99061185,0.00555517,0.0038329521
0.98758554,0.007459743,0.004954723
0.9855208,0.006791224,0.0076879533
0.9901314,0.0057343272,0.004134316
0.9880784,0.007580998,0.0043406654
0.98917425,0.008190093,0.0026356666
0.98863167,0.0072804233,0.0040879375
0.9900012,0.005750396,0.0042483653
0.98846895,0.007561808,0.0039692577
0.98845613,0.0073433896,0.0042005135
0.98824453,0.0071159336,0.0046394793
0.99033177,0.005451504,0.0042167115
0.97744703,0.007550871,0.015002042
0.9888681,0.006787724,0.0043441346
0.989484,0.0075400625,0.0029758895
0.9889015,0.0067879525,0.004310474
0.9881214,0.008924267,0.0029544295
0.9864174,0.009129058,0.004453494
0.9870072,0.006509046,0.00648367
0.98998916,0.0070042857,0.0030066276
0.98877186,0.0075272806,0.0037008887
0.9871601,0.008391792,0.004448151
0.98825026,0.008150541,0.0035991636
0.9881003,0.008046501,0.00385322
0.9880667,0.007558731,0.0043746578
0.990484,0.006739322,0.0027766374
0.98894346,0.0070932037,0.0039634146
0.9871265,0.010402683,0.002470854
0.9893036,0.007590398,0.0031059803
0.98313737,0.006781419,0.010081184
0.98679525,0.00989395,0.0033108236
0.9879887,0.009170427,0.0028408656
0.9895912,0.0071465364,0.0032623513
0.99038905,0.0060110874,0.0035999152
0.99022746,0.0066331197,0.0031393897
0.9858846,0.011179113,0.0029362494
0.9877384,0.008579058,0.003682607
0.98800886,0.007897846,0.0040933494
0.98724127,0.008786662,0.003972078
0.98846763,0.006945876,0.004586463
0.9889749,0.007944264,0.0030807855
0.9860487,0.010616993,0.0033342661
0.98803616,0.008590029,0.0033737735
0.65065485,0.14964305,0.19970214
0.9846318,0.012083938,0.0032842646
0.9886429,0.008412609,0.0029444643
0.98964626,0.007210026,0.003143681
0.98998356,0.0073475577,0.002668917
0.98892444,0.0053593596,0.005716162
0.9853969,0.01131634,0.0032868164
0.9880953,0.007391061,0.0045136553
0.98383844,0.012457478,0.0037040634
0.986087,0.010617406,0.003295549
0.98944247,0.006506018,0.0040515307
0.98751396,0.009910829,0.002575315
0.9848006,0.011702728,0.0034966809
0.98800325,0.007107252,0.004889511
0.9881705,0.009537489,0.0022920556
0.9888343,0.008036767,0.003128856
0.97656894,0.009555264,0.0138757
0.9426971,0.013512671,0.043790158
0.98593473,0.0110710375,0.0029943143
0.52741975,0.16644691,0.3061334
0.116199784,0.081338674,0.8024616
0.98793846,0.008155931,0.0039056225
0.98767006,0.007957061,0.004372902
0.98829067,0.0066136844,0.0050957086
0.9887581,0.007950284,0.0032915927
0.988865,0.007751799,0.003383205
0.9865345,0.0103862975,0.0030791913
0.9854388,0.009173594,0.0053876145
0.9386792,0.018644076,0.042676713
0.0587158,0.9184697,0.022814503
0.9900619,0.0068358546,0.0031022958
0.9895611,0.006006062,0.0044329194
0.9855334,0.011965772,0.0025008246
0.7264032,0.02855343,0.2450434
0.9868508,0.0101986285,0.0029506306
0.9896947,0.005810701,0.0044945483
0.9897424,0.005665294,0.004592377
0.98928916,0.0062619187,0.0044490467
0.9906014,0.005901847,0.0034967288
0.9902636,0.0061228867,0.0036135472
0.98902637,0.007975772,0.0029978426
0.99016833,0.006951035,0.0028806939
0.98843646,0.0072718807,0.00429165
0.9853394,0.011162025,0.003498594
0.9886203,0.008281994,0.0030977787
0.99031925,0.006844312,0.0028364651
0.9876699,0.009149579,0.0031805916
0.97082704,0.007829008,0.02134389
0.987805,0.007593717,0.004601327
0.9882159,0.008206164,0.0035780123
0.9877927,0.008912591,0.0032948076
0.9878042,0.008562889,0.0036328437
0.9907036,0.00615559,0.0031408991
0.9884412,0.007778804,0.0037799957
0.9868069,0.009570949,0.003622095
0.9897475,0.007439658,0.0028127667
0.9848897,0.01168095,0.0034293593
0.017908817,0.97731096,0.004780248
0.016760767,0.9755543,0.007684889
0.016146062,0.9781667,0.0056872065
0.017796896,0.9778651,0.004337955
0.015731161,0.97945,0.0048188632
0.019542642,0.97578603,0.0046713427
0.022614477,0.9719773,0.005408253
0.019369587,0.97711325,0.0035171444
0.017336708,0.97707593,0.0055873315
0.019653965,0.97561127,0.004734799
0.01887311,0.9760745,0.0050524184
0.01423946,0.97895503,0.0068055317
0.019272985,0.9760453,0.0046817185
0.017055104,0.9787284,0.0042164293
0.023732275,0.97046316,0.0058044964
0.017723477,0.97811997,0.004156589
0.065074295,0.21521458,0.7197111
0.02127571,0.9734128,0.005311481
0.018554794,0.97519964,0.0062454985
0.021612711,0.9730258,0.0053614727
0.019606978,0.975658,0.004735026
0.01985634,0.9751256,0.005018018
0.019402973,0.975934,0.0046629347
0.014049408,0.9782296,0.0077210283
0.019250188,0.9767967,0.0039531505
0.014380564,0.97523105,0.010388321
0.01710618,0.97783226,0.005061517
0.02118743,0.97364306,0.005169436
0.021818342,0.9727374,0.0054442897
0.01682865,0.97902715,0.0041442243
0.014843077,0.97944564,0.0057113497
0.019652314,0.9755293,0.004818359
0.019613419,0.975502,0.0048845503
0.017875038,0.9768976,0.005227395
0.014154016,0.9759359,0.009910087
0.018955585,0.97604126,0.005003148
0.014973506,0.9798845,0.005141962
0.019223746,0.97497886,0.005797436
0.022081368,0.9701484,0.007770236
0.019313112,0.97331333,0.007373508
0.06141719,0.07190923,0.8666736
0.024912722,0.9394188,0.035668407
0.01675749,0.9772703,0.0059721502
0.023186298,0.97109544,0.005718229
0.01572458,0.9747473,0.009528131
0.02356048,0.9709944,0.005445159
0.014789034,0.9749268,0.0102841575
0.018015785,0.9774046,0.0045796353
0.018582413,0.96527296,0.016144682
0.014726497,0.97460407,0.010669432
0.017135654,0.979039,0.0038253486
0.025049346,0.927206,0.047744658
0.017115187,0.95848787,0.024396958
0.019848816,0.976185,0.0039661378
0.018470487,0.9779049,0.0036246441
0.014558972,0.97869027,0.006750744
0.017937398,0.97743785,0.0046247346
0.017925268,0.97534704,0.0067276834
0.018950144,0.97385716,0.0071926634
0.01586427,0.98052967,0.0036060903
0.017228704,0.97860456,0.0041667786
0.015904658,0.9763289,0.007766465
0.015289293,0.97928303,0.0054276604
0.020743718,0.97347903,0.005777223
0.019292587,0.9756079,0.005099561
0.01777376,0.9647451,0.017481126
0.019340685,0.9747029,0.0059564603
0.019483883,0.97332734,0.00718875
0.017819399,0.976714,0.0054665464
0.017965436,0.97705543,0.004979087
0.019655775,0.97427297,0.006071262
0.016550064,0.9794159,0.004034042
0.016621493,0.9755117,0.007866787
0.018340345,0.9767209,0.004938648
0.13315555,0.43077686,0.4360676
0.020389985,0.97527504,0.0043349233
0.018206954,0.972937,0.008856048
0.015557044,0.9800269,0.004416009
0.01739906,0.97486126,0.0077396585
0.015532882,0.97707236,0.0073947604
0.0146116195,0.97983426,0.005554075
0.03417223,0.9575914,0.008236387
0.018783715,0.97716004,0.004056317
0.017108984,0.9775153,0.005375701
0.018417478,0.9765278,0.0050547644
0.017778436,0.9773278,0.0048936927
0.015424784,0.97788256,0.0066926815
0.017712688,0.9765704,0.0057168724
0.01793031,0.97705156,0.005018119
0.03409912,0.9481066,0.01779435
0.015697317,0.97925353,0.0050491127
0.020694403,0.9754419,0.003863759
0.014532878,0.97598267,0.00948447
0.016040249,0.98081356,0.0031461983
0.017381217,0.9781505,0.004468227
0.017092623,0.9784897,0.004417702
0.01415022,0.9799712,0.005878562
0.015449056,0.9784654,0.0060854903
0.018607177,0.9774754,0.003917454
0.016524212,0.97740865,0.006067057
0.015286034,0.9719295,0.012784438
0.018568201,0.9749518,0.0064799716
0.01970486,0.9752763,0.0050187935
0.020856127,0.97351134,0.0056325695
0.01595787,0.9786391,0.0054029454
0.015135722,0.9718165,0.013047807
0.01911278,0.97600013,0.004887045
0.01917553,0.97016203,0.010662372
0.016728017,0.97602797,0.0072439807
0.02231535,0.97184914,0.0058355364
0.021180457,0.97474945,0.0040700887
0.015565591,0.98008657,0.0043478096
0.015950726,0.98011357,0.0039357063
0.015649593,0.9767531,0.0075972676
0.016627435,0.97872365,0.004648943
0.013983061,0.97551334,0.010503557
0.017779028,0.9783155,0.0039055347
0.016681233,0.9775848,0.005733999
0.014928341,0.9754988,0.009572798
0.5776572,0.025906362,0.39643645
0.017034614,0.97755265,0.0054127816
0.018065395,0.9772289,0.0047057415
0.014177239,0.97753704,0.008285677
0.019649116,0.97537065,0.004980219
0.018249523,0.97711825,0.0046322616
0.015108276,0.9757549,0.009136826
0.016038097,0.97924644,0.004715457
0.019481765,0.9751242,0.0053940644
0.016001737,0.98037153,0.0036266965
0.017990686,0.97509015,0.006919114
0.017528875,0.97830564,0.004165506
0.019874929,0.9717587,0.008366409
0.018609706,0.9771311,0.004259168
0.018640012,0.9763357,0.0050242455
0.01996508,0.9728358,0.0071991663
0.01989657,0.9540009,0.026102517
0.014750442,0.97618866,0.0090609
0.01977138,0.9752296,0.0049989875
0.0147601785,0.98113513,0.0041047614
0.017619872,0.97811663,0.004263464
0.015349041,0.98023397,0.0044169417
0.068180256,0.5297727,0.40204707
0.019006722,0.97485876,0.0061345287
0.021193782,0.97156006,0.007246116
0.015295505,0.97824687,0.0064575775
0.018278135,0.9776949,0.0040269536
0.015821187,0.9788222,0.005356668
0.015547372,0.97702926,0.0074233743
0.014596014,0.97926575,0.006138236
0.019172005,0.9752076,0.0056203865
0.018460892,0.97548985,0.006049236
0.01959706,0.9751644,0.005238544
0.16433448,0.051095217,0.78457034
0.014855437,0.97978264,0.0053619244
0.017984062,0.9771138,0.0049021863
0.9140235,0.014889686,0.071086764
0.016709896,0.9792645,0.0040255487
0.02830491,0.954418,0.017277118
0.015608735,0.97706133,0.007329969
0.016404899,0.97510093,0.008494143
0.0209365,0.97488004,0.0041834763
0.02018069,0.97568923,0.0041300952
0.023523813,0.9642901,0.01218613
0.02259381,0.97298753,0.0044186753
0.016624615,0.9780799,0.005295415
0.01795103,0.9777033,0.0043457164
0.018634599,0.97557575,0.005789666
0.015141274,0.97502536,0.009833391
0.015750607,0.97970355,0.0045457976
0.017277956,0.9785311,0.0041909507
0.017277956,0.9785311,0.0041909507
0.016858637,0.97885793,0.0042833947
0.019828547,0.9732853,0.0068861037
0.021292448,0.9741786,0.004528999
0.015642421,0.9763056,0.008052029
0.015700622,0.97850364,0.005795711
0.016932007,0.97832924,0.0047387253
0.015471766,0.9760835,0.008444777
0.036062613,0.051859487,0.91207784
0.038868666,0.88292056,0.07821075
0.016037153,0.9763243,0.0076385587
0.018702911,0.9734317,0.007865359
0.019429829,0.97633106,0.00423909
0.019651065,0.97642034,0.003928541
0.022121623,0.9709683,0.006910081
0.017042952,0.9780311,0.0049259933
0.019745672,0.9758656,0.004388678
0.022496302,0.9721053,0.005398412
0.045080766,0.054298192,0.90062106
0.025593536,0.96792275,0.00648371
0.018649936,0.9735223,0.007827777
0.01773116,0.9775889,0.0046799732
0.02742135,0.9535101,0.019068556
0.016295824,0.9743096,0.009394529
0.020854859,0.97487915,0.004265984
0.017548665,0.9774991,0.004952246
0.019869665,0.97530365,0.004826662
0.018079316,0.9765503,0.005370394
0.034487806,0.017770147,0.94774204
0.031585775,0.02252929,0.94588494
0.055189002,0.028520051,0.91629094
0.055942677,0.029652957,0.91440433
0.03555152,0.013827328,0.9506211
0.9766679,0.009056498,0.014275726
0.0719699,0.046535376,0.88149476
0.24080072,0.23790817,0.5212911
0.10632583,0.051003236,0.8426709
0.034303896,0.59454596,0.3711501
0.06033658,0.026217902,0.9134455
0.07630466,0.036682952,0.8870124
0.08196442,0.04646309,0.8715724
0.9764508,0.0071696863,0.016379552
0.05355397,0.23963165,0.70681435
0.058535922,0.025361056,0.916103
0.020878281,0.025756072,0.9533656
0.049483724,0.024092901,0.9264234
0.09026605,0.03492834,0.8748056
0.03997252,0.05203227,0.90799516
0.8984611,0.011398663,0.09014027
0.19274782,0.023978418,0.78327376
0.65402025,0.16731146,0.17866828
0.06309248,0.876939,0.059968542
0.023049,0.020520234,0.95643073
0.03209555,0.017951302,0.94995314
0.034742873,0.026225295,0.93903184
0.034405895,0.8392963,0.12629783
0.07887608,0.025241103,0.89588284
0.35289,0.018629571,0.62848043
0.07119884,0.107983716,0.82081753
0.06206578,0.03076983,0.9071644
0.06257118,0.042753264,0.8946756
0.05277733,0.032946676,0.91427606
0.0238496,0.019752715,0.95639765
0.051481113,0.037774894,0.910744
0.021666255,0.97210807,0.006225699
0.06898003,0.0968036,0.83421636
0.031490624,0.047319215,0.92119014
0.016141681,0.97551674,0.008341546
0.03688683,0.020113863,0.9429993
0.025280451,0.021434298,0.9532853
0.91408557,0.050918628,0.034995828
0.02978217,0.018967709,0.95125014
0.13561772,0.13267034,0.731712
0.93073606,0.012182959,0.05708103
0.0483842,0.027008876,0.9246069
0.06875847,0.0325745,0.898667
0.03870636,0.03309114,0.9282025
0.08817515,0.059574954,0.8522499
0.052149434,0.031568512,0.91628206
0.17180333,0.09007101,0.7381256
0.036232285,0.8709966,0.09277118
0.0577921,0.35049358,0.5917144
0.039575413,0.016465295,0.94395924
0.11476424,0.1153823,0.7698535
0.021235505,0.96684086,0.011923677
0.05994627,0.64448315,0.29557058
0.033365767,0.022466442,0.9441678
0.07325975,0.09485146,0.8318888
0.049086567,0.04484685,0.90606654
0.06590286,0.03405666,0.9000404
0.050952327,0.043688364,0.90535927
0.05000782,0.036337256,0.91365486
0.07211611,0.30000964,0.62787426
0.053814944,0.02479517,0.9213899
0.023546008,0.02203319,0.9544208
0.016841577,0.97834504,0.0048134266
0.025495157,0.02802831,0.94647664
0.9879326,0.0076244227,0.004442946
0.060049538,0.041880418,0.89807004
0.0812879,0.052432187,0.86627996
0.38209125,0.02755723,0.59035146
0.049141463,0.028594067,0.9222645
0.042154305,0.026573408,0.93127227
0.07138502,0.046134666,0.8824803
0.07079853,0.033434696,0.89576674
0.986509,0.009891081,0.0035998467
0.987358,0.00966083,0.0029811175
0.98822474,0.008400843,0.0033744175
0.9890485,0.008269414,0.0026820654
0.9884871,0.008568809,0.0029440005
0.9852974,0.01123811,0.0034644464
0.9871803,0.009073877,0.0037457952
0.98752636,0.009256086,0.0032176161
0.023700709,0.95321536,0.023083955
0.9896652,0.007154054,0.0031807986
0.9856592,0.012014138,0.0023267735
0.98831326,0.009022402,0.0026644138
0.97799724,0.009238665,0.01276414
0.01603066,0.9783146,0.0056548347
0.97106355,0.008142864,0.02079353
0.9881831,0.008118214,0.003698685
0.9874384,0.0082237655,0.0043378538
0.97795564,0.008772284,0.0132720405
0.96057826,0.018116666,0.021305
0.98808694,0.00856534,0.0033476905
0.98752487,0.009959452,0.0025156857
0.9659431,0.009637705,0.02441922
0.9896125,0.0074459114,0.0029416012
0.98663956,0.009710532,0.003649884
0.9863723,0.010344103,0.0032836504
0.98656344,0.00963422,0.0038024054
0.98721606,0.009491131,0.0032928844
0.9886559,0.0075632385,0.003780817
0.988958,0.0065155453,0.004526428
0.98714405,0.009073543,0.0037824155
0.016609823,0.9597136,0.023676582
0.19994667,0.13785805,0.66219527
0.018085223,0.9759159,0.0059989206
0.020887097,0.969261,0.009851924
0.02007629,0.9701679,0.009755778
0.018027378,0.9766019,0.005370678
0.034813747,0.9111074,0.05407879
0.019643528,0.9595072,0.020849256
0.018535126,0.97797877,0.0034860498
0.01701657,0.97890395,0.0040794606
0.052635215,0.7258975,0.22146732
0.021691294,0.97323143,0.0050772135
0.016007232,0.9802295,0.0037632643
0.95909834,0.008937111,0.031964518
0.01948827,0.97640276,0.0041089687
0.019216375,0.9765105,0.0042731226
0.014582287,0.9812153,0.004202447
0.024569718,0.96763456,0.0077956473
0.014698818,0.9804017,0.0048995055
0.02149925,0.9717059,0.006794834
0.01979533,0.9735546,0.0066500595
0.024240606,0.9711285,0.0046309205
0.020974534,0.97426945,0.004756073
0.33169195,0.07613644,0.59217167
0.090327516,0.04994452,0.8597279
0.17432632,0.06834221,0.75733143
0.084750794,0.055526674,0.8597225
0.102258876,0.096157186,0.80158395
0.0632547,0.030528288,0.90621704
0.0741102,0.041369565,0.8845203
0.0823451,0.054135248,0.86351967
0.07370881,0.6725388,0.25375238
0.98582286,0.008808377,0.005368701
0.054653753,0.044563558,0.90078264
0.12775786,0.015748626,0.85649353
0.060120557,0.14949165,0.7903878
0.16836357,0.05303618,0.7786003
0.9817815,0.0084609585,0.009757543
0.986579,0.0077793277,0.005641674
0.09467175,0.037501846,0.8678264
0.11727893,0.115348,0.7673731
0.9867532,0.006532841,0.0067139375
0.97749853,0.008407611,0.014093856
0.14473023,0.10394032,0.7513294
0.9864586,0.00959564,0.003945742
0.887262,0.015400953,0.097337015
0.9866508,0.0076294173,0.005719753
0.06796981,0.10074759,0.8312827
0.9866855,0.009421404,0.003893059
0.17438024,0.06569224,0.7599275
0.98696136,0.0069420673,0.006096512
0.9874464,0.005580849,0.0069726636
0.9874464,0.005580849,0.0069726636
0.5440024,0.023971925,0.43202564
0.94180393,0.030631103,0.027565006
0.988201,0.008616669,0.003182302
0.9865763,0.006129946,0.007293723
0.41454822,0.037336178,0.54811555
0.09790295,0.031200124,0.87089694
0.9343194,0.014466701,0.051213834
0.9821175,0.0069079967,0.010974456
0.9841129,0.0061445697,0.009742583
0.9889325,0.00692205,0.0041454723
0.0646973,0.036935482,0.8983672
0.94498414,0.012490849,0.04252508
0.12356439,0.04552344,0.83091223
0.67528284,0.03378492,0.2909323
0.98673487,0.008964116,0.0043010297
0.6885581,0.023354992,0.28808683
0.9725824,0.009982697,0.017434841
0.4165918,0.045612995,0.53779525
0.9833614,0.008907336,0.0077312742
0.9477278,0.0096236495,0.042648546
0.9747097,0.008205429,0.01708489
0.9892771,0.0063853464,0.0043374514
0.98396885,0.008496387,0.007534737
0.9726643,0.00652821,0.020807479
0.06315015,0.028146127,0.90870374
0.98658687,0.007848065,0.0055651115
0.12842761,0.03284032,0.83873206
0.26086974,0.09894552,0.64018476
0.08740035,0.04017141,0.87242824
0.9889431,0.006895138,0.004161742
0.5821973,0.023290824,0.39451188
0.0666099,0.03516957,0.89822054
0.9871775,0.0075298366,0.0052927304
0.9769818,0.00936526,0.013653014
0.91413,0.01141765,0.07445242
0.5645389,0.019602511,0.4158586
0.9885725,0.00675924,0.0046682917
0.1650365,0.062092643,0.77287084
0.19731696,0.027217343,0.7754657
0.051400032,0.07070289,0.8778971
0.5542422,0.021012992,0.4247448
0.058370948,0.03433127,0.90729773
0.9871157,0.0072834715,0.0056008156
0.98782116,0.007796733,0.0043821214
0.02727558,0.9484413,0.024283107
0.9863061,0.009678853,0.004015093
0.9678949,0.0072753984,0.02482963
0.9868259,0.007036664,0.0061374875
0.8409423,0.012136796,0.14692087
0.98706365,0.009592154,0.0033442236
0.98591816,0.0078045446,0.006277255
0.9475289,0.010142637,0.042328432
0.99007833,0.0063718236,0.003549919
0.9865893,0.010437715,0.0029729845
0.21104938,0.04535936,0.7435913
0.98895967,0.008481306,0.0025590146
0.98675597,0.005977351,0.0072666104
0.12982352,0.03501411,0.83516234
0.06811742,0.03767316,0.8942094
0.98505753,0.011592024,0.0033504888
0.98591816,0.010532975,0.003548838
0.9802287,0.014986081,0.0047851643
0.5440731,0.019817863,0.43610904
0.9873739,0.009736758,0.0028894448
0.14098756,0.034694713,0.82431775
0.08415427,0.050422862,0.8654228
0.12016583,0.039791297,0.8400428
0.9783998,0.007031299,0.014568871
0.9868067,0.009971665,0.0032215572
0.97106194,0.014207655,0.014730405
0.9858181,0.010419376,0.0037626084
0.9760399,0.007651262,0.016308827
0.9857566,0.010167443,0.004076049
0.10392764,0.04460061,0.8514718
0.94086444,0.028053232,0.031082433
0.9836533,0.012812909,0.0035337768
0.96902376,0.006491085,0.024485143
0.8673874,0.021566687,0.11104591
0.7257764,0.013410406,0.2608132
0.985005,0.010512949,0.004481997
0.98238844,0.012198524,0.005413062
0.98491514,0.010594436,0.0044903494
0.9854233,0.012176607,0.0024000586
0.83579475,0.014254805,0.14995039
0.97911114,0.008234435,0.012654494
0.28563955,0.023435278,0.6909252
0.9696759,0.011399876,0.018924141
0.27028757,0.0493795,0.6803329
0.98823816,0.0076193367,0.0041425615
0.9908398,0.0058745127,0.003285663
0.07259928,0.031004272,0.89639646
0.98743826,0.00925526,0.0033065164
0.9874213,0.0061112777,0.006467415
0.98552644,0.009210318,0.0052632783
0.98685,0.008091443,0.0050585535
0.98559743,0.009891596,0.0045110467
0.15319653,0.14804879,0.69875467
0.01745777,0.97576547,0.0067767366
0.021606304,0.92864573,0.049747963
0.02335687,0.95138836,0.025254797
0.020456059,0.94972235,0.029821578
0.047792956,0.3764718,0.5757352
0.017994368,0.9743378,0.0076678135
0.023311932,0.9140732,0.06261485
0.03175161,0.899369,0.068879426
0.053517066,0.072579905,0.873903
0.019762546,0.9743181,0.0059193242
0.016471153,0.979039,0.0044897897
0.017553002,0.95742595,0.02502104
0.025645813,0.9548629,0.01949126
0.02339572,0.96514636,0.011457976
0.038539488,0.17364691,0.7878136
0.03198926,0.7880029,0.18000783
0.047742937,0.62399584,0.3282612
0.01596669,0.97345936,0.010573968
0.04191923,0.06268288,0.89539784
0.050569713,0.094108336,0.8553219
0.036342364,0.6870707,0.27658692
0.036342364,0.6870707,0.27658692
0.026700092,0.6160566,0.3572433
0.054448605,0.070221305,0.87533003
0.0513021,0.063442506,0.88525546
0.02232495,0.9182794,0.05939562
0.020868512,0.9745652,0.0045663314
0.015803963,0.97489625,0.009299748
0.016255323,0.9540213,0.029723443
0.044413514,0.4205615,0.53502494
0.019799644,0.9728162,0.00738415
0.020819517,0.9313843,0.047796167
0.01999529,0.97098327,0.009021389
0.051380046,0.12744656,0.82117337
0.04767648,0.25988495,0.69243854
0.062702954,0.58084434,0.3564527
0.015284034,0.9708539,0.0138620185
0.015752768,0.9764946,0.0077526257
0.018793007,0.97145736,0.009749684
0.017419126,0.9736056,0.008975358
0.016586825,0.9555811,0.02783201
0.020664899,0.97405124,0.005283913
0.030812515,0.8770409,0.09214651
0.018429123,0.96670467,0.014866173
0.033434115,0.8879129,0.07865298
0.07534619,0.6928707,0.23178314
0.023578128,0.9409057,0.035516147
0.014911332,0.9801135,0.0049751983
0.04265559,0.062093828,0.89525056
0.048269436,0.30589265,0.6458379
0.015768364,0.9798507,0.0043808552
0.020289568,0.9512369,0.028473508
0.052557915,0.04316968,0.9042723
0.021802498,0.97298086,0.0052166153
0.059031688,0.20906207,0.73190624
0.017646788,0.9578531,0.024500139
0.036746398,0.14308596,0.8201677
0.017653747,0.9733208,0.009025461
0.02369157,0.95751184,0.018796561
0.022100618,0.96202743,0.015871909
0.016451372,0.9778632,0.0056854417
0.034036078,0.9280495,0.037914407
0.05536111,0.77023053,0.17440835
0.05111648,0.15473467,0.79414886
0.024744859,0.9105843,0.06467088
0.02357113,0.96387357,0.012555262
0.03515722,0.79085225,0.17399047
0.031869695,0.89045596,0.077674314
0.063275926,0.058093615,0.8786304
0.67338604,0.019517336,0.30709663
0.056309298,0.048994083,0.8946966
0.050523892,0.035809316,0.9136667
0.048404206,0.040502515,0.9110933
0.06725265,0.040790796,0.89195657
0.06195458,0.045238495,0.8928069
0.017028863,0.9781773,0.004793839
0.038058616,0.039865617,0.92207587
0.040262,0.05846655,0.9012714
0.06722278,0.044692654,0.8880846
0.07284652,0.037097517,0.890056
0.06776621,0.065361336,0.8668725
0.048434008,0.041246146,0.9103198
0.0641533,0.038046706,0.8978
0.06346808,0.049188226,0.88734365
0.06286507,0.046557944,0.89057696
0.092085116,0.048620313,0.8592946
0.072028324,0.03927602,0.88869566
0.07809685,0.04670212,0.87520105
0.076059416,0.04365593,0.8802846
0.04922752,0.18746282,0.76330966
0.039872024,0.039253864,0.9208741
0.21290244,0.024699463,0.7623981
0.07742789,0.03211953,0.89045256
0.06399721,0.042134665,0.8938681
0.04159912,0.06461901,0.8937819
0.090823404,0.049779274,0.8593974
0.055667095,0.03753772,0.9067952
0.061395034,0.03773215,0.9008728
0.09435873,0.03390024,0.87174106
0.05923121,0.049731765,0.8910371
0.053557526,0.040585574,0.9058569
0.05728351,0.05579285,0.8869236
0.047865316,0.035207614,0.91692704
0.042246804,0.05138413,0.9063691
0.10098809,0.049724936,0.849287
0.069092266,0.12341109,0.80749667
0.03734497,0.057869267,0.90478575
0.090694875,0.034197725,0.8751074
0.038512282,0.04198881,0.9194989
0.03730364,0.046470493,0.9162258
0.19765544,0.035816025,0.76652855
0.05118805,0.051614724,0.8971972
0.30072474,0.015599066,0.6836762
0.068299696,0.052010436,0.8796899
0.036487095,0.13549984,0.82801306
0.07267019,0.04418444,0.8831454
0.06486908,0.046609513,0.8885213
0.07062433,0.045576233,0.88379943
0.0573913,0.066510096,0.8760987
0.08145791,0.04150318,0.8770389
0.08145791,0.04150318,0.8770389
0.07452892,0.042444564,0.8830264
0.07928561,0.03608752,0.88462687
0.05258972,0.037273493,0.9101368
0.0494431,0.063393265,0.88716364
0.043322906,0.2888474,0.6678297
0.04687025,0.032624986,0.9205048
0.043153543,0.035083584,0.9217629
0.0648963,0.06382782,0.87127584
0.05349583,0.04389717,0.9026071
0.062486324,0.05790339,0.87961036
0.044072587,0.040820237,0.9151072
0.058701262,0.07742554,0.8638732
0.048947793,0.03600383,0.91504836
0.053438995,0.07222674,0.8743342
0.052123144,0.07782697,0.87004983
0.084809445,0.036618855,0.8785717
0.07896794,0.06830769,0.8527244
0.10733899,0.10454576,0.78811526
0.11843881,0.11637507,0.7651861
0.10291987,0.03912124,0.85795885
0.08545607,0.060272824,0.85427105
0.01733128,0.97343713,0.009231579
0.06070056,0.045130856,0.8941686
0.06935638,0.036034364,0.8946093
0.03544852,0.80130816,0.16324337
0.58243763,0.018040381,0.39952204
0.032270942,0.05096802,0.916761
0.08492574,0.04299626,0.8720779
0.06589559,0.052000593,0.8821038
0.02719395,0.907603,0.065203056
0.06681576,0.036576282,0.896608
0.042377442,0.04310789,0.91451466
0.12980601,0.03069831,0.8394957
0.06617118,0.051058277,0.88277054
0.07418562,0.04427663,0.8815378
0.08428856,0.043388035,0.8723234
0.047681987,0.040685117,0.9116329
0.063943215,0.47294155,0.4631152
0.11855496,0.024107961,0.8573371
0.043032616,0.6711741,0.2857933
0.036836576,0.03921233,0.92395115
0.10710662,0.06592207,0.82697135
0.044942606,0.039487798,0.9155696
0.06803906,0.036596943,0.895364
0.064820565,0.043412358,0.8917671
0.04074114,0.07359278,0.885666
0.054761656,0.033820145,0.91141826
0.046687447,0.031009562,0.9223029
0.058085646,0.101174854,0.8407395
0.10500441,0.050517153,0.8444784
0.05676867,0.037705455,0.9055258
0.056520678,0.04278922,0.90069014
0.053658728,0.03832944,0.9080118
0.04518838,0.054242086,0.90056956
0.05938326,0.031894393,0.9087224
0.037543073,0.029025206,0.9334317
0.057150014,0.026331797,0.9165182
0.18064003,0.04070675,0.7786532
0.055464227,0.019167924,0.9253679
0.050828747,0.030440286,0.91873103
0.054138668,0.030622175,0.91523916
0.081769474,0.05233236,0.86589813
0.054194175,0.030969508,0.9148364
0.06356518,0.042947393,0.8934874
0.062673345,0.045119878,0.89220685
0.051241443,0.031568933,0.9171896
0.045624934,0.1248569,0.8295182
0.048860393,0.030561125,0.9205784
0.065167576,0.038291343,0.8965411
0.051390853,0.040792704,0.90781647
0.06398254,0.03710265,0.8989149
0.05298228,0.034107856,0.91290987
0.043765996,0.14084788,0.8153862
0.04574804,0.031781714,0.9224703
0.055211447,0.045415696,0.8993729
0.037787132,0.89954627,0.062666565
0.09326356,0.060333196,0.8464032
0.042617235,0.034093753,0.923289
0.046014927,0.036047056,0.91793805
0.059412293,0.03540748,0.90518016
0.04177703,0.03212554,0.9260974
0.037891395,0.035980105,0.9261286
0.0534828,0.043248296,0.90326893
0.06355982,0.047813766,0.88862634
0.0588651,0.04166016,0.8994747
0.11888474,0.039923616,0.84119165
0.051594254,0.03877461,0.9096311
0.086172126,0.019176032,0.89465183
0.05900243,0.039864603,0.90113294
0.0855167,0.02337896,0.8911044
0.066066094,0.05170417,0.8822297
0.06569814,0.06040587,0.8738959
0.038214795,0.025468975,0.93631613
0.069701046,0.04690946,0.8833895
0.024041785,0.91012543,0.065832764
0.04781093,0.37313557,0.5790535
0.04472902,0.034211304,0.92105967
0.05817635,0.042833757,0.8989899
0.046015967,0.033781264,0.9202027
0.04773614,0.04004114,0.9122227
0.10018911,0.025708718,0.8741022
0.104222886,0.063091025,0.832686
0.0501409,0.0413456,0.9085134
0.054563556,0.04350186,0.9019346
0.04465144,0.03363891,0.9217097
0.058238886,0.041804764,0.8999563
0.080952674,0.060542002,0.8585053
0.06954865,0.032485574,0.8979658
0.043093603,0.43268728,0.52421916
0.033069924,0.047439918,0.9194903
0.24041617,0.028034773,0.73154914
0.07259378,0.058018275,0.86938787
0.061501153,0.046582457,0.89191633
0.049801566,0.043416493,0.90678185
0.07835629,0.050368786,0.87127495
0.055354487,0.041620858,0.9030247
0.5731129,0.016099965,0.41078708
0.036671683,0.061744254,0.9015841
0.052922286,0.0387566,0.90832114
0.0499693,0.032611042,0.9174196
0.05178243,0.034376837,0.9138408
0.01871644,0.9268075,0.05447607
0.051194504,0.05017981,0.8986257
0.052133445,0.04474477,0.9031218
0.046740994,0.07218208,0.881077
0.04508738,0.04131394,0.91359866
0.076759376,0.038966294,0.8842743
0.058699407,0.061276626,0.880024
0.076886594,0.038453918,0.88465947
0.133875,0.029202735,0.8369222
0.09652288,0.027066471,0.8764106
0.05339896,0.05001693,0.89658403
0.05078403,0.024545563,0.9246704
0.12507693,0.03296657,0.84195644
0.03931889,0.037831075,0.92285013
0.03336109,0.8011925,0.16544645
0.06441597,0.03893694,0.89664704
0.92848855,0.008048705,0.06346271
0.052945822,0.0537271,0.89332706
0.069096826,0.049164746,0.8817385
0.06664336,0.058070634,0.875286
0.103634365,0.018068956,0.8782967
0.05681871,0.027516011,0.91566527
0.061710108,0.046832103,0.8914577
0.12704828,0.034215458,0.83873624
0.06308103,0.04980383,0.88711506
0.07382074,0.044252906,0.8819263
0.064113796,0.25329655,0.68258965
0.059839766,0.040847044,0.89931315
0.0668022,0.042878762,0.890319
0.064544305,0.043142986,0.89231277
0.07847554,0.042938106,0.8785864
0.078237064,0.050538316,0.8712245
0.034863517,0.041971374,0.92316514
0.050011314,0.034930572,0.9150581
0.2603047,0.032804437,0.7068909
0.05940607,0.047362648,0.89323133
0.08048355,0.034581758,0.88493466
0.058768127,0.04673979,0.89449203
0.0720103,0.058401205,0.8695885
0.04482249,0.048275717,0.90690184
0.066066034,0.070878506,0.8630554
0.08773883,0.04813563,0.8641255
0.041006632,0.032949757,0.9260436
0.22349253,0.028337685,0.74816984
0.055228446,0.039392978,0.9053786
0.03759271,0.0426814,0.91972595
0.18481418,0.037421446,0.7777644
0.07619525,0.044098426,0.8797064
0.036592104,0.037938453,0.92546946
0.06885589,0.049041178,0.8821029
0.035292506,0.052722268,0.9119852
0.057676904,0.04362193,0.8987012
0.05455411,0.03437326,0.9110727
0.033199318,0.031005666,0.935795
0.039636698,0.02959967,0.93076366
0.054410834,0.09695046,0.8486387
0.37462994,0.022312298,0.60305774
0.071792275,0.05103278,0.87717503
0.016879587,0.96299696,0.020123458
0.053113814,0.04941092,0.89747524
0.039042965,0.6674937,0.29346332
0.06460756,0.044817954,0.8905744
0.04633083,0.027170075,0.92649907
0.0671592,0.06868473,0.8641561
0.09116978,0.03064261,0.8781876
0.14363317,0.025655136,0.83071166
0.1059364,0.034358945,0.8597047
0.1748394,0.02486115,0.80029947
0.06299763,0.037986767,0.89901555
0.067052245,0.044950854,0.88799685
0.05123417,0.03528154,0.9134842
0.17492954,0.021911044,0.8031594
0.056265842,0.04754281,0.8961914
0.015982589,0.97633386,0.007683522
0.104167804,0.03043321,0.86539894
0.038912565,0.86512995,0.09595747
0.12866314,0.0313231,0.8400138
0.052777328,0.03473072,0.912492
0.059954215,0.053847678,0.88619816
0.04303346,0.026024759,0.93094176
0.039171316,0.03694207,0.92388654
0.068949394,0.03951705,0.8915336
0.046813812,0.0346873,0.918499
0.06401222,0.03841054,0.89757717
0.04433128,0.03384093,0.9218279
0.058185678,0.04355779,0.8982566
0.047846936,0.037813097,0.9143399
0.10663288,0.06521521,0.8281519
0.0903813,0.046854872,0.86276376
0.074112274,0.06141124,0.86447656
0.0506268,0.05067626,0.89869696
0.05898818,0.05363073,0.88738114
0.048687518,0.044678178,0.9066343
0.057017982,0.0657556,0.8772264
0.058731914,0.039876062,0.901392
0.07055843,0.03518572,0.8942558
0.07414638,0.043059558,0.8827941
0.038449712,0.037248544,0.9243018
0.04205106,0.05003449,0.9079144
0.118078016,0.040296808,0.8416252
0.025147164,0.8718728,0.10298003
0.041185927,0.039108455,0.91970557
0.25122783,0.031691477,0.7170807
0.043454047,0.05251806,0.90402794
0.07264201,0.03349425,0.89386374
0.108495,0.048273828,0.8432312
0.06517888,0.04597117,0.88885
0.05705275,0.037764844,0.90518236
0.060492568,0.038338926,0.9011686
0.039750688,0.03044816,0.9298012
0.077226125,0.0535191,0.8692547
0.06970434,0.06352853,0.86676717
0.06505021,0.048720356,0.8862294
0.086771175,0.07085516,0.84237367
0.06360712,0.04970688,0.8866861
0.07757611,0.041951463,0.8804725
0.062012326,0.041288953,0.89669865
0.04897982,0.026838727,0.9241814
0.13907337,0.02253949,0.83838713
0.98789424,0.0068811015,0.005224652
0.089174226,0.056461602,0.8543643
0.06155546,0.030353362,0.90809125
0.06155546,0.030353362,0.90809125
0.08567148,0.059575155,0.8547533
0.07833664,0.04334618,0.87831706
0.056799386,0.044235412,0.8989652
0.067095645,0.045200113,0.88770425
0.05103115,0.16231531,0.7866535
0.04704047,0.23766956,0.71528995
0.13194445,0.028856376,0.83919924
0.06808286,0.037288122,0.894629
0.054414958,0.031942077,0.91364294
0.059477784,0.03655385,0.9039683
0.03163615,0.063471414,0.90489244
0.055559076,0.06295668,0.88148415
0.056219406,0.038657866,0.90512276
0.03328216,0.06716619,0.8995517
0.13714534,0.06822418,0.79463047
0.076408625,0.030586788,0.89300454
0.085170925,0.062160432,0.85266864
0.05689255,0.04661609,0.8964914
0.048704296,0.031415164,0.91988057
0.042360816,0.09592884,0.86171025
0.056922037,0.04305101,0.900027
0.05635599,0.034992225,0.9086518
0.06480366,0.03183049,0.9033659
0.06946864,0.039274007,0.89125735
0.061267488,0.035771925,0.9029606
0.054896593,0.04340558,0.90169775
0.04337773,0.036832187,0.9197901
0.98702246,0.0082524745,0.004725134
0.050473794,0.058779787,0.8907464
0.054549053,0.027765868,0.9176851
0.019309293,0.968381,0.012309746
0.05500832,0.05546683,0.88952494
0.06565089,0.03468015,0.899669
0.05205839,0.039934047,0.90800756
0.06871843,0.050079476,0.8812021
0.06870423,0.0437992,0.8874965
0.078965634,0.05406064,0.8669738
0.0889664,0.05699401,0.85403955
0.071921,0.046322457,0.8817565
0.099914186,0.06208359,0.8380022
0.06736452,0.040938534,0.891697
0.06016211,0.09128942,0.8485484
0.041776717,0.17302762,0.78519565
0.88386893,0.011213534,0.10491754
0.043037694,0.14092581,0.8160366
0.07344764,0.04564923,0.8809031
0.053906612,0.034332115,0.9117612
0.04905961,0.037377294,0.91356313
0.062253285,0.03932021,0.8984265
0.062106133,0.039400034,0.89849377
0.06083616,0.03949031,0.8996735
0.05425528,0.102007665,0.84373707
0.08169016,0.04412236,0.8741875
0.07833508,0.036260605,0.8854043
0.36451137,0.07558936,0.5598993
0.04689707,0.04146743,0.9116356
0.071662724,0.035911333,0.8924259
0.079656735,0.059340563,0.8610028
0.038519226,0.06924032,0.8922404
0.07963488,0.030973013,0.8893921
0.98518175,0.008022735,0.0067955204
0.11930757,0.0856199,0.7950725
0.032732245,0.41687825,0.5503895
0.03995826,0.052370485,0.9076713
0.054451317,0.041505363,0.9040433
0.08563073,0.028155409,0.88621384
0.05427683,0.051589403,0.89413375
0.04974062,0.044587206,0.90567213
0.05672934,0.042779755,0.9004908
0.05873046,0.06933669,0.87193286
0.06633636,0.08009512,0.85356855
0.16766572,0.017266683,0.8150676
0.07725632,0.035997767,0.88674587
0.12380904,0.043328628,0.83286226
0.048592687,0.02869198,0.9227153
0.06411622,0.047322527,0.88856125
0.044818524,0.034079492,0.9211019
0.044806417,0.02983294,0.92536056
0.03824565,0.030611437,0.9311428
0.0648775,0.06749488,0.8676277
0.05949893,0.034000937,0.9065001
0.078057185,0.048466805,0.873476
0.06817563,0.034005783,0.89781857
0.036937434,0.030682074,0.9323805
0.039721146,0.035242572,0.92503625
0.062711895,0.042350195,0.8949379
0.10471132,0.033512715,0.86177593
0.089315146,0.041494858,0.86919
0.04747403,0.039089225,0.9134367
0.049213935,0.035690617,0.9150955
0.029668806,0.8502794,0.1200518
0.076381505,0.049051438,0.87456703
0.049278807,0.046861723,0.90385944
0.014333998,0.9588735,0.026792511
0.07786574,0.030137414,0.89199686
0.12327845,0.03939254,0.837329
0.052453026,0.0507896,0.89675736
0.051415313,0.03767139,0.9109133
0.092462115,0.3262896,0.5812482
0.15709163,0.032852415,0.8100559
0.06450649,0.016068699,0.9194248
0.097036935,0.03850451,0.8644586
0.097623974,0.02885759,0.8735185
0.066171475,0.042391036,0.89143753
0.08404051,0.031859264,0.8841002
0.054425307,0.04328583,0.9022888
0.060613353,0.033769377,0.9056173
0.115640305,0.033322137,0.8510375
0.052222792,0.033783488,0.9139937
0.023654161,0.9634978,0.01284799
0.058537062,0.02175653,0.9197065
0.077104814,0.08703058,0.83586454
0.06077581,0.6174211,0.32180312
0.11148557,0.030355928,0.85815847
0.082963474,0.06718587,0.84985065
0.081439435,0.050665755,0.8678948
0.07909351,0.04164883,0.8792577
0.06496787,0.0315856,0.90344656
0.07904246,0.06992523,0.85103226
0.87705946,0.009388311,0.113552265
0.052238695,0.04060416,0.90715724
0.06312039,0.2817143,0.6551653
0.06312039,0.2817143,0.6551653
0.07472489,0.050241463,0.87503374
0.04690265,0.19686583,0.75623155
0.06170751,0.055966284,0.8823263
0.049137056,0.03942494,0.911438
0.04903044,0.02763821,0.9233314
0.07247165,0.0813628,0.8461656
0.057508543,0.026953708,0.9155377
0.08206686,0.022611797,0.8953213
0.059524663,0.055455998,0.88501936
0.2300309,0.029230868,0.74073815
0.13025433,0.025181888,0.8445638
0.18464103,0.035424817,0.7799341
0.04501022,0.39035082,0.5646389
0.062897496,0.029378876,0.9077236
0.09250571,0.030252976,0.87724125
0.071941204,0.03434963,0.8937092
0.0676132,0.037835084,0.89455175
0.09195783,0.072673626,0.83536863
0.9738679,0.008294982,0.017837014
0.06603677,0.041730296,0.892233
0.054129917,0.04452606,0.90134406
0.068137035,0.045655787,0.8862071
0.052221738,0.032016166,0.9157621
0.08203561,0.028212652,0.88975173
0.67074066,0.017944593,0.31131473
0.016291121,0.97736335,0.0063455203
0.09891035,0.04140345,0.8596862
0.040778648,0.0437064,0.91551495
0.08178365,0.04110333,0.8771131
0.99015814,0.0073488536,0.0024930073
0.09930107,0.0361405,0.8645584
0.06626302,0.11457612,0.8191608
0.0331758,0.076255985,0.8905682
0.03189501,0.051342756,0.91676223
0.05433519,0.054494612,0.89117014
0.068798415,0.1492094,0.7819922
0.05104851,0.049381368,0.8995701
0.13488846,0.02230697,0.84280455
0.19784115,0.08181318,0.72034574
0.12988546,0.052812647,0.81730187
0.08135036,0.030711714,0.887938
0.1837077,0.032876723,0.78341556
0.048063636,0.030760668,0.9211758
0.26103693,0.026265996,0.712697
0.35552236,0.024767336,0.6197103
0.0645972,0.043665983,0.8917368
0.07326723,0.044984613,0.88174814
0.073806114,0.060651995,0.8655418
0.14856677,0.023198808,0.8282344
0.06736042,0.03838081,0.8942587
0.084817216,0.0420902,0.8730925
0.03868688,0.04483376,0.91647935
0.07432289,0.05662476,0.8690523
0.04680958,0.036118697,0.9170717
0.025376141,0.040809177,0.9338147
0.067655645,0.046795093,0.88554925
0.6018179,0.020653496,0.3775286
0.047226373,0.04010008,0.91267353
0.057301957,0.031784516,0.9109135
0.095712446,0.06975172,0.83453584
0.04633446,0.036546346,0.9171192
0.09076304,0.111259505,0.7979774
0.054186206,0.03021813,0.9155957
0.049921963,0.027690949,0.9223871
0.040407214,0.051530425,0.90806234
0.20638897,0.032843366,0.76076764
0.094667956,0.07383555,0.8314965
0.24400319,0.0330303,0.7229665
0.074085064,0.044281438,0.8816335
0.051309984,0.05242427,0.89626575
0.05157531,0.034676783,0.9137479
0.02123559,0.056194734,0.9225697
0.06834867,0.06709217,0.8645591
0.05979885,0.04500649,0.8951946
0.08269678,0.027794793,0.8895084
0.055036087,0.06835987,0.87660414
0.08434562,0.06711497,0.8485394
0.05620102,0.03276576,0.9110332
0.07649783,0.022002775,0.90149933
0.07869334,0.04585661,0.8754501
0.0811484,0.054480463,0.8643712
0.05335206,0.04822311,0.89842486
0.05376468,0.05402784,0.8922075
0.05769273,0.052095596,0.8902117
0.04031267,0.032265857,0.9274214
0.1803607,0.02073603,0.79890335
0.97389764,0.007040074,0.0190623
0.15596102,0.03708415,0.80695486
0.79935616,0.011335588,0.1893083
0.0462955,0.037803743,0.91590077
0.050475333,0.03940632,0.91011834
0.058763366,0.06325974,0.87797683
0.036592014,0.081182934,0.8822251
0.056767464,0.03728359,0.90594894
0.05917611,0.043633725,0.8971902
0.07033693,0.04212333,0.8875397
0.06114003,0.037777793,0.90108216
0.058250193,0.035886906,0.9058629
0.03602799,0.06514277,0.89882916
0.7743089,0.018227793,0.20746326
0.05079648,0.04661347,0.9025901
0.0690538,0.05789415,0.8730521
0.10073201,0.05047841,0.8487896
0.12535152,0.052651264,0.8219973
0.06320818,0.05351327,0.8832786
0.04062121,0.04472272,0.91465604
0.9716761,0.0076993187,0.020624576
0.054590255,0.034178395,0.91123134
0.054457344,0.0338629,0.91167974
0.05928395,0.050190948,0.89052504
0.059096254,0.041417312,0.89948636
0.058799546,0.045793135,0.8954073
0.14778906,0.032750543,0.8194604
0.39625117,0.022684837,0.5810639
0.98769474,0.008679802,0.0036253538
0.04862299,0.031685963,0.9196911
0.050943475,0.03942378,0.9096328
0.066015795,0.050271235,0.88371295
0.06098766,0.03312605,0.90588623
0.06490055,0.051340558,0.88375884
0.09861287,0.04721112,0.854176
0.052166674,0.04457697,0.9032563
0.05078643,0.053824812,0.8953887
0.058341276,0.085176684,0.85648197
0.04083786,0.04945266,0.90970945
0.055773374,0.044968605,0.899258
0.040674005,0.09222144,0.8671045
0.09395054,0.06375662,0.8422929
0.9819381,0.006873093,0.011188863
0.04890504,0.061071683,0.89002323
0.06716843,0.041991908,0.8908396
0.05384493,0.056099337,0.8900557
0.06015465,0.032261416,0.9075839
0.047644246,0.054252263,0.8981035
0.03482652,0.051949985,0.9132235
0.06959448,0.041882697,0.88852274
0.04700284,0.047743022,0.90525424
0.069426626,0.0545202,0.8760531
0.05284554,0.0472088,0.8999456
0.055935342,0.03600892,0.9080557
0.08375356,0.042021506,0.87422496
0.10491007,0.08230467,0.8127852
0.047033504,0.07327501,0.8796914
0.093573846,0.046777,0.8596492
0.060361393,0.035139788,0.9044988
0.043082472,0.038468316,0.9184492
0.0846773,0.06718179,0.8481409
0.0615131,0.03808262,0.90040433
0.10804624,0.5991128,0.29284093
0.047102302,0.032341313,0.9205563
0.050539643,0.03996063,0.9094997
0.1032005,0.05066564,0.8461339
0.06635114,0.045446824,0.888202
0.050737705,0.033519205,0.915743
0.12854642,0.05603451,0.8154191
0.040523075,0.047030546,0.9124464
0.0630577,0.029568981,0.90737337
0.051581748,0.030531349,0.9178869
0.04253762,0.03409659,0.92336583
0.98913866,0.005706244,0.0051551624
0.043771252,0.05003718,0.9061916
0.06486739,0.046200458,0.8889321
0.06679233,0.043889116,0.8893185
0.029954802,0.057094578,0.9129507
0.060912903,0.05094436,0.88814276
0.29491177,0.03397223,0.67111593
0.048643887,0.051705353,0.89965075
0.07061136,0.047475718,0.88191295
0.34984976,0.029513491,0.62063676
0.06966308,0.0461345,0.8842024
0.05805047,0.65277636,0.28917313
0.050537653,0.03910972,0.9103526
0.08442701,0.04117658,0.8743964
0.50915873,0.022240175,0.46860114
0.06270647,0.045921855,0.89137167
0.039565325,0.9049104,0.055524275
0.078561656,0.04873243,0.8727059
0.047488213,0.04679765,0.9057141
0.045323603,0.031795852,0.9228806
0.054916102,0.03732175,0.9077622
0.048600886,0.6464736,0.30492553
0.10453052,0.06985369,0.82561576
0.06707049,0.055467807,0.8774617
0.065681614,0.05893415,0.8753842
0.07023701,0.026665473,0.9030975
0.065752335,0.045857724,0.88838995
0.047537103,0.048027057,0.9044358
0.08137606,0.037102368,0.8815216
0.05028809,0.04914716,0.9005648
0.07768971,0.045271777,0.87703854
0.063980535,0.041511133,0.89450836
0.043407023,0.037528984,0.9190639
0.08877238,0.05571532,0.8555123
0.048101258,0.046507657,0.90539104
0.09393719,0.058526628,0.8475361
0.111638576,0.031016055,0.8573454
0.038902227,0.045348257,0.9157495
0.06628734,0.038968317,0.8947443
0.035385117,0.035837207,0.9287777
0.04722945,0.05462685,0.89814377
0.5723053,0.02679323,0.40090144
0.03809739,0.04517554,0.91672707
0.11659676,0.04571572,0.8376876
0.24901173,0.015519689,0.7354686
0.05545087,0.04699166,0.8975575
0.9882189,0.0072137024,0.0045674318
0.059267987,0.059529018,0.88120306
0.065200135,0.03868643,0.8961134
0.06701605,0.04416533,0.8888186
0.050776992,0.046097722,0.9031253
0.15649697,0.04060351,0.8028995
0.05113032,0.04212031,0.9067493
0.04723343,0.08895748,0.86380917
0.043012563,0.17420138,0.782786
0.07222282,0.030350491,0.89742666
0.051649135,0.03418804,0.91416276
0.06080815,0.04474963,0.89444226
0.052304674,0.032715447,0.9149799
0.090728395,0.025249785,0.88402176
0.085510164,0.06591601,0.8485738
0.21001099,0.03260178,0.7573873
0.037948888,0.06129708,0.90075403
0.8615616,0.009035211,0.12940326
0.116580606,0.022865888,0.86055356
0.09116884,0.03215207,0.87667906
0.060523998,0.033868104,0.9056079
0.054050747,0.032196477,0.9137528
0.055683304,0.07540721,0.8689094
0.05431468,0.043029435,0.9026559
0.08018938,0.04261946,0.8771912
0.057451498,0.050849527,0.89169896
0.052422613,0.1339312,0.81364614
0.4085093,0.052676786,0.5388138
0.046832103,0.042350616,0.91081727
0.055467945,0.041422043,0.90311
0.07706,0.05088383,0.8720561
0.06236547,0.048074786,0.8895596
0.048294444,0.043122083,0.9085835
0.07436309,0.04414481,0.881492
0.055240434,0.037414066,0.90734553
0.050231103,0.045380022,0.90438884
0.04485812,0.043076485,0.9120653
0.016680531,0.9789766,0.0043428857
0.083043955,0.045682434,0.8712736
0.05386071,0.049715813,0.89642346
0.055153627,0.043779492,0.90106696
0.0506889,0.03444888,0.91486216
0.061252452,0.036008462,0.90273905
0.04203838,0.03602763,0.92193395
0.06608818,0.043596383,0.8903154
0.04962955,0.03517544,0.91519505
0.0603635,0.044770814,0.8948657
0.05793357,0.040247146,0.9018192
0.05033547,0.043839112,0.9058255
0.056076773,0.03490397,0.9090192
0.058151323,0.03663978,0.9052089
0.053922452,0.03893382,0.90714365
0.068743914,0.048865892,0.88239014
0.021947268,0.9323107,0.045742035
0.06660701,0.036963932,0.8964291
0.06413176,0.038369693,0.8974986
0.049173865,0.036029108,0.914797
0.076051086,0.04074699,0.88320184
0.073188335,0.06136051,0.8654511
0.057483807,0.03538018,0.907136
0.061796457,0.028780144,0.9094234
0.06718074,0.08095633,0.85186285
0.11303344,0.06067996,0.82628655
0.052626617,0.0352629,0.91211045
0.051572394,0.033838525,0.91458905
0.054865595,0.04702078,0.89811367
0.05097332,0.03440617,0.9146206
0.05318994,0.06068552,0.88612455
0.066617206,0.047261745,0.886121
0.07992153,0.037022065,0.88305634
0.088102706,0.037809335,0.8740879
0.06460011,0.052289225,0.88311064
0.03258876,0.04882607,0.9185852
0.6908287,0.10288326,0.20628808
0.016333599,0.97991174,0.0037547036
0.085668795,0.057515312,0.8568159
0.056770384,0.03988449,0.9033451
0.07093062,0.049204234,0.87986517
0.059732985,0.049544573,0.8907224
0.042028308,0.09379182,0.8641798
0.98716056,0.0061096638,0.0067298403
0.071004964,0.049496897,0.8794981
0.06487517,0.039987948,0.8951368
0.06281741,0.049450617,0.88773197
0.11410183,0.030352306,0.8555458
0.058635995,0.047138363,0.8942257
0.072613984,0.047505293,0.8798807
0.07797771,0.071312204,0.8507101
0.06339818,0.04153696,0.8950649
0.04263522,0.058161736,0.89920306
0.02093814,0.95703304,0.022028863
0.5636511,0.01829634,0.4180526
0.06504876,0.044838488,0.89011276
0.066311195,0.045154117,0.88853467
0.97436404,0.009450266,0.01618571
0.052257266,0.057815284,0.8899274
0.032525897,0.03894742,0.92852676
0.042693418,0.07945084,0.87785566
0.041812558,0.07288339,0.88530403
0.0611837,0.053235244,0.88558114
0.039610904,0.04241338,0.9179757
0.059417166,0.033558637,0.9070242
0.095943935,0.050793972,0.85326207
0.05788529,0.061920177,0.88019454
0.100618936,0.03608762,0.8632934
0.10025947,0.04747498,0.8522656
0.06831164,0.052274153,0.8794142
0.15219854,0.061358802,0.78644264
0.06358374,0.04658705,0.8898292
0.045555446,0.043895893,0.9105487
0.012814298,0.9732487,0.0139369825
0.077033184,0.09881602,0.8241508
0.08989893,0.036723707,0.8733774
0.10513282,0.032048047,0.862819
0.063557364,0.047416683,0.889026
0.03798604,0.046179276,0.91583467
0.05269289,0.046888914,0.9004183
0.06874454,0.04713217,0.8841232
0.029600497,0.04051839,0.9298811
0.04253365,0.04092419,0.9165422
0.07194085,0.05164024,0.87641895
0.05114708,0.051497914,0.89735496
0.047759578,0.09318965,0.8590508
0.061084684,0.03247353,0.90644187
0.058178447,0.040161528,0.9016601
0.060473096,0.04609545,0.8934315
0.019009586,0.94963354,0.031356815
0.061735008,0.04862227,0.88964266
0.08605533,0.048627526,0.8653171
0.047176346,0.03710153,0.91572213
0.060912695,0.05354569,0.8855416
0.052815147,0.044236578,0.90294826
0.07764903,0.04234091,0.88001007
0.017512854,0.97502816,0.007458986
0.14865746,0.023108361,0.8282342
0.123757504,0.02937705,0.8468655
0.069096036,0.06749543,0.86340857
0.06276413,0.042426877,0.894809
0.0562953,0.039570034,0.90413463
0.054271277,0.036276247,0.9094525
0.09680207,0.056685135,0.84651285
0.053545654,0.042565428,0.90388894
0.051553383,0.037314266,0.9111324
0.055148397,0.06086513,0.8839865
0.029860783,0.034825664,0.93531364
0.0601711,0.0451983,0.8946307
0.043914087,0.051365837,0.9047202
0.050315775,0.046421014,0.9032632
0.04237833,0.043980505,0.91364115
0.03094408,0.84869945,0.120356485
0.045912754,0.04487109,0.9092161
0.031327825,0.051349092,0.9173231
0.03605401,0.089583784,0.8743622
0.053068064,0.040987805,0.90594417
0.077851094,0.05437536,0.86777353
0.05891058,0.036955405,0.90413404
0.052288234,0.04411719,0.9035946
0.06595686,0.044628646,0.8894145
0.044404283,0.0322498,0.9233459
0.04236907,0.037923798,0.9197072
0.05448632,0.046174254,0.8993395
0.07043825,0.0416112,0.8879506
0.045137174,0.04248535,0.9123774
0.05263742,0.04260627,0.9047563
0.072812825,0.04446614,0.88272107
0.057495408,0.0382815,0.9042231
0.04590132,0.03842697,0.91567177
0.06399089,0.041355994,0.89465314
0.053627864,0.033103764,0.9132683
0.046325617,0.030440478,0.92323387
0.064939715,0.042526163,0.89253414
0.050403666,0.042986415,0.90660995
0.10605499,0.032962766,0.8609823
0.05948303,0.039993558,0.9005234
0.04904377,0.039024808,0.9119314
0.040325772,0.023304602,0.93636966
0.083496734,0.031018168,0.8854851
0.16191788,0.25669914,0.58138293
0.13391557,0.22188371,0.64420074
0.13872434,0.24499673,0.61627895
0.07673241,0.05491857,0.86834896
0.34187248,0.020671869,0.63745564
0.9710703,0.006555812,0.022373809
0.071483314,0.04222856,0.8862881
0.055670843,0.048038155,0.896291
0.08504152,0.04721732,0.8677412
0.10789127,0.06797975,0.824129
0.060375452,0.048941303,0.89068323
0.09080658,0.03727605,0.87191737
0.057158977,0.056548253,0.8862928
0.06335812,0.09263675,0.8440051
0.07860691,0.03378366,0.8876095
0.018400475,0.9722973,0.009302169
0.054166008,0.0394742,0.9063598
0.06541764,0.03635711,0.8982253
0.039318945,0.27252808,0.68815297
0.04676518,0.042830404,0.9104044
0.06072972,0.04073221,0.8985381
0.070181295,0.040776793,0.8890419
0.026193928,0.06741315,0.906393
0.051198058,0.035515845,0.91328615
0.084669925,0.0426892,0.8726409
0.04454461,0.7245521,0.23090328
0.077109315,0.0339342,0.88895655
0.06448203,0.043630723,0.89188725
0.06515909,0.044088844,0.8907521
0.08954015,0.05196122,0.8584987
0.9551301,0.010652066,0.034217805
0.054286245,0.4630456,0.4826682
0.07018968,0.031498242,0.89831215
0.050565038,0.03368358,0.91575134
0.050024822,0.03957289,0.9104022
0.059835076,0.03916423,0.9010007
0.03256569,0.02956466,0.9378696
0.06620661,0.026730308,0.9070631
0.15369149,0.020415014,0.8258935
0.2845056,0.023605863,0.6918885
0.048056345,0.060986675,0.89095694
0.2884888,0.022497106,0.6890141
0.060041785,0.04375625,0.89620197
0.0381089,0.038146134,0.92374504
0.07586828,0.054167695,0.869964
0.036495004,0.06801539,0.8954897
0.04877448,0.044301383,0.9069242
0.018302767,0.97471964,0.0069775423
0.06100838,0.0416041,0.8973875
0.058009386,0.06163018,0.88036036
0.06449507,0.031157337,0.9043476
0.98163027,0.0069859587,0.011383711
0.058677327,0.038126174,0.90319645
0.052878216,0.04573994,0.9013818
0.12528537,0.038683888,0.8360308
0.04047638,0.04008303,0.9194407
0.04356405,0.041225478,0.9152105
0.069848366,0.039257985,0.8908937
0.06819318,0.0370398,0.894767
0.07353291,0.044971716,0.88149536
0.05534011,0.034344684,0.9103153
0.92269206,0.0101903,0.06711758
0.08266937,0.040191587,0.87713903
0.079196796,0.028059809,0.8927434
0.03705033,0.06617848,0.89677113
0.05864295,0.053551674,0.88780534
0.042372856,0.044995688,0.9126316
0.06395478,0.06983022,0.8662151
0.039931554,0.04945356,0.9106148
0.017413491,0.96760446,0.014982076
0.5262529,0.02008869,0.45365837
0.97907984,0.007697612,0.013222576
0.07250465,0.048939466,0.8785559
0.063127734,0.05428681,0.8825854
0.12782465,0.04261255,0.8295627
0.047567945,0.04031129,0.9121207
0.03838471,0.037974577,0.9236408
0.04747895,0.03854361,0.9139775
0.059180517,0.0647753,0.8760442
0.11661426,0.03662718,0.84675854
0.06553772,0.023980832,0.91048145
0.2228768,0.028094511,0.74902874
0.06555435,0.050458983,0.8839867
0.10823859,0.084131815,0.8076296
0.053904224,0.041028198,0.90506756
0.053036418,0.049920514,0.897043
0.032107122,0.9392244,0.028668435
0.05934891,0.05738267,0.88326836
0.071630254,0.035476863,0.89289296
0.07840242,0.04382971,0.87776786
0.04365653,0.057807274,0.8985362
0.04439911,0.039547276,0.9160536
0.084108904,0.05975875,0.8561323
0.040088322,0.059015717,0.90089595
0.03980454,0.036831163,0.92336434
0.07467884,0.03640445,0.8889167
0.06959771,0.038360506,0.89204174
0.063109346,0.030103292,0.90678734
0.057747927,0.10762426,0.8346278
0.05381933,0.06131373,0.88486695
0.06491764,0.037170008,0.8979124
0.07099366,0.050935462,0.8780709
0.031996395,0.033844475,0.93415916
0.1307502,0.046506736,0.8227431
0.049539786,0.044472273,0.905988
0.041615635,0.038563415,0.91982096
0.033704706,0.060645152,0.90565014
0.0739586,0.05105482,0.87498665
0.049875215,0.06087015,0.88925457
0.05676841,0.039035376,0.9041962
0.052431103,0.037070453,0.91049844
0.05486073,0.051915742,0.8932235
0.8534515,0.0118339015,0.13471459
0.06256357,0.046357285,0.8910791
0.063492745,0.036159415,0.9003478
0.038925067,0.03940314,0.9216718
0.07035621,0.04661629,0.88302743
0.050034225,0.03894767,0.9110181
0.07999772,0.04083889,0.8791633
0.08506994,0.032367837,0.8825622
0.027395383,0.0429729,0.9296317
0.07696152,0.026422443,0.89661604
0.062208965,0.043940783,0.8938502
0.0643817,0.04424885,0.8913695
0.2094031,0.048606183,0.74199075
0.05527432,0.04344891,0.90127677
0.06314481,0.044060662,0.8927945
0.04641529,0.06356621,0.89001846
0.08829662,0.025365435,0.88633794
0.057930436,0.040739253,0.9013303
0.48354024,0.03173759,0.4847222
0.078823924,0.035667785,0.8855083
0.05675393,0.08738866,0.85585743
0.06076599,0.049765565,0.88946843
0.18743494,0.028236335,0.78432876
0.113883875,0.030273994,0.8558422
0.039035305,0.65317774,0.30778697
0.14517312,0.026622588,0.8282044
0.11580633,0.028598653,0.85559505
0.05940545,0.03374919,0.9068454
0.051894166,0.042520557,0.9055852
0.047016848,0.047016848,0.9059663
0.055875514,0.04979387,0.89433056
0.045649398,0.055631205,0.8987194
0.048923247,0.04404766,0.9070291
0.06568623,0.048980992,0.8853328
0.05769057,0.045149375,0.89716005
0.040884532,0.043014318,0.91610116
0.054816008,0.03774811,0.90743583
0.04245388,0.039590694,0.9179554
0.043025274,0.043766886,0.91320777
0.053764734,0.17597602,0.7702592
0.08041851,0.044596028,0.87498546
0.048748247,0.056687176,0.8945646
0.073509365,0.04139641,0.8850942
0.051035047,0.19386624,0.75509876
0.040548425,0.03792469,0.9215269
0.044353064,0.046777602,0.9088694
0.9025618,0.010344834,0.08709333
0.043512404,0.03158662,0.924901
0.06183714,0.031245861,0.90691704
0.07300794,0.03431015,0.89268196
0.03686572,0.04699108,0.9161432
0.04538447,0.050138004,0.9044775
0.057725407,0.072192065,0.8700825
0.05327474,0.04784853,0.8988767
0.43422747,0.018196063,0.5475765
0.07178814,0.043776207,0.88443565
0.052784685,0.03726582,0.9099494
0.057795774,0.037242945,0.90496135
0.062161934,0.040291842,0.89754623
0.03508339,0.6335142,0.3314024
0.062449776,0.041115858,0.89643437
0.074335724,0.06238337,0.86328083
0.053151168,0.04918081,0.897668
0.038142208,0.83485585,0.12700194
0.9864203,0.0061649946,0.0074146483
0.045527104,0.035560574,0.9189123
0.06973499,0.038643178,0.8916218
0.042018194,0.056957304,0.90102446
0.05251877,0.056152165,0.89132905
0.08707941,0.031514984,0.88140553
0.043421373,0.6838836,0.27269506
0.033012297,0.04909969,0.91788805
0.053813074,0.04529303,0.9008939
0.073930345,0.031549595,0.8945201
0.06424221,0.040655773,0.895102
0.0637715,0.08172446,0.8545041
0.08335367,0.10547186,0.8111745
0.053713012,0.036468476,0.9098185
0.050457694,0.059949253,0.88959306
0.061510187,0.059414297,0.8790755
0.060698744,0.03506119,0.9042401
0.049066767,0.053157542,0.8977756
0.04178444,0.04809359,0.910122
0.08126507,0.05142872,0.8673062
0.26417556,0.019821558,0.7160029
0.05283899,0.043805063,0.9033559
0.05693577,0.09239332,0.85067093
0.034932774,0.07897247,0.8860947
0.05679322,0.03507482,0.9081319
0.04107881,0.590818,0.3681032
0.053036597,0.04596663,0.9009968
0.05142324,0.035741795,0.91283494
0.077073805,0.029375587,0.8935506
0.07811544,0.054135416,0.8677491
0.038313232,0.030263897,0.9314228
0.81351185,0.014755189,0.17173295
0.062145557,0.035271425,0.902583
0.055658806,0.03900819,0.905333
0.059606947,0.04676319,0.89362985
0.122142635,0.043978687,0.8338787
0.33832702,0.04227428,0.6193987
0.028001769,0.06264247,0.90935576
0.05671115,0.052270275,0.8910186
0.91491944,0.010527515,0.0745531
0.027940605,0.8941748,0.07788454
0.07308559,0.038720813,0.88819367
0.060705956,0.034504868,0.90478915
0.059637804,0.03351918,0.906843
0.02570822,0.069813974,0.9044778
0.09885009,0.6383194,0.2628306
0.27347055,0.03363243,0.692897
0.096213244,0.03529133,0.8684954
0.058190353,0.12187274,0.81993693
0.04473907,0.044282667,0.9109783
0.16360018,0.036886,0.7995138
0.022712518,0.9535777,0.023709718
0.09483833,0.045726657,0.85943496
0.046995167,0.047456354,0.90554845
0.05085925,0.035229173,0.9139116
0.062356535,0.041235283,0.89640814
0.06712963,0.042545363,0.89032495
0.11836512,0.13936608,0.74226886
0.12340851,0.019129705,0.8574618
0.062469732,0.042559076,0.8949712
0.0743602,0.03770232,0.8879375
0.19994111,0.025706744,0.77435213
0.039911285,0.04279766,0.91729105
0.04631425,0.043211807,0.91047394
0.05944769,0.17934828,0.76120406
0.10448803,0.031680875,0.86383104
0.030181391,0.3747535,0.5950651
0.08210129,0.0416679,0.87623084
0.069709,0.045073494,0.8852175
0.05851381,0.04519389,0.8962923
0.1176985,0.06591014,0.81639135
0.052769512,0.04020378,0.90702677
0.05035489,0.035916798,0.9137283
0.05617083,0.052203804,0.8916253
0.035565928,0.06667339,0.89776075
0.031107506,0.026349086,0.9425434
0.07616407,0.03129585,0.8925401
0.043931644,0.050986487,0.9050819
0.13920093,0.03900308,0.82179594
0.063180506,0.042210776,0.8946087
0.09059393,0.035912815,0.8734933
0.64441633,0.0151700275,0.3404136
0.065295376,0.046437204,0.8882674
0.034652878,0.04775967,0.9175875
0.05981841,0.045131266,0.89505035
0.047646303,0.036944266,0.91540945
0.07456213,0.0428802,0.88255775
0.044160504,0.037114315,0.9187252
0.088517345,0.025528368,0.8859542
0.081445284,0.026319046,0.8922357
0.08287922,0.02412512,0.8929956
0.41576016,0.023953266,0.5602866
0.06699002,0.6130281,0.31998187
0.043252118,0.059553225,0.8971946
0.039259274,0.8167589,0.14398184
0.08315483,0.046748236,0.8700969
0.04570677,0.039827242,0.9144659
0.051534515,0.037666656,0.9107989
0.05482812,0.034428034,0.9107439
0.06388302,0.04862338,0.8874936
0.042249292,0.112459324,0.8452914
0.079281725,0.06293174,0.8577866
0.069792904,0.046085265,0.88412184
0.06168765,0.1430085,0.79530394
0.034457147,0.042383015,0.9231598
0.06208686,0.038381565,0.8995316
0.05802027,0.041892584,0.9000872
0.05002322,0.034700867,0.91527593
0.07928373,0.044279132,0.8764372
0.03203169,0.6592743,0.30869403
0.05071701,0.040593386,0.9086896
0.08123815,0.06643427,0.8523276
0.1565772,0.027747804,0.8156751
0.24005444,0.027890269,0.73205525
0.09180749,0.022998216,0.88519436
0.061076492,0.03083139,0.9080921
0.07066886,0.03977737,0.8895537
0.039425068,0.07198463,0.8885902
0.055649444,0.049278606,0.8950719
0.9453832,0.00977008,0.044846725
0.061374642,0.04112459,0.8975008
0.04644715,0.03599688,0.9175559
0.067715615,0.04811144,0.884173
0.057595268,0.043221194,0.89918363
0.061336126,0.049140785,0.889523
0.047779683,0.03290266,0.91931766
0.059741937,0.04372948,0.89652866
0.02518613,0.09043341,0.8843804
0.044327915,0.049090493,0.9065815
0.062013254,0.06332906,0.87465763
0.07086879,0.05131978,0.8778114
0.071828775,0.042370528,0.8858008
0.06801002,0.044406485,0.88758355
0.09564703,0.029724259,0.87462866
0.09394328,0.028351873,0.87770486
0.03313649,0.122218564,0.8446449
0.116750464,0.037982065,0.8452674
0.060719166,0.060423408,0.87885743
0.050586868,0.044381943,0.90503114
0.052006155,0.04001103,0.9079828
0.053549882,0.04381298,0.9026372
0.94190246,0.010301368,0.04779613
0.05092783,0.045031518,0.9040407
0.057707153,0.041362446,0.9009304
0.07150638,0.044944625,0.88354903
0.08289924,0.06166568,0.85543513
0.056779854,0.033971082,0.90924907
0.08607336,0.05642073,0.8575059
0.36135817,0.023950817,0.61469096
0.076087624,0.051433213,0.87247914
0.19472733,0.025461726,0.77981085
0.9881126,0.008898082,0.0029892288
0.12324989,0.026042767,0.85070735
0.05865446,0.042020917,0.89932466
0.059364796,0.04540558,0.89522964
0.035202354,0.053363584,0.911434
0.052639786,0.041236825,0.90612334
0.054137368,0.11943646,0.8264262
0.057724908,0.03665637,0.9056188
0.055621866,0.035217572,0.90916055
0.040385745,0.045362595,0.9142516
0.9854585,0.007061309,0.007480111
0.059655316,0.4857778,0.4545669
0.05575392,0.043104336,0.90114176
0.07091114,0.23426794,0.69482094
0.04953651,0.035644982,0.91481847
0.9811292,0.007120108,0.011750544
0.066264786,0.0423473,0.8913879
0.056368884,0.039198406,0.9044327
0.07146033,0.044696897,0.88384277
0.061315864,0.14971581,0.7889683
0.1196532,0.060666908,0.81968
0.045448583,0.043473348,0.91107804
0.075372234,0.056121398,0.8685064
0.0576591,0.05090883,0.8914321
0.06434972,0.05596263,0.8796876
0.041691113,0.30805796,0.6502509
0.05129317,0.046589077,0.9021177
0.050826173,0.046937715,0.9022361
0.044920832,0.044855077,0.910224
0.29162064,0.03000992,0.67836946
0.04041085,0.057632044,0.9019571
0.044778883,0.044322073,0.910899
0.15950373,0.027547251,0.812949
0.9575455,0.010975037,0.031479426
0.051202208,0.051352438,0.8974453
0.051127125,0.045274016,0.90359885
0.1424739,0.048580933,0.8089452
0.049635515,0.07141273,0.8789518
0.050309133,0.03321985,0.91647094
0.047373187,0.038009707,0.9146172
0.7386523,0.015255566,0.24609217
0.2338175,0.022204451,0.7439781
0.04066145,0.050901372,0.9084372
0.08512157,0.06353558,0.85134286
0.06779439,0.06285283,0.8693528
0.050209533,0.041808497,0.90798193
0.19222142,0.0470872,0.7606914
0.029687822,0.04675113,0.92356104
0.048829865,0.037880477,0.9132896
0.11352534,0.09999026,0.7864844
0.07637243,0.57545036,0.34817722
0.04830034,0.03453556,0.917164
0.06287922,0.028774155,0.9083466
0.046827927,0.057430834,0.8957413
0.114055976,0.05014466,0.83579934
0.27686223,0.018557673,0.70458007
0.05887282,0.05418324,0.886944
0.07109353,0.047451086,0.88145536
0.9858349,0.0072174137,0.0069477004
0.13875775,0.09464767,0.7665946
0.069004625,0.04179215,0.8892032
0.056995474,0.039172377,0.90383214
0.052207526,0.037183724,0.91060877
0.044672385,0.05454699,0.9007806
0.05440247,0.04808039,0.89751714
0.050162543,0.060685102,0.88915235
0.06823129,0.044769023,0.88699967
0.07020334,0.0757968,0.8539999
0.0774932,0.042545784,0.8799611
0.058101896,0.03790004,0.903998
0.073624924,0.038589787,0.8877852
0.15687,0.02768582,0.8154441
0.09375429,0.029450724,0.876795
0.07292721,0.0575214,0.86955136
0.03205509,0.043878343,0.9240666
0.11872047,0.09011954,0.79116005
0.028657386,0.8708534,0.10048916
0.93846405,0.00807187,0.053464085
0.055056185,0.05724937,0.8876945
0.06132199,0.030046899,0.90863115
0.041447535,0.047799088,0.91075337
0.022983072,0.07583848,0.9011785
0.054873135,0.057788026,0.8873389
0.08007416,0.05144794,0.868478
0.058564402,0.051783938,0.8896517
0.056845576,0.04696584,0.8961886
0.0531629,0.040602498,0.9062346
0.065146126,0.043843955,0.8910099
0.045534953,0.03808305,0.9163821
0.13729706,0.027641067,0.83506185
0.049458362,0.035380833,0.9151609
0.036120772,0.057439677,0.9064396
0.047854852,0.027777523,0.92436767
0.06053857,0.05634556,0.88311595
0.22048482,0.017240217,0.762275
0.283671,0.021398963,0.6949301
0.040639427,0.040264145,0.91909647
0.05073297,0.058307815,0.8909592
0.10178908,0.040095422,0.85811555
0.054429714,0.03790541,0.9076648
0.6233197,0.019610697,0.35706958
0.07611108,0.03999039,0.8838985
0.054412913,0.041740198,0.9038469
0.08067992,0.023302168,0.89601797
0.08916481,0.06155192,0.8492832
0.041025452,0.04195735,0.91701716
0.05586463,0.04997902,0.89415634
0.045346517,0.063203804,0.89144963
0.30983672,0.025858698,0.66430455
0.044730287,0.16008024,0.79518956
0.042458937,0.6654679,0.2920731
0.03678609,0.031929113,0.9312848
0.043900173,0.19449039,0.76160944
0.07808433,0.062102456,0.8598133
0.4771354,0.020628776,0.50223583
0.14766707,0.023113271,0.82921964
0.057875227,0.051274613,0.8908501
0.05684035,0.035604537,0.9075551
0.14224957,0.038360804,0.8193896
0.07000074,0.04281149,0.88718766
0.06675713,0.04352462,0.88971823
0.050852343,0.04996627,0.89918137
0.059759166,0.04564031,0.8946005
0.018969942,0.97059983,0.010430259
0.049474735,0.042629067,0.9078962
0.048051637,0.053214286,0.89873403
0.43609232,0.02171176,0.5421959
0.071977966,0.03516501,0.892857
0.058676515,0.061642773,0.8796808
0.04521168,0.2128939,0.7418944
0.08063501,0.029512268,0.88985276
0.1139611,0.022846583,0.8631923
0.034558814,0.060121875,0.9053193
0.06616794,0.046350826,0.8874813
0.075105965,0.06828466,0.8566094
0.07868815,0.0603323,0.86097956
0.049211282,0.13214713,0.8186416
0.048518706,0.32412177,0.62735945
0.05596287,0.02796184,0.91607535
0.05826704,0.044413883,0.8973191
0.04756964,0.05002324,0.9024071
0.057081513,0.04564287,0.89727557
0.07921271,0.254301,0.6664863
0.068692766,0.07251861,0.85878867
0.09197165,0.073757105,0.83427125
0.09648158,0.035148658,0.8683698
0.05844048,0.03936942,0.90219015
0.06260559,0.025907444,0.91148686
0.035838284,0.032631125,0.93153065
0.072923996,0.043438725,0.88363725
0.051572457,0.026664145,0.92176336
0.10725198,0.0441884,0.8485597
0.10725198,0.0441884,0.8485597
0.058868233,0.043364346,0.8977674
0.068480894,0.021941312,0.90957785
0.019478917,0.05109508,0.9294259
0.0504612,0.033434343,0.91610456
0.04291921,0.033133026,0.9239477
0.071536414,0.058672108,0.86979145
0.06940766,0.053922925,0.87666935
0.11901707,0.0319393,0.8490437
0.060272716,0.036557253,0.90317005
0.0689144,0.044777814,0.8863078
0.050963603,0.03145915,0.91757715
0.045241978,0.031738587,0.9230195
0.05064172,0.038021605,0.91133666
0.027220469,0.06783342,0.90494615
0.059999928,0.038719952,0.90128005
0.06977236,0.032447167,0.89778054
0.05654315,0.033566203,0.9098906
0.05147509,0.033430118,0.9150948
0.06790365,0.041997965,0.89009845
0.048092656,0.031524535,0.9203828
0.08710771,0.04888686,0.86400545
0.079935946,0.036848377,0.8832156
0.062215522,0.030648898,0.90713567
0.06563038,0.038488027,0.89588153
0.05126006,0.046764065,0.9019758
0.08419098,0.033578914,0.88223016
0.084559985,0.03494992,0.8804901
0.07048841,0.0387567,0.8907548
0.07125744,0.051702105,0.8770405
0.041974433,0.03434227,0.9236833
0.98075104,0.013065292,0.0061836727
0.061925255,0.046561405,0.8915133
0.066546515,0.044808295,0.8886452
0.67661047,0.018119317,0.3052702
0.039761044,0.042824328,0.9174146
0.07930048,0.040001538,0.880698
0.16251884,0.030276567,0.8072046
0.0656138,0.043093655,0.8912925
0.044028584,0.039990727,0.9159807
0.04980024,0.031408615,0.9187911
0.06781407,0.059177365,0.8730086
0.090946816,0.045330763,0.86372244
0.040990613,0.06617793,0.8928314
0.069697864,0.046089977,0.8842122
0.09926198,0.03186576,0.8688723
0.98377985,0.010266664,0.0059535056
0.08533624,0.043702696,0.870961
0.0813601,0.04051286,0.87812704
0.09712881,0.04285931,0.86001194
0.07171819,0.05585419,0.87242764
0.21028201,0.022413872,0.76730406
0.058902856,0.37593085,0.5651663
0.098754734,0.034700043,0.86654526
0.041016698,0.07685411,0.88212925
0.07357992,0.04047627,0.8859438
0.054314125,0.039063733,0.9066221
0.046661217,0.0396202,0.91371864
0.0895412,0.047115833,0.86334306
0.065078214,0.04657748,0.8883442
0.98594695,0.011267505,0.002785596
0.07594767,0.04848789,0.87556446
0.05772712,0.05586915,0.8864037
0.031206205,0.065677576,0.9031163
0.04939832,0.044107735,0.90649396
0.04864133,0.050876215,0.9004824
0.0648866,0.23204541,0.703068
0.26441517,0.06995195,0.6656329
0.066640414,0.049522955,0.88383657
0.046482682,0.31372085,0.63979644
0.039364427,0.059440274,0.9011953
0.09619546,0.039488174,0.8643163
0.052787695,0.04031594,0.90689635
0.058129616,0.05450117,0.8873693
0.47944054,0.021533124,0.49902636
0.0666365,0.042212214,0.8911513
0.061353978,0.038375594,0.9002704
0.17944899,0.041107766,0.77944326
0.09860609,0.038473547,0.8629204
0.36542857,0.027059648,0.6075118
0.058949754,0.04947129,0.891579
0.14827253,0.031347036,0.8203804
0.06930792,0.044097845,0.88659424
0.82998437,0.012977327,0.15703832
0.07576676,0.031785406,0.89244795
0.14268841,0.09138732,0.7659243
0.08414317,0.033266176,0.8825907
0.04530628,0.033965986,0.92072767
0.02575217,0.9476522,0.026595589
0.055105105,0.38644755,0.5584473
0.08805906,0.06247372,0.84946716
0.09997276,0.043324403,0.85670286
0.16569518,0.024478527,0.80982625
0.04008406,0.045376856,0.9145391
0.090323046,0.045572776,0.8641042
0.04803819,0.049081426,0.9028804
0.088573135,0.05134988,0.860077
0.06659458,0.039765444,0.8936399
0.045793433,0.032172542,0.92203397
0.06294115,0.051046025,0.8860129
0.048608128,0.036906958,0.914485
0.054532733,0.124309644,0.82115763
0.055411436,0.061574932,0.88301367
0.06454258,0.04881454,0.8866429
0.043613117,0.04949259,0.9068944
0.05386642,0.039932515,0.90620106
0.527932,0.033112954,0.43895507
0.055478796,0.052193906,0.89232725
0.047253165,0.041782297,0.91096455
0.047319163,0.05502536,0.89765555
0.050962653,0.04216709,0.90687025
0.05470384,0.04015921,0.90513694
0.053425215,0.027380355,0.91919446
0.04344704,0.059704885,0.896848
0.030425888,0.069918126,0.89965606
0.054334883,0.045754563,0.89991057
0.13688561,0.027419949,0.83569443
0.051436074,0.033716135,0.9148478
0.047992185,0.051312417,0.90069544
0.051515024,0.037141133,0.9113439
0.12270964,0.0345148,0.8427756
0.059861347,0.03653894,0.9035996
0.06362308,0.052925978,0.88345087
0.057381306,0.042829975,0.89978874
0.046555687,0.041346878,0.9120975
0.06849269,0.031053497,0.9004538
0.073366925,0.029999662,0.8966334
0.0553877,0.038837142,0.9057752
0.04789282,0.046669304,0.90543795
0.04255519,0.031439573,0.9260052
0.059279073,0.046347283,0.8943736
0.048275743,0.036816023,0.91490823
0.05007504,0.039942797,0.9099822
0.04201088,0.033955067,0.9240341
0.06348468,0.05239987,0.8841155
0.025863402,0.042620726,0.9315159
0.05188971,0.053589173,0.89452106
0.053840347,0.062242787,0.88391685
0.055154946,0.03801862,0.90682644
0.049199983,0.05802839,0.8927716
0.090087295,0.029347204,0.8805655
0.05958594,0.04535273,0.8950613
0.09580482,0.03153913,0.87265605
0.09077503,0.039948195,0.8692768
0.051271778,0.03635714,0.9123711
0.062496822,0.045634437,0.89186865
0.06418034,0.049837474,0.8859822
0.05188882,0.04350317,0.9046081
0.05091126,0.051060636,0.8980281
0.049708627,0.05312166,0.89716965
0.048356835,0.05072704,0.90091616
0.04453566,0.03434734,0.921117
0.050837923,0.06891279,0.88024926
0.05472184,0.059953637,0.8853246
0.03870014,0.06399295,0.89730686
0.06039304,0.049099196,0.89050776
0.046028536,0.05703226,0.8969392
0.02670009,0.92481047,0.04848947
0.059966482,0.052354798,0.8876788
0.04039929,0.41001552,0.5495852
0.12096986,0.09309109,0.7859391
0.07416368,0.03417083,0.8916655
0.050362747,0.033532444,0.91610473
0.056739923,0.034650564,0.90860957
0.079129644,0.052943856,0.86792654
0.035141718,0.47712922,0.48772904
0.061913952,0.047170695,0.8909154
0.047021218,0.040713347,0.9122654
0.09509228,0.04043207,0.8644757
0.098479055,0.04474706,0.8567739
0.042839944,0.03851415,0.91864586
0.04561071,0.040507626,0.9138817
0.061380796,0.040590048,0.89802915
0.061279364,0.04261311,0.89610755
0.046090312,0.042068288,0.9118414
0.067666724,0.045340646,0.88699263
0.055023298,0.04910629,0.8958704
0.04184692,0.03457394,0.92357916
0.070580296,0.05432759,0.8750921
0.0642041,0.04471239,0.8910835
0.04512444,0.0634495,0.891426
0.07544259,0.03070563,0.8938517
0.90778077,0.01176701,0.0804522
0.058157615,0.036093257,0.9057491
0.05468407,0.033854783,0.9114611
0.07429606,0.048439883,0.877264
0.06332183,0.034799304,0.9018789
0.045092944,0.040302806,0.9146042
0.052101973,0.03423611,0.91366196
0.07906254,0.06468669,0.8562508
0.08672768,0.0349984,0.87827396
0.06706128,0.03303604,0.89990264
0.060937073,0.03260134,0.9064616
0.055926744,0.039696746,0.90437657
0.08106344,0.10818107,0.8107555
0.06138323,0.040552028,0.89806473
0.071031675,0.017212665,0.9117557
0.13167998,0.035467155,0.83285284
0.16646811,0.028964924,0.80456704
0.9839708,0.0060958723,0.009933304
0.07938225,0.048218343,0.8723994
0.07097278,0.06651018,0.86251706
0.047941457,0.043929156,0.9081294
0.06345923,0.03446851,0.90207225
0.064028434,0.035532936,0.90043855
0.07934001,0.045739453,0.87492055
0.27111775,0.027028423,0.70185375
0.2532929,0.017705971,0.7290012
0.013519274,0.9788152,0.0076655294
0.036804903,0.05745164,0.9057434
0.07559255,0.050380092,0.8740274
0.054145884,0.035840705,0.9100134
0.071557045,0.02197336,0.9064696
0.05285717,0.029693648,0.91744924
0.06316582,0.17998663,0.7568475
0.069239,0.04418324,0.88657784
0.031764448,0.04175358,0.9264819
0.06571696,0.035904583,0.8983785
0.072934575,0.03506281,0.89200264
0.13241583,0.043262873,0.8243213
0.20711519,0.027293911,0.76559097
0.07744171,0.037366167,0.8851921
0.035058897,0.45376357,0.51117754
0.092683464,0.03905349,0.86826307
0.04773374,0.03293529,0.919331
0.12650661,0.032758392,0.84073496
0.05760756,0.062562965,0.87982947
0.05671587,0.04782956,0.8954545
0.25261736,0.045613598,0.70176905
0.07342566,0.04464377,0.8819305
0.053642537,0.032393176,0.91396433
0.06231785,0.04836759,0.88931453
0.050955985,0.047149602,0.9018944
0.04579383,0.0705125,0.8836936
0.46904013,0.018329298,0.5126306
0.9898145,0.0060606343,0.004124929
0.058438312,0.045113545,0.8964481
0.04301971,0.038076147,0.9189041
0.14823973,0.026029676,0.8257305
0.019646475,0.9766692,0.003684261
0.044920947,0.04751553,0.90756357
0.05026541,0.041186,0.90854865
0.044357777,0.045788195,0.909854
0.052029803,0.04840248,0.89956766
0.06729693,0.2355498,0.6971533
0.061608423,0.04448335,0.8939083
0.23494236,0.03178047,0.7332772
0.051220417,0.043089814,0.9056897
0.04538429,0.030499345,0.9241164
0.04020605,0.06328388,0.89651006
0.044740953,0.6453769,0.3098821
0.051214926,0.045841563,0.90294343
0.0740088,0.038790986,0.88720024
0.058445647,0.04148466,0.90006965
0.059501033,0.033524055,0.9069749
0.060557432,0.041701842,0.89774066
0.0786079,0.038526155,0.8828659
0.07065457,0.044735685,0.8846097
0.98879224,0.006501742,0.0047059515
0.049231037,0.05699757,0.8937714
0.044235103,0.039075483,0.9166894
0.05067556,0.04535879,0.90396565
0.061386745,0.045307975,0.89330524
0.05923091,0.0431864,0.8975827
0.06562894,0.05196749,0.8824036
0.070487306,0.05898068,0.870532
0.047221974,0.037064955,0.91571313
0.05109528,0.04586866,0.90303606
0.03696042,0.08745949,0.8755801
0.046207745,0.04452443,0.9092678
0.080057204,0.048675843,0.87126696
0.067984305,0.049520288,0.88249534
0.055605832,0.04476789,0.8996263
0.059600387,0.0341255,0.9062741
0.041101176,0.0468932,0.91200554
0.09130101,0.053804297,0.8548947
0.06948603,0.024994723,0.90551925
0.054388445,0.03552975,0.9100818
0.062001552,0.03662724,0.90137124
0.061118413,0.04206761,0.8968139
0.044019356,0.03750496,0.9184756
0.045501854,0.036543913,0.9179542
0.05217671,0.042626992,0.9051963
0.068820186,0.057249278,0.8739306
0.057496645,0.04266533,0.89983803
0.0493337,0.034239262,0.916427
0.05179594,0.034570992,0.9136331
0.06419286,0.044879533,0.8909276
0.07253315,0.055830766,0.87163603
0.05058256,0.04843147,0.90098596
0.06305083,0.037174422,0.8997747
0.07395965,0.037261955,0.8887783
0.067413524,0.035873048,0.8967133
0.026562124,0.90400064,0.06943727
0.051984113,0.048359975,0.89965594
0.19256224,0.041784536,0.76565325
0.05654229,0.039338194,0.9041195
0.050222393,0.03934309,0.91043454
0.04970986,0.041635666,0.9086546
0.104062304,0.043570675,0.852367
0.06320481,0.040967815,0.89582735
0.04930581,0.037018612,0.91367555
0.04173087,0.0336465,0.9246226
0.06610743,0.04462145,0.8892711
0.07848114,0.0594435,0.8620754
0.047526672,0.042478003,0.9099953
0.047793,0.037112337,0.9150947
0.058953848,0.051145013,0.8899011
0.08078013,0.07500182,0.844218
0.04425329,0.044928234,0.9108186
0.067371875,0.047773816,0.8848543
0.032391407,0.066984124,0.9006246
0.08097044,0.05655408,0.8624756
0.10259899,0.048772942,0.8486281
0.78563815,0.018657757,0.19570409
0.05855117,0.037108514,0.9043404
0.04453956,0.03110881,0.9243517
0.9460484,0.008477792,0.04547385
0.072071016,0.031732436,0.8961966
0.064827524,0.027050536,0.908122
0.03597786,0.114211865,0.84981024
0.045016877,0.04013671,0.91484636
0.093349434,0.030224849,0.8764256
0.056512367,0.04556443,0.8979231
0.08822236,0.08369056,0.82808703
0.05291239,0.048200812,0.89888674
0.06014743,0.036356784,0.9034957
0.056513976,0.03893639,0.90454966
0.9880413,0.007960051,0.003998658
0.05772354,0.03490868,0.90736777
0.042612743,0.036896262,0.9204909
0.06824712,0.03976934,0.89198357
0.046519645,0.047855925,0.90562445
0.91830313,0.012474662,0.06922226
0.07555887,0.049095128,0.875346
0.07940699,0.038927298,0.88166565
0.15224697,0.033984177,0.8137688
0.9870204,0.006296558,0.0066830437
0.29411447,0.025711987,0.6801735
0.07854209,0.029803937,0.89165395
0.028750243,0.021957638,0.9492921
0.11597679,0.06470859,0.81931466
0.068435535,0.06039415,0.87117034
0.10857156,0.05375994,0.8376685
0.051011074,0.045237463,0.9037515
0.063386634,0.27675423,0.6598591
0.064711384,0.031445548,0.90384316
0.04879102,0.035074282,0.9161348
0.08234625,0.05285612,0.86479753
0.06926544,0.04684446,0.88389015
0.046286937,0.037981752,0.9157313
0.046704292,0.0634023,0.8898934
0.10827169,0.076122865,0.81560546
0.06452585,0.042544983,0.8929292
0.058840558,0.110439755,0.83071965
0.017514376,0.9751129,0.007372727
0.053040367,0.12773523,0.8192244
0.05354234,0.044388164,0.90206945
0.6893197,0.016514849,0.29416552
0.057740673,0.0486938,0.89356554
0.16550523,0.13684066,0.6976541
0.07709337,0.030219695,0.89268696
0.07621937,0.04551267,0.8782679
0.06260893,0.041301228,0.89608985
0.05734511,0.02165973,0.9209952
0.059157018,0.022224411,0.91861856
0.14261237,0.034955062,0.8224325
0.041880146,0.048581813,0.909538
0.055075616,0.039844193,0.9050802
0.10859715,0.059448246,0.83195466
0.04219056,0.043764263,0.9140452
0.03880427,0.03788687,0.92330897
0.063127734,0.05428681,0.8825854
0.05564539,0.0675156,0.87683904
0.06986914,0.046338797,0.883792
0.059834693,0.05140473,0.8887605
0.064750664,0.03262233,0.90262705
0.13337329,0.036851525,0.82977515
0.05322516,0.02519094,0.92158383
0.047380637,0.04630567,0.9063137
0.12058702,0.026072405,0.8533406
0.057788372,0.03648228,0.9057295
0.10387216,0.03602456,0.8601033
0.06278624,0.03594963,0.90126413
0.0147266835,0.97938675,0.0058865426
0.05221636,0.043225516,0.9045581
0.057427313,0.049942464,0.89263016
0.03655125,0.044413324,0.91903543
0.07844605,0.04415491,0.8773991
0.05211687,0.036188547,0.91169465
0.13422568,0.044144228,0.82163006
0.053632032,0.027661378,0.9187066
0.11915013,0.034687366,0.8461625
0.051614817,0.037947048,0.9104382
0.075122036,0.04175051,0.8831274
0.986273,0.010064077,0.003662808
0.98733985,0.010065128,0.0025950558
0.9712989,0.012738767,0.015962396
0.9880557,0.0076626977,0.004281626
0.9880866,0.0078753615,0.0040380843
0.98742783,0.010365291,0.0022068976
0.9845222,0.012213087,0.003264714
0.98955137,0.0074019525,0.0030466681
0.9861119,0.006043862,0.007844286
0.98687774,0.008219097,0.004903056
0.9820833,0.007796996,0.010119667
0.017656455,0.97823495,0.004108646
0.95618695,0.007878405,0.035934705
0.9897466,0.0068738363,0.0033796139
0.987089,0.009480645,0.0034303109
0.98609585,0.011214315,0.0026897725
0.9877665,0.009204248,0.0030293162
0.9866435,0.010530436,0.0028259372
0.9830373,0.012374613,0.0045880703
0.22294588,0.07883667,0.69821745
0.98498917,0.011367024,0.0036437786
0.9893729,0.0076804096,0.0029466387
0.08764579,0.63571405,0.27664018
0.01576844,0.9736554,0.010576097
0.019575147,0.975502,0.0049228603
0.018895522,0.97723365,0.0038708562
0.025863001,0.9690814,0.005055563
0.01919941,0.9770786,0.0037219757
0.013197876,0.98107564,0.005726445
0.02183542,0.9725486,0.00561602
0.019717569,0.9744767,0.0058057783
0.018871961,0.9755387,0.005589447
0.018723996,0.97643435,0.004841705
0.01784092,0.9788492,0.0033099214
0.013677816,0.9821077,0.004214492
0.020697663,0.95906436,0.020237954
0.048543517,0.668815,0.2826415
0.023666656,0.9611867,0.015146631
0.014021412,0.9824969,0.0034816947
0.014400064,0.97941864,0.0061813053
0.017564714,0.97791547,0.0045198104
0.019667292,0.9757962,0.0045365193
0.98838705,0.008831289,0.0027816033
0.9854624,0.006924758,0.0076127904
0.014300789,0.98221177,0.003487489
0.018022634,0.9772988,0.0046785846
0.021217704,0.9740825,0.004699761
0.016237421,0.9717665,0.011996132
0.107480206,0.07072858,0.82179123
0.014509863,0.9792067,0.006283421
0.016965574,0.978834,0.0042004436
0.12992895,0.057867147,0.8122039
0.019641344,0.97355753,0.006801137
0.026031913,0.9659313,0.008036794
0.13641609,0.23618113,0.6274027
0.02205908,0.9724874,0.0054535316
0.016737148,0.9756075,0.007655346
0.019320387,0.9698841,0.010795504
0.014374522,0.9805499,0.0050755837
0.01743647,0.9783895,0.0041740076
0.015352341,0.9794877,0.005159997
0.020549372,0.9742978,0.005152745
0.0186892,0.977002,0.0043088053
0.023511901,0.9713609,0.0051271887
0.01911048,0.97635925,0.00453028
0.027566714,0.93453264,0.037900656
0.019975059,0.9728468,0.007178188
0.051741205,0.52795357,0.4203052
0.020888845,0.9745626,0.004548517
0.06054226,0.04062631,0.8988315
0.06386078,0.043741066,0.8923982
0.018044056,0.9717945,0.010161413
0.07952611,0.04221538,0.8782584
0.04607797,0.07252623,0.8813958
0.041431375,0.05260483,0.90596384
0.06054226,0.04062631,0.8988315
0.6944314,0.012387975,0.29318058
0.98584205,0.005306258,0.008851665
0.103800334,0.07414654,0.8220532
0.030704388,0.12139375,0.8479019
0.053735994,0.10322541,0.84303856
0.06682092,0.050834674,0.8823445
0.9566122,0.007594775,0.035793044
0.08187888,0.043623775,0.87449735
0.049386702,0.03722447,0.91338885
0.16060857,0.025146587,0.81424487
0.03785111,0.8699415,0.09220747
0.09934913,0.09006177,0.81058913
0.047036532,0.03682937,0.9161342
0.08032218,0.038670953,0.88100684
0.030259468,0.04117843,0.9285621
0.9046629,0.01333998,0.08199706
0.04568981,0.040183537,0.9141266
0.04876822,0.036418855,0.91481286
0.07486688,0.048008382,0.87712467
0.06313682,0.040249955,0.8966132
0.066354774,0.045828152,0.8878171
0.065868795,0.0454703,0.88866085
0.060147036,0.04906661,0.89078635
0.073181346,0.06692583,0.85989285
0.07802051,0.051467787,0.87051165
0.072415516,0.034983676,0.8926007
0.105363935,0.045194928,0.8494411
0.06313682,0.040249955,0.8966132
0.044198524,0.072374605,0.88342696
0.021172056,0.94530755,0.033520423
0.048706178,0.043426063,0.90786785
0.071708776,0.057255037,0.8710362
0.04052522,0.78892756,0.17054728
0.0911727,0.09103925,0.81778806
0.055455573,0.042957496,0.9015869
0.034798205,0.046461698,0.9187401
0.054057844,0.041833896,0.9041083
0.1442236,0.029822122,0.82595426
0.03924274,0.033829357,0.9269279
0.060959302,0.03578367,0.9032571
0.06880241,0.042866655,0.8883309
0.046193298,0.054535415,0.89927125
0.06590894,0.047057018,0.8870341
0.09033228,0.050733708,0.858934
0.06928056,0.04360944,0.88711
0.055551257,0.04833452,0.89611423
0.015385797,0.9706599,0.0139543135
0.020538505,0.9676211,0.011840433
0.05991485,0.048829492,0.8912557
0.03799649,0.037829876,0.92417365
0.06858942,0.048851393,0.88255924
0.13221951,0.039136525,0.828644
0.08346699,0.035889942,0.88064307
0.06138566,0.040514056,0.8981003
0.044574693,0.04646364,0.90896165
0.056532636,0.038177256,0.9052902
0.060155824,0.041062787,0.89878136
0.038540542,0.042184077,0.91927534
0.05452877,0.03214986,0.9133213
0.06774212,0.055478804,0.876779
0.06628889,0.050233323,0.88347775
0.07058914,0.045620304,0.8837905
0.053470947,0.046981037,0.899548
0.056692243,0.039442517,0.9038653
0.077556275,0.06426502,0.8581787
0.041471094,0.6838448,0.2746841
0.07378125,0.055883694,0.870335
0.051437456,0.03992284,0.90863967
0.08109656,0.05592763,0.8629758
0.11887535,0.020893287,0.86023134
0.061357282,0.029932365,0.90871024
0.015615959,0.97799087,0.006393148
0.053684372,0.0396424,0.90667325
0.045019463,0.052504744,0.9024758
0.9646429,0.00921993,0.0261372
0.04790303,0.051317222,0.9007798
0.06405994,0.043813255,0.89212686
0.049368847,0.046445724,0.9041854
0.059623014,0.0430078,0.8973692
0.068289086,0.059854344,0.8718566
0.06967254,0.048591796,0.8817356
0.033246193,0.027805377,0.9389485
0.038870167,0.17427842,0.7868514
0.05851687,0.07017245,0.8713108
0.08779095,0.04862502,0.8635841
0.12855186,0.03736965,0.83407855
0.036714204,0.951042,0.012243794
0.98685455,0.007997212,0.005148283
0.98774034,0.009496171,0.0027635433
0.9884079,0.008096307,0.003495807
0.98746294,0.009502778,0.0030343058
0.059512675,0.03995492,0.9005324
0.9872443,0.008376133,0.004379562
0.98812705,0.007640833,0.004232049
0.1467201,0.03379132,0.8194886
0.9852101,0.0071567087,0.0076331706
0.9870465,0.009287798,0.0036656808
0.98863786,0.0065453183,0.0048167976
0.98223716,0.006808372,0.010954376
0.9877386,0.009874437,0.0023869765
0.98848814,0.008619173,0.0028927056
0.98429984,0.012536562,0.0031635545
0.98704183,0.006339886,0.006618241
0.898546,0.011601897,0.089852154
0.06538857,0.054580864,0.88003063
0.98448575,0.010883377,0.004630869
0.98555875,0.011230119,0.0032112051
0.98479337,0.008347183,0.006859503
0.9888009,0.0074981553,0.0037009972
0.16544144,0.036908004,0.7976506
0.98618186,0.010817287,0.0030009202
0.9876342,0.009682425,0.0026834658
0.9869501,0.0101104025,0.0029394228
0.99036074,0.006348792,0.0032904951
0.025207998,0.95707333,0.01771873
0.09643442,0.09019451,0.81337106
0.9848712,0.010532072,0.0045966296
0.9879993,0.009954511,0.0020462207
0.6499938,0.019154713,0.33085155
0.8983859,0.00862026,0.09299384
0.36136812,0.03933535,0.5992965
0.8999505,0.016259346,0.08379023
0.65967774,0.017562658,0.3227596
0.12927136,0.09245376,0.77827483
0.9873518,0.009031246,0.0036170234
0.98842084,0.006965925,0.0046131965
0.98812276,0.0077915005,0.004085833
0.9574481,0.006376075,0.036175884
0.9287341,0.011047254,0.06021868
0.17028806,0.021171428,0.80854046
0.98285955,0.005675561,0.011464949
0.46773654,0.049443707,0.48281977
0.9897535,0.006833725,0.0034128032
0.987445,0.009567788,0.0029872092
0.98514867,0.011192609,0.0036586327
0.98884773,0.0056823264,0.0054699783
0.96114045,0.011567491,0.027292095
0.98743457,0.009391799,0.0031736293
0.9890476,0.006902604,0.004049914
0.08877212,0.035216406,0.8760115
0.98911566,0.006303766,0.0045805145
0.98289007,0.0053841854,0.011725739
0.98892003,0.0057049827,0.0053750593
0.6337411,0.031892873,0.33436602
0.022529596,0.9598557,0.01761474
0.9876165,0.008145315,0.0042381315
0.94095844,0.00970538,0.04933614
0.98774475,0.005593449,0.0066618742
0.989164,0.008384228,0.0024518925
0.98653007,0.009310174,0.0041597034
0.78240556,0.016852224,0.20074224
0.98989385,0.0066050338,0.0035010625
0.9879261,0.0074988413,0.0045750057
0.9592161,0.0068531623,0.033930678
0.09253333,0.024375645,0.88309103
0.50955355,0.03189786,0.4585486
0.9872705,0.009783392,0.0029461256
0.17460346,0.041120972,0.78427553
0.520452,0.020699061,0.45884895
0.15685233,0.025403077,0.8177445
0.9618526,0.008018503,0.030128824
0.9875566,0.009691124,0.0027522573
0.983896,0.012828593,0.0032754068
0.9737551,0.007333757,0.018911185
0.98958,0.006987729,0.003432257
0.9895287,0.0073585403,0.0031127608
0.20723541,0.030181212,0.7625833
0.823212,0.028417436,0.14837055
0.97965825,0.007717218,0.0126245245
0.06561915,0.658215,0.2761658
0.038176302,0.8520827,0.109740995
0.04888294,0.9053972,0.045719907
0.021240123,0.9679959,0.01076397
0.018590853,0.97376084,0.0076483204
0.04729834,0.8743382,0.07836348
0.030369468,0.9535722,0.01605838
0.04376905,0.77506775,0.18116319
0.024319867,0.9653067,0.010373378
0.019279035,0.9593393,0.021381667
0.02250857,0.90970004,0.06779139
0.03183125,0.9537016,0.014467061
0.017321207,0.97715616,0.0055226907
0.024357028,0.9550521,0.020590954
0.040989727,0.6946441,0.26436618
0.051077656,0.15071315,0.79820913
0.17440403,0.7649176,0.060678437
0.062318668,0.037872076,0.8998093
0.9839579,0.008689287,0.0073529286
0.026564606,0.96286356,0.010571831
0.020036945,0.97158176,0.008381239
0.027490567,0.96576923,0.0067401435
0.15268268,0.25541463,0.5919027
0.028978627,0.95589906,0.015122261
0.027191663,0.9381652,0.034643076
0.054680083,0.49940312,0.4459168
0.08471572,0.3935428,0.5217415
0.07120974,0.042005382,0.88678485
0.21440436,0.040805064,0.74479055
0.07307268,0.032362536,0.8945648
0.4658336,0.025040353,0.50912607
0.042210627,0.92390525,0.033884086
0.11476099,0.08042964,0.8048094
0.14086658,0.063890055,0.7952434
0.0790683,0.03354508,0.8873867
0.074416876,0.07558878,0.84999436
0.09326537,0.03045677,0.87627786
0.08420764,0.0653253,0.850467
0.05670422,0.05455854,0.88873726
0.0809981,0.03166515,0.88733673
0.054872844,0.039407805,0.9057194
0.14208683,0.025823474,0.83208966
0.115416504,0.050298788,0.83428466
0.041981272,0.8523232,0.105695605
0.05050353,0.032623455,0.91687304
0.9905222,0.006306568,0.0031711417
0.03852016,0.041792832,0.91968703
0.2972306,0.019738957,0.6830305
0.1310299,0.19008964,0.67888045
0.24596189,0.019910766,0.73412734
0.12897019,0.029730517,0.8412993
0.0564502,0.053159684,0.8903901
0.47513145,0.021803021,0.5030655
0.03951269,0.037155006,0.9233322
0.06705697,0.0431475,0.88979554
0.9131055,0.013050215,0.073844306
0.1709521,0.05272627,0.77632165
0.017865637,0.9749546,0.0071797036
0.061368342,0.025308795,0.9133228
0.13326105,0.022264041,0.844475
0.5933131,0.016441109,0.39024585
0.18255809,0.03138488,0.78605705
0.103037305,0.06485801,0.8321047
0.12333073,0.023192968,0.85347635
0.19547245,0.02430847,0.7802191
0.07651641,0.056309577,0.86717397
0.06157269,0.030525373,0.90790194
0.049867317,0.10833678,0.841796
0.1959725,0.025907611,0.7781198
0.9846801,0.008901877,0.0064180456
0.10112033,0.027888803,0.8709909
0.058086347,0.053905018,0.8880086
0.069657065,0.016368225,0.9139747
0.05597907,0.030361079,0.9136599
0.98769146,0.0072948397,0.0050136657
0.059624422,0.62312365,0.31725192
0.98386765,0.0071330117,0.0089993775
0.204037,0.022166336,0.7737967
0.34506625,0.038283,0.61665076
0.090239674,0.036916934,0.8728435
0.059590507,0.04221475,0.89819473
0.2909006,0.026097743,0.68300164
0.059592683,0.044807542,0.89559984
0.06266898,0.035551134,0.9017799
0.16933863,0.021014875,0.8096465
0.6969643,0.039014045,0.26402164
0.6174316,0.017109448,0.36545902
0.05403615,0.040451452,0.9055124
0.029886141,0.9206953,0.049418483
0.091575705,0.037454356,0.8709699
0.7726417,0.014888612,0.21246977
0.12644447,0.03615185,0.83740366
0.15459833,0.02968353,0.8157181
0.12783614,0.025931096,0.8462328
0.061617658,0.049997054,0.88838524
0.079478085,0.040218573,0.88030326
0.0849322,0.0446252,0.8704426
0.12567425,0.041311644,0.83301413
0.05133944,0.048370443,0.90029013
0.06728185,0.04341922,0.889299
0.039608195,0.04561102,0.91478086
0.10604821,0.029549351,0.8644024
0.03793393,0.10121948,0.8608466
0.07541171,0.049239345,0.87534904
0.591584,0.020824373,0.38759157
0.05456562,0.05004778,0.8953866
0.017003281,0.9615654,0.021431282
0.058576696,0.048538078,0.89288515
0.9844973,0.0073354375,0.008167305
0.038142715,0.10552131,0.85633606
0.07474323,0.04744015,0.87781656
0.04793173,0.09746512,0.8546031
0.037901692,0.074680455,0.8874179
0.03732954,0.09375486,0.86891556
0.05639203,0.04409004,0.8995179
0.22059299,0.03150904,0.747898
0.02050594,0.9548316,0.024662528
0.21793616,0.046862364,0.7352014
0.07431194,0.042217802,0.88347024
0.09368596,0.056284934,0.8500292
0.059543464,0.03283489,0.9076217
0.05157234,0.054153014,0.8942746
0.05628376,0.2424645,0.7012518
0.06937144,0.07178352,0.8588451
0.05992713,0.044708364,0.89536446
0.10985808,0.03694187,0.8532
0.07452856,0.046321053,0.87915033
0.10228858,0.061303396,0.83640796
0.07269921,0.045095906,0.88220483
0.019833336,0.9621786,0.017988056
0.044717517,0.03220882,0.92307365
0.027197694,0.052578747,0.92022353
0.039937176,0.1372752,0.82278764
0.07906126,0.084944695,0.835994
0.05245503,0.04504277,0.9025022
0.049528975,0.03534495,0.915126
0.058998223,0.03905261,0.90194917
0.054257672,0.14452907,0.8012133
0.044194374,0.12759997,0.8282057
0.057776127,0.04941854,0.89280534
0.06779222,0.05691978,0.875288
0.07766906,0.068342194,0.8539887
0.9864595,0.010538759,0.0030017649
0.05856749,0.052602194,0.8888303
0.060566153,0.49103218,0.44840166
0.04675647,0.2580632,0.69518036
0.0851468,0.07441155,0.84044164
0.06822592,0.053892147,0.87788194
0.07180511,0.042253293,0.8859416
0.09730719,0.042572677,0.8601201
0.0855656,0.060320612,0.8541138
0.06008849,0.040380917,0.89953053
0.028667022,0.035816323,0.9355167
0.08006433,0.066278495,0.8536571
0.045139983,0.0424258,0.9124342
0.05229627,0.055370886,0.8923328
0.067424454,0.03921328,0.8933622
0.03626595,0.030703465,0.93303055
0.047984667,0.03727937,0.914736
0.06079177,0.04631574,0.8928925
0.0742495,0.046464145,0.8792864
0.0579554,0.042963773,0.89908075
0.054175336,0.045044705,0.90077984
0.07259187,0.040030356,0.8873778
0.0195848,0.9547718,0.025643367
0.05616896,0.04480367,0.8990274
0.03528741,0.4012877,0.5634249
0.046185303,0.06343681,0.8903779
0.08033066,0.19736944,0.72229993
0.9879241,0.0079668835,0.0041090176
0.020028913,0.9740418,0.005929215
0.04755398,0.053414185,0.89903194
0.04388129,0.033793133,0.92232555
0.058669522,0.036930207,0.9044002
0.07367844,0.055074926,0.8712466
0.05413446,0.04664404,0.8992216
0.054637477,0.04835888,0.8970037
0.062088437,0.043175727,0.8947358
0.061337207,0.14710438,0.79155844
0.037319466,0.06817337,0.8945071
0.02927668,0.048316248,0.9224071
0.05311415,0.07446536,0.87242043
0.052523956,0.045991514,0.9014845
0.06409321,0.030587532,0.9053193
0.053912356,0.0377842,0.90830344
0.058278732,0.034529004,0.90719223
0.06749786,0.047723126,0.88477904
0.035776548,0.052283827,0.9119396
0.08289119,0.060084473,0.8570243
0.04892107,0.04231699,0.908762
0.08394455,0.041973617,0.87408185
0.039874367,0.0454713,0.9146544
0.03620239,0.12930791,0.83448976
0.05297494,0.046636224,0.9003889
0.044773012,0.03595856,0.91926837
0.06251666,0.040088806,0.89739454
0.05514376,0.0492138,0.8956424
0.052011844,0.042120475,0.90586776
0.053444475,0.03373994,0.9128156
0.057965845,0.035295673,0.9067384
0.051964045,0.053981315,0.89405465
0.052171346,0.04316717,0.9046614
0.0470319,0.041831043,0.91113704
0.03637505,0.04901973,0.9146052
0.05369393,0.042124275,0.9041818
0.04814326,0.047443178,0.9044135
0.08106546,0.05628967,0.86264485
0.07574627,0.029866135,0.8943876
0.92939377,0.010344818,0.060261454
0.044104543,0.049467154,0.90642834
0.053606823,0.06415897,0.8822343
0.06019367,0.036939662,0.9028667
0.10101779,0.054614883,0.8443673
0.05674994,0.047695,0.8955551
0.057290275,0.028863676,0.91384596
0.08327893,0.04255549,0.87416553
0.06131813,0.033208117,0.90547377
0.059046794,0.032513343,0.9084398
0.059275042,0.03365866,0.9070664
0.07377472,0.050853334,0.87537193
0.07170313,0.03274804,0.8955489
0.054408897,0.046652153,0.89893895
0.046447523,0.042685125,0.9108674
0.043049138,0.05167424,0.9052767
0.04303149,0.036914773,0.9200538
0.04996468,0.035830405,0.91420484
0.07312984,0.028540337,0.8983298
0.066688694,0.038408455,0.8949028
0.03990578,0.035736393,0.9243578
0.06983101,0.05159083,0.8785781
0.04287819,0.17296167,0.78416014
0.052792232,0.056472108,0.8907356
0.06443938,0.036395162,0.8991655
0.058305494,0.040268883,0.9014256
0.045075532,0.06185209,0.8930724
0.037133895,0.8831326,0.07973353
0.06031087,0.040788453,0.8989006
0.06573089,0.04182192,0.89244723
0.054726988,0.033096492,0.91217655
0.11738564,0.057587553,0.82502675
0.059601672,0.049896426,0.8905019
0.043637834,0.029700352,0.92666185
0.042592496,0.040940806,0.91646665
0.074656375,0.046832964,0.8785106
0.065654054,0.034194183,0.9001518
0.052382007,0.041518588,0.90609944
0.03623725,0.035105206,0.92865753
0.052332275,0.039329257,0.90833855
0.8983724,0.011353102,0.09027451
0.052176975,0.037747182,0.9100759
0.05394405,0.04605076,0.90000516
0.10383813,0.049567297,0.8465945
0.08053719,0.04104409,0.87841874
0.0719725,0.036545195,0.89148235
0.07689113,0.030369397,0.8927395
0.37126297,0.026117714,0.6026193
0.069239795,0.059195023,0.87156516
0.056950945,0.04826289,0.8947862
0.05832031,0.03649592,0.9051837
0.04969957,0.065042384,0.88525796
0.059691094,0.04977646,0.89053243
0.03552887,0.09013006,0.87434113
0.07481038,0.051290993,0.8738986
0.08167398,0.053016677,0.8653093
0.03316847,0.040087033,0.92674446
0.05306374,0.041508093,0.9054282
0.06392474,0.03225343,0.9038218
0.06932453,0.06017141,0.87050396
0.03726799,0.6465499,0.3161821
0.06750261,0.0376627,0.8948347
0.06534818,0.040005103,0.89464664
0.06896205,0.039775986,0.89126194
0.05428144,0.1882936,0.75742495
0.027076636,0.05051177,0.92241156
0.09083752,0.0475303,0.8616321
0.02214747,0.030584004,0.9472685
0.053423714,0.095238075,0.8513382
0.061860405,0.037501916,0.9006376
0.06575315,0.048012167,0.88623464
0.04419748,0.031356014,0.9244464
0.045232657,0.042243898,0.91252345
0.04126198,0.027837576,0.9309005
0.05181332,0.036030505,0.9121562
0.08391263,0.04276431,0.873323
0.033656437,0.5080398,0.4583038
0.028492745,0.09459462,0.8769126
0.05389924,0.18067153,0.7654292
0.060779966,0.05862302,0.88059694
0.054404613,0.07777895,0.8678164
0.05359109,0.041311007,0.90509784
0.11915917,0.033787277,0.8470535
0.061702404,0.049992535,0.888305
0.07196612,0.0551514,0.8728824
0.030595774,0.07176529,0.89763904
0.05317096,0.038241543,0.9085875
0.05434279,0.11852185,0.8271353
0.04242843,0.03567602,0.92189556
0.045321032,0.041710936,0.91296804
0.05987916,0.034927208,0.9051937
0.07359712,0.04714809,0.87925476
0.05343265,0.052042194,0.89452523
0.04560762,0.049894888,0.90449744
0.0626311,0.0427107,0.89465815
0.038863596,0.06705198,0.8940844
0.07567358,0.049362108,0.8749643
0.077525154,0.0532562,0.8692186
0.060618527,0.04467548,0.89470595
0.046609662,0.4520445,0.5013459
0.05840873,0.044283405,0.8973079
0.052902475,0.054501887,0.8925957
0.061234273,0.044191625,0.89457405
0.055474456,0.04833845,0.8961871
0.054348372,0.08126849,0.86438316
0.06148224,0.04032104,0.89819664
0.028846674,0.06583753,0.90531576
0.049022462,0.037660312,0.91331726
0.06686216,0.04027767,0.8928602
0.06451681,0.06887928,0.8666039
0.07583758,0.04171821,0.8824442
0.046373032,0.035295974,0.9183311
0.06695113,0.06098947,0.8720594
0.053695116,0.047385775,0.8989192
0.056743514,0.0569378,0.8863186
0.040220864,0.04658872,0.91319036
0.04601801,0.032839447,0.9211426
0.05813482,0.03248354,0.9093816
0.036875054,0.07581062,0.8873144
0.05980955,0.04352321,0.8966673
0.05288122,0.05270078,0.894418
0.056431226,0.049557813,0.8940109
0.086685084,0.043153867,0.870161
0.055849817,0.042779744,0.9013704
0.048221547,0.053821295,0.89795715
0.046182856,0.03477564,0.91904145
0.03649683,0.19451399,0.7689892
0.040229,0.038782425,0.92098856
0.1678539,0.0259653,0.8061807
0.049303856,0.11352086,0.8371753
0.032966718,0.03597776,0.9310555
0.0490653,0.066672504,0.8842622
0.048894588,0.043721955,0.9073835
0.052373994,0.060488492,0.8871375
0.05954591,0.04249325,0.8979609
0.07196589,0.02281711,0.905217
0.060814302,0.04726981,0.89191586
0.0319243,0.21253772,0.755538
0.9849761,0.010730456,0.0042933635
0.04991745,0.050901987,0.89918065
0.0647698,0.038487423,0.89674276
0.035800386,0.8870662,0.07713343
0.028813384,0.25794196,0.7132446
0.056555446,0.03646149,0.90698314
0.057228062,0.051499683,0.89127225
0.055937443,0.044358328,0.8997042
0.10247766,0.063242644,0.8342797
0.4224516,0.019528132,0.55802023
0.101000935,0.38482022,0.5141789
0.95415854,0.015079993,0.030761367
0.021210236,0.9708911,0.007898643
0.9878386,0.0090357,0.0031257053
0.98575526,0.010347734,0.003896992
0.9857654,0.011199615,0.0030350117
0.13409713,0.04114267,0.8247602
0.9248504,0.011283957,0.06386557
0.91668975,0.011928998,0.07138122
0.2253689,0.03205789,0.7425732
0.9790852,0.007705174,0.0132097425
0.9835824,0.012213349,0.004204365
0.98673326,0.010500585,0.0027661228
0.9879408,0.008390231,0.0036690019
0.98695356,0.00834917,0.004697201
0.9587652,0.008491653,0.03274313
0.9886712,0.0061911424,0.0051376526
0.2946195,0.04257889,0.6628016
0.98469007,0.011967214,0.003342704
0.33820635,0.04397482,0.6178189
0.98708344,0.008407545,0.0045090327
0.9587716,0.005893535,0.03533492
0.990244,0.005267855,0.0044882684
0.98494774,0.011256086,0.0037961784
0.9875739,0.009815112,0.0026109247
0.13547404,0.016003279,0.84852266
0.98800665,0.0058064577,0.0061869808
0.988366,0.00745835,0.004175592
0.06512629,0.06349351,0.8713802
0.9686067,0.011544063,0.019849192
0.9879254,0.008037224,0.0040374254
0.9868037,0.008894977,0.0043013296
0.23341663,0.015676167,0.7509072
0.9877001,0.008833773,0.0034661184
0.98763555,0.008594936,0.0037695454
0.9859936,0.0057946276,0.008211734
0.98863006,0.008290168,0.0030797112
0.9891403,0.0073269745,0.0035327284
0.98858637,0.008919753,0.002493916
0.6222074,0.02396124,0.35383135
0.9884715,0.007636036,0.0038924955
0.20905805,0.36883926,0.4221027
0.02316952,0.9511591,0.02567138
0.98884004,0.007676273,0.0034837003
0.9889058,0.007684284,0.0034098802
0.9867028,0.008911456,0.0043857177
0.98868,0.00770507,0.0036148222
0.94679046,0.017155789,0.03605377
0.98899126,0.007455785,0.0035529537
0.9844906,0.0067642783,0.008745083
0.1350194,0.03576348,0.8292171
0.35777757,0.061208524,0.581014
0.98861384,0.008177463,0.0032086011
0.16610454,0.02261329,0.81128216
0.98895556,0.006073141,0.0049712965
0.9830836,0.013186199,0.0037302505
0.9875196,0.008918833,0.003561552
0.9874964,0.0075396276,0.0049639614
0.98751336,0.008840732,0.0036459884
0.03856068,0.08036736,0.881072
0.6748243,0.014706366,0.31046933
0.9890808,0.00621188,0.004707325
0.98519486,0.0112589095,0.0035462345
0.31524655,0.375085,0.30966848
0.9865768,0.010726923,0.0026963458
0.09829106,0.10832122,0.7933877
0.9801414,0.006107832,0.013750778
0.76726174,0.015209643,0.2175285
0.9853232,0.011516157,0.003160664
0.985876,0.00786542,0.0062586237
0.9885882,0.0056919414,0.005719802
0.98859745,0.0065386617,0.004863868
0.9459116,0.011229626,0.04285879
0.06626365,0.034494832,0.89924157
0.10148918,0.049788997,0.84872186
0.9859213,0.0102488985,0.0038297337
0.986679,0.010137281,0.0031836128
0.9879529,0.009847687,0.0021994628
0.98846287,0.008535192,0.0030019921
0.98662543,0.0066154487,0.006759115
0.988058,0.00851505,0.0034269781
0.9881328,0.0078603625,0.004006847
0.9896332,0.0078110355,0.002555761
0.9709024,0.006749551,0.022348106
0.94252807,0.010108831,0.04736308
0.9868205,0.0107191,0.0024604583
0.9868286,0.010399545,0.0027717988
0.98568845,0.01119874,0.0031128163
0.9867986,0.005776748,0.007424739
0.13617781,0.04416731,0.8196549
0.9758657,0.006810607,0.017323691
0.9523181,0.011506172,0.036175832
0.95689255,0.007686552,0.035420984
0.98791224,0.008647867,0.0034398837
0.982742,0.0050670994,0.012191003
0.9893393,0.0077026817,0.002958071
0.9903245,0.0064800987,0.0031953752
0.9868966,0.009837157,0.0032662016
0.9892146,0.007985084,0.0028002923
0.9846623,0.0059997197,0.009338032
0.989427,0.0075029028,0.0030701775
0.9844269,0.0075015263,0.008071575
0.016105724,0.9785857,0.005308511
0.9831677,0.010986191,0.005846129
0.98662215,0.01038722,0.0029905553
0.44855124,0.21448289,0.33696586
0.98408484,0.012619799,0.0032952873
0.9887539,0.006961471,0.0042846515
0.98611486,0.009406764,0.004478291
0.9863761,0.010045488,0.0035783332
0.98600334,0.009895669,0.0041010287
0.9272031,0.01227978,0.06051702
0.21116701,0.020928795,0.7679042
0.08654204,0.0411198,0.8723382
0.9880143,0.0077375714,0.0042481283
0.98313177,0.009761425,0.0071068252
0.9893974,0.0073217256,0.0032808802
0.08090928,0.040268704,0.8788221
0.8101367,0.009450155,0.18041323
0.98627716,0.0077541983,0.0059686187
0.9851548,0.0052715796,0.009573604
0.27037042,0.051575907,0.67805374
0.989696,0.005496098,0.004807847
0.9891234,0.008490998,0.0023856587
0.9897091,0.007302607,0.0029882162
0.98077583,0.0072579244,0.011966295
0.9875629,0.0070694806,0.0053676832
0.9900423,0.007094155,0.0028635
0.028856497,0.9481595,0.02298395
0.98377407,0.00583832,0.010387623
0.98704416,0.0097335065,0.0032223323
0.90855527,0.016097317,0.07534741
0.024191776,0.9658653,0.009942839
0.9828153,0.0074454923,0.009739243
0.5903477,0.24248533,0.16716695
0.068346806,0.14946549,0.78218776
0.9865371,0.009319337,0.004143516
0.990164,0.0060568564,0.0037791957
0.9844689,0.0075533036,0.00797788
0.60636,0.014929995,0.37871
0.9865095,0.006784772,0.0067057274
0.9875761,0.010146499,0.0022772942
0.9883732,0.0088397935,0.0027870024
0.9835653,0.006398271,0.010036446
0.02722342,0.94017845,0.03259808
0.9521185,0.0071568117,0.04072467
0.026713947,0.93619746,0.037088644
0.01627427,0.9782612,0.005464522
0.60255516,0.091730505,0.3057144
0.015704086,0.9791975,0.0050983704
0.019057967,0.9765331,0.0044088685
0.017267197,0.97601366,0.006719145
0.020563195,0.9725759,0.006860954
0.019220099,0.9526779,0.02810196
0.030617582,0.9349749,0.034407467
0.013018856,0.9810901,0.0058910246
0.02723953,0.89502954,0.077730924
0.0385993,0.9278978,0.03350292
0.020044245,0.9406535,0.039302256
0.025595471,0.9679959,0.0064086574
0.019350782,0.97140986,0.009239383
0.028240059,0.9099574,0.06180255
0.02210206,0.96538424,0.012513689
0.019359695,0.9761376,0.00450279
0.048089188,0.23411702,0.7177938
0.9851805,0.010816862,0.0040026857
0.021920769,0.97206885,0.006010387
0.030072222,0.93734837,0.032579396
0.016932484,0.97549486,0.0075726756
0.020094061,0.94760704,0.03229892
0.02837584,0.8300739,0.14155026
0.017802484,0.97531056,0.0068869684
0.021444025,0.9216709,0.056885015
0.016984802,0.9780311,0.004984059
0.021325544,0.973789,0.0048855054
0.016250558,0.9792236,0.004525856
0.016937263,0.9781553,0.0049074115
0.03452002,0.93027914,0.035200864
0.019512694,0.96718085,0.013306501
0.019643206,0.97175014,0.008606658
0.014146511,0.97923607,0.006617399
0.020429913,0.97480214,0.0047679767
0.042121362,0.8104473,0.14743136
0.057902977,0.700597,0.24149998
0.022384306,0.96915686,0.00845887
0.97410226,0.0072367527,0.018661045
0.055703793,0.032906864,0.91138935
0.02143854,0.9741804,0.0043810993
0.014852945,0.97914004,0.0060069948
0.016098004,0.95312876,0.030773211
0.01688971,0.97731596,0.005794333
0.017775081,0.97523683,0.006988066
0.015923355,0.97890955,0.005167033
0.020023739,0.9733148,0.0066614193
0.05649446,0.03306575,0.9104397
0.015263532,0.9790662,0.0056702434
0.016863184,0.9772115,0.005925318
0.020776505,0.97359043,0.0056330273
0.020700622,0.9752588,0.0040405258
0.04736234,0.46794692,0.48469076
0.016412096,0.9779132,0.0056746383
0.02062659,0.9679823,0.011391085
0.01737259,0.9786202,0.004007216
0.01660514,0.9788441,0.004550689
0.01888084,0.9759976,0.0051215654
0.17011002,0.055598665,0.77429134
0.01928867,0.9730313,0.007679999
0.042344138,0.46083358,0.49682224
0.019663284,0.97607386,0.0042628776
0.79551995,0.11189602,0.09258406
0.028526943,0.9400811,0.03139197
0.036781184,0.3417195,0.62149936
0.042403363,0.8735962,0.08400039
0.0450796,0.09933212,0.85558826
0.024177318,0.94985884,0.02596382
0.016495692,0.9747692,0.008735167
0.018270772,0.9739664,0.0077628195
0.069002636,0.6800937,0.25090358
0.020644512,0.97024363,0.009111874
0.018014679,0.9778219,0.0041634464
0.01872184,0.97679865,0.0044795154
0.797578,0.033373144,0.16904889
0.07033981,0.035559557,0.89410067
0.018544506,0.9760877,0.00536785
0.028191604,0.9641537,0.0076546487
0.015946146,0.97601205,0.008041752
0.016659709,0.9796663,0.003673976
0.01896783,0.9757185,0.005313674
0.022215085,0.92182696,0.055957902
0.056032453,0.046248846,0.8977187
0.068173096,0.6262962,0.30553064
0.03974728,0.103753105,0.8564996
0.05947933,0.56404865,0.376472
0.040779933,0.079609655,0.8796104
0.017799832,0.9718379,0.010362291
0.051728126,0.17314011,0.7751317
0.021057116,0.97476804,0.0041748337
0.016572606,0.97931427,0.0041131796
0.019927062,0.97573596,0.004336972
0.015210744,0.97997725,0.004812049
0.01888644,0.97390646,0.0072070896
0.014365215,0.9799151,0.0057196706
0.054800414,0.5314826,0.413717
0.08067602,0.1148038,0.8045202
0.01629527,0.9780897,0.00561502
0.09283528,0.04677177,0.8603929
0.023885354,0.93290603,0.04320857
0.08103724,0.5647115,0.35425127
0.022096507,0.96844614,0.009457297
0.023799794,0.96753824,0.008661904
0.04392072,0.07734718,0.878732
0.047481816,0.43450785,0.5180104
0.020563435,0.96974206,0.009694526
0.02451668,0.95756406,0.017919276
0.98734146,0.007186213,0.005472324
0.0199182,0.97530204,0.004779748
0.016390163,0.9794718,0.0041380166
0.037774965,0.9178888,0.04433626
0.50661886,0.07049847,0.4228827
0.021400843,0.9743686,0.004230569
0.020809947,0.96946037,0.0097296415
0.023989363,0.9686008,0.0074098166
0.017719574,0.97838223,0.00389818
0.015624197,0.98137784,0.0029979895
0.028008457,0.84533507,0.12665649
0.017580818,0.9783342,0.0040850565
0.019290388,0.9759731,0.0047365553
0.022113316,0.9448846,0.033002082
0.016755378,0.9781019,0.005142642
0.018805653,0.9768693,0.0043250816
0.01639506,0.97880805,0.00479693
0.022536859,0.9662793,0.011183825
0.058611657,0.06994375,0.87144464
0.017150627,0.97750515,0.0053442395
0.021109473,0.97006065,0.008829867
0.027631238,0.20784014,0.7645286
0.0672634,0.03845675,0.8942798
0.04386665,0.82126176,0.1348716
0.040578783,0.8134563,0.1459649
0.9819618,0.00788023,0.010158018
0.15627174,0.41172117,0.43200713
0.8153583,0.019496387,0.16514532
0.061893888,0.0604306,0.8776755
0.98881745,0.008480087,0.0027024695
0.06705529,0.051387977,0.8815568
0.046654772,0.039306447,0.9140388
0.06801076,0.050442696,0.8815465
0.06302602,0.047597773,0.8893762
0.06710143,0.065259606,0.8676389
0.05750993,0.041564673,0.9009254
0.020675419,0.97407144,0.005253153
0.0685507,0.064334564,0.86711466
0.08795194,0.05612446,0.85592365
0.05298304,0.24637066,0.7006463
0.051926844,0.054658536,0.89341456
0.052862145,0.038075175,0.90906274
0.05393216,0.037430752,0.90863705
0.060065076,0.04250941,0.89742553
0.048381623,0.038724165,0.91289425
0.03775322,0.03588393,0.92636293
0.07603935,0.35879984,0.5651608
0.28500742,0.09080519,0.62418747
0.12327102,0.051625926,0.8251031
0.045942362,0.11549907,0.83855855
0.019640077,0.97064686,0.009713053
0.04668316,0.062087193,0.89122975
0.05071647,0.46456173,0.48472175
0.054877374,0.76798713,0.17713553
0.061537907,0.054254007,0.88420814
0.046967622,0.03824038,0.914792
0.019798083,0.97036767,0.0098343175
0.0141038885,0.9753328,0.010563325
0.03180997,0.9269041,0.04128594
0.12641723,0.03687044,0.83671236
0.15579954,0.14030713,0.70389336
0.056430392,0.0421202,0.90144944
0.039148163,0.060220778,0.900631
0.979864,0.0061180405,0.014018018
0.41959018,0.018265264,0.5621445
0.103696786,0.037547316,0.85875595
0.06050925,0.03895342,0.90053725
0.051190324,0.041882448,0.9069272
0.93260175,0.011006931,0.056391258
0.05939801,0.036522653,0.90407926
0.07905877,0.04613709,0.87480414
0.12125132,0.04771512,0.8310335
0.30554512,0.032599747,0.6618551
0.05794302,0.038768362,0.9032886
0.07327435,0.042304534,0.8844211
0.018130654,0.97075385,0.011115565
0.09029285,0.054912657,0.85479444
0.07632095,0.044670038,0.879009
0.049483374,0.037571512,0.9129451
0.109878615,0.020886395,0.8692351
0.05130059,0.21302472,0.73567474
0.04895617,0.13982113,0.8112227
0.049059395,0.05066616,0.90027446
0.0635909,0.035549548,0.9008595
0.021414815,0.95988864,0.018696582
0.039354447,0.038763236,0.9218823
0.97449094,0.006001872,0.019507177
0.10442652,0.033935454,0.861638
0.052568916,0.022876123,0.92455494
0.04004194,0.90691113,0.05304694
0.026230268,0.9652457,0.008524041
0.98700225,0.008382261,0.0046155816
0.04494272,0.15374699,0.8013103
0.0154722305,0.9713581,0.013169639
0.210418,0.018211888,0.7713702
0.04775536,0.03608286,0.9161618
0.020440957,0.9611462,0.018412843
0.5203363,0.017770186,0.46189362
0.07234128,0.047651518,0.8800072
0.06496749,0.03730769,0.8977248
0.046043027,0.099492684,0.85446435
0.099362075,0.06909548,0.8315424
0.083959326,0.049878024,0.86616266
0.20488922,0.24236338,0.55274737
0.05704951,0.03737746,0.905573
0.04709102,0.06262963,0.8902794
0.048779298,0.13499671,0.816224
0.039053615,0.13567139,0.82527506
0.030029941,0.13255493,0.8374151
0.98916686,0.0076414077,0.00319164
0.058160476,0.032056596,0.90978295
0.04195783,0.044143524,0.91389865
0.021904144,0.90361416,0.07448165
0.06088552,0.047025718,0.8920888
0.079961576,0.03589223,0.88414615
0.05113668,0.04817941,0.90068394
0.08703628,0.06719078,0.84577286
0.060994007,0.04270561,0.8963004
0.15739267,0.042056378,0.80055094
0.049281053,0.25155628,0.69916266
0.075144574,0.03648867,0.8883667
0.11929383,0.050821427,0.82988477
0.96561104,0.008806548,0.025582328
0.051596522,0.044046734,0.90435666
0.04863906,0.14853506,0.80282587
0.04603649,0.032900795,0.9210627
0.06644783,0.04535776,0.8881944
0.07254066,0.028939342,0.89851993
0.81565994,0.012300766,0.17203932
0.040918004,0.03998966,0.9190923
0.04279884,0.90884554,0.04835557
0.10159254,0.05604997,0.8423575
0.061444815,0.046585254,0.8919699
0.03709614,0.14137326,0.82153064
0.030136628,0.07264788,0.8972154
0.9874687,0.006274859,0.006256503
0.066909924,0.040464196,0.89262587
0.097427405,0.030174235,0.87239844
0.05949094,0.042061985,0.8984471
0.04988772,0.0435341,0.9065782
0.06069323,0.03647236,0.90283436
0.058529787,0.048428223,0.8930419
0.070012145,0.052564856,0.8774229
0.024499204,0.9606268,0.014874036
0.069838114,0.031096583,0.8990654
0.043077555,0.068569355,0.8883531
0.040226173,0.10972045,0.85005337
0.9799984,0.0069335997,0.013068021
0.08126459,0.024121676,0.89461374
0.9741237,0.0060113403,0.019865016
0.050317585,0.070751585,0.8789308
0.06337629,0.044049777,0.89257395
0.98801386,0.007219252,0.004766977
0.06008156,0.036530387,0.9033881
0.06158663,0.04088556,0.8975278
0.05234943,0.042998437,0.90465206
0.06557259,0.045866545,0.88856083
0.703083,0.016976705,0.27994034
0.09333424,0.056513418,0.8501524
0.050761357,0.77716374,0.17207494
0.16221835,0.04097019,0.79681146
0.03720017,0.74282014,0.21997964
0.07837847,0.045406293,0.87621516
0.065195225,0.05694764,0.87785715
0.06411422,0.3754947,0.56039107
0.073624484,0.05065076,0.8757248
0.05613956,0.040023297,0.9038372
0.058817547,0.03405761,0.9071249
0.05199418,0.042003497,0.90600234
0.05977434,0.037939265,0.9022863
0.08085411,0.06544569,0.85370016
0.04824114,0.036166243,0.9155926
0.24070011,0.027244207,0.73205566
0.7304886,0.011578874,0.2579325
0.11066861,0.029731562,0.8595998
0.06697691,0.24860655,0.6844166
0.07369845,0.36936975,0.5569318
0.04762556,0.037363485,0.9150109
0.07354095,0.39331082,0.53314817
0.02085532,0.97442484,0.0047198134
0.05724584,0.041576322,0.9011779
0.020267973,0.97513616,0.004595857
0.11664641,0.2760374,0.6073162
0.17094539,0.058710493,0.7703441
0.047461774,0.060055926,0.8924823
0.042156987,0.071327314,0.88651574
0.080402315,0.050536077,0.86906165
0.06577618,0.041161682,0.8930622
0.05479793,0.036735736,0.9084663
0.06914587,0.043737706,0.8871164
0.06425131,0.046618678,0.88913
0.8536596,0.017527837,0.12881254
0.116588816,0.019876724,0.8635344
0.06170146,0.034695987,0.90360254
0.0774599,0.062912986,0.85962707
0.047342192,0.035061684,0.91759616
0.04394563,0.09298748,0.8630669
0.05177927,0.03532764,0.91289306
0.05256556,0.02699245,0.92044204
0.03156995,0.23787303,0.730557
0.060423758,0.053820785,0.88575554
0.038440783,0.8947818,0.066777416
0.15019222,0.040868998,0.8089388
0.71197027,0.05603878,0.23199093
0.9720348,0.009632414,0.018332738
0.9871159,0.008889107,0.0039949133
0.0772906,0.041613795,0.8810956
0.9218752,0.01593938,0.062185436
0.98594576,0.010667846,0.0033864197
0.9885677,0.00827347,0.003158709
0.98516303,0.011879788,0.0029571129
0.98786235,0.0075719417,0.004565784
0.98542154,0.010787856,0.0037905937
0.045455746,0.11917659,0.83536774
0.98699653,0.0092511205,0.0037524197
0.32564124,0.030841552,0.6435172
0.9869262,0.0095627615,0.003511079
0.9684019,0.0076136612,0.023984434
0.9878072,0.010040434,0.0021523952
0.9870117,0.009591648,0.0033967083
0.9851253,0.012340494,0.0025342007
0.988598,0.008322345,0.0030796113
0.9857712,0.009990427,0.0042384835
0.98278654,0.0139096035,0.0033038203
0.98659766,0.010928048,0.0024743583
0.9863875,0.01035437,0.003258147
0.9862256,0.011617108,0.0021573598
0.9849887,0.011647949,0.0033633676
0.9827473,0.011931945,0.0053206845
0.9868492,0.009846296,0.003304544
0.9862048,0.010556636,0.0032385122
0.98486245,0.011244125,0.003893462
0.2558143,0.048555557,0.6956301
0.9884115,0.0092643825,0.0023241744
0.9843524,0.011640425,0.00400714
0.089050755,0.0360413,0.87490785
0.9848669,0.0064949314,0.0086380625
0.98555803,0.010831579,0.0036104522
0.020846747,0.97117484,0.007978486
0.985925,0.011568291,0.0025067094
0.25161213,0.039270233,0.70911765
0.9873448,0.008401563,0.0042535495
0.988801,0.0074908375,0.0037082334
0.9904094,0.0062935455,0.0032970898
0.98571986,0.010854537,0.003425553
0.98730975,0.009164125,0.0035261905
0.987938,0.009287112,0.0027749147
0.98580474,0.0055066603,0.00868861
0.98570204,0.010644399,0.0036535445
0.98692256,0.008647644,0.0044297436
0.9859977,0.010942753,0.0030595365
0.9609065,0.01102432,0.028069232
0.98477155,0.011243087,0.0039854255
0.98475295,0.01125386,0.0039931415
0.98772544,0.0098358095,0.0024387816
0.9859599,0.0073967264,0.0066433456
0.9874334,0.008970461,0.0035961887
0.98581505,0.011265998,0.002918889
0.9852769,0.011777194,0.0029459246
0.98683363,0.010198451,0.0029679185
0.9858759,0.009942821,0.004181374
0.98263526,0.0114065,0.005958205
0.98508954,0.011412677,0.003497707
0.98538315,0.010957314,0.0036595033
0.82067823,0.015675882,0.1636458
0.9879936,0.008665486,0.003340843
0.9875608,0.00950372,0.0029355024
0.8636583,0.013583197,0.12275849
0.9855101,0.0060875476,0.008402347
0.98905295,0.006936428,0.0040105777
0.98641694,0.010735664,0.0028474473
0.9878968,0.009223458,0.0028797043
0.9861936,0.009574344,0.0042320257
0.9848155,0.010358079,0.0048263716
0.9859578,0.010159591,0.003882597
0.9865971,0.010874812,0.002528092
0.9876845,0.009739821,0.0025757598
0.32652095,0.028853308,0.6446258
0.9829106,0.013830085,0.0032593696
0.98376596,0.013003469,0.0032305035
0.08128036,0.03995282,0.87876683
0.98662066,0.009757875,0.0036214113
0.9896652,0.007154054,0.0031807986
0.59582365,0.01570851,0.38846785
0.9868934,0.0098083485,0.003298244
0.10383818,0.310458,0.58570385
0.97688043,0.0073143123,0.015805228
0.9877166,0.0073666153,0.0049168174
0.98925066,0.008525328,0.0022239648
0.7687214,0.020788027,0.21049051
0.9876159,0.009184888,0.003199108
0.98877573,0.007834812,0.0033895131
0.07110197,0.05291596,0.87598205
0.5862233,0.024219967,0.38955668
0.8279053,0.022257695,0.14983702
0.98772776,0.009248938,0.0030232868
0.9762018,0.0070018135,0.016796479
0.7258554,0.047549196,0.22659543
0.98771274,0.0069813584,0.0053059533
0.9884992,0.009050576,0.0024502447
0.9876875,0.009845042,0.0024674344
0.9864444,0.010046185,0.003509365
0.82146513,0.021827264,0.15670761
0.9857276,0.007727205,0.0065451977
0.9883217,0.007172304,0.00450588
0.98280627,0.009616293,0.0075774565
0.9892212,0.008392905,0.0023858948
0.985778,0.010940315,0.003281672
0.9875711,0.008644881,0.0037840519
0.98688394,0.007527597,0.0055885743
0.9884644,0.006318098,0.005217467
0.98378766,0.011353158,0.0048591485
0.9868519,0.0089215115,0.0042265877
0.98278135,0.013882389,0.0033362245
0.98623973,0.0099367825,0.0038234955
0.9875608,0.008527403,0.0039117625
0.9866217,0.009338358,0.0040399805
0.987022,0.009685878,0.003292237
0.99052507,0.0070149237,0.0024600662
0.9876351,0.009607085,0.002757857
0.90568584,0.010421269,0.083892986
0.9897938,0.0064136856,0.0037925683
0.9886437,0.0077273925,0.0036288367
0.98849374,0.0076213074,0.0038849877
0.98689854,0.009590549,0.0035109806
0.98326194,0.01315001,0.0035879978
0.9860476,0.008014118,0.005938164
0.98591495,0.011114145,0.0029709523
0.7206541,0.021320123,0.25802583
0.9791141,0.00851246,0.012373468
0.9868396,0.009894395,0.003266013
0.98619103,0.010934216,0.002874732
0.9861531,0.01057672,0.003270122
0.987491,0.009521628,0.0029873485
0.9835365,0.012937112,0.003526463
0.7544834,0.017537028,0.22797953
0.98705274,0.009324209,0.0036229973
0.98853475,0.007401573,0.0040636566
0.9878665,0.009097936,0.003035546
0.9780211,0.009051351,0.012927533
0.98853976,0.008137021,0.0033231608
0.9873252,0.008303517,0.004371375
0.98763126,0.008989802,0.003378984
0.98671514,0.009922173,0.0033626885
0.9861232,0.010638553,0.0032382442
0.98610014,0.0104325395,0.003467269
0.8613179,0.028426755,0.110255405
0.9864232,0.010968879,0.0026078823
0.76805544,0.025225269,0.20671932
0.98654014,0.01049853,0.0029612465
0.054130867,0.07351996,0.87234914
0.9862477,0.011414941,0.002337275
0.018859787,0.97681534,0.0043248427
0.018739939,0.9734558,0.0078043444
0.015328744,0.9803728,0.004298411
0.018334795,0.97404444,0.007620721
0.018415984,0.9769255,0.004658564
0.020276532,0.96559584,0.01412768
0.018329175,0.977557,0.004113826
0.0153408805,0.97161406,0.01304509
0.016923606,0.9778439,0.0052324585
0.027676025,0.92189,0.050433934
0.015637923,0.97936636,0.0049957396
0.027204262,0.729556,0.24323973
0.12970613,0.042481147,0.82781273
0.022082934,0.9730637,0.0048533455
0.019697126,0.97441757,0.005885342
0.017506097,0.97275025,0.00974361
0.015447501,0.98027956,0.004272892
0.018299052,0.976904,0.0047969585
0.017050346,0.97893333,0.004016335
0.016079733,0.9784387,0.0054815495
0.014253007,0.9684704,0.01727656
0.042558253,0.8069459,0.15049583
0.016303949,0.9786107,0.005085373
0.02123341,0.9738521,0.004914534
0.01934031,0.9761128,0.004546863
0.023587635,0.9711647,0.0052477163
0.016557593,0.97842705,0.005015378
0.016769193,0.9765213,0.0067095226
0.020629479,0.9747585,0.0046120575
0.016252263,0.97932625,0.004421479
0.014221113,0.97864896,0.0071299053
0.018216971,0.9768052,0.004977812
0.019054491,0.9773089,0.0036366133
0.016796,0.9795162,0.0036877904
0.021709424,0.97404486,0.004245716
0.017591089,0.9779503,0.0044585955
0.015834533,0.9777364,0.0064290455
0.0171805,0.9744382,0.0083812885
0.020743541,0.97489774,0.0043587107
0.01866437,0.9771343,0.004201348
0.016959636,0.9784913,0.004549049
0.01747749,0.97829974,0.0042228214
0.019711846,0.9765753,0.0037127996
0.055711713,0.76011646,0.18417183
0.017696591,0.9766361,0.005667228
0.01903278,0.9771492,0.0038179646
0.014449733,0.97800976,0.007540476
0.019150076,0.97076845,0.010081531
0.016206983,0.9799416,0.003851376
0.019344315,0.97250867,0.008147022
0.015199123,0.9792285,0.0055723656
0.017337771,0.97856826,0.004094023
0.018031178,0.97633094,0.005637861
0.014340357,0.98204803,0.0036116743
0.0149281975,0.9821807,0.0028911382
0.019131076,0.9755043,0.0053646415
0.016326822,0.9799836,0.0036895503
0.018648231,0.9767662,0.0045855925
0.034003243,0.84748757,0.11850924
0.021281308,0.9736689,0.005049819
0.057965066,0.6141211,0.3279138
0.016049674,0.97565633,0.008293998
0.06750467,0.067702726,0.8647926
0.06868286,0.3965958,0.5347214
0.015532508,0.9794372,0.0050303712
0.017390592,0.9772456,0.0053637316
0.019295428,0.9757515,0.0049530566
0.020137994,0.9331311,0.046730876
0.47446954,0.083707966,0.44182256
0.016764412,0.97910726,0.0041284054
0.020604415,0.97452545,0.0048701395
0.018095328,0.9778926,0.004012065
0.016324481,0.9803216,0.0033539755
0.017571678,0.97830325,0.0041250153
0.016085673,0.97736734,0.006546975
0.039024826,0.77925515,0.18171999
0.04324069,0.7256693,0.23109
0.013509841,0.98196054,0.004529651
0.013359254,0.97958714,0.007053595
0.016133826,0.9798147,0.00405148
0.018801196,0.97568446,0.005514373
0.016695986,0.97892725,0.0043767267
0.018788274,0.9769201,0.0042916466
0.017529603,0.97739136,0.0050790366
0.019214671,0.9769007,0.0038846824
0.022102138,0.97391,0.003987929
0.022202427,0.97261345,0.00518418
0.021430114,0.9742731,0.00429677
0.017731756,0.97857684,0.003691457
0.23362048,0.21524753,0.55113196
0.024353446,0.97137094,0.004275612
0.023461733,0.97213215,0.004406177
0.018555658,0.9771517,0.004292664
0.044241425,0.80279475,0.15296379
0.01589602,0.9810539,0.003050147
0.018684538,0.97771275,0.0036027601
0.018625777,0.97559017,0.005784101
0.03298045,0.8489174,0.11810213
0.016084677,0.9801743,0.0037410676
0.018585656,0.9749156,0.006498743
0.019107364,0.9766768,0.0042158165
0.01669481,0.97313964,0.010165546
0.016218534,0.97968274,0.0040986855
0.017507683,0.97855526,0.003937131
0.017579114,0.97823936,0.004181526
0.018470868,0.97744775,0.0040813554
0.018427776,0.97707385,0.004498315
0.01855118,0.9769159,0.004532863
0.015901675,0.97996634,0.0041320277
0.022269232,0.97268605,0.005044722
0.017821228,0.978724,0.0034548026
0.02664295,0.86185503,0.111502066
0.016314153,0.96687025,0.016815592
0.0214498,0.97374064,0.004809524
0.017162409,0.9786543,0.0041833
0.018050283,0.97784275,0.004106999
0.01697296,0.97926015,0.0037668927
0.016487941,0.9786024,0.004909654
0.013647,0.97941667,0.006936254
0.019922204,0.97549814,0.004579639
0.016130399,0.9710344,0.012835183
0.053789698,0.675434,0.2707763
0.019573888,0.97591555,0.004510567
0.020235766,0.9740621,0.0057021882
0.017474784,0.978626,0.0038991515
0.019696247,0.9758025,0.0045012445
0.018958418,0.9771408,0.0039008453
0.020460077,0.97433645,0.005203517
0.017647417,0.97821176,0.004140773
0.017017879,0.9770692,0.0059128953
0.017461399,0.97883177,0.0037068704
0.01704678,0.97872853,0.0042246724
0.015331179,0.9800498,0.0046190154
0.016368328,0.9786445,0.004987185
0.04477634,0.029580904,0.9256428
0.03174983,0.1853811,0.78286904
0.016376931,0.9801158,0.0035073408
0.020104796,0.9739203,0.0059749717
0.017997546,0.97736907,0.0046334504
0.020451603,0.06996826,0.9095801
0.75264144,0.027201619,0.22015698
0.016565403,0.9750724,0.0083622085
0.016666472,0.97910726,0.0042263074
0.01743518,0.9783171,0.004247713
0.06255035,0.26431298,0.6731367
0.01764301,0.9779675,0.004389549
0.018612588,0.9782372,0.0031502156
0.016815677,0.97636354,0.006820739
0.018530363,0.97629625,0.0051734084
0.019440413,0.97638595,0.0041736034
0.9197401,0.016747212,0.063512675
0.017440556,0.9790966,0.0034628748
0.017777542,0.977756,0.0044664247
0.014976016,0.9805274,0.004496615
0.0152350385,0.9781933,0.006571733
0.057031147,0.5983546,0.34461424
0.017183242,0.978408,0.004408714
0.017925074,0.9777206,0.0043542893
0.01626469,0.97959673,0.004138544
0.0148536,0.9810976,0.004048869
0.01746058,0.97830826,0.0042311144
0.018967768,0.97619176,0.004840502
0.01951653,0.9759108,0.004572636
0.018239947,0.9770825,0.004677549
0.017446527,0.9784758,0.004077676
0.018690912,0.9770915,0.0042176065
0.01676914,0.97890526,0.004325639
0.017310882,0.9765737,0.006115387
0.01967154,0.97457844,0.0057499576
0.014823367,0.97433156,0.010845007
0.013210822,0.98107946,0.0057097147
0.07061463,0.047431573,0.88195384
0.016493103,0.9803437,0.0031631712
0.027195374,0.94842684,0.024377776
0.0179319,0.9733288,0.008739311
0.017600197,0.97321534,0.009184519
0.018143961,0.97765243,0.0042035757
0.012382249,0.9807663,0.006851496
0.017016703,0.97891176,0.004071533
0.017886292,0.97799003,0.0041236947
0.015899567,0.97411186,0.009988636
0.01774106,0.97813463,0.0041243043
0.015974162,0.97581905,0.008206748
0.01483601,0.97993565,0.005228312
0.015903419,0.9795955,0.0045011244
0.016708404,0.9777439,0.0055476413
0.017640783,0.9631541,0.019205071
0.018456567,0.97669095,0.0048524453
0.0399093,0.778456,0.18163475
0.016429309,0.9789388,0.004631837
0.020379368,0.9470862,0.032534346
0.018920947,0.97616243,0.0049165813
0.018311676,0.9751941,0.006494254
0.019386668,0.9760667,0.0045466484
0.019983908,0.9751806,0.0048354883
0.01703739,0.9748516,0.008111013
0.01822743,0.9759353,0.005837226
0.019051928,0.9757472,0.0052008834
0.02183494,0.97395283,0.0042122775
0.016345272,0.9734561,0.010198687
0.019779276,0.97324014,0.0069805714
0.024975628,0.96742576,0.0075985617
0.01661214,0.979735,0.0036527682
0.017630069,0.9782048,0.0041650767
0.021882446,0.9741674,0.0039502173
0.018919632,0.9770483,0.004032158
0.015140056,0.9806762,0.004183763
0.023204602,0.9718621,0.004933313
0.019353766,0.97631514,0.004331079
0.026491478,0.928401,0.045107555
0.018385934,0.9767612,0.0048527946
0.05835591,0.07738455,0.8642595
0.035473853,0.037049428,0.92747676
0.8010166,0.045058068,0.15392533
0.0502065,0.78843564,0.16135791
0.74558103,0.088138536,0.16628042
0.081656314,0.08269959,0.8356441
0.0515302,0.02836058,0.9201092
0.055491544,0.03081038,0.9136981
0.30238074,0.033926178,0.663693
0.015164738,0.9784454,0.006389877
0.9343943,0.013070623,0.05253505
0.114820965,0.048689526,0.8364895
0.0938155,0.063046284,0.8431382
0.09789792,0.06461185,0.83749026
0.08789843,0.062940985,0.8491606
0.07902112,0.05042547,0.8705535
0.06729601,0.04711803,0.8855859
0.0666894,0.050119065,0.8831915
0.07316601,0.03505405,0.8917799
0.09011773,0.06193695,0.84794533
0.0671547,0.0529942,0.8798511
0.04100857,0.042351656,0.9166398
0.13739453,0.103356965,0.75924855
0.042007256,0.035390932,0.9226019
0.08769324,0.06347223,0.84883463
0.07029729,0.20924862,0.72045416
0.07168397,0.05118022,0.87713575
0.12518424,0.07332301,0.8014928
0.046258613,0.050115276,0.90362614
0.9865633,0.009365203,0.0040714256
0.9800386,0.01122188,0.008739608
0.037791632,0.055498995,0.90670943
0.028938955,0.22980016,0.7412609
0.095804915,0.06517397,0.83902115
0.0618319,0.044950947,0.8932171
0.05315788,0.04334385,0.90349823
0.05975151,0.050119653,0.8901289
0.061836164,0.04095111,0.89721274
0.07519308,0.04213832,0.8826685
0.053989526,0.05181991,0.8941906
0.055629466,0.085156806,0.85921377
0.10169184,0.04017465,0.85813344
0.9881932,0.0077996696,0.0040070917
0.05520003,0.03590181,0.9088981
0.051183123,0.03401217,0.9148047
0.055997334,0.042455163,0.9015475
0.05411269,0.07553263,0.87035465
0.068162605,0.054770198,0.87706727
0.06775361,0.04368099,0.88856536
0.06979395,0.048226967,0.8819791
0.06688944,0.04726987,0.8858407
0.04892262,0.04139863,0.90967876
0.06359585,0.043794196,0.89260995
0.060311977,0.04514953,0.8945386
0.09657229,0.06467748,0.83875024
0.07265117,0.04615735,0.8811915
0.07719882,0.042322125,0.8804791
0.07267332,0.04414321,0.8831835
0.09945987,0.09654113,0.803999
0.026935082,0.9077851,0.06527986
0.11985624,0.05907297,0.82107085
0.083900966,0.11617254,0.7999265
0.017908648,0.9773018,0.004789548
0.027135579,0.14016406,0.8327004
0.064465985,0.036875375,0.8986587
0.061201718,0.024836639,0.91396165
0.060514465,0.02691877,0.91256684
0.06716589,0.024236953,0.9085972
0.053271357,0.03820167,0.9085269
0.060922325,0.039009254,0.9000684
0.06774574,0.0403148,0.8919395
0.98145574,0.007641303,0.010902989
0.03818633,0.05009705,0.91171664
0.9905923,0.0047934405,0.0046143103
0.055801705,0.037426926,0.90677136
0.06894449,0.04565861,0.8853969
0.05384891,0.0415706,0.9045805
0.063428015,0.042396825,0.8941752
0.05160885,0.03270861,0.91568255
0.085399136,0.06712881,0.8474721
0.08442806,0.08303799,0.83253396
0.015346462,0.9757717,0.008881851
0.03465645,0.053913362,0.91143024
0.056885544,0.05240542,0.89070904
0.97876704,0.007923931,0.0133090215
0.0481874,0.48810342,0.46370924
0.98155767,0.006823625,0.011618718
0.939023,0.016475447,0.044501532
0.9222433,0.009147932,0.068608776
0.06477634,0.04493503,0.8902887
0.044893514,0.08794016,0.86716634
0.047887743,0.021218954,0.93089336
0.07079475,0.04067386,0.8885314
0.047624964,0.0404978,0.9118773
0.8838572,0.023075875,0.09306693
0.050779175,0.05264752,0.8965733
0.068300486,0.045099806,0.88659966
0.27717122,0.04016495,0.68266386
0.077385664,0.0451607,0.8774537
0.4256035,0.044465743,0.5299308
0.094256476,0.093477316,0.81226623
0.2207521,0.027881091,0.75136685
0.33997962,0.03531251,0.6247079
0.54978603,0.017415851,0.43279812
0.09826651,0.094871856,0.8068616
0.052731916,0.054939717,0.8923283
0.022965115,0.9726945,0.0043403744
0.100791276,0.10951478,0.78969395
0.029733744,0.7736129,0.19665338
0.015808549,0.96287715,0.021314315
0.07973515,0.02822986,0.892035
0.13305956,0.028387135,0.8385533
0.05341095,0.04321129,0.9033778
0.60632634,0.027351888,0.36632177
0.98848665,0.0076960432,0.003817266
0.09209172,0.057111286,0.85079706
0.12271012,0.07946007,0.79782975
0.017552696,0.9658612,0.016586134
0.037465744,0.09469613,0.8678381
0.08815893,0.05933178,0.8525093
0.059828714,0.04627722,0.8938941
0.0503334,0.05180452,0.8978621
0.06552451,0.034782823,0.8996927
0.0657252,0.04451535,0.8897595
0.020572765,0.9616924,0.017734831
0.042262986,0.868157,0.08958002
0.046010826,0.8673132,0.08667604
0.06704304,0.037681263,0.8952757
0.07886907,0.25558895,0.66554195
0.92181027,0.019661909,0.058527894
0.056237094,0.6999865,0.24377641
0.25833076,0.05143655,0.6902327
0.047330316,0.030813463,0.9218563
0.9801441,0.009637187,0.010218737
0.056354813,0.032791317,0.91085386
0.26694852,0.0386081,0.69444335
0.029339135,0.9307153,0.039945494
0.09660384,0.054481685,0.8489144
0.074660726,0.04806357,0.87727576
0.0528805,0.037297025,0.9098225
0.9856483,0.0066477344,0.00770398
0.04886271,0.043459393,0.9076778
0.072250485,0.029979097,0.8977704
0.0920278,0.047953665,0.86001855
0.06615594,0.046523795,0.8873203
0.042393994,0.037357807,0.9202482
0.07060152,0.033284724,0.8961137
0.031787455,0.59048647,0.3777261
0.08568241,0.048110433,0.8662071
0.03279065,0.032951154,0.93425816
0.040387228,0.33642885,0.62318397
0.0740814,0.051616244,0.8743023
0.04886999,0.035303008,0.9158271
0.06540726,0.046539497,0.88805324
0.92720383,0.008423299,0.06437292
0.40590924,0.039278623,0.5548122
0.06207038,0.07645979,0.8614698
0.09845967,0.03905951,0.8624809
0.11190959,0.045492377,0.8425981
0.0623806,0.05131288,0.8863066
0.07493505,0.05397369,0.87109125
0.056319408,0.034731284,0.90894926
0.06776377,0.036129925,0.89610624
0.06693677,0.04875725,0.884306
0.06721909,0.03778021,0.8950007
0.051558364,0.04033054,0.90811116
0.05819862,0.049901597,0.89189976
0.05364526,0.063487954,0.88286686
0.27855244,0.023556259,0.6978913
0.23824035,0.01637156,0.7453881
0.05152498,0.057200287,0.8912747
0.055423968,0.04438245,0.9001935
0.07469644,0.047179513,0.878124
0.07551255,0.060292106,0.8641954
0.040067114,0.047118485,0.9128144
0.037556924,0.07099265,0.8914504
0.061189026,0.03259259,0.9062184
0.044324547,0.06452333,0.8911521
0.054932732,0.044096604,0.90097064
0.102247894,0.025820779,0.87193143
0.06382993,0.038961332,0.8972087
0.05493718,0.0351769,0.90988594
0.056098122,0.035867684,0.9080342
0.05091644,0.054465562,0.894618
0.100291535,0.030249296,0.86945915
0.07064916,0.04782696,0.88152385
0.07409958,0.04064289,0.8852575
0.21561748,0.037933514,0.74644893
0.068565585,0.11826841,0.81316596
0.09313408,0.04727878,0.8595872
0.086338885,0.04993253,0.8637286
0.038253035,0.03450815,0.9272388
0.042463835,0.022170229,0.935366
0.06218579,0.050384182,0.88743
0.06080981,0.051684268,0.8875059
0.07246444,0.07106284,0.85647273
0.06419085,0.048382867,0.88742626
0.05120379,0.039412964,0.9093833
0.06582896,0.041700654,0.8924704
0.058861453,0.04697429,0.8941642
0.12156028,0.038344137,0.8400956
0.057942294,0.034802247,0.90725553
0.08487461,0.035234462,0.879891
0.07213335,0.03744057,0.8904261
0.06487553,0.0491143,0.8860101
0.16818656,0.025807993,0.8060054
0.9832252,0.0074413265,0.009333515
0.038856037,0.028441569,0.9327024
0.15638232,0.02433292,0.8192848
0.0553803,0.033198517,0.91142124
0.06821658,0.0441085,0.8876749
0.07305881,0.01801784,0.9089233
0.065459274,0.05827757,0.8762632
0.051631022,0.03675517,0.91161376
0.07648655,0.044745114,0.8787683
0.07957572,0.04632554,0.8740988
0.06051456,0.043693546,0.89579195
0.57752377,0.021263497,0.40121272
0.058966625,0.0391271,0.9019063
0.035924595,0.08687574,0.8771997
0.091065265,0.051445942,0.8574888
0.043906234,0.43231982,0.52377397
0.07940187,0.042855017,0.8777431
0.113646455,0.10515711,0.7811965
0.04921309,0.04415743,0.90662944
0.06622768,0.041141786,0.8926305
0.05784332,0.028901407,0.9132552
0.055611696,0.039821588,0.9045667
0.06765127,0.042087752,0.8902609
0.08934105,0.054069154,0.8565898
0.09066569,0.025060436,0.88427395
0.04768667,0.035680808,0.9166325
0.06404173,0.039281957,0.89667636
0.06746311,0.036039937,0.89649695
0.06201784,0.043827176,0.89415497
0.07872652,0.039877187,0.88139635
0.06501259,0.037516326,0.8974711
0.054045945,0.035844494,0.9101095
0.06695065,0.046398006,0.8866513
0.08808234,0.020034127,0.89188355
0.05554683,0.04050027,0.9039529
0.05982424,0.032272756,0.9079029
0.12900195,0.024720775,0.8462773
0.069716915,0.034529235,0.8957539
0.0684019,0.054454926,0.8771432
0.974537,0.008497526,0.01696549
0.06420486,0.0585163,0.87727886
0.09184729,0.02343908,0.88471365
0.07950917,0.039843306,0.88064754
0.061383944,0.05273571,0.8858803
0.07202595,0.0569216,0.87105244
0.10368995,0.058321204,0.83798885
0.06688369,0.043884818,0.8892314
0.054389287,0.039947793,0.90566295
0.06977045,0.050697397,0.8795322
0.062505,0.037196085,0.900299
0.04812787,0.2157468,0.73612535
0.037320532,0.029783593,0.93289584
0.05353355,0.03702732,0.9094391
0.051493157,0.023656001,0.9248508
0.060078856,0.035249617,0.9046715
0.04712163,0.03418994,0.9186884
0.0667257,0.04005832,0.893216
0.03419803,0.12667394,0.8391281
0.067173675,0.10524132,0.82758504
0.07011635,0.041664448,0.8882191
0.05404867,0.045960188,0.89999115
0.052153528,0.03729065,0.9105558
0.18626209,0.027436426,0.7863015
0.09450309,0.08991167,0.8155852
0.06689202,0.052838486,0.88026947
0.042904817,0.036608946,0.9204862
0.04874004,0.027101438,0.92415863
0.051991884,0.040274423,0.9077336
0.059439845,0.03672727,0.9038329
0.060883474,0.041377254,0.8977393
0.2958029,0.024447532,0.6797496
0.08065088,0.041192435,0.87815666
0.0529705,0.04934983,0.8976796
0.05806506,0.038510058,0.90342486
0.016737951,0.96334636,0.019915668
0.06259489,0.051088464,0.88631666
0.053512283,0.040511705,0.90597594
0.05492025,0.038135137,0.9069446
0.057556074,0.034167517,0.90827644
0.057971373,0.03829803,0.9037306
0.075252645,0.027468463,0.89727885
0.03945066,0.8526021,0.10794724
0.9858754,0.009168701,0.0049558133
0.051998977,0.042357516,0.9056436
0.0770386,0.048162468,0.87479895
0.06338867,0.049078725,0.88753253
0.044121433,0.046442512,0.90943605
0.06808493,0.04378756,0.88812757
0.04915392,0.031046433,0.91979957
0.05518816,0.052378822,0.8924331
0.08529571,0.054509234,0.8601951
0.09756625,0.061234538,0.8411993
0.04701838,0.03001833,0.92296326
0.0514006,0.044592246,0.9040072
0.065806955,0.04158507,0.8926079
0.057942204,0.050612174,0.89144564
0.049961668,0.030067462,0.91997087
0.106352665,0.11998492,0.7736624
0.70559335,0.019438237,0.27496845
0.0663625,0.054775205,0.8788623
0.0750069,0.054342933,0.87065023
0.05004678,0.05283413,0.8971191
0.05245012,0.20197204,0.7455778
0.07079006,0.2994961,0.62971383
0.06442116,0.045837846,0.889741
0.06833852,0.11523051,0.816431
0.11523089,0.04795336,0.8368157
0.27312773,0.031286653,0.6955856
0.045552637,0.04306524,0.91138214
0.06846052,0.054501586,0.8770378
0.09045108,0.02413155,0.8854174
0.04052559,0.045187492,0.91428703
0.07213567,0.047353946,0.88051045
0.045673396,0.04940884,0.90491784
0.0758342,0.042622298,0.8815436
0.048479665,0.0394522,0.9120681
0.04966334,0.04827659,0.90206003
0.052738275,0.043423712,0.903838
0.060581855,0.037800252,0.9016178
0.05240346,0.03490823,0.9126883
0.048419584,0.03930722,0.91227317
0.06261573,0.05120538,0.886179
0.05047278,0.052688804,0.89683837
0.053432807,0.052476134,0.8940911
0.18313399,0.030923968,0.7859421
0.057141237,0.28955024,0.6533085
0.041455604,0.1028042,0.8557402
0.05963082,0.04812574,0.89224344
0.93528086,0.012005659,0.05271343
0.08058166,0.04479573,0.87462264
0.06955042,0.03857856,0.89187104
0.07106455,0.034837622,0.8940978
0.058866873,0.035461325,0.9056718
0.04224352,0.052342385,0.9054141
0.03490107,0.052597772,0.9125012
0.024988977,0.91867,0.05634103
0.10283949,0.040499303,0.8566612
0.053075336,0.0386416,0.90828305
0.06725313,0.057608977,0.87513787
0.06807346,0.040037867,0.8918887
0.056016047,0.03727831,0.9067057
0.058076493,0.03964342,0.9022801
0.19139808,0.03526275,0.77333915
0.058271103,0.13338387,0.808345
0.074499846,0.122201346,0.8032988
0.042814042,0.06123851,0.89594746
0.05143943,0.2762519,0.6723086
0.06538021,0.036908515,0.89771134
0.09767512,0.05088394,0.8514409
0.30845416,0.022409903,0.6691359
0.06324334,0.039945547,0.8968111
0.05701485,0.048506152,0.894479
0.062741555,0.035315327,0.9019431
0.0446341,0.038949564,0.9164163
0.06246796,0.030266589,0.9072654
0.06554565,0.039292283,0.895162
0.031504057,0.083083235,0.8854127
0.061126877,0.057563752,0.88130933
0.058642395,0.042217914,0.89913964
0.2625933,0.017302997,0.7201038
0.08659154,0.032435987,0.88097245
0.080571875,0.45982632,0.45960185
0.0595328,0.029456483,0.91101074
0.09810872,0.06953554,0.8323557
0.08981074,0.040858172,0.8693311
0.05574064,0.035379045,0.9088803
0.053555723,0.03395908,0.91248524
0.091971956,0.056884043,0.851144
0.06075129,0.059926357,0.87932235
0.15190925,0.043645095,0.8044456
0.07750047,0.028378883,0.8941206
0.05599834,0.05076349,0.8932381
0.09558306,0.04329354,0.8611233
0.07095596,0.038054243,0.8909898
0.11102115,0.056125585,0.83285326
0.11125101,0.07011376,0.8186353
0.056920353,0.041319747,0.9017599
0.053018853,0.037890866,0.9090903
0.07628698,0.049374975,0.8743381
0.8903817,0.018281836,0.09133652
0.06853507,0.03964569,0.89181924
0.063227616,0.0445514,0.892221
0.0579482,0.037799783,0.90425193
0.07931182,0.052884683,0.8678035
0.0503853,0.035780903,0.91383374
0.059552807,0.019962309,0.9204849
0.08131293,0.055940107,0.862747
0.059095845,0.03436946,0.90653473
0.025247363,0.96703,0.007722602
0.076025225,0.048371788,0.875603
0.62087137,0.020672001,0.35845658
0.07092389,0.08588537,0.8431907
0.07840942,0.051850773,0.8697398
0.07052074,0.052560322,0.876919
0.07771558,0.059819818,0.86246455
0.9042594,0.007627236,0.088113435
0.08753636,0.046957903,0.86550575
0.0931229,0.06545619,0.8414209
0.06930439,0.02644019,0.9042554
0.07154696,0.053848486,0.8746046
0.034396213,0.026359618,0.9392441
0.057096906,0.036577653,0.9063254
0.105940714,0.036416013,0.85764325
0.055869624,0.04155935,0.902571
0.056616317,0.04819062,0.89519304
0.05518739,0.0334565,0.9113561
0.155682,0.027257334,0.81706065
0.023467459,0.9094511,0.06708146
0.05562947,0.048308134,0.8960624
0.7914061,0.013844843,0.19474903
0.047934256,0.025259579,0.92680615
0.04611771,0.051247448,0.9026349
0.10542523,0.031887088,0.8626877
0.043358177,0.040850747,0.9157911
0.08071631,0.023080485,0.8962032
0.11918006,0.047871776,0.8329482
0.06786775,0.035089184,0.8970431
0.07255987,0.05035902,0.8770812
0.103478275,0.07139786,0.8251239
0.08165867,0.041070584,0.8772707
0.07989616,0.024738595,0.89536524
0.089636154,0.06612583,0.844238
0.07380436,0.04833124,0.8778644
0.07474882,0.021710703,0.90354055
0.077593334,0.03937042,0.88303626
0.044013917,0.04031063,0.9156755
0.07448685,0.031709578,0.89380354
0.076948956,0.04798912,0.8750619
0.04903534,0.03606823,0.91489637
0.062499423,0.03640223,0.9010983
0.10163874,0.037108883,0.8612524
0.056715887,0.04651674,0.8967674
0.078734286,0.026774919,0.8944908
0.060737297,0.041927945,0.8973348
0.08893495,0.04430634,0.8667587
0.16410065,0.049858835,0.7860404
0.020252995,0.9701427,0.00960428
0.052404236,0.038452245,0.9091436
0.0773825,0.035723597,0.886894
0.07922694,0.058962774,0.86181027
0.07298101,0.0504292,0.8765898
0.9796539,0.0057014185,0.01464464
0.2603281,0.022285473,0.7173865
0.119948916,0.049673628,0.8303775
0.09856094,0.041226983,0.860212
0.047737587,0.05019985,0.90206254
0.05872419,0.044392325,0.8968835
0.042004317,0.2068787,0.751117
0.07165007,0.048197627,0.8801523
0.06034414,0.058946267,0.8807096
0.061457917,0.034542166,0.90399987
0.29874328,0.040243395,0.6610133
0.09790851,0.055257943,0.8468336
0.059676535,0.03819291,0.90213054
0.1504728,0.019933866,0.8295934
0.1038482,0.027490173,0.86866164
0.05495707,0.054609325,0.89043367
0.0413614,0.18503547,0.77360314
0.06005682,0.038249068,0.9016942
0.056011986,0.043964308,0.9000237
0.06727646,0.15294823,0.77977526
0.056209438,0.024128206,0.91966236
0.067524366,0.03909919,0.8933764
0.12818803,0.023042545,0.8487694
0.074541226,0.04529993,0.88015884
0.06572013,0.04197873,0.89230114
0.07127852,0.038041033,0.89068043
0.06904555,0.14538644,0.785568
0.043952737,0.03492261,0.9211247
0.04566766,0.49265465,0.4616777
0.06098744,0.14424421,0.7947684
0.059881207,0.034894306,0.9052245
0.11995477,0.04474728,0.835298
0.057590365,0.04022419,0.90218544
0.08583216,0.07108791,0.8430799
0.06645628,0.04132413,0.89221954
0.10162773,0.037423283,0.860949
0.044220626,0.038494658,0.9172847
0.057242133,0.04251797,0.9002399
0.06172941,0.049142934,0.88912773
0.05418378,0.049721833,0.8960943
0.076371185,0.046185963,0.87744284
0.05148555,0.1548563,0.79365814
0.06881066,0.05138603,0.8798033
0.05776149,0.035603203,0.90663534
0.04120875,0.19104809,0.76774323
0.03746386,0.017328987,0.9452071
0.05382482,0.024166165,0.92200905
0.06573449,0.0290416,0.90522397
0.17483285,0.05190652,0.7732607
0.058770336,0.0374846,0.9037451
0.06405857,0.029342476,0.906599
0.043132514,0.06651201,0.89035547
0.07391632,0.09773215,0.8283515
0.06857174,0.04130752,0.89012074
0.06490267,0.034318402,0.9007789
0.071154766,0.06157932,0.86726594
0.05324939,0.038598325,0.9081523
0.05557522,0.040009793,0.90441495
0.044551067,0.15410958,0.8013394
0.039068088,0.03270643,0.9282255
0.048728026,0.030943187,0.92032874
0.10281808,0.026574016,0.87060785
0.99027014,0.0066269315,0.0031029484
0.9892201,0.0057290494,0.005050934
0.9868283,0.0060659987,0.0071057356
0.17759615,0.021306854,0.8010969
0.9879417,0.008913936,0.003144402
0.0902974,0.048581153,0.8611215
0.06105357,0.045704693,0.8932417
0.081917234,0.03588322,0.8821996
0.05723725,0.0447946,0.8979681
0.015499033,0.95795536,0.026545592
0.06392933,0.039655875,0.89641476
0.069655895,0.03712063,0.8932235
0.06646594,0.040749017,0.892785
0.06264904,0.040686965,0.89666396
0.051524907,0.03917895,0.90929615
0.079303555,0.05213567,0.8685608
0.050871715,0.040776897,0.9083514
0.091608964,0.046834994,0.861556
0.05755849,0.04075534,0.90168613
0.056161694,0.0422897,0.90154856
0.091293454,0.0490691,0.85963744
0.08470758,0.050114125,0.8651783
0.07227153,0.043834906,0.8838936
0.07022508,0.059512008,0.8702629
0.069868125,0.04202685,0.8881051
0.08618182,0.06274484,0.85107327
0.063501745,0.043030415,0.89346784
0.06917636,0.051082224,0.87974143
0.06712235,0.037855003,0.8950227
0.020930557,0.9736519,0.005417571
0.064694844,0.042656407,0.8926487
0.12307081,0.044879038,0.83205014
0.07402916,0.064569384,0.86140144
0.041977152,0.04191571,0.9161071
0.068031654,0.050581526,0.8813868
0.058957074,0.042798247,0.8982447
0.05225245,0.03680011,0.91094744
0.7924383,0.014642142,0.1929195
0.03892563,0.032160368,0.928914
0.059392124,0.046277218,0.8943307
0.070281416,0.041579403,0.8881391
0.06114539,0.03813325,0.9007214
0.04000949,0.041340042,0.91865045
0.06589457,0.036372673,0.8977328
0.07638997,0.03733873,0.88627136
0.056368656,0.038760494,0.90487087
0.11892384,0.028336685,0.85273945
0.05827777,0.045989092,0.8957331
0.057788126,0.040897958,0.9013139
0.06951378,0.035159133,0.8953271
0.04149172,0.033781976,0.92472625
0.04030999,0.03142413,0.92826587
0.044810094,0.039641436,0.9155485
0.07518487,0.06184539,0.86296976
0.076811515,0.03615056,0.88703793
0.10953526,0.03790061,0.85256416
0.24243712,0.034485783,0.72307706
0.047793165,0.034424126,0.9177828
0.066191815,0.04600671,0.88780147
0.058950808,0.039384913,0.9016643
0.097698726,0.041036293,0.86126494
0.099551596,0.07983587,0.8206125
0.079204164,0.043954793,0.87684107
0.059004005,0.038077254,0.9029188
0.035397023,0.108685,0.855918
0.06303004,0.050571922,0.88639796
0.07479205,0.042949464,0.8822585
0.062047243,0.042936917,0.8950158
0.07258756,0.061065197,0.86634725
0.05673317,0.040072996,0.9031938
0.07468089,0.0385458,0.8867732
0.14948694,0.027561318,0.82295173
0.07598752,0.03852741,0.88548505
0.052881062,0.042160455,0.9049584
0.088787615,0.051574856,0.85963756
0.98043984,0.00701164,0.012548522
0.06412502,0.049358785,0.8865162
0.03945027,0.042718444,0.9178313
0.06772917,0.05394569,0.87832516
0.0471042,0.038127527,0.9147683
0.045445442,0.03009633,0.92445827
0.044765707,0.041039225,0.91419506
0.04337712,0.046673395,0.90994954
0.050874926,0.036270007,0.9128551
0.05864966,0.049532868,0.89181745
0.083632156,0.038280245,0.8780877
0.048828356,0.06427775,0.8868938
0.0579662,0.05239367,0.88964015
0.058428526,0.032047473,0.90952396
0.053224128,0.030593911,0.916182
0.051389065,0.054463502,0.89414746
0.069597915,0.044002153,0.8863999
0.08391618,0.040589124,0.8754947
0.059777454,0.034799844,0.90542275
0.05344263,0.038662814,0.90789455
0.15575479,0.039008982,0.8052362
0.07736542,0.044124555,0.87851006
0.045893252,0.042610437,0.9114963
0.04266886,0.032923676,0.9244075
0.05747845,0.047349796,0.89517176
0.051777754,0.040245872,0.90797645
0.060709447,0.041929185,0.8973614
0.11004517,0.07563286,0.81432194
0.063451044,0.04161221,0.89493674
0.060471937,0.043492544,0.89603555
0.08311352,0.05882131,0.8580651
0.101448365,0.039332066,0.85921955
0.06955785,0.038040187,0.892402
0.035754062,0.038527448,0.9257185
0.07618102,0.05452393,0.86929506
0.062191773,0.035435803,0.9023725
0.094622955,0.037574146,0.8678029
0.083639,0.06833086,0.84803015
0.053588554,0.03559324,0.91081816
0.06650101,0.039806634,0.8936924
0.06500193,0.038549993,0.8964481
0.05380371,0.033505496,0.9126907
0.061318297,0.034972247,0.9037095
0.05857363,0.042024527,0.8994019
0.058480468,0.1102204,0.8312991
0.17904624,0.04363947,0.7773143
0.068787284,0.043510877,0.88770187
0.0499836,0.034571946,0.9154445
0.07167042,0.046206165,0.8821235
0.050426915,0.060088478,0.88948464
0.09526157,0.044203512,0.8605349
0.03881351,0.033590294,0.9275962
0.047944948,0.04075,0.911305
0.046683937,0.041826785,0.91148925
0.060428057,0.028308235,0.9112638
0.07297425,0.04837455,0.87865114
0.074178085,0.04738125,0.8784407
0.0737839,0.04559032,0.8806258
0.075501546,0.048962153,0.8755363
0.025191765,0.055890374,0.91891795
0.054733824,0.036088634,0.9091776
0.050403,0.042113278,0.9074837
0.05323856,0.035240125,0.9115214
0.082425,0.047925726,0.86964923
0.068654045,0.050969552,0.88037646
0.055420015,0.046645556,0.8979345
0.045567878,0.031998448,0.9224337
0.07510193,0.051440626,0.8734575
0.048421104,0.038831532,0.91274744
0.0817921,0.059229914,0.8589779
0.07413445,0.06869721,0.85716826
0.063819855,0.06074884,0.87543136
0.11536904,0.05394053,0.8306904
0.055358525,0.032243077,0.91239846
0.10146416,0.06277024,0.8357656
0.045885522,0.1719327,0.7821818
0.051540058,0.03533655,0.91312337
0.040410377,0.037155148,0.92243445
0.09313501,0.043694146,0.8631708
0.049779903,0.044275165,0.90594494
0.05374578,0.042082682,0.9041715
0.06752509,0.04906585,0.883409
0.04159413,0.04843888,0.909967
0.05451289,0.033323057,0.91216415
0.06695877,0.041071218,0.8919699
0.052961987,0.038035493,0.90900254
0.041150637,0.03136696,0.92748237
0.042924598,0.045559328,0.911516
0.96653414,0.006525188,0.02694071
0.17451471,0.04343617,0.78204906
0.05935431,0.03767267,0.90297294
0.06505004,0.043079507,0.89187044
0.053718455,0.045213394,0.9010681
0.08856255,0.047253907,0.8641836
0.06750788,0.03627579,0.89621633
0.28798285,0.024211474,0.68780565
0.056358006,0.03761592,0.90602607
0.047677044,0.036770076,0.9155529
0.04744386,0.037021555,0.91553456
0.054407466,0.040511243,0.90508133
0.047888584,0.051603228,0.90050817
0.08956662,0.033887934,0.8765455
0.06699816,0.05047418,0.88252765
0.052123614,0.04624665,0.90162975
0.08667384,0.0390193,0.87430686
0.043967605,0.030085959,0.9259464
0.059947986,0.044375878,0.89567614
0.08341144,0.039748598,0.87684
0.061503466,0.047852196,0.8906443
0.9852608,0.011281677,0.003457558
0.97825557,0.007966332,0.013778035
0.98705196,0.0077074207,0.0052406285
0.11660698,0.03139967,0.8519933
0.735934,0.024383677,0.2396823
0.9882129,0.0069440855,0.0048430213
0.72329223,0.0146208145,0.26208702
0.2174877,0.025071755,0.75744057
0.9831444,0.0075137345,0.009341866
0.9871596,0.008734603,0.004105838
0.9844142,0.007853758,0.007731996
0.3674498,0.02465369,0.6078965
0.9834473,0.006730767,0.009821941
0.9896115,0.0072876387,0.0031008846
0.98768485,0.0071119033,0.00520318
0.98834586,0.008344634,0.0033095554
0.9237112,0.010525386,0.06576353
0.26912773,0.030246941,0.70062524
0.9877532,0.008663378,0.003583329
0.8344133,0.016000617,0.14958608
0.9847001,0.012468388,0.0028314097
0.9862579,0.010516046,0.0032260602
0.07532347,0.030709587,0.8939669
0.9802248,0.0054754913,0.0142997615
0.9349001,0.013427108,0.051672816
0.98643655,0.010436098,0.003127371
0.9881738,0.0077161803,0.004110056
0.98680276,0.010298211,0.002899076
0.017811522,0.9781909,0.0039976425
0.98717624,0.009298095,0.0035257137
0.11588407,0.030867828,0.8532481
0.04514928,0.82327867,0.13157205
0.9895858,0.0070219734,0.00339229
0.98699516,0.0101108635,0.0028939836
0.98506886,0.010679195,0.0042520403
0.9859585,0.009581414,0.004460125
0.9875381,0.008248726,0.0042130374
0.9764544,0.007654511,0.015891174
0.92231935,0.012431716,0.065248944
0.033395715,0.08747196,0.87913233
0.64740896,0.022088308,0.33050272
0.9862482,0.010588075,0.0031636313
0.9860371,0.0088189,0.0051440187
0.08080428,0.34078065,0.5784151
0.9868716,0.010909753,0.0022186164
0.98557407,0.011575472,0.0028505763
0.9755023,0.0070104767,0.017487183
0.9849614,0.010941934,0.004096695
0.9720471,0.010183926,0.017768925
0.9864797,0.01012534,0.0033948775
0.98955333,0.007423685,0.0030229648
0.98815864,0.008683878,0.003157402
0.98636556,0.010798191,0.0028361985
0.9867113,0.008911532,0.0043771975
0.9861311,0.009064233,0.004804584
0.11158203,0.1085723,0.77984565
0.9840338,0.012053036,0.0039130477
0.9863874,0.010798429,0.0028141888
0.98633933,0.010819014,0.0028416677
0.9864153,0.010841001,0.0027437124
0.98672473,0.009366736,0.0039084507
0.9861633,0.010566507,0.0032701558
0.98337376,0.013228791,0.003397434
0.9865609,0.010096551,0.0033425202
0.9862174,0.0105567705,0.0032259275
0.98593056,0.011278326,0.0027909959
0.9875373,0.007651201,0.0048114355
0.9868585,0.009894584,0.0032469942
0.98507416,0.011535754,0.0033900405
0.98703474,0.008456536,0.0045088106
0.987194,0.0099950805,0.0028109949
0.98706007,0.010101659,0.0028381955
0.98644364,0.010725475,0.0028308884
0.98705983,0.010826916,0.0021132906
0.98532516,0.010671548,0.0040032733
0.9862135,0.010945149,0.0028413052
0.98715407,0.010024001,0.0028218825
0.9866506,0.011144182,0.0022051604
0.9850544,0.01161465,0.003330904
0.982847,0.011320173,0.0058328183
0.9858396,0.00819443,0.005965971
0.2864812,0.027292138,0.68622667
0.077033415,0.49477476,0.42819184
0.98457414,0.011861097,0.0035648267
0.98596954,0.011367233,0.002663292
0.983697,0.012541125,0.0037618529
0.9828623,0.013183231,0.00395446
0.9807622,0.0061596353,0.013078206
0.9863061,0.010252899,0.003441005
0.9851313,0.011137893,0.003730727
0.97650766,0.0062416727,0.017250648
0.9859483,0.011028027,0.0030237401
0.07842847,0.028377183,0.8931944
0.96692723,0.007828078,0.025244681
0.9867863,0.006400445,0.0068132384
0.9856688,0.008841471,0.0054897936
0.6763858,0.01933808,0.30427614
0.9763273,0.007182794,0.016489819
0.9828011,0.009911811,0.00728713
0.9774345,0.0066116787,0.0159538
0.984899,0.0066297194,0.008471264
0.09790949,0.18320952,0.718881
0.9857291,0.0089026615,0.005368191
0.10497335,0.15344547,0.7415812
0.26166907,0.1072774,0.6310535
0.07822177,0.30651626,0.6152619
0.18739586,0.13114318,0.681461
0.17902362,0.14286952,0.67810684
0.37402543,0.022418147,0.6035564
0.9842,0.0125108315,0.0032892423
0.18522191,0.026254022,0.7885241
0.9834215,0.007012389,0.0095660975
0.9863165,0.009613016,0.004070407
0.9879639,0.008682167,0.0033538176
0.98673,0.008396331,0.0048736813
0.9892517,0.007249505,0.0034987913
0.985615,0.0073294365,0.007055537
0.97681135,0.00877058,0.014417941
0.11816462,0.29133782,0.59049755
0.27039748,0.028758299,0.7008442
0.9878269,0.009213804,0.002959323
0.9682816,0.011953113,0.019765172
0.9868875,0.0059085,0.0072039836
0.98645973,0.008677419,0.0048628394
0.054401767,0.08331813,0.86228013
0.98503846,0.010309959,0.004651603
0.9842211,0.012138021,0.0036409372
0.98615634,0.011095175,0.002748355
0.98544544,0.011596588,0.0029579606
0.9849187,0.011344034,0.003737214
0.033710524,0.44102398,0.5252655
0.016516265,0.98028344,0.0032002612
0.01815225,0.956842,0.02500578
0.07793947,0.18439452,0.737666
0.012608089,0.9774278,0.009964082
0.046028607,0.70953846,0.2444329
0.013742617,0.9795598,0.0066976165
0.013711182,0.98018664,0.0061021517
0.018848144,0.97383183,0.0073200245
0.072886124,0.29655084,0.6305631
0.03808737,0.071017735,0.89089495
0.037154138,0.052961607,0.90988415
0.013492198,0.9835555,0.0029522877
0.043784477,0.06901731,0.8871982
0.052177053,0.110647745,0.83717525
0.016420472,0.9562143,0.027365172
0.01826434,0.9769571,0.004778517
0.029785696,0.7460043,0.22420996
0.030416122,0.8506727,0.11891109
0.013731497,0.9830778,0.0031906336
0.015244511,0.9797578,0.0049977363
0.043923948,0.07899415,0.8770818
0.085318685,0.061783697,0.85289764
0.029995231,0.08308276,0.88692206
0.06351486,0.05496753,0.8815176
0.041082717,0.82758945,0.13132784
0.018138248,0.9773446,0.0045171715
0.019959774,0.9744786,0.005561606
0.12935965,0.2571054,0.61353487
0.022905655,0.9579373,0.019157091
0.018027723,0.95679617,0.025176099
0.014680706,0.97537607,0.009943168
0.98023605,0.009751702,0.010012247
0.024724279,0.808427,0.1668487
0.016492847,0.9788936,0.0046135657
0.018275538,0.97851115,0.0032132475
0.048408847,0.078307204,0.8732839
0.02405203,0.96923625,0.0067116986
0.14848658,0.16792902,0.68358433
0.01332647,0.97432446,0.012349064
0.01504337,0.9744135,0.010543068
0.049691953,0.26366153,0.68664646
0.04932894,0.181294,0.7693771
0.015331933,0.97818565,0.0064824456
0.09133375,0.17645921,0.732207
0.018959386,0.9658063,0.015234298
0.028405396,0.9324262,0.039168317
0.9810044,0.011387569,0.0076080123
0.07259872,0.76915985,0.15824145
0.031507675,0.8229756,0.14551672
0.02262049,0.97081256,0.006566886
0.016803036,0.97801447,0.005182513
0.014202673,0.982164,0.0036333275
0.02130449,0.9742537,0.0044417423
0.018344717,0.9779082,0.0037470267
0.01619361,0.97388804,0.009918307
0.051496033,0.71227056,0.23623337
0.03180296,0.83884025,0.1293568
0.017146548,0.97966146,0.00319199
0.040105186,0.71505904,0.24483578
0.014363548,0.97884494,0.006791488
0.038704056,0.76533943,0.1959565
0.017129743,0.9715593,0.011311019
0.017081307,0.9650351,0.017883586
0.026699875,0.9393665,0.033933576
0.01496822,0.97810477,0.006926963
0.021428572,0.930045,0.048526403
0.014625281,0.9812293,0.0041454416
0.016459828,0.9783659,0.0051742597
0.022678867,0.96574354,0.011577577
0.017394835,0.97843903,0.004166074
0.89576507,0.050832585,0.05340231
0.021421637,0.9462317,0.032346662
0.017171007,0.9710506,0.011778422
0.018723285,0.97639716,0.0048794933
0.02771254,0.08800578,0.88428164
0.06510905,0.07892092,0.8559701
0.036665123,0.18474056,0.77859426
0.016774066,0.97919285,0.004033123
0.015754683,0.9799571,0.0042882045
0.017312327,0.9780869,0.0046007694
0.017177854,0.97714645,0.0056757294
0.013511309,0.9772838,0.0092049185
0.01878014,0.974116,0.007103815
0.016606893,0.9770373,0.0063558053
0.016244378,0.9750351,0.0087205
0.021195924,0.970236,0.00856811
0.0137023125,0.9785963,0.007701327
0.018383283,0.9766203,0.0049963486
0.025198648,0.9084604,0.06634099
0.01653924,0.9725822,0.010878525
0.01879537,0.9753821,0.005822534
0.020027071,0.97633284,0.0036400838
0.06243841,0.043039158,0.8945225
0.05288655,0.052168407,0.894945
0.017287904,0.9776613,0.005050758
0.019459322,0.9759051,0.004635555
0.017808823,0.9657047,0.01648656
0.023053728,0.92357975,0.053366482
0.048656866,0.12596005,0.82538307
0.018500078,0.975653,0.0058469465
0.022510245,0.96278477,0.014705026
0.020854943,0.96352535,0.01561963
0.091745526,0.2521606,0.6560939
0.07299621,0.07512972,0.8518741
0.019749781,0.96658325,0.013666921
0.015075265,0.98125917,0.003665603
0.017091759,0.97748524,0.0054229894
0.020271137,0.9695905,0.010138367
0.023972295,0.95476866,0.021259027
0.019268164,0.951337,0.029394794
0.022075174,0.95344204,0.02448276
0.018514492,0.97879994,0.0026855615
0.020045305,0.9677251,0.01222954
0.02187534,0.95594823,0.02217647
0.015087467,0.9791804,0.005732151
0.021971093,0.92064935,0.05737959
0.28208658,0.03307916,0.6848343
0.05098571,0.58635664,0.3626577
0.013836595,0.9809754,0.0051880605
0.015266208,0.98019457,0.0045392015
0.031341176,0.60361737,0.36504143
0.07499221,0.08172188,0.8432859
0.027309645,0.94962585,0.023064498
0.018458473,0.9767917,0.0047497954
0.018461667,0.9769607,0.0045775557
0.01770457,0.9751701,0.007125405
0.05449907,0.44335693,0.502144
0.2542352,0.31382367,0.4319411
0.014491996,0.97228706,0.013220908
0.017589886,0.96696264,0.015447407
0.9887454,0.008020363,0.003234197
0.023314849,0.9679347,0.008750493
0.021544738,0.94150096,0.036954314
0.017181447,0.97830576,0.004512792
0.047841128,0.10083557,0.8513233
0.015673356,0.9806275,0.0036991925
0.014110215,0.9810253,0.004864469
0.021471113,0.9742323,0.00429659
0.09800117,0.08264623,0.81935257
0.018026475,0.9779845,0.003989001
0.021110138,0.97388804,0.005001871
0.01989803,0.9714642,0.008637803
0.017578246,0.97771364,0.004708076
0.015414099,0.9795939,0.0049920226
0.017358162,0.978285,0.004356803
0.017781533,0.9770209,0.0051975115
0.026110815,0.95616984,0.017719299
0.016413633,0.9689735,0.014612851
0.081428476,0.066330306,0.8522412
0.015357474,0.98029375,0.0043487283
0.04422501,0.6335886,0.3221864
0.025443027,0.95194954,0.02260741
0.014773189,0.9710334,0.014193369
0.015640311,0.97617394,0.008185717
0.050011706,0.6033464,0.3466419
0.018341683,0.9758387,0.0058195735
0.022869531,0.97053975,0.006590735
0.04705032,0.12545292,0.8274967
0.09326716,0.054282844,0.85244995
0.02869766,0.89450336,0.076798916
0.019552495,0.95973533,0.020712143
0.020088797,0.975524,0.0043871417
0.018965462,0.96517277,0.01586172
0.040667746,0.04719845,0.9121339
0.05681142,0.046663396,0.8965252
0.024490334,0.9692292,0.006280431
0.015623525,0.98037773,0.0039987625
0.016056981,0.97944254,0.0045004217
0.029419564,0.7805355,0.19004494
0.021498317,0.9240044,0.05449726
0.018150382,0.9779984,0.0038512535
0.017908905,0.97540885,0.0066822735
0.018636366,0.97328925,0.008074325
0.023905134,0.94745624,0.028638652
0.05599928,0.23044488,0.7135558
0.01995007,0.97068125,0.009368689
0.020268941,0.95492125,0.024809789
0.013913542,0.97923225,0.0068541532
0.03434294,0.61471707,0.35093996
0.01934091,0.97519034,0.0054686894
0.015736075,0.9764129,0.0078510195
0.021728609,0.97300345,0.0052679307
0.014869749,0.9812056,0.0039247302
0.023229403,0.9719511,0.0048194746
0.021895012,0.97045285,0.0076521705
0.019975642,0.9757296,0.0042947973
0.018322421,0.9767196,0.0049579707
0.017892191,0.97688055,0.0052273036
0.017088663,0.97587764,0.0070337495
0.014806625,0.9770403,0.008153074
0.015697734,0.9783237,0.005978587
0.021416957,0.9731996,0.0053834184
0.02100631,0.962966,0.016027646
0.020718077,0.9746523,0.004629604
0.016498225,0.9782568,0.0052449023
0.014977951,0.97683084,0.008191226
0.019082362,0.97635186,0.0045657763
0.014638728,0.97734773,0.008013532
0.018387832,0.976862,0.004750137
0.019593362,0.973078,0.007328658
0.014737257,0.97961146,0.0056512826
0.018788135,0.97643596,0.004775968
0.022459809,0.97290087,0.004639372
0.018364057,0.9775063,0.0041297125
0.021934846,0.97364354,0.004421654
0.018425645,0.97696084,0.0046134586
0.01682333,0.97823995,0.0049366774
0.019876003,0.9756148,0.0045091766
0.018552884,0.9765287,0.0049184263
0.017503338,0.9792683,0.00322832
0.018158635,0.97748804,0.0043532536
0.015573763,0.97964394,0.0047823098
0.015970688,0.97894716,0.005082155
0.016348032,0.97886413,0.0047878446
0.018066136,0.97774625,0.004187589
0.018514166,0.9768728,0.004613043
0.019631218,0.9759108,0.0044579958
0.018646182,0.977136,0.0042177984
0.016668364,0.9801752,0.0031564566
0.0192595,0.9763154,0.0044251373
0.018589366,0.97701675,0.004393855
0.01761611,0.9783854,0.0039984374
0.018744256,0.97701365,0.0042420537
0.01577788,0.9770966,0.0071255513
0.01520059,0.9798014,0.004997959
0.018205991,0.97764754,0.004146475
0.018908149,0.97693217,0.0041596578
0.017163226,0.97965723,0.003179532
0.016555365,0.9763866,0.0070580663
0.018191455,0.977344,0.0044645425
0.018948901,0.97665036,0.004400794
0.018732259,0.97638834,0.004879449
0.017601777,0.97902244,0.003375801
0.017631348,0.9782759,0.0040927995
0.019057143,0.976491,0.004451942
0.0152919395,0.9804095,0.0042985715
0.015628813,0.9787958,0.0055753454
0.01626403,0.97955704,0.0041789887
0.019170575,0.9765644,0.00426502
0.019800857,0.97668356,0.0035155977
0.018391512,0.9775348,0.0040737544
0.061536342,0.06073039,0.87773323
0.016716508,0.9758329,0.0074505755
0.014215696,0.97541434,0.01037
0.06918936,0.3651913,0.56561935
0.01803082,0.9753586,0.006610535
0.02693262,0.9410997,0.031967666
0.013952025,0.9742992,0.011748784
0.83241904,0.0824609,0.08512004
0.015015738,0.9594167,0.025567587
0.02286522,0.96799064,0.009144138
0.021135593,0.95760465,0.021259796
0.019600036,0.97483635,0.005563648
0.018438885,0.9767086,0.004852533
0.019908769,0.97626925,0.0038219842
0.01812796,0.9361646,0.045707393
0.01622929,0.9722287,0.011542056
0.02126929,0.9646037,0.014126955
0.047717273,0.5667412,0.38554153
0.019577436,0.97609246,0.004330091
0.01962196,0.9749742,0.0054037785
0.048686758,0.6806869,0.27062637
0.020905921,0.1124384,0.86665577
0.021695135,0.9700824,0.008222491
0.020689413,0.9752067,0.0041039353
0.017765014,0.9780216,0.0042133844
0.020602727,0.9734945,0.00590278
0.03713682,0.19702096,0.7658422
0.015399443,0.9800971,0.0045034294
0.022881072,0.9606544,0.016464531
0.086852595,0.07736154,0.8357859
0.037695702,0.062301625,0.90000266
0.17500092,0.124185145,0.7008139
0.1730564,0.17191939,0.65502423
0.27228037,0.3473815,0.3803382
0.18120576,0.15613288,0.6626613
0.018454615,0.9770646,0.0044807354
0.017742353,0.97439224,0.007865435
0.01979973,0.97424656,0.005953672
0.01711818,0.97756326,0.005318524
0.015535214,0.97151,0.01295483
0.040496834,0.8924738,0.06702931
0.030029494,0.9456638,0.024306756
0.024661105,0.942732,0.032606907
0.016409218,0.9772645,0.006326318
0.03452704,0.9071406,0.058332354
0.018529156,0.97718644,0.00428444
0.015294258,0.9724524,0.01225333
0.039423134,0.07462954,0.8859473
0.0649861,0.033517376,0.9014965
0.018755622,0.96857846,0.0126659265
0.01724224,0.97841734,0.0043404046
0.018225249,0.97724915,0.004525562
0.037782546,0.5439403,0.41827714
0.013750179,0.9686802,0.017569577
0.01733601,0.9779912,0.004672764
0.018083729,0.97583526,0.0060809976
0.054142185,0.09727588,0.84858197
0.016736029,0.9764954,0.006768573
0.021861639,0.9737163,0.004421985
0.021933489,0.9716835,0.006383008
0.020436313,0.97178036,0.007783307
0.017433127,0.9782019,0.0043649497
0.01716266,0.9781909,0.0046464126
0.0154108,0.97938424,0.005204998
0.01943477,0.97514987,0.005415319
0.019691465,0.9684464,0.011862111
0.02203646,0.9117397,0.06622381
0.025646556,0.926416,0.047937475
0.019527229,0.97454053,0.0059322505
0.016822567,0.97485775,0.008319646
0.018492943,0.9728986,0.008608419
0.019630507,0.9753989,0.004970645
0.021200515,0.9737689,0.005030649
0.01879291,0.9766841,0.0045229453
0.05776513,0.21900356,0.7232313
0.01804292,0.9779213,0.004035761
0.022541841,0.90837944,0.06907868
0.018795365,0.9768117,0.004392933
0.02441425,0.9396971,0.035888642
0.021258092,0.9749841,0.0037577765
0.022210717,0.94904655,0.028742805
0.025135377,0.97029155,0.004573024
0.021334015,0.9746516,0.004014419
0.019367747,0.9722615,0.008370738
0.018293029,0.97658235,0.0051246337
0.019197287,0.97697055,0.003832207
0.028252037,0.66667217,0.30507576
0.016569331,0.97340053,0.010030198
0.023658976,0.95993686,0.016404103
0.020802246,0.9747967,0.0044010286
0.022335753,0.96375495,0.013909274
0.04818484,0.767104,0.18471117
0.019621043,0.9725513,0.00782761
0.0197276,0.97735584,0.002916539
0.019222477,0.97443867,0.0063389004
0.01961725,0.97616917,0.004213625
0.80026,0.13687493,0.062865116
0.019508524,0.9769405,0.0035510317
0.028770512,0.4325943,0.5386352
0.03320544,0.07977248,0.88702214
0.014733982,0.97987217,0.0053939265
0.012433647,0.98291576,0.004650654
0.016559197,0.9785219,0.0049188486
0.049194925,0.055068806,0.8957362
0.08789721,0.053782985,0.85831976
0.9868917,0.008243327,0.004864969
0.03937609,0.10463245,0.8559914
0.05998664,0.03761207,0.9024013
0.055587042,0.30138236,0.6430306
0.04844798,0.045847233,0.9057047
0.07461605,0.6308835,0.29450044
0.045262095,0.50797826,0.4467596
0.018319055,0.9774944,0.0041865106
0.05528571,0.039723698,0.9049906
0.037751496,0.7378063,0.22444214
0.16468519,0.13310589,0.70220894
0.055726416,0.5973628,0.34691077
0.043188747,0.05258113,0.9042301
0.03735858,0.042374175,0.92026716
0.049227804,0.31610605,0.6346662
0.03451191,0.76504695,0.20044115
0.15346064,0.033242546,0.81329685
0.021091523,0.9556079,0.023300633
0.039740384,0.7698803,0.19037928
0.16337962,0.02731681,0.8093036
0.023425156,0.9140388,0.062536106
0.02552514,0.90862226,0.06585253
0.07545825,0.08056056,0.8439812
0.01932748,0.9726117,0.008060828
0.07838207,0.082626425,0.8389915
0.12966044,0.03209235,0.8382472
0.9874335,0.006831036,0.005735481
0.017410532,0.9693313,0.013258176
0.01877468,0.9434104,0.03781495
0.07832778,0.1382774,0.7833948
0.42491645,0.049356055,0.52572757
0.071253926,0.30928636,0.6194597
0.016737998,0.97470474,0.008557285
0.9870876,0.00955499,0.003357394
0.07452762,0.04332324,0.88214916
0.04594288,0.798606,0.15545122
0.039169073,0.04373895,0.91709197
0.017370416,0.9737316,0.00889797
0.015565113,0.97718936,0.0072455215
0.12707572,0.10280859,0.77011573
0.047158476,0.05209782,0.9007437
0.022718368,0.9519622,0.025319433
0.037096426,0.24213545,0.72076815
0.079265185,0.0462124,0.87452245
0.073070355,0.075022645,0.8519071
0.9020443,0.058089674,0.039865967
0.063515484,0.06777716,0.8687074
0.052928325,0.045716275,0.9013554
0.9878721,0.009062517,0.0030653528
0.019154496,0.97574526,0.0051002796
0.032642312,0.047262944,0.92009467
0.8232604,0.018046651,0.15869296
0.013996111,0.9792885,0.006715407
0.07903552,0.04854993,0.87241447
0.03464023,0.11371967,0.85164016
0.05776156,0.042218015,0.90002036
0.05086547,0.05235214,0.89678234
0.030583449,0.8764921,0.092924476
0.042412877,0.065690346,0.89189684
0.053355616,0.050788134,0.89585626
0.087580755,0.06921446,0.84320474
0.051544957,0.3332555,0.6151995
0.06029547,0.07503892,0.8646656
0.06775343,0.42198786,0.51025873
0.06640884,0.31751576,0.6160754
0.034443434,0.8304233,0.1351333
0.046916503,0.034814354,0.9182692
0.089661844,0.17520684,0.7351313
0.172716,0.025233861,0.8020502
0.05768564,0.27239534,0.66991895
0.08125616,0.06079865,0.8579452
0.07514322,0.050918978,0.8739378
0.01641537,0.97954214,0.00404245
0.03177838,0.038613826,0.9296078
0.13312915,0.035474353,0.8313965
0.020119531,0.9755863,0.0042941663
0.044390522,0.03973316,0.9158764
0.07151719,0.0856785,0.84280425
0.12548009,0.029849643,0.8446703
0.073887214,0.12630159,0.79981124
0.98379403,0.0058384384,0.010367565
0.05422219,0.118056856,0.827721
0.06338524,0.43168148,0.5049333
0.15054724,0.018840898,0.8306119
0.053388055,0.046702515,0.8999094
0.02472515,0.957256,0.018018782
0.13327846,0.028299654,0.8384219
0.9838892,0.008035717,0.008075049
0.013773132,0.96557117,0.02065574
0.1068805,0.08740386,0.8057157
0.09923756,0.06272602,0.8380364
0.06701146,0.12810022,0.8048883
0.051320884,0.27595192,0.6727272
0.049013834,0.06505973,0.8859264
0.036373977,0.8335465,0.13007946
0.055412445,0.047652036,0.89693546
0.06295148,0.048290156,0.88875836
0.06691439,0.049075283,0.8840104
0.066378064,0.04809129,0.8855306
0.82108986,0.013454376,0.16545576
0.059294153,0.28684062,0.6538653
0.094321035,0.08487975,0.8207992
0.3124841,0.027277904,0.660238
0.076578,0.03886473,0.8845572
0.035078257,0.7566271,0.20829462
0.047568206,0.09263514,0.8597967
0.038346928,0.07945494,0.8821981
0.014578317,0.97903425,0.0063874815
0.060541604,0.046760086,0.89269835
0.04389732,0.04818824,0.9079144
0.08344415,0.13140434,0.78515154
0.03886293,0.14389183,0.81724524
0.046192564,0.075381726,0.8784257
0.9841978,0.011764295,0.004037934
0.041906815,0.11059861,0.84749454
0.041146442,0.050290745,0.90856284
0.051435374,0.060576092,0.88798857
0.033948906,0.92116386,0.04488724
0.048175193,0.0348011,0.91702366
0.04875395,0.058322355,0.89292365
0.017850194,0.973161,0.008988799
0.057023723,0.5700439,0.37293234
0.027386928,0.9430585,0.02955455
0.034498945,0.835017,0.13048404
0.08256434,0.05161701,0.8658187
0.07288106,0.080318235,0.84680074
0.018442241,0.9608024,0.020755427
0.21059892,0.20149527,0.5879058
0.18471166,0.13683109,0.67845726
0.15242295,0.122535095,0.725042
0.19085258,0.15365416,0.65549326
0.069045946,0.114087924,0.81686616
0.057013743,0.60522306,0.33776322
0.13223967,0.10992537,0.757835
0.0967747,0.08058239,0.822643
0.9383306,0.008343194,0.053326137
0.054635093,0.16644917,0.77891576
0.049233627,0.03709098,0.91367537
0.04359966,0.071219884,0.8851804
0.08061059,0.05780704,0.86158234
0.064599074,0.04494354,0.8904574
0.023820862,0.9641485,0.012030635
0.10207364,0.09348528,0.8044411
0.05179755,0.30911702,0.6390855
0.020167999,0.96418643,0.01564562
0.60943943,0.07353735,0.31702322
0.07949633,0.27094266,0.64956105
0.071318164,0.10447908,0.8242028
0.048429713,0.035087608,0.91648275
0.05818472,0.07205934,0.8697559
0.06789749,0.26746023,0.66464233
0.23343658,0.02651253,0.7400509
0.9503994,0.00701941,0.042581234
0.41484335,0.079232246,0.5059244
0.03352637,0.39664248,0.56983113
0.04418981,0.04674216,0.90906805
0.05737249,0.1552518,0.78737575
0.017788326,0.97310853,0.00910315
0.0259119,0.9614781,0.012609966
0.0557161,0.04375343,0.90053046
0.3502068,0.028523017,0.6212701
0.015418763,0.9798902,0.0046909903
0.019524645,0.97584003,0.004635246
0.27467966,0.022186685,0.70313364
0.013899531,0.9772913,0.008809233
0.068268634,0.05201217,0.8797192
0.055974428,0.048111815,0.8959138
0.073472396,0.059412666,0.86711484
0.068268634,0.05201217,0.8797192
0.05999182,0.043677166,0.896331
0.058200568,0.04550405,0.8962954
0.073472396,0.059412666,0.86711484
0.057512954,0.050705466,0.8917815
0.05457171,0.03894355,0.9064847
0.9884631,0.005906386,0.0056304117
0.9874069,0.0075906566,0.005002441
0.053378176,0.1050979,0.84152395
0.06330532,0.041193556,0.8955011
0.055958573,0.05881615,0.8852253
0.045270484,0.055602137,0.8991274
0.06996673,0.063395135,0.8666381
0.021839837,0.97132146,0.006838735
0.055490237,0.04235928,0.90215045
0.05475173,0.051183958,0.89406437
0.059581455,0.045861483,0.89455706
0.03679717,0.051438242,0.91176456
0.09061445,0.15068005,0.75870556
0.031921603,0.055021092,0.91305727
0.04856385,0.030168707,0.9212675
0.073163696,0.048052263,0.87878406
0.04678288,0.034428228,0.9187889
0.04946726,0.62176424,0.32876855
0.02034298,0.93803805,0.041618973
0.050232466,0.034693226,0.91507435
0.05145633,0.04488101,0.9036626
0.041653343,0.6020136,0.3563331
0.051235627,0.03792664,0.91083777
0.038388852,0.044163734,0.91744745
0.043802664,0.03552448,0.9206729
0.042424493,0.1444782,0.8130973
0.04019952,0.024537502,0.9352629
0.027529186,0.028209556,0.9442613
0.039580885,0.034137517,0.9262816
0.044332866,0.03560507,0.92006207
0.030450618,0.026872579,0.94267684
0.053099062,0.029742276,0.9171586
0.05176233,0.04274518,0.90549254
0.038790368,0.034618992,0.92659056
0.056586303,0.032383908,0.91102976
0.052205335,0.0323202,0.9154745
0.038523875,0.03990232,0.9215738
0.045541395,0.033011116,0.9214476
0.057390157,0.054468725,0.8881411
0.072977446,0.064907484,0.8621151
0.06267882,0.048080992,0.88924015
0.048258733,0.034472127,0.9172692
0.030179273,0.30990225,0.6599185
0.031948693,0.7553772,0.21267414
0.04375409,0.522469,0.43377697
0.03511353,0.057526104,0.9073603
0.078238264,0.058569152,0.86319256
0.04216409,0.03269344,0.9251425
0.042570826,0.098185904,0.8592433
0.07599278,0.03086168,0.89314556
0.039505336,0.034625825,0.92586887
0.05966538,0.10289137,0.83744323
0.028839514,0.0336839,0.9374766
0.06532757,0.043794658,0.8908777
0.04540444,0.029617453,0.92497814
0.03786556,0.20454942,0.75758505
0.06360387,0.038427297,0.89796877
0.049628988,0.05201073,0.89836025
0.061237115,0.05284127,0.8859216
0.07298098,0.044416755,0.8826022
0.061429396,0.0354313,0.9031393
0.068926685,0.04113791,0.88993543
0.059884343,0.5234198,0.41669583
0.054478504,0.06799852,0.87752295
0.053780828,0.038360428,0.9078588
0.08877446,0.073059544,0.83816606
0.06208294,0.04063554,0.8972815
0.16108288,0.02723697,0.8116802
0.049669754,0.062574215,0.887756
0.038341384,0.030006457,0.9316521
0.12383821,0.10561456,0.7705472
0.07761813,0.0314833,0.89089864
0.05538451,0.036678497,0.907937
0.038165517,0.033549644,0.9282849
0.03940086,0.031752367,0.92884684
0.039428435,0.044591095,0.9159805
0.05657893,0.038715586,0.90470546
0.018913541,0.97197616,0.009110334
0.046865705,0.02730984,0.9258244
0.07654559,0.0375429,0.88591146
0.06722831,0.0437463,0.8890253
0.08715291,0.057212114,0.855635
0.060408764,0.04361716,0.89597416
0.049422376,0.05245594,0.8981218
0.34427217,0.02313247,0.63259536
0.041879524,0.045481987,0.9126385
0.053922463,0.034493458,0.9115841
0.05896402,0.04356235,0.89747363
0.061128616,0.04540475,0.8934666
0.06410017,0.04364853,0.89225125
0.050380934,0.03452498,0.9150941
0.051748242,0.043005664,0.90524614
0.035850026,0.04765618,0.9164938
0.072301134,0.038681116,0.88901776
0.05864679,0.04565187,0.8957014
0.059727024,0.04002059,0.90025246
0.09386673,0.035118274,0.87101495
0.10621174,0.0534588,0.84032947
0.040306706,0.03512182,0.9245715
0.053351853,0.03274098,0.91390723
0.98781395,0.009459854,0.0027262205
0.06979027,0.03831668,0.891893
0.07004484,0.078715086,0.85124004
0.15442762,0.12414668,0.7214257
0.061044093,0.040604606,0.8983513
0.048385307,0.034630112,0.9169847
0.06354677,0.042788453,0.8936648
0.065875806,0.046236396,0.88788784
0.01568045,0.9786791,0.0056403936
0.06995886,0.033370525,0.8966706
0.045309182,0.029396996,0.9252938
0.03682849,0.038520616,0.9246509
0.04755754,0.031572055,0.92087036
0.060198072,0.04738864,0.89241326
0.056638487,0.043873813,0.89948773
0.05400349,0.044119425,0.9018771
0.054160014,0.04179035,0.90404963
0.051101185,0.09465728,0.8542415
0.047832567,0.03183226,0.92033523
0.96412927,0.010051771,0.025818937
0.048056822,0.03134761,0.9205956
0.032940496,0.049377162,0.9176823
0.07213391,0.049095076,0.87877095
0.06222644,0.046287943,0.89148563
0.19823954,0.029675037,0.7720854
0.05255779,0.03830219,0.90914005
0.056361284,0.058549255,0.88508946
0.05664168,0.045136638,0.8982217
0.045792595,0.028129468,0.9260779
0.050720822,0.03339372,0.9158854
0.040188767,0.057539646,0.9022716
0.12539464,0.1006345,0.77397084
0.03588946,0.0774387,0.88667184
0.07802448,0.022029318,0.8999463
0.35719648,0.020478986,0.6223246
0.10163901,0.033313036,0.8650479
0.06389367,0.027858613,0.90824777
0.07261372,0.021349598,0.9060366
0.04590473,0.053432737,0.90066254
0.03588797,0.04305727,0.9210547
0.043260403,0.052335106,0.9044045
0.046086203,0.043932837,0.909981
0.03889957,0.051207475,0.909893
0.042803448,0.057965107,0.89923143
0.03927107,0.04393859,0.91679037
0.034141697,0.049361546,0.9164967
0.06612454,0.03388875,0.8999866
0.05226794,0.032501474,0.9152307
0.054007012,0.029406149,0.91658694
0.06931867,0.036995064,0.8936863
0.29200086,0.02675229,0.6812469
0.4822647,0.024034007,0.49370128
0.024340231,0.9609398,0.014719908
0.09603631,0.07716734,0.8267963
0.06917442,0.0485279,0.88229775
0.07828704,0.06302839,0.85868454
0.066005446,0.03825702,0.8957375
0.069460176,0.07017609,0.8603637
0.056121357,0.04998854,0.8938901
0.07542475,0.051209677,0.8733656
0.063242696,0.056441803,0.8803155
0.05576485,0.03407173,0.91016346
0.052496947,0.034970507,0.91253257
0.045298405,0.030530939,0.92417073
0.051786985,0.037410203,0.9108027
0.059640802,0.039209,0.90115017
0.04737053,0.031340595,0.9212889
0.046060573,0.0305932,0.9233462
0.05818642,0.03605827,0.9057553
0.051629137,0.03812474,0.91024613
0.05865869,0.04764263,0.8936986
0.063238434,0.050467335,0.8862942
0.059946753,0.05006294,0.8899904
0.052758284,0.035524156,0.91171753
0.044016488,0.03171937,0.9242641
0.07252432,0.061460495,0.86601514
0.06719076,0.042108543,0.89070064
0.05841676,0.03534516,0.9062381
0.053829573,0.04103144,0.9051391
0.046956826,0.051320784,0.9017224
0.037723456,0.032567322,0.9297093
0.06732064,0.05194521,0.88073415
0.056173895,0.046912134,0.896914
0.044919174,0.031008437,0.9240725
0.04761336,0.037610136,0.91477656
0.059346717,0.032046434,0.9086068
0.046110924,0.03672695,0.9171621
0.05218744,0.036219854,0.9115928
0.055648144,0.03564954,0.9087023
0.048368186,0.042105164,0.90952665
0.040286217,0.050827187,0.9088866
0.0680538,0.035513327,0.89643294
0.07207983,0.033799637,0.8941206
0.049549695,0.04117855,0.90927184
0.06091618,0.0377868,0.901297
0.9687507,0.011762006,0.01948719
0.06351805,0.07576175,0.86072016
0.59466916,0.023813006,0.3815178
0.014599194,0.97947913,0.0059216935
0.9782784,0.007281986,0.014439594
0.06347197,0.035155397,0.9013726
0.06206317,0.03346423,0.9044726
0.057704803,0.040521186,0.901774
0.06323433,0.03876778,0.8979978
0.055414118,0.032608107,0.9119778
0.06199384,0.034102775,0.9039034
0.046453573,0.03227186,0.9212746
0.048275057,0.5789928,0.37273222
0.02800001,0.037494607,0.93450534
0.06626532,0.035348248,0.8983865
0.057861563,0.037031326,0.90510714
0.24339445,0.02907642,0.7275291
0.05988474,0.040126264,0.89998907
0.059110455,0.15921453,0.78167504
0.05493548,0.05974849,0.885316
0.038412318,0.13466263,0.82692504
0.054858487,0.064512976,0.88062847
0.06895777,0.044609524,0.8864327
0.06509332,0.042006895,0.8928998
0.022883553,0.9131881,0.063928306
0.07066468,0.043302044,0.8860333
0.9877988,0.007903882,0.0042972662
0.082275845,0.044547327,0.8731768
0.074045025,0.038320385,0.8876345
0.16837633,0.06062559,0.77099806
0.07749299,0.0654471,0.8570599
0.045592174,0.03373266,0.9206751
0.0504929,0.03951639,0.90999067
0.07143505,0.24214889,0.68641603
0.052778915,0.031577345,0.91564375
0.048775144,0.036282025,0.9149428
0.05165762,0.045122623,0.9032197
0.046749167,0.03736279,0.9158881
0.05207036,0.0348221,0.9131076
0.06227605,0.048571736,0.8891521
0.056862447,0.04974182,0.8933957
0.0536362,0.05280465,0.89355916
0.05183802,0.0377961,0.9103659
0.05899372,0.039125975,0.9018803
0.055221196,0.04304833,0.9017304
0.049958497,0.03862379,0.91141766
0.05308077,0.031418618,0.9155006
0.055047225,0.04386605,0.9010868
0.055179633,0.039358158,0.90546215
0.06174219,0.038902305,0.8993555
0.06629234,0.030114656,0.903593
0.048650265,0.027992114,0.9233576
0.058679283,0.032342546,0.9089782
0.06381085,0.03265511,0.90353405
0.05288702,0.03048933,0.91662365
0.059117705,0.033569317,0.9073129
0.056796543,0.039883386,0.9033201
0.033391647,0.4334526,0.5331558
0.075427584,0.049466617,0.87510586
0.062498294,0.039494243,0.89800745
0.10976026,0.07643817,0.8138016
0.07572433,0.048724487,0.8755511
0.05718195,0.04088606,0.901932
0.06084994,0.039711986,0.899438
0.055461925,0.08623731,0.8583007
0.036284324,0.25941443,0.70430124
0.029309778,0.8785842,0.09210605
0.31504062,0.027074708,0.65788466
0.5280324,0.02862037,0.44334713
0.032006163,0.044436164,0.9235577
0.03300063,0.056576237,0.91042304
0.031274457,0.055643965,0.9130815
0.038186032,0.06511541,0.8966986
0.037319932,0.22182222,0.7408579
0.03751393,0.17668429,0.7858017
0.76526743,0.02118538,0.21354724
0.076118365,0.035571598,0.8883101
0.048944034,0.12484573,0.82621026
0.09280744,0.07189134,0.8353012
0.047191247,0.061070006,0.8917388
0.063087165,0.039691556,0.89722127
0.05812519,0.034860995,0.90701383
0.07956633,0.02614866,0.894285
0.053210884,0.039736528,0.90705264
0.057609443,0.042106833,0.90028375
0.047465935,0.0370207,0.91551334
0.044195473,0.036800705,0.9190039
0.014718356,0.9693206,0.015961029
0.06486071,0.039764885,0.8953744
0.049775958,0.03947227,0.9107517
0.035399515,0.033173677,0.9314268
0.056938663,0.04101138,0.90204996
0.04909705,0.04242776,0.9084753
0.047735635,0.038714163,0.9135502
0.04330834,0.038821343,0.91787034
0.04334516,0.04113869,0.91551614
0.047622714,0.044541232,0.907836
0.04460663,0.036854014,0.9185394
0.047380812,0.03740817,0.9152111
0.05844227,0.0384586,0.9030991
0.046246946,0.03298671,0.92076635
0.053775825,0.025953552,0.9202706
0.03610043,0.03739216,0.92650735
0.056390557,0.041035216,0.90257424
0.10255179,0.077713124,0.81973505
0.032304525,0.8629559,0.10473956
0.113193005,0.13560665,0.7512004
0.045847077,0.057252966,0.89689994
0.98791504,0.008292265,0.0037927704
0.017147243,0.97492903,0.007923751
0.04908656,0.09932718,0.8515863
0.044183217,0.06053892,0.8952778
0.06288492,0.047560826,0.8895542
0.015376358,0.97767264,0.0069510015
0.09256931,0.035566866,0.8718639
0.6951035,0.022191845,0.28270465
0.13502,0.024972757,0.84000725
0.07032032,0.039311532,0.89036816
0.020681562,0.9388655,0.040453006
0.069443114,0.022276781,0.9082801
0.06017984,0.040679976,0.89914024
0.05293521,0.037190054,0.9098748
0.05425694,0.04051769,0.9052254
0.053560205,0.040095158,0.9063446
0.053035412,0.026421616,0.92054296
0.0658587,0.043445002,0.8906964
0.051986966,0.028320082,0.919693
0.04004614,0.027349126,0.93260473
0.05344758,0.03546496,0.91108745
0.056487896,0.034954455,0.9085577
0.064707115,0.036350608,0.89894223
0.05350933,0.03790676,0.9085839
0.068451665,0.049039785,0.88250864
0.053502128,0.038479727,0.9080182
0.06746826,0.030477226,0.9020545
0.047477655,0.039015934,0.91350645
0.060684916,0.041001365,0.8983137
0.050471976,0.03680009,0.9127279
0.047462113,0.035756376,0.91678154
0.05426786,0.035003766,0.9107284
0.087309405,0.036690384,0.8760002
0.039613716,0.02879863,0.9315877
0.05253587,0.03603689,0.91142726
0.056523886,0.041414384,0.9020617
0.055088695,0.032070253,0.912841
0.040094424,0.02936237,0.93054324
0.06332508,0.04307865,0.89359623
0.06780267,0.04775175,0.88444555
0.050189428,0.03552019,0.9142903
0.052194897,0.03652698,0.91127807
0.05617958,0.038013007,0.9058075
0.044163518,0.036150966,0.91968554
0.05318559,0.03842054,0.9083939
0.057052467,0.03600011,0.90694743
0.047914304,0.037352156,0.9147335
0.06436731,0.045332305,0.8903004
0.051238105,0.032079645,0.9166822
0.054290418,0.035936378,0.90977323
0.05221906,0.03652605,0.9112548
0.059347,0.043504078,0.8971489
0.043493696,0.033806827,0.9226994
0.05421733,0.042100977,0.9036817
0.051592696,0.03435137,0.914056
0.05085796,0.037482005,0.9116601
0.055496693,0.036502406,0.9080009
0.062806144,0.048320018,0.8888738
0.05332774,0.038958292,0.9077139
0.0452565,0.03816565,0.9165778
0.063697465,0.04444629,0.89185625
0.058239963,0.036056224,0.90570384
0.046637088,0.037437372,0.91592556
0.054360744,0.035132226,0.910507
0.060743164,0.030813219,0.90844357
0.086128004,0.025986895,0.8878851
0.049705327,0.036829803,0.91346484
0.05728671,0.030261766,0.91245157
0.054838672,0.036906935,0.90825444
0.05297126,0.038754597,0.9082742
0.06422331,0.041811317,0.89396536
0.053940035,0.037290268,0.9087697
0.05570607,0.033312373,0.9109816
0.052668612,0.03582929,0.9115021
0.051454354,0.038274992,0.91027063
0.062076587,0.040295508,0.8976279
0.053665314,0.036436092,0.9098987
0.054435503,0.03913192,0.9064325
0.053678714,0.027712503,0.9186087
0.04426856,0.03834868,0.9173827
0.06525622,0.040046457,0.89469737
0.045427706,0.041686807,0.9128855
0.042940833,0.048753466,0.90830564
0.056787934,0.0417911,0.90142095
0.056764077,0.03910871,0.90412724
0.039712388,0.030020429,0.93026716
0.046585694,0.033570804,0.91984355
0.044381488,0.034547463,0.9210711
0.059022684,0.033794723,0.9071825
0.058495823,0.035810202,0.90569395
0.07479775,0.047174346,0.87802786
0.056865737,0.03117507,0.91195923
0.052899674,0.02531965,0.9217807
0.11468891,0.034863047,0.8504481
0.05394149,0.029241685,0.91681683
0.0579372,0.04150706,0.90055573
0.046603415,0.03857904,0.9148176
0.058751352,0.040438365,0.90081024
0.060614668,0.04123482,0.8981505
0.057449844,0.031067627,0.9114825
0.05207146,0.03256958,0.9153589
0.045828585,0.037715975,0.91645545
0.044794206,0.04042869,0.91477704
0.088856995,0.036218405,0.8749246
0.06903403,0.04916806,0.8817979
0.051301,0.036253728,0.9124453
0.060981818,0.03366092,0.9053573
0.03823834,0.027609365,0.93415225
0.038799215,0.028497208,0.93270355
0.07428993,0.04293278,0.8827774
0.04411621,0.0367347,0.9191491
0.049320582,0.033600885,0.9170785
0.056851763,0.04554804,0.8976001
0.050536893,0.023433084,0.92603004
0.048213545,0.0317895,0.919997
0.054106172,0.043624386,0.9022694
0.055534363,0.040274277,0.90419143
0.0602511,0.036902767,0.90284616
0.05478191,0.03878933,0.9064287
0.06083048,0.02986434,0.9093052
0.05184476,0.036781397,0.9113738
0.06477312,0.03624583,0.898981
0.047703754,0.0375713,0.9147249
0.04917051,0.047634427,0.90319514
0.0489769,0.030499674,0.92052346
0.050719216,0.036549523,0.91273135
0.06737822,0.039435934,0.8931858
0.047287162,0.02989654,0.92281634
0.053188153,0.03570884,0.91110307
0.0540157,0.05441278,0.8915716
0.04744386,0.037021555,0.91553456
0.05456306,0.038653236,0.9067837
0.062685795,0.042311903,0.89500225
0.056665786,0.03635468,0.9069795
0.056305166,0.04204725,0.90164757
0.03664658,0.075488195,0.8878653
0.07060247,0.059569467,0.86982805
0.043182284,0.040724773,0.91609293
0.04689308,0.03484798,0.91825897
0.04818942,0.032273952,0.91953665
0.05315377,0.035442635,0.9114036
0.11235754,0.08942628,0.79821616
0.115908146,0.07776007,0.80633175
0.090225056,0.064954944,0.84481996
0.08622756,0.071345665,0.8424267
0.060596414,0.24320002,0.69620353
0.084487095,0.067622624,0.84789026
0.09826442,0.07777152,0.823964
0.056545354,0.03663342,0.90682125
0.06338949,0.032886032,0.90372443
0.08419208,0.051052615,0.8647553
0.06411158,0.043042477,0.8928459
0.07182925,0.037593488,0.89057726
0.0884291,0.03894431,0.87262654
0.056425747,0.057905048,0.88566923
0.12987036,0.031754307,0.8383753
0.03901202,0.888777,0.072211005
0.06398219,0.04801413,0.88800365
0.05012542,0.035858028,0.91401654
0.06009201,0.058585443,0.88132256
0.28594047,0.05181998,0.6622396
0.92535067,0.01855971,0.056089584
0.015698444,0.9778903,0.0064112465
0.075912125,0.042499755,0.88158804
0.06686591,0.042835914,0.89029825
0.017845161,0.9676751,0.014479704
0.055322938,0.04568552,0.89899147
0.056257304,0.040659353,0.9030833
0.067385465,0.039768916,0.89284563
0.06923754,0.05110244,0.87965995
0.03191792,0.09181798,0.87626415
0.089008845,0.07755911,0.8334321
0.07155378,0.047758285,0.88068795
0.06197535,0.05402947,0.8839951
0.070947625,0.048976302,0.8800761
0.065095656,0.04892132,0.88598293
0.05850236,0.044943005,0.89655465
0.28228262,0.046318233,0.6713992
0.114001736,0.20682141,0.67917687
0.283604,0.11336205,0.6030339
0.07902206,0.05423151,0.8667465
0.14216174,0.38193363,0.4759046
0.05137623,0.07070467,0.87791914
0.039580975,0.029601388,0.93081766
0.053516574,0.063150376,0.8833331
0.11161534,0.08118246,0.80720216
0.016092861,0.97923756,0.004669589
0.5342409,0.023290237,0.44246894
0.12860389,0.060378525,0.8110176
0.047769774,0.043367635,0.9088626
0.04768609,0.029855764,0.9224581
0.055235393,0.03661548,0.9081491
0.0635721,0.026552605,0.9098753
0.0820864,0.036693387,0.88122016
0.05407877,0.04454919,0.90137213
0.058062863,0.032793727,0.9091434
0.06498619,0.034835592,0.90017825
0.06529623,0.04294796,0.89175576
0.059291065,0.03781673,0.9028922
0.048406526,0.041790202,0.9098033
0.061013658,0.033156354,0.90582997
0.08683406,0.039378792,0.8737871
0.08442826,0.03020689,0.88536483
0.053632416,0.029894693,0.916473
0.04716724,0.028302707,0.9245301
0.067225724,0.046816677,0.8859577
0.075369515,0.0403227,0.88430774
0.042451955,0.037390616,0.92015743
0.054347746,0.04288777,0.9027645
0.04442186,0.040843483,0.91473466
0.0454531,0.02313596,0.931411
0.05481373,0.039116267,0.90607
0.035219662,0.029905135,0.9348752
0.07646217,0.039455563,0.8840822
0.03423578,0.044045553,0.9217186
0.050480276,0.04991653,0.8996032
0.061971225,0.038856417,0.8991724
0.057447627,0.039521713,0.90303063
0.05962988,0.040703777,0.89966637
0.051325586,0.03400706,0.9146673
0.055446252,0.043118376,0.9014354
0.06721346,0.049150415,0.8836361
0.05143368,0.045301493,0.9032648
0.049041726,0.05801144,0.8929468
0.054423075,0.6565656,0.28901136
0.028199427,0.18849696,0.78330356
0.5589521,0.02322896,0.41781896
0.04055323,0.03375139,0.9256953
0.03264046,0.9354441,0.031915497
0.08043437,0.06988259,0.84968305
0.072170734,0.050753664,0.8770756
0.9747515,0.008977151,0.016271403
0.07104028,0.044717122,0.8842426
0.047313437,0.3196398,0.6330468
0.052229937,0.46370545,0.48406458
0.053453375,0.03179403,0.9147525
0.050262533,0.032325413,0.9174121
0.043160815,0.030860709,0.9259784
0.04404322,0.041012723,0.914944
0.022043224,0.9511328,0.02682393
0.04850977,0.025388703,0.9261016
0.048528995,0.03534889,0.91612214
0.61560637,0.03636134,0.34803227
0.03855883,0.7859031,0.17553806
0.02941281,0.052896887,0.9176904
0.05534155,0.056709286,0.8879492
0.047670923,0.10486268,0.84746647
0.08778326,0.06209586,0.8501209
0.08666349,0.13637409,0.77696246
0.053716782,0.030606898,0.91567636
0.069055654,0.04151786,0.88942647
0.057120476,0.035294153,0.9075853
0.04928256,0.03479333,0.9159241
0.06383432,0.03318155,0.90298414
0.047904752,0.049522035,0.90257317
0.15318455,0.10559099,0.74122447
0.10259956,0.03855454,0.8588459
0.050621662,0.030360704,0.91901773
0.100317806,0.08398253,0.81569976
0.98040235,0.008261415,0.011336212
0.032922942,0.049883842,0.91719323
0.06879975,0.04420409,0.8869962
0.0689119,0.040039252,0.8910488
0.070754945,0.043378532,0.88586646
0.0712255,0.04525158,0.883523
0.054290682,0.28753507,0.65817434
0.037488863,0.7220192,0.24049191
0.057539906,0.04895285,0.89350724
0.05579715,0.05807654,0.8861262
0.04711228,0.032585952,0.9203018
0.054696854,0.036739666,0.9085635
0.053016283,0.03571532,0.91126835
0.05228831,0.03346445,0.91424716
0.041079458,0.028510537,0.93040997
0.05030998,0.035884764,0.91380525
0.066545926,0.04611753,0.88733655
0.064256,0.050880335,0.88486373
0.05290301,0.04749147,0.8996055
0.04378631,0.030928092,0.92528564
0.06364294,0.039151885,0.8972052
0.052678686,0.041855805,0.9054656
0.058773406,0.057076503,0.88415015
0.058569748,0.048650958,0.8927793
0.05803517,0.056469772,0.88549507
0.06383509,0.054948736,0.88121617
0.07953137,0.06792721,0.85254145
0.06289378,0.05176028,0.885346
0.056556135,0.057027545,0.8864163
0.0636319,0.069038056,0.86733
0.06414913,0.051595636,0.8842552
0.051889196,0.056215294,0.8918955
0.058832183,0.055701192,0.88546664
0.05071687,0.047227178,0.902056
0.044587508,0.04039964,0.91501284
0.051028356,0.057625398,0.8913463
0.05062334,0.04147927,0.9078974
0.057440415,0.048416935,0.89414257
0.055355813,0.03983238,0.9048118
0.041670527,0.03323887,0.9250906
0.092805184,0.03800358,0.8691912
0.06344252,0.02986587,0.90669155
0.040579803,0.035377055,0.9240432
0.052208897,0.03537809,0.91241294
0.026530363,0.080197394,0.8932722
0.019574009,0.9768752,0.0035507944
0.032812048,0.022223437,0.9449645
0.059224386,0.026930178,0.9138455
0.033625893,0.01948019,0.94689393
0.052054364,0.031098265,0.9168474
0.045418028,0.031583276,0.92299867
0.042483926,0.025355926,0.93216014
0.03716921,0.0227655,0.9400653
0.06526344,0.03775314,0.89698344
0.05589241,0.03186209,0.91224545
0.049300317,0.032205887,0.91849387
0.019439137,0.9763218,0.0042390497
0.054634195,0.04138125,0.90398455
0.9842924,0.012366236,0.0033413537
0.8248155,0.03414409,0.14104041
0.97840124,0.009161606,0.012437121
0.97851723,0.009509101,0.011973766
0.98704773,0.009829061,0.0031232028
0.98519695,0.011799262,0.003003784
0.9864211,0.010714762,0.0028641925
0.9845637,0.011953998,0.003482211
0.98531765,0.011337551,0.0033448343
0.98538774,0.011338359,0.0032739723
0.9860598,0.0117406,0.00219954
0.98262805,0.010467115,0.0069048414
0.9876329,0.008553047,0.0038139692
0.9871286,0.008915301,0.003956141
0.98626953,0.010343025,0.0033875317
0.9881727,0.008433279,0.0033940685
0.987651,0.00858668,0.003762249
0.9867921,0.0105939135,0.0026139582
0.9867409,0.010562374,0.0026967942
0.9858941,0.011016657,0.0030892366
0.9867219,0.008404466,0.0048736413
0.9543519,0.011508245,0.034139875
0.018709136,0.9770897,0.004201156
0.9875666,0.009615803,0.0028175532
0.9836209,0.013180528,0.0031986374
0.9873883,0.0093182735,0.0032934588
0.98766625,0.009140615,0.0031930283
0.9896404,0.007153875,0.0032056659
0.9885223,0.007863461,0.0036142454
0.9736216,0.0064459024,0.019932486
0.98834074,0.008839503,0.0028197619
0.9861935,0.008906855,0.0048996564
0.98525953,0.011834631,0.002905871
0.98746324,0.008797223,0.003739558
0.98575926,0.010854971,0.003385779
0.9847415,0.011679193,0.0035793872
0.98638564,0.011086921,0.00252755
0.9875638,0.0086448165,0.0037914221
0.9859896,0.008966098,0.005044281
0.9881826,0.008591302,0.003226049
0.9877707,0.00999116,0.0022380543
0.9859034,0.011234045,0.002862689
0.9861498,0.011160301,0.0026899194
0.9853439,0.01222328,0.0024329012
0.9859524,0.011456187,0.0025914093
0.98635685,0.010850949,0.0027922026
0.9866209,0.010519916,0.002859183
0.98574096,0.011047264,0.0032117986
0.9868773,0.010060413,0.003062266
0.9867356,0.010665971,0.0025985378
0.9885371,0.00933823,0.002124737
0.98638386,0.010915015,0.002701089
0.98565894,0.011678663,0.002662453
0.98724943,0.010083882,0.0026667493
0.983488,0.013127368,0.003384582
0.9841397,0.01235225,0.0035080106
0.98855966,0.008058107,0.0033821606
0.98476195,0.012493551,0.0027444689
0.98280495,0.014005276,0.0031897482
0.9861583,0.010869975,0.0029716857
0.98461443,0.012036615,0.003348982
0.9877131,0.008973002,0.0033139032
0.985634,0.010811278,0.0035547514
0.9878171,0.008613322,0.0035695897
0.98725766,0.009594039,0.003148368
0.986199,0.011052397,0.0027484738
0.9857854,0.011794785,0.0024197714
0.89909995,0.017840521,0.08305959
0.9864029,0.009651485,0.003945519
0.9862191,0.010132556,0.0036483284
0.9861233,0.010442978,0.0034336548
0.98684466,0.009276835,0.0038785064
0.986472,0.011395261,0.0021327585
0.9874802,0.009624357,0.0028954057
0.983001,0.010178703,0.006820324
0.98713684,0.010382495,0.0024805507
0.9835724,0.013571721,0.0028559212
0.9837843,0.013156996,0.0030586363
0.985823,0.011123965,0.0030530253
0.9856208,0.011013603,0.003365526
0.98401064,0.013006704,0.0029826395
0.98877245,0.0084879855,0.0027395464
0.9834784,0.013643508,0.0028780454
0.98622394,0.0115717985,0.002204207
0.9876512,0.009768068,0.0025807086
0.98403174,0.012817839,0.0031503625
0.9865617,0.009824221,0.003614129
0.9834653,0.013063124,0.003471539
0.98375744,0.013105342,0.0031372057
0.98292935,0.013830349,0.0032403893
0.98563683,0.010843028,0.0035202156
0.984658,0.0124435285,0.0028984305
0.9855532,0.011768998,0.0026778118
0.9872952,0.0073491046,0.0053557577
0.9842435,0.013092626,0.0026638273
0.9864194,0.010788239,0.0027923796
0.9878011,0.010129006,0.0020699254
0.9871672,0.01063942,0.0021934253
0.9842211,0.013073164,0.002705715
0.98693895,0.01059549,0.0024655643
0.9879494,0.008948894,0.0031017289
0.9841919,0.012807411,0.0030007197
0.98594135,0.011278449,0.002780145
0.9850878,0.011626392,0.0032857857
0.98767495,0.008824926,0.003500044
0.9869838,0.009442677,0.0035735513
0.9869135,0.010512765,0.0025737493
0.9868107,0.009942534,0.003246837
0.9837034,0.013066286,0.0032302977
0.986421,0.010314353,0.0032646277
0.9294107,0.010164748,0.060424607
0.98680556,0.010379011,0.002815382
0.98481524,0.012445515,0.0027392618
0.9856614,0.011885797,0.0024527728
0.9878399,0.0087406235,0.0034195364
0.98513424,0.011435508,0.0034302108
0.98518556,0.011891667,0.0029227282
0.98747885,0.009310032,0.003211183
0.987613,0.009131201,0.00325583
0.9834093,0.013411379,0.003179266
0.98556304,0.011263117,0.003173807
0.9813923,0.015040547,0.0035672134
0.9869643,0.0093416,0.003694123
0.98391706,0.013313881,0.0027690234
0.9867194,0.010886786,0.0023938462
0.986465,0.010937253,0.0025978254
0.9868879,0.010646802,0.0024654367
0.9854375,0.01212931,0.0024331324
0.98392755,0.012854084,0.0032184375
0.9864184,0.011207035,0.0023744926
0.11610976,0.17678708,0.70710313
0.9879815,0.009098995,0.002919596
0.98782396,0.0083239535,0.0038521423
0.98494357,0.012798432,0.0022579546
0.98601806,0.010575271,0.0034065698
0.98868805,0.0084129935,0.0028989473
0.98592794,0.011545752,0.0025263773
0.98699737,0.0091612255,0.003841409
0.9851975,0.011604998,0.0031975133
0.98683935,0.009913736,0.0032469314
0.9871723,0.010474525,0.002353214
0.98386556,0.012916189,0.0032182347
0.98680496,0.010108915,0.0030860573
0.9851584,0.011424626,0.0034169215
0.9834601,0.013372837,0.003167035
0.9814363,0.0149752665,0.0035883377
0.9884356,0.008175989,0.003388347
0.9889021,0.008514006,0.002583977
0.985333,0.011315607,0.003351426
0.98591286,0.011355484,0.0027316234
0.9857577,0.011036668,0.0032055862
0.98601496,0.011290312,0.0026948103
0.9853321,0.012021884,0.0026460206
0.9866484,0.009541417,0.0038101673
0.98713917,0.008022989,0.0048377593
0.98897016,0.00799091,0.0030389372
0.9862698,0.010302705,0.003427464
0.987242,0.0098406,0.0029174106
0.9863349,0.010183348,0.0034816684
0.9880882,0.009020347,0.0028915352
0.9854624,0.010990346,0.0035471974
0.98622954,0.010838958,0.0029315455
0.98509014,0.011479751,0.0034300573
0.9856515,0.010779841,0.0035687275
0.98690456,0.0100508705,0.0030444595
0.98645496,0.011361728,0.0021832976
0.12219889,0.046790913,0.8310102
0.986777,0.008553985,0.004668923
0.98444784,0.012550697,0.0030015
0.9816876,0.014461642,0.00385071
0.9902824,0.0060398597,0.0036776983
0.98497564,0.01223065,0.0027937437
0.9845821,0.012491269,0.0029266484
0.9837516,0.01256634,0.0036820981
0.9852136,0.011892004,0.0028944074
0.9855479,0.011240968,0.0032111695
0.9872019,0.009074075,0.0037239932
0.9874098,0.010426012,0.002164173
0.9883817,0.008223587,0.0033947863
0.98672557,0.010972241,0.0023021537
0.98738676,0.009567224,0.003045947
0.9876494,0.00985428,0.0024964234
0.98276055,0.0139228245,0.0033166634
0.985402,0.01182479,0.0027732025
0.9868487,0.010719406,0.0024318625
0.9811757,0.015236784,0.003587385
0.9824625,0.0140964305,0.003441011
0.9852367,0.012044222,0.0027191078
0.9874713,0.009814092,0.00271465
0.98588204,0.011511441,0.0026064515
0.9832735,0.013124505,0.003602083
0.9869386,0.010400703,0.0026607078
0.018836431,0.9770358,0.004127725
0.01820265,0.9750846,0.006712749
0.022347244,0.9727629,0.004889899
0.020076877,0.9749451,0.0049780463
0.02108096,0.97491914,0.0039998656
0.018398643,0.97457695,0.0070243753
0.020632226,0.9748883,0.0044794953
0.017516034,0.977589,0.0048950003
0.017906843,0.97911376,0.002979412
0.020986235,0.97243583,0.006577866
0.01993156,0.9702545,0.009813986
0.019445032,0.97661793,0.003937018
0.019066842,0.9746055,0.006327615
0.01678026,0.98003274,0.003186969
0.019714093,0.9762097,0.004076186
0.017719198,0.9754993,0.0067815077
0.02257399,0.9730839,0.0043421118
0.017466318,0.97815186,0.00438181
0.026459768,0.9363896,0.037150636
0.020399911,0.9752736,0.004326458
0.031486508,0.82564145,0.14287202
0.018154519,0.97726643,0.004578988
0.015144485,0.9800056,0.0048499317
0.01740297,0.9793746,0.0032223708
0.018338026,0.97516793,0.0064940793
0.019515177,0.9763197,0.0041651772
0.023242706,0.9715585,0.005198825
0.047696613,0.9168236,0.035479747
0.018355994,0.97755426,0.00408978
0.9788588,0.011711909,0.009429182
0.02031126,0.974836,0.004852698
0.01824662,0.97791743,0.0038359214
0.01891916,0.9736901,0.007390783
0.02403505,0.97091955,0.0050454056
0.022577165,0.9722707,0.005152077
0.018227112,0.9768719,0.0049009724
0.022724735,0.97290844,0.0043668416
0.022648925,0.9739333,0.0034178067
0.020282798,0.97204494,0.007672214
0.017780734,0.97793156,0.004287707
0.02154924,0.9734899,0.004960917
0.019834733,0.9759689,0.004196337
0.019848665,0.9747488,0.005402529
0.023170808,0.97234386,0.0044852905
0.019787487,0.9760241,0.004188386
0.02115583,0.9755196,0.0033245345
0.01700214,0.97711927,0.005878652
0.05022868,0.91948414,0.030287249
0.020762678,0.9748447,0.004392658
0.020132676,0.97527087,0.004596492
0.018871045,0.97739846,0.0037304729
0.021674482,0.97390276,0.0044228313
0.03203087,0.96108913,0.006879968
0.019375838,0.9764746,0.004149597
0.025231699,0.9697389,0.005029437
0.020758277,0.97511405,0.0041276603
0.018294139,0.9771186,0.0045872466
0.020143922,0.97533935,0.0045167175
0.018567221,0.97632945,0.005103333
0.018572029,0.9704029,0.011025077
0.018230623,0.9780146,0.0037547608
0.023538046,0.9714919,0.0049701114
0.014815441,0.9800117,0.0051728506
0.021204922,0.9744469,0.0043481938
0.0183231,0.97532606,0.006350872
0.018849652,0.97629035,0.0048599383
0.016108679,0.9787652,0.005126067
0.018748783,0.9772496,0.004001604
0.026908781,0.96774846,0.0053428193
0.024393646,0.97060186,0.0050045038
0.020171037,0.9756988,0.0041301358
0.8535045,0.079349525,0.06714606
0.018901365,0.9770586,0.004040084
0.023841996,0.9716232,0.0045347977
0.018310534,0.976086,0.005603517
0.020358829,0.97521234,0.004428779
0.019328997,0.97554183,0.005129182
0.020817915,0.9750547,0.004127409
0.016802298,0.9784491,0.0047485717
0.026827054,0.9681125,0.0050603827
0.021526873,0.9743807,0.004092458
0.019366091,0.97646004,0.0041739205
0.021460135,0.9742097,0.004330188
0.017860502,0.9741985,0.007941044
0.019117014,0.9776474,0.003235591
0.016161984,0.97960955,0.0042284755
0.019697156,0.975371,0.004931822
0.020464873,0.9755171,0.0040179836
0.01792983,0.9784576,0.003612554
0.0142448135,0.97550505,0.01025014
0.019053001,0.97675544,0.004191524
0.019481933,0.9760853,0.0044327434
0.017715123,0.97813636,0.004148548
0.017443033,0.9778023,0.0047547095
0.017457038,0.97810966,0.00443327
0.020851402,0.97424173,0.0049069077
0.021752687,0.97313076,0.005116505
0.019696645,0.97391814,0.006385204
0.02249447,0.97250104,0.005004512
0.01791369,0.9775769,0.00450943
0.019928424,0.95180285,0.028268732
0.021975257,0.9735339,0.00449078
0.01495153,0.9770141,0.0080343
0.018948464,0.97710484,0.003946682
0.019827088,0.9506694,0.029503535
0.016375711,0.9714668,0.012157518
0.02133375,0.9741638,0.0045024706
0.019304223,0.97667307,0.004022745
0.019361269,0.9766937,0.003945021
0.019689215,0.97593045,0.004380406
0.017929083,0.9779393,0.004131542
0.01855737,0.97533506,0.00610763
0.020873582,0.974802,0.0043243663
0.019412052,0.97448564,0.0061023114
0.019978441,0.9758664,0.00415512
0.018018324,0.9775423,0.00443936
0.017097048,0.9782653,0.004637699
0.021071244,0.9739942,0.0049344893
0.021073036,0.97455275,0.0043742224
0.019781454,0.9757264,0.0044921115
0.019852694,0.97542274,0.004724647
0.019555468,0.9754735,0.0049710255
0.02120653,0.9745207,0.0042727524
0.021301493,0.97554463,0.0031538403
0.021727804,0.9739179,0.0043543302
0.021058163,0.97576874,0.003173103
0.021421809,0.9734201,0.0051581673
0.020627035,0.9765485,0.0028244716
0.016027372,0.9805048,0.0034678553
0.028000958,0.9031345,0.068864524
0.052706596,0.073498145,0.8737952
0.020216018,0.9754902,0.0042937435
0.021042973,0.97173786,0.0072191874
0.020054907,0.97578216,0.0041628843
0.015449906,0.98043215,0.004117875
0.019230425,0.97722447,0.0035451332
0.016102973,0.9774635,0.0064335302
0.017548665,0.9774991,0.004952246
0.018201452,0.97644967,0.005348906
0.019643646,0.9760517,0.004304614
0.016584648,0.9785913,0.004824051
0.015185331,0.97786236,0.0069523505
0.016259031,0.9802127,0.003528301
0.01872156,0.9772611,0.004017313
0.016694278,0.9627112,0.02059456
0.02568784,0.93976235,0.034549892
0.01825398,0.9754499,0.0062960978
0.022975078,0.9721666,0.0048583513
0.019118076,0.97674733,0.004134574
0.016876781,0.9789549,0.0041682706
0.016682927,0.9762531,0.0070639956
0.020793721,0.9748731,0.004333137
0.08094479,0.039632756,0.8794224
0.016080141,0.9794195,0.004500316
0.019021183,0.977508,0.0034707875
0.016309356,0.9798917,0.0037988853
0.018387279,0.97445077,0.007161991
0.02840669,0.947153,0.024440316
0.016924562,0.9802895,0.002785888
0.017983735,0.9785283,0.0034880086
0.018762382,0.9770039,0.004233734
0.021354152,0.9741435,0.004502377
0.017560666,0.9786453,0.003794053
0.016807491,0.9792295,0.0039629964
0.018461227,0.97836965,0.0031691573
0.025210535,0.9684525,0.0063369814
0.020369036,0.9742731,0.005357871
0.019436201,0.97522163,0.0053421785
0.018534401,0.9746037,0.006861844
0.020420343,0.9743455,0.005234145
0.02329902,0.9724868,0.00421416
0.022302944,0.9732078,0.0044892756
0.019945126,0.97519094,0.0048639555
0.023423238,0.97195995,0.0046168156
0.016350886,0.9747419,0.008907203
0.017554063,0.9754156,0.007030419
0.01687415,0.9759389,0.007186952
0.017561955,0.97871715,0.0037209424
0.016387798,0.97885233,0.0047598155
0.02044415,0.97500527,0.0045505827
0.019539246,0.97656983,0.003890959
0.015155601,0.98168314,0.0031613125
0.019740473,0.9737051,0.0065543693
0.01805631,0.97673756,0.005206162
0.01899785,0.9734527,0.0075494465
0.016216574,0.9800428,0.0037405659
0.016309218,0.97940505,0.0042857886
0.019725697,0.97630763,0.003966636
0.033862665,0.9369459,0.029191444
0.01877702,0.9749058,0.006317214
0.017326232,0.9798288,0.0028450508
0.018579874,0.977472,0.0039481646
0.021130994,0.97437435,0.004494657
0.019131828,0.9760191,0.0048491075
0.02096586,0.9748181,0.00421602
0.016906446,0.98019695,0.0028965918
0.019122113,0.97552353,0.00535428
0.017672298,0.9714931,0.010834554
0.01652999,0.97584265,0.007627338
0.016867854,0.9789149,0.0042172326
0.019172627,0.9766689,0.004158537
0.018743984,0.97843164,0.0028243964
0.018677343,0.9773362,0.003986357
0.019194879,0.97637105,0.0044340407
0.018579874,0.977472,0.0039481646
0.02436093,0.9707211,0.004917907
0.019618053,0.9762091,0.0041728476
0.018782876,0.97759366,0.0036234905
0.020802425,0.97480506,0.004392479
0.01895895,0.97669137,0.0043497058
0.020724421,0.9754269,0.003848637
0.01756295,0.97495675,0.0074803224
0.01880892,0.97703904,0.0041519958
0.019508526,0.9755105,0.0049809334
0.016360063,0.9771956,0.0064443415
0.020667844,0.97419,0.0051421216
0.020241478,0.9743371,0.005421384
0.020181982,0.97575176,0.004066324
0.021376353,0.9737289,0.004894755
0.018674482,0.97623265,0.00509287
0.025278218,0.9701047,0.004617012
0.01651337,0.9729593,0.010527333
0.018207625,0.9772579,0.00453445
0.019303301,0.97614974,0.004547035
0.018336356,0.91958714,0.06207654
0.017030722,0.9768521,0.00611713
0.017491786,0.97480667,0.0077015287
0.016805645,0.979122,0.0040724073
0.019871006,0.97204137,0.008087631
0.019691648,0.97700465,0.0033036845
0.022856005,0.9728116,0.0043324274
0.019641375,0.9740347,0.0063239094
0.02386608,0.9721299,0.0040040324
0.021421721,0.974843,0.003735282
0.020246712,0.974589,0.0051643616
0.02068539,0.96036965,0.018944943
0.01702323,0.9788092,0.00416765
0.018241664,0.97860694,0.0031514063
0.017082376,0.9764717,0.006445859
0.019127084,0.9762538,0.0046191327
0.017872384,0.9781843,0.0039433325
0.014631351,0.9816366,0.003732042
0.023035066,0.9723283,0.004636642
0.021477042,0.9745014,0.0040216474
0.019781973,0.97575206,0.0044659846
0.01543452,0.9794558,0.005109685
0.018678784,0.9774116,0.003909555
0.022689866,0.9723646,0.0049455133
0.02153395,0.9737496,0.0047165425
0.024049086,0.9710123,0.0049386355
0.019463288,0.97610396,0.0044328277
0.0174,0.97681993,0.0057800915
0.016888874,0.9782225,0.004888615
0.019351704,0.97668785,0.0039604376
0.021825507,0.97353214,0.0046423823
0.015332647,0.9796652,0.005002147
0.019506184,0.97682333,0.0036704761
0.024628853,0.9699635,0.0054076
0.01962187,0.975446,0.004932201
0.021023015,0.975092,0.0038850708
0.01827998,0.97779363,0.0039263903
0.017115459,0.9735972,0.0092873555
0.018139884,0.97791016,0.0039499346
0.019740993,0.976111,0.004148052
0.018437807,0.97760576,0.003956425
0.015285903,0.98002243,0.004691623
0.019711759,0.9756177,0.0046705366
0.019883066,0.97596145,0.0041555245
0.016053796,0.980205,0.0037411847
0.017450752,0.9777575,0.004791782
0.017621253,0.97962713,0.0027515711
0.022420745,0.97263235,0.0049468754
0.018754236,0.9765797,0.0046660197
0.021681515,0.9742187,0.004099778
0.023018977,0.97259843,0.0043825363
0.019505518,0.976313,0.0041814507
0.017802281,0.978161,0.00403675
0.01809443,0.9783216,0.0035839425
0.019839317,0.9761945,0.0039661764
0.016700279,0.979179,0.004120652
0.014589395,0.97882175,0.006588811
0.019198583,0.9760828,0.004718619
0.018491108,0.9756562,0.005852678
0.01535189,0.97707057,0.007577504
0.018501896,0.9767022,0.0047959676
0.019039592,0.97702175,0.003938646
0.019127706,0.9748564,0.0060158614
0.02744635,0.9009449,0.07160877
0.02147057,0.97420764,0.0043217298
0.018935844,0.97454876,0.006515357
0.051608454,0.574977,0.3734146
0.02062762,0.9751467,0.0042256867
0.018220138,0.97745216,0.0043276623
0.01505917,0.9802115,0.0047293324
0.016553234,0.9753082,0.00813862
0.016224973,0.9791151,0.0046598953
0.017511396,0.9778075,0.00468102
0.014732361,0.9802429,0.005024686
0.015427155,0.98138154,0.0031913554
0.017324166,0.97971207,0.0029638156
0.018040417,0.9773082,0.004651296
0.01937377,0.97637033,0.004255852
0.019305523,0.9734062,0.007288299
0.020146895,0.9754833,0.0043698554
0.016276637,0.9769713,0.0067520617
0.01912014,0.97637594,0.00450389
0.020514516,0.97502285,0.004462647
0.015090878,0.9808375,0.0040715826
0.017067507,0.9780066,0.00492587
0.023065671,0.9726697,0.004264637
0.017406294,0.9776504,0.0049433475
0.018992262,0.97459304,0.0064146374
0.01976439,0.9748848,0.005350774
0.019393314,0.97687817,0.003728487
0.020143244,0.97625935,0.0035974046
0.021110548,0.9748584,0.004030986
0.024920242,0.970479,0.0046007866
0.016830703,0.9762822,0.0068871
0.021203797,0.9739196,0.0048766267
0.020257086,0.9755646,0.0041782456
0.017882043,0.9758499,0.0062679993
0.01532749,0.979814,0.004858463
0.015598527,0.9802439,0.004157487
0.017427286,0.9788295,0.0037432387
0.018621169,0.97439677,0.006982046
0.018733323,0.97644377,0.0048228754
0.014779473,0.97906554,0.0061549866
0.022925645,0.9724462,0.0046281563
0.02113556,0.9741091,0.00475529
0.018958787,0.97287524,0.008166025
0.018619163,0.97762764,0.0037532754
0.01924244,0.97688055,0.0038770225
0.01810187,0.9720563,0.009841816
0.02096394,0.9747288,0.004307184
0.02358614,0.9715774,0.0048364773
0.020743465,0.9753703,0.0038861798
0.017407654,0.9772495,0.0053428416
0.016618235,0.9786599,0.004721846
0.018337255,0.9779879,0.0036748522
0.017051298,0.97803235,0.0049163876
0.020180197,0.9756655,0.0041542645
0.019502604,0.97378695,0.006710366
0.020834953,0.9753763,0.0037887725
0.023439728,0.97169477,0.0048654866
0.01866955,0.9769284,0.004402047
0.018838398,0.97761506,0.0035465502
0.012442022,0.97878677,0.00877117
0.0643213,0.04514534,0.8905334
0.08197175,0.040827394,0.8772009
0.15097657,0.080989696,0.76803374
0.06809088,0.041098043,0.890811
0.06931478,0.04096751,0.8897177
0.10690829,0.029409623,0.8636821
0.0857079,0.044011068,0.870281
0.14005037,0.07153073,0.7884189
0.121036366,0.0644548,0.8145088
0.028012471,0.87399936,0.09798821
0.017890925,0.97872114,0.0033879704
0.06774248,0.035995327,0.89626217
0.018770594,0.9459724,0.035256952
0.06647628,0.034035753,0.8994879
0.055575356,0.03202351,0.91240114
0.07700756,0.03910183,0.8838906
0.09998208,0.04657552,0.8534425
0.02057893,0.9733201,0.0061009675
0.10931979,0.20780735,0.68287283
0.070705146,0.041021023,0.8882738
0.04019996,0.02908247,0.9307176
0.040015005,0.027194755,0.9327903
0.037456445,0.022585755,0.93995786
0.07674292,0.021295134,0.901962
0.050784856,0.4780836,0.47113147
0.04419616,0.023679614,0.9321242
0.04809691,0.043050684,0.90885246
0.39066032,0.044804614,0.5645351
0.07412363,0.056610987,0.8692654
0.07742513,0.04424494,0.87832993
0.045780167,0.030199803,0.92402005
0.06646344,0.03597709,0.8975594
0.0696829,0.034562983,0.89575416
0.037621036,0.02334803,0.939031
0.08094758,0.04238647,0.87666595
0.07659018,0.040007014,0.8834029
0.96192485,0.016041616,0.022033613
0.08059844,0.04138735,0.87801415
0.07814383,0.07555492,0.8463012
0.08546078,0.41646308,0.4980761
0.04762446,0.028857503,0.92351806
0.058989856,0.05706337,0.8839468
0.09510149,0.03737892,0.86751956
0.07114355,0.036818795,0.8920377
0.07054033,0.04412146,0.88533825
0.086598866,0.06610651,0.8472946
0.03876547,0.0392991,0.9219354
0.035347413,0.10491136,0.8597413
0.05365751,0.03923751,0.9071049
0.056173723,0.04296487,0.90086144
0.047164388,0.036003623,0.91683203
0.060967423,0.04049425,0.8985383
0.06445591,0.04314706,0.89239705
0.06745354,0.04834831,0.88419825
0.052455872,0.041052636,0.9064915
0.08376616,0.05143075,0.8648031
0.061545443,0.042839956,0.8956146
0.07074525,0.050831642,0.87842315
0.053018544,0.039670292,0.90731114
0.054349743,0.039319064,0.9063312
0.058845874,0.041973192,0.8991809
0.05178321,0.03836944,0.9098474
0.06537518,0.034788378,0.8998364
0.054730907,0.03347267,0.9117965
0.047479346,0.028213115,0.92430747
0.09340302,0.06880384,0.8377932
0.092725016,0.062465772,0.8448093
